city_encoded,lat,lon,temperature,humidity,wind_speed,wind_deg,road_density,hour,day_of_year,NO2,SO2,CO,PM10,predicted_pm25,aqi_category,who_exceedance,rf_std,rf_mean
0.0,12.75,77.45,23.659679917398037,52.46501149856854,3.1840578213732575,123.14483503074108,3.0,11.478668982024686,45.03139813206927,36.608029286150085,5.603337400854179,0.9451621532829586,103.2829459801943,39.29859999999999,Satisfactory,2.619906666666666,8.888380619662954,39.29859999999999
0.0,12.75,77.45897435897436,23.659679917398037,52.46501149856854,3.1840578213732575,123.14483503074108,3.0,11.478668982024686,45.03139813206927,36.608029286150085,5.603337400854179,0.9451621532829586,103.2829459801943,39.29859999999999,Satisfactory,2.619906666666666,8.888380619662954,39.29859999999999
0.0,12.75,77.46794871794872,23.659679917398037,52.46501149856854,3.1840578213732575,123.14483503074108,3.0,11.478668982024686,45.03139813206927,36.608029286150085,5.603337400854179,0.9451621532829586,103.2829459801943,39.29859999999999,Satisfactory,2.619906666666666,8.888380619662954,39.29859999999999
0.0,12.75,77.47692307692309,23.659679917398037,52.46501149856854,3.1840578213732575,123.14483503074108,3.0,11.478668982024686,45.03139813206927,36.608029286150085,5.603337400854179,0.9451621532829586,103.2829459801943,39.29859999999999,Satisfactory,2.619906666666666,8.888380619662954,39.29859999999999
0.0,12.75,77.48589743589744,23.659679917398037,52.46501149856854,3.1840578213732575,123.14483503074108,3.0,11.478668982024686,45.03139813206927,36.608029286150085,5.603337400854179,0.9451621532829586,103.2829459801943,39.29859999999999,Satisfactory,2.619906666666666,8.888380619662954,39.29859999999999
0.0,12.75,77.4948717948718,23.659679917398037,52.46501149856854,3.1840578213732575,123.14483503074108,3.0,11.478668982024686,45.03139813206927,36.608029286150085,5.603337400854179,0.9451621532829586,103.2829459801943,39.29859999999999,Satisfactory,2.619906666666666,8.888380619662954,39.29859999999999
0.0,12.75,77.50384615384615,23.659679917398037,52.46501149856854,3.1840578213732575,123.14483503074108,3.0,11.478668982024686,45.03139813206927,36.608029286150085,5.603337400854179,0.9451621532829586,103.2829459801943,39.29859999999999,Satisfactory,2.619906666666666,8.888380619662954,39.29859999999999
0.0,12.75,77.51282051282051,23.659679917398037,52.46501149856854,3.1840578213732575,123.14483503074108,3.0,11.478668982024686,45.03139813206927,36.608029286150085,5.603337400854179,0.9451621532829586,103.2829459801943,39.29859999999999,Satisfactory,2.619906666666666,8.888380619662954,39.29859999999999
0.0,12.75,77.52179487179487,23.659679917398037,52.46501149856854,3.1840578213732575,123.14483503074108,3.0,11.478668982024686,45.03139813206927,36.608029286150085,5.603337400854179,0.9451621532829586,103.2829459801943,39.29859999999999,Satisfactory,2.619906666666666,8.888380619662954,39.29859999999999
0.0,12.75,77.53076923076924,23.659679917398037,52.46501149856854,3.1840578213732575,123.14483503074108,3.0,11.478668982024686,45.03139813206927,36.608029286150085,5.603337400854179,0.9451621532829586,103.2829459801943,39.29859999999999,Satisfactory,2.619906666666666,8.888380619662954,39.29859999999999
0.0,12.75,77.5397435897436,23.659679917398037,52.46501149856854,3.1840578213732575,123.14483503074108,3.0,11.478668982024686,45.03139813206927,36.608029286150085,5.603337400854179,0.9451621532829586,103.2829459801943,39.29859999999999,Satisfactory,2.619906666666666,8.888380619662954,39.29859999999999
0.0,12.75,77.54871794871795,23.659679917398037,52.46501149856854,3.1840578213732575,123.14483503074108,3.0,11.478668982024686,45.03139813206927,36.608029286150085,5.603337400854179,0.9451621532829586,103.2829459801943,39.29859999999999,Satisfactory,2.619906666666666,8.888380619662954,39.29859999999999
0.0,12.75,77.5576923076923,23.659679917398037,52.46501149856854,3.1840578213732575,123.14483503074108,3.0,11.478668982024686,45.03139813206927,36.608029286150085,5.603337400854179,0.9451621532829586,103.2829459801943,39.29859999999999,Satisfactory,2.619906666666666,8.888380619662954,39.29859999999999
0.0,12.75,77.56666666666666,23.659679917398037,52.46501149856854,3.1840578213732575,123.14483503074108,3.0,11.478668982024686,45.03139813206927,36.608029286150085,5.603337400854179,0.9451621532829586,103.2829459801943,39.29859999999999,Satisfactory,2.619906666666666,8.888380619662954,39.29859999999999
0.0,12.75,77.57564102564103,23.659679917398037,52.46501149856854,3.1840578213732575,123.14483503074108,3.0,11.478668982024686,45.03139813206927,36.608029286150085,5.603337400854179,0.9451621532829586,103.2829459801943,39.29859999999999,Satisfactory,2.619906666666666,8.888380619662954,39.29859999999999
0.0,12.75,77.58461538461539,23.659679917398037,52.46501149856854,3.1840578213732575,123.14483503074108,3.0,11.478668982024686,45.03139813206927,36.608029286150085,5.603337400854179,0.9451621532829586,103.2829459801943,39.46569999999999,Satisfactory,2.631046666666666,8.938275141770921,39.46569999999999
0.0,12.75,77.59358974358975,23.659679917398037,52.46501149856854,3.1840578213732575,123.14483503074108,3.0,11.478668982024686,45.03139813206927,36.608029286150085,5.603337400854179,0.9451621532829586,103.2829459801943,40.05939999999999,Satisfactory,2.670626666666666,9.301156467880752,40.05939999999999
0.0,12.75,77.6025641025641,23.659679917398037,52.46501149856854,3.1840578213732575,123.14483503074108,3.0,11.478668982024686,45.03139813206927,36.608029286150085,5.603337400854179,0.9451621532829586,103.2829459801943,40.05939999999999,Satisfactory,2.670626666666666,9.301156467880752,40.05939999999999
0.0,12.75,77.61153846153846,23.659679917398037,52.46501149856854,3.1840578213732575,123.14483503074108,3.0,11.478668982024686,45.03139813206927,36.608029286150085,5.603337400854179,0.9451621532829586,103.2829459801943,40.05939999999999,Satisfactory,2.670626666666666,9.301156467880752,40.05939999999999
0.0,12.75,77.62051282051281,23.659679917398037,52.46501149856854,3.1840578213732575,123.14483503074108,3.0,11.478668982024686,45.03139813206927,36.608029286150085,5.603337400854179,0.9451621532829586,103.2829459801943,40.05939999999999,Satisfactory,2.670626666666666,9.301156467880752,40.05939999999999
0.0,12.75,77.62948717948719,23.659679917398037,52.46501149856854,3.1840578213732575,123.14483503074108,3.0,11.478668982024686,45.03139813206927,36.608029286150085,5.603337400854179,0.9451621532829586,103.2829459801943,40.05939999999999,Satisfactory,2.670626666666666,9.301156467880752,40.05939999999999
0.0,12.75,77.63846153846154,23.659679917398037,52.46501149856854,3.1840578213732575,123.14483503074108,3.0,11.478668982024686,45.03139813206927,36.608029286150085,5.603337400854179,0.9451621532829586,103.2829459801943,39.95779999999999,Satisfactory,2.663853333333333,9.254775370585719,39.95779999999999
0.0,12.75,77.6474358974359,23.659679917398037,52.46501149856854,3.1840578213732575,123.14483503074108,3.0,11.478668982024686,45.03139813206927,36.608029286150085,5.603337400854179,0.9451621532829586,103.2829459801943,39.95779999999999,Satisfactory,2.663853333333333,9.254775370585719,39.95779999999999
0.0,12.75,77.65641025641025,23.659679917398037,52.46501149856854,3.1840578213732575,123.14483503074108,3.0,11.478668982024686,45.03139813206927,36.608029286150085,5.603337400854179,0.9451621532829586,103.2829459801943,39.95779999999999,Satisfactory,2.663853333333333,9.254775370585719,39.95779999999999
0.0,12.75,77.66538461538461,23.659679917398037,52.46501149856854,3.1840578213732575,123.14483503074108,3.0,11.478668982024686,45.03139813206927,36.608029286150085,5.603337400854179,0.9451621532829586,103.2829459801943,39.95779999999999,Satisfactory,2.663853333333333,9.254775370585719,39.95779999999999
0.0,12.75,77.67435897435897,23.659679917398037,52.46501149856854,3.1840578213732575,123.14483503074108,3.0,11.478668982024686,45.03139813206927,36.608029286150085,5.603337400854179,0.9451621532829586,103.2829459801943,39.95779999999999,Satisfactory,2.663853333333333,9.254775370585719,39.95779999999999
0.0,12.75,77.68333333333334,23.659679917398037,52.46501149856854,3.1840578213732575,123.14483503074108,3.0,11.478668982024686,45.03139813206927,36.608029286150085,5.603337400854179,0.9451621532829586,103.2829459801943,39.95779999999999,Satisfactory,2.663853333333333,9.254775370585719,39.95779999999999
0.0,12.75,77.6923076923077,23.659679917398037,52.46501149856854,3.1840578213732575,123.14483503074108,3.0,11.478668982024686,45.03139813206927,36.608029286150085,5.603337400854179,0.9451621532829586,103.2829459801943,39.95779999999999,Satisfactory,2.663853333333333,9.254775370585719,39.95779999999999
0.0,12.75,77.70128205128205,23.659679917398037,52.46501149856854,3.1840578213732575,123.14483503074108,3.0,11.478668982024686,45.03139813206927,36.608029286150085,5.603337400854179,0.9451621532829586,103.2829459801943,39.95779999999999,Satisfactory,2.663853333333333,9.254775370585719,39.95779999999999
0.0,12.75,77.7102564102564,23.659679917398037,52.46501149856854,3.1840578213732575,123.14483503074108,3.0,11.478668982024686,45.03139813206927,36.608029286150085,5.603337400854179,0.9451621532829586,103.2829459801943,39.95779999999999,Satisfactory,2.663853333333333,9.254775370585719,39.95779999999999
0.0,12.75,77.71923076923076,23.659679917398037,52.46501149856854,3.1840578213732575,123.14483503074108,3.0,11.478668982024686,45.03139813206927,36.608029286150085,5.603337400854179,0.9451621532829586,103.2829459801943,39.95779999999999,Satisfactory,2.663853333333333,9.254775370585719,39.95779999999999
0.0,12.75,77.72820512820513,23.659679917398037,52.46501149856854,3.1840578213732575,123.14483503074108,3.0,11.478668982024686,45.03139813206927,36.608029286150085,5.603337400854179,0.9451621532829586,103.2829459801943,39.95779999999999,Satisfactory,2.663853333333333,9.254775370585719,39.95779999999999
0.0,12.75,77.73717948717949,23.659679917398037,52.46501149856854,3.1840578213732575,123.14483503074108,3.0,11.478668982024686,45.03139813206927,36.608029286150085,5.603337400854179,0.9451621532829586,103.2829459801943,39.95779999999999,Satisfactory,2.663853333333333,9.254775370585719,39.95779999999999
0.0,12.75,77.74615384615385,23.659679917398037,52.46501149856854,3.1840578213732575,123.14483503074108,3.0,11.478668982024686,45.03139813206927,36.608029286150085,5.603337400854179,0.9451621532829586,103.2829459801943,39.95779999999999,Satisfactory,2.663853333333333,9.254775370585719,39.95779999999999
0.0,12.75,77.7551282051282,23.659679917398037,52.46501149856854,3.1840578213732575,123.14483503074108,3.0,11.478668982024686,45.03139813206927,36.608029286150085,5.603337400854179,0.9451621532829586,103.2829459801943,39.95779999999999,Satisfactory,2.663853333333333,9.254775370585719,39.95779999999999
0.0,12.75,77.76410256410256,23.659679917398037,52.46501149856854,3.1840578213732575,123.14483503074108,3.0,11.478668982024686,45.03139813206927,36.608029286150085,5.603337400854179,0.9451621532829586,103.2829459801943,39.95779999999999,Satisfactory,2.663853333333333,9.254775370585719,39.95779999999999
0.0,12.75,77.77307692307691,23.659679917398037,52.46501149856854,3.1840578213732575,123.14483503074108,3.0,11.478668982024686,45.03139813206927,36.608029286150085,5.603337400854179,0.9451621532829586,103.2829459801943,39.95779999999999,Satisfactory,2.663853333333333,9.254775370585719,39.95779999999999
0.0,12.75,77.78205128205128,23.659679917398037,52.46501149856854,3.1840578213732575,123.14483503074108,3.0,11.478668982024686,45.03139813206927,36.608029286150085,5.603337400854179,0.9451621532829586,103.2829459801943,39.95779999999999,Satisfactory,2.663853333333333,9.254775370585719,39.95779999999999
0.0,12.75,77.79102564102564,23.659679917398037,52.46501149856854,3.1840578213732575,123.14483503074108,3.0,11.478668982024686,45.03139813206927,36.608029286150085,5.603337400854179,0.9451621532829586,103.2829459801943,39.95779999999999,Satisfactory,2.663853333333333,9.254775370585719,39.95779999999999
0.0,12.75,77.8,23.659679917398037,52.46501149856854,3.1840578213732575,123.14483503074108,3.0,11.478668982024686,45.03139813206927,36.608029286150085,5.603337400854179,0.9451621532829586,103.2829459801943,39.95779999999999,Satisfactory,2.663853333333333,9.254775370585719,39.95779999999999
0.0,12.76025641025641,77.45,23.659679917398037,52.46501149856854,3.1840578213732575,123.14483503074108,3.0,11.478668982024686,45.03139813206927,36.608029286150085,5.603337400854179,0.9451621532829586,103.2829459801943,39.29859999999999,Satisfactory,2.619906666666666,8.888380619662954,39.29859999999999
0.0,12.76025641025641,77.45897435897436,23.659679917398037,52.46501149856854,3.1840578213732575,123.14483503074108,3.0,11.478668982024686,45.03139813206927,36.608029286150085,5.603337400854179,0.9451621532829586,103.2829459801943,39.29859999999999,Satisfactory,2.619906666666666,8.888380619662954,39.29859999999999
0.0,12.76025641025641,77.46794871794872,23.659679917398037,52.46501149856854,3.1840578213732575,123.14483503074108,3.0,11.478668982024686,45.03139813206927,36.608029286150085,5.603337400854179,0.9451621532829586,103.2829459801943,39.29859999999999,Satisfactory,2.619906666666666,8.888380619662954,39.29859999999999
0.0,12.76025641025641,77.47692307692309,23.659679917398037,52.46501149856854,3.1840578213732575,123.14483503074108,3.0,11.478668982024686,45.03139813206927,36.608029286150085,5.603337400854179,0.9451621532829586,103.2829459801943,39.29859999999999,Satisfactory,2.619906666666666,8.888380619662954,39.29859999999999
0.0,12.76025641025641,77.48589743589744,23.659679917398037,52.46501149856854,3.1840578213732575,123.14483503074108,3.0,11.478668982024686,45.03139813206927,36.608029286150085,5.603337400854179,0.9451621532829586,103.2829459801943,39.29859999999999,Satisfactory,2.619906666666666,8.888380619662954,39.29859999999999
0.0,12.76025641025641,77.4948717948718,23.659679917398037,52.46501149856854,3.1840578213732575,123.14483503074108,3.0,11.478668982024686,45.03139813206927,36.608029286150085,5.603337400854179,0.9451621532829586,103.2829459801943,39.29859999999999,Satisfactory,2.619906666666666,8.888380619662954,39.29859999999999
0.0,12.76025641025641,77.50384615384615,23.659679917398037,52.46501149856854,3.1840578213732575,123.14483503074108,3.0,11.478668982024686,45.03139813206927,36.608029286150085,5.603337400854179,0.9451621532829586,103.2829459801943,39.29859999999999,Satisfactory,2.619906666666666,8.888380619662954,39.29859999999999
0.0,12.76025641025641,77.51282051282051,23.659679917398037,52.46501149856854,3.1840578213732575,123.14483503074108,3.0,11.478668982024686,45.03139813206927,36.608029286150085,5.603337400854179,0.9451621532829586,103.2829459801943,39.29859999999999,Satisfactory,2.619906666666666,8.888380619662954,39.29859999999999
0.0,12.76025641025641,77.52179487179487,23.659679917398037,52.46501149856854,3.1840578213732575,123.14483503074108,3.0,11.478668982024686,45.03139813206927,36.608029286150085,5.603337400854179,0.9451621532829586,103.2829459801943,39.29859999999999,Satisfactory,2.619906666666666,8.888380619662954,39.29859999999999
0.0,12.76025641025641,77.53076923076924,23.659679917398037,52.46501149856854,3.1840578213732575,123.14483503074108,3.0,11.478668982024686,45.03139813206927,36.608029286150085,5.603337400854179,0.9451621532829586,103.2829459801943,39.29859999999999,Satisfactory,2.619906666666666,8.888380619662954,39.29859999999999
0.0,12.76025641025641,77.5397435897436,23.659679917398037,52.46501149856854,3.1840578213732575,123.14483503074108,3.0,11.478668982024686,45.03139813206927,36.608029286150085,5.603337400854179,0.9451621532829586,103.2829459801943,39.29859999999999,Satisfactory,2.619906666666666,8.888380619662954,39.29859999999999
0.0,12.76025641025641,77.54871794871795,23.659679917398037,52.46501149856854,3.1840578213732575,123.14483503074108,3.0,11.478668982024686,45.03139813206927,36.608029286150085,5.603337400854179,0.9451621532829586,103.2829459801943,39.29859999999999,Satisfactory,2.619906666666666,8.888380619662954,39.29859999999999
0.0,12.76025641025641,77.5576923076923,23.659679917398037,52.46501149856854,3.1840578213732575,123.14483503074108,3.0,11.478668982024686,45.03139813206927,36.608029286150085,5.603337400854179,0.9451621532829586,103.2829459801943,39.29859999999999,Satisfactory,2.619906666666666,8.888380619662954,39.29859999999999
0.0,12.76025641025641,77.56666666666666,23.659679917398037,52.46501149856854,3.1840578213732575,123.14483503074108,3.0,11.478668982024686,45.03139813206927,36.608029286150085,5.603337400854179,0.9451621532829586,103.2829459801943,39.29859999999999,Satisfactory,2.619906666666666,8.888380619662954,39.29859999999999
0.0,12.76025641025641,77.57564102564103,23.659679917398037,52.46501149856854,3.1840578213732575,123.14483503074108,3.0,11.478668982024686,45.03139813206927,36.608029286150085,5.603337400854179,0.9451621532829586,103.2829459801943,39.29859999999999,Satisfactory,2.619906666666666,8.888380619662954,39.29859999999999
0.0,12.76025641025641,77.58461538461539,23.659679917398037,52.46501149856854,3.1840578213732575,123.14483503074108,3.0,11.478668982024686,45.03139813206927,36.608029286150085,5.603337400854179,0.9451621532829586,103.2829459801943,39.46569999999999,Satisfactory,2.631046666666666,8.938275141770921,39.46569999999999
0.0,12.76025641025641,77.59358974358975,23.659679917398037,52.46501149856854,3.1840578213732575,123.14483503074108,3.0,11.478668982024686,45.03139813206927,36.608029286150085,5.603337400854179,0.9451621532829586,103.2829459801943,40.05939999999999,Satisfactory,2.670626666666666,9.301156467880752,40.05939999999999
0.0,12.76025641025641,77.6025641025641,23.659679917398037,52.46501149856854,3.1840578213732575,123.14483503074108,3.0,11.478668982024686,45.03139813206927,36.608029286150085,5.603337400854179,0.9451621532829586,103.2829459801943,40.05939999999999,Satisfactory,2.670626666666666,9.301156467880752,40.05939999999999
0.0,12.76025641025641,77.61153846153846,23.659679917398037,52.46501149856854,3.1840578213732575,123.14483503074108,3.0,11.478668982024686,45.03139813206927,36.608029286150085,5.603337400854179,0.9451621532829586,103.2829459801943,40.05939999999999,Satisfactory,2.670626666666666,9.301156467880752,40.05939999999999
0.0,12.76025641025641,77.62051282051281,23.659679917398037,52.46501149856854,3.1840578213732575,123.14483503074108,3.0,11.478668982024686,45.03139813206927,36.608029286150085,5.603337400854179,0.9451621532829586,103.2829459801943,40.05939999999999,Satisfactory,2.670626666666666,9.301156467880752,40.05939999999999
0.0,12.76025641025641,77.62948717948719,23.659679917398037,52.46501149856854,3.1840578213732575,123.14483503074108,3.0,11.478668982024686,45.03139813206927,36.608029286150085,5.603337400854179,0.9451621532829586,103.2829459801943,40.05939999999999,Satisfactory,2.670626666666666,9.301156467880752,40.05939999999999
0.0,12.76025641025641,77.63846153846154,23.659679917398037,52.46501149856854,3.1840578213732575,123.14483503074108,3.0,11.478668982024686,45.03139813206927,36.608029286150085,5.603337400854179,0.9451621532829586,103.2829459801943,39.95779999999999,Satisfactory,2.663853333333333,9.254775370585719,39.95779999999999
0.0,12.76025641025641,77.6474358974359,23.659679917398037,52.46501149856854,3.1840578213732575,123.14483503074108,3.0,11.478668982024686,45.03139813206927,36.608029286150085,5.603337400854179,0.9451621532829586,103.2829459801943,39.95779999999999,Satisfactory,2.663853333333333,9.254775370585719,39.95779999999999
0.0,12.76025641025641,77.65641025641025,23.659679917398037,52.46501149856854,3.1840578213732575,123.14483503074108,3.0,11.478668982024686,45.03139813206927,36.608029286150085,5.603337400854179,0.9451621532829586,103.2829459801943,39.95779999999999,Satisfactory,2.663853333333333,9.254775370585719,39.95779999999999
0.0,12.76025641025641,77.66538461538461,23.659679917398037,52.46501149856854,3.1840578213732575,123.14483503074108,3.0,11.478668982024686,45.03139813206927,36.608029286150085,5.603337400854179,0.9451621532829586,103.2829459801943,39.95779999999999,Satisfactory,2.663853333333333,9.254775370585719,39.95779999999999
0.0,12.76025641025641,77.67435897435897,23.659679917398037,52.46501149856854,3.1840578213732575,123.14483503074108,3.0,11.478668982024686,45.03139813206927,36.608029286150085,5.603337400854179,0.9451621532829586,103.2829459801943,39.95779999999999,Satisfactory,2.663853333333333,9.254775370585719,39.95779999999999
0.0,12.76025641025641,77.68333333333334,23.659679917398037,52.46501149856854,3.1840578213732575,123.14483503074108,3.0,11.478668982024686,45.03139813206927,36.608029286150085,5.603337400854179,0.9451621532829586,103.2829459801943,39.95779999999999,Satisfactory,2.663853333333333,9.254775370585719,39.95779999999999
0.0,12.76025641025641,77.6923076923077,23.659679917398037,52.46501149856854,3.1840578213732575,123.14483503074108,3.0,11.478668982024686,45.03139813206927,36.608029286150085,5.603337400854179,0.9451621532829586,103.2829459801943,39.95779999999999,Satisfactory,2.663853333333333,9.254775370585719,39.95779999999999
0.0,12.76025641025641,77.70128205128205,23.659679917398037,52.46501149856854,3.1840578213732575,123.14483503074108,3.0,11.478668982024686,45.03139813206927,36.608029286150085,5.603337400854179,0.9451621532829586,103.2829459801943,39.95779999999999,Satisfactory,2.663853333333333,9.254775370585719,39.95779999999999
0.0,12.76025641025641,77.7102564102564,23.659679917398037,52.46501149856854,3.1840578213732575,123.14483503074108,3.0,11.478668982024686,45.03139813206927,36.608029286150085,5.603337400854179,0.9451621532829586,103.2829459801943,39.95779999999999,Satisfactory,2.663853333333333,9.254775370585719,39.95779999999999
0.0,12.76025641025641,77.71923076923076,23.659679917398037,52.46501149856854,3.1840578213732575,123.14483503074108,3.0,11.478668982024686,45.03139813206927,36.608029286150085,5.603337400854179,0.9451621532829586,103.2829459801943,39.95779999999999,Satisfactory,2.663853333333333,9.254775370585719,39.95779999999999
0.0,12.76025641025641,77.72820512820513,23.659679917398037,52.46501149856854,3.1840578213732575,123.14483503074108,3.0,11.478668982024686,45.03139813206927,36.608029286150085,5.603337400854179,0.9451621532829586,103.2829459801943,39.95779999999999,Satisfactory,2.663853333333333,9.254775370585719,39.95779999999999
0.0,12.76025641025641,77.73717948717949,23.659679917398037,52.46501149856854,3.1840578213732575,123.14483503074108,3.0,11.478668982024686,45.03139813206927,36.608029286150085,5.603337400854179,0.9451621532829586,103.2829459801943,39.95779999999999,Satisfactory,2.663853333333333,9.254775370585719,39.95779999999999
0.0,12.76025641025641,77.74615384615385,23.659679917398037,52.46501149856854,3.1840578213732575,123.14483503074108,3.0,11.478668982024686,45.03139813206927,36.608029286150085,5.603337400854179,0.9451621532829586,103.2829459801943,39.95779999999999,Satisfactory,2.663853333333333,9.254775370585719,39.95779999999999
0.0,12.76025641025641,77.7551282051282,23.659679917398037,52.46501149856854,3.1840578213732575,123.14483503074108,3.0,11.478668982024686,45.03139813206927,36.608029286150085,5.603337400854179,0.9451621532829586,103.2829459801943,39.95779999999999,Satisfactory,2.663853333333333,9.254775370585719,39.95779999999999
0.0,12.76025641025641,77.76410256410256,23.659679917398037,52.46501149856854,3.1840578213732575,123.14483503074108,3.0,11.478668982024686,45.03139813206927,36.608029286150085,5.603337400854179,0.9451621532829586,103.2829459801943,39.95779999999999,Satisfactory,2.663853333333333,9.254775370585719,39.95779999999999
0.0,12.76025641025641,77.77307692307691,23.659679917398037,52.46501149856854,3.1840578213732575,123.14483503074108,3.0,11.478668982024686,45.03139813206927,36.608029286150085,5.603337400854179,0.9451621532829586,103.2829459801943,39.95779999999999,Satisfactory,2.663853333333333,9.254775370585719,39.95779999999999
0.0,12.76025641025641,77.78205128205128,23.659679917398037,52.46501149856854,3.1840578213732575,123.14483503074108,3.0,11.478668982024686,45.03139813206927,36.608029286150085,5.603337400854179,0.9451621532829586,103.2829459801943,39.95779999999999,Satisfactory,2.663853333333333,9.254775370585719,39.95779999999999
0.0,12.76025641025641,77.79102564102564,23.659679917398037,52.46501149856854,3.1840578213732575,123.14483503074108,3.0,11.478668982024686,45.03139813206927,36.608029286150085,5.603337400854179,0.9451621532829586,103.2829459801943,39.95779999999999,Satisfactory,2.663853333333333,9.254775370585719,39.95779999999999
0.0,12.76025641025641,77.8,23.659679917398037,52.46501149856854,3.1840578213732575,123.14483503074108,3.0,11.478668982024686,45.03139813206927,36.608029286150085,5.603337400854179,0.9451621532829586,103.2829459801943,39.95779999999999,Satisfactory,2.663853333333333,9.254775370585719,39.95779999999999
0.0,12.77051282051282,77.45,23.659679917398037,52.46501149856854,3.1840578213732575,123.14483503074108,3.0,11.478668982024686,45.03139813206927,36.608029286150085,5.603337400854179,0.9451621532829586,103.2829459801943,39.29859999999999,Satisfactory,2.619906666666666,8.888380619662954,39.29859999999999
0.0,12.77051282051282,77.45897435897436,23.659679917398037,52.46501149856854,3.1840578213732575,123.14483503074108,3.0,11.478668982024686,45.03139813206927,36.608029286150085,5.603337400854179,0.9451621532829586,103.2829459801943,39.29859999999999,Satisfactory,2.619906666666666,8.888380619662954,39.29859999999999
0.0,12.77051282051282,77.46794871794872,23.659679917398037,52.46501149856854,3.1840578213732575,123.14483503074108,3.0,11.478668982024686,45.03139813206927,36.608029286150085,5.603337400854179,0.9451621532829586,103.2829459801943,39.29859999999999,Satisfactory,2.619906666666666,8.888380619662954,39.29859999999999
0.0,12.77051282051282,77.47692307692309,23.659679917398037,52.46501149856854,3.1840578213732575,123.14483503074108,3.0,11.478668982024686,45.03139813206927,36.608029286150085,5.603337400854179,0.9451621532829586,103.2829459801943,39.29859999999999,Satisfactory,2.619906666666666,8.888380619662954,39.29859999999999
0.0,12.77051282051282,77.48589743589744,23.659679917398037,52.46501149856854,3.1840578213732575,123.14483503074108,3.0,11.478668982024686,45.03139813206927,36.608029286150085,5.603337400854179,0.9451621532829586,103.2829459801943,39.29859999999999,Satisfactory,2.619906666666666,8.888380619662954,39.29859999999999
0.0,12.77051282051282,77.4948717948718,23.659679917398037,52.46501149856854,3.1840578213732575,123.14483503074108,3.0,11.478668982024686,45.03139813206927,36.608029286150085,5.603337400854179,0.9451621532829586,103.2829459801943,39.29859999999999,Satisfactory,2.619906666666666,8.888380619662954,39.29859999999999
0.0,12.77051282051282,77.50384615384615,23.659679917398037,52.46501149856854,3.1840578213732575,123.14483503074108,3.0,11.478668982024686,45.03139813206927,36.608029286150085,5.603337400854179,0.9451621532829586,103.2829459801943,39.29859999999999,Satisfactory,2.619906666666666,8.888380619662954,39.29859999999999
0.0,12.77051282051282,77.51282051282051,23.659679917398037,52.46501149856854,3.1840578213732575,123.14483503074108,3.0,11.478668982024686,45.03139813206927,36.608029286150085,5.603337400854179,0.9451621532829586,103.2829459801943,39.29859999999999,Satisfactory,2.619906666666666,8.888380619662954,39.29859999999999
0.0,12.77051282051282,77.52179487179487,23.659679917398037,52.46501149856854,3.1840578213732575,123.14483503074108,3.0,11.478668982024686,45.03139813206927,36.608029286150085,5.603337400854179,0.9451621532829586,103.2829459801943,39.29859999999999,Satisfactory,2.619906666666666,8.888380619662954,39.29859999999999
0.0,12.77051282051282,77.53076923076924,23.659679917398037,52.46501149856854,3.1840578213732575,123.14483503074108,3.0,11.478668982024686,45.03139813206927,36.608029286150085,5.603337400854179,0.9451621532829586,103.2829459801943,39.29859999999999,Satisfactory,2.619906666666666,8.888380619662954,39.29859999999999
0.0,12.77051282051282,77.5397435897436,23.659679917398037,52.46501149856854,3.1840578213732575,123.14483503074108,3.0,11.478668982024686,45.03139813206927,36.608029286150085,5.603337400854179,0.9451621532829586,103.2829459801943,39.29859999999999,Satisfactory,2.619906666666666,8.888380619662954,39.29859999999999
0.0,12.77051282051282,77.54871794871795,23.659679917398037,52.46501149856854,3.1840578213732575,123.14483503074108,3.0,11.478668982024686,45.03139813206927,36.608029286150085,5.603337400854179,0.9451621532829586,103.2829459801943,39.29859999999999,Satisfactory,2.619906666666666,8.888380619662954,39.29859999999999
0.0,12.77051282051282,77.5576923076923,23.659679917398037,52.46501149856854,3.1840578213732575,123.14483503074108,3.0,11.478668982024686,45.03139813206927,36.608029286150085,5.603337400854179,0.9451621532829586,103.2829459801943,39.29859999999999,Satisfactory,2.619906666666666,8.888380619662954,39.29859999999999
0.0,12.77051282051282,77.56666666666666,23.659679917398037,52.46501149856854,3.1840578213732575,123.14483503074108,3.0,11.478668982024686,45.03139813206927,36.608029286150085,5.603337400854179,0.9451621532829586,103.2829459801943,39.29859999999999,Satisfactory,2.619906666666666,8.888380619662954,39.29859999999999
0.0,12.77051282051282,77.57564102564103,23.659679917398037,52.46501149856854,3.1840578213732575,123.14483503074108,3.0,11.478668982024686,45.03139813206927,36.608029286150085,5.603337400854179,0.9451621532829586,103.2829459801943,39.29859999999999,Satisfactory,2.619906666666666,8.888380619662954,39.29859999999999
0.0,12.77051282051282,77.58461538461539,23.659679917398037,52.46501149856854,3.1840578213732575,123.14483503074108,3.0,11.478668982024686,45.03139813206927,36.608029286150085,5.603337400854179,0.9451621532829586,103.2829459801943,39.46569999999999,Satisfactory,2.631046666666666,8.938275141770921,39.46569999999999
0.0,12.77051282051282,77.59358974358975,23.659679917398037,52.46501149856854,3.1840578213732575,123.14483503074108,3.0,11.478668982024686,45.03139813206927,36.608029286150085,5.603337400854179,0.9451621532829586,103.2829459801943,40.05939999999999,Satisfactory,2.670626666666666,9.301156467880752,40.05939999999999
0.0,12.77051282051282,77.6025641025641,23.659679917398037,52.46501149856854,3.1840578213732575,123.14483503074108,3.0,11.478668982024686,45.03139813206927,36.608029286150085,5.603337400854179,0.9451621532829586,103.2829459801943,40.05939999999999,Satisfactory,2.670626666666666,9.301156467880752,40.05939999999999
0.0,12.77051282051282,77.61153846153846,23.659679917398037,52.46501149856854,3.1840578213732575,123.14483503074108,3.0,11.478668982024686,45.03139813206927,36.608029286150085,5.603337400854179,0.9451621532829586,103.2829459801943,40.05939999999999,Satisfactory,2.670626666666666,9.301156467880752,40.05939999999999
0.0,12.77051282051282,77.62051282051281,23.659679917398037,52.46501149856854,3.1840578213732575,123.14483503074108,3.0,11.478668982024686,45.03139813206927,36.608029286150085,5.603337400854179,0.9451621532829586,103.2829459801943,40.05939999999999,Satisfactory,2.670626666666666,9.301156467880752,40.05939999999999
0.0,12.77051282051282,77.62948717948719,23.659679917398037,52.46501149856854,3.1840578213732575,123.14483503074108,3.0,11.478668982024686,45.03139813206927,36.608029286150085,5.603337400854179,0.9451621532829586,103.2829459801943,40.05939999999999,Satisfactory,2.670626666666666,9.301156467880752,40.05939999999999
0.0,12.77051282051282,77.63846153846154,23.659679917398037,52.46501149856854,3.1840578213732575,123.14483503074108,3.0,11.478668982024686,45.03139813206927,36.608029286150085,5.603337400854179,0.9451621532829586,103.2829459801943,39.95779999999999,Satisfactory,2.663853333333333,9.254775370585719,39.95779999999999
0.0,12.77051282051282,77.6474358974359,23.659679917398037,52.46501149856854,3.1840578213732575,123.14483503074108,3.0,11.478668982024686,45.03139813206927,36.608029286150085,5.603337400854179,0.9451621532829586,103.2829459801943,39.95779999999999,Satisfactory,2.663853333333333,9.254775370585719,39.95779999999999
0.0,12.77051282051282,77.65641025641025,23.659679917398037,52.46501149856854,3.1840578213732575,123.14483503074108,3.0,11.478668982024686,45.03139813206927,36.608029286150085,5.603337400854179,0.9451621532829586,103.2829459801943,39.95779999999999,Satisfactory,2.663853333333333,9.254775370585719,39.95779999999999
0.0,12.77051282051282,77.66538461538461,23.659679917398037,52.46501149856854,3.1840578213732575,123.14483503074108,3.0,11.478668982024686,45.03139813206927,36.608029286150085,5.603337400854179,0.9451621532829586,103.2829459801943,39.95779999999999,Satisfactory,2.663853333333333,9.254775370585719,39.95779999999999
0.0,12.77051282051282,77.67435897435897,23.659679917398037,52.46501149856854,3.1840578213732575,123.14483503074108,3.0,11.478668982024686,45.03139813206927,36.608029286150085,5.603337400854179,0.9451621532829586,103.2829459801943,39.95779999999999,Satisfactory,2.663853333333333,9.254775370585719,39.95779999999999
0.0,12.77051282051282,77.68333333333334,23.659679917398037,52.46501149856854,3.1840578213732575,123.14483503074108,3.0,11.478668982024686,45.03139813206927,36.608029286150085,5.603337400854179,0.9451621532829586,103.2829459801943,39.95779999999999,Satisfactory,2.663853333333333,9.254775370585719,39.95779999999999
0.0,12.77051282051282,77.6923076923077,23.659679917398037,52.46501149856854,3.1840578213732575,123.14483503074108,3.0,11.478668982024686,45.03139813206927,36.608029286150085,5.603337400854179,0.9451621532829586,103.2829459801943,39.95779999999999,Satisfactory,2.663853333333333,9.254775370585719,39.95779999999999
0.0,12.77051282051282,77.70128205128205,23.659679917398037,52.46501149856854,3.1840578213732575,123.14483503074108,3.0,11.478668982024686,45.03139813206927,36.608029286150085,5.603337400854179,0.9451621532829586,103.2829459801943,39.95779999999999,Satisfactory,2.663853333333333,9.254775370585719,39.95779999999999
0.0,12.77051282051282,77.7102564102564,23.659679917398037,52.46501149856854,3.1840578213732575,123.14483503074108,3.0,11.478668982024686,45.03139813206927,36.608029286150085,5.603337400854179,0.9451621532829586,103.2829459801943,39.95779999999999,Satisfactory,2.663853333333333,9.254775370585719,39.95779999999999
0.0,12.77051282051282,77.71923076923076,23.659679917398037,52.46501149856854,3.1840578213732575,123.14483503074108,3.0,11.478668982024686,45.03139813206927,36.608029286150085,5.603337400854179,0.9451621532829586,103.2829459801943,39.95779999999999,Satisfactory,2.663853333333333,9.254775370585719,39.95779999999999
0.0,12.77051282051282,77.72820512820513,23.659679917398037,52.46501149856854,3.1840578213732575,123.14483503074108,3.0,11.478668982024686,45.03139813206927,36.608029286150085,5.603337400854179,0.9451621532829586,103.2829459801943,39.95779999999999,Satisfactory,2.663853333333333,9.254775370585719,39.95779999999999
0.0,12.77051282051282,77.73717948717949,23.659679917398037,52.46501149856854,3.1840578213732575,123.14483503074108,3.0,11.478668982024686,45.03139813206927,36.608029286150085,5.603337400854179,0.9451621532829586,103.2829459801943,39.95779999999999,Satisfactory,2.663853333333333,9.254775370585719,39.95779999999999
0.0,12.77051282051282,77.74615384615385,23.659679917398037,52.46501149856854,3.1840578213732575,123.14483503074108,3.0,11.478668982024686,45.03139813206927,36.608029286150085,5.603337400854179,0.9451621532829586,103.2829459801943,39.95779999999999,Satisfactory,2.663853333333333,9.254775370585719,39.95779999999999
0.0,12.77051282051282,77.7551282051282,23.659679917398037,52.46501149856854,3.1840578213732575,123.14483503074108,3.0,11.478668982024686,45.03139813206927,36.608029286150085,5.603337400854179,0.9451621532829586,103.2829459801943,39.95779999999999,Satisfactory,2.663853333333333,9.254775370585719,39.95779999999999
0.0,12.77051282051282,77.76410256410256,23.659679917398037,52.46501149856854,3.1840578213732575,123.14483503074108,3.0,11.478668982024686,45.03139813206927,36.608029286150085,5.603337400854179,0.9451621532829586,103.2829459801943,39.95779999999999,Satisfactory,2.663853333333333,9.254775370585719,39.95779999999999
0.0,12.77051282051282,77.77307692307691,23.659679917398037,52.46501149856854,3.1840578213732575,123.14483503074108,3.0,11.478668982024686,45.03139813206927,36.608029286150085,5.603337400854179,0.9451621532829586,103.2829459801943,39.95779999999999,Satisfactory,2.663853333333333,9.254775370585719,39.95779999999999
0.0,12.77051282051282,77.78205128205128,23.659679917398037,52.46501149856854,3.1840578213732575,123.14483503074108,3.0,11.478668982024686,45.03139813206927,36.608029286150085,5.603337400854179,0.9451621532829586,103.2829459801943,39.95779999999999,Satisfactory,2.663853333333333,9.254775370585719,39.95779999999999
0.0,12.77051282051282,77.79102564102564,23.659679917398037,52.46501149856854,3.1840578213732575,123.14483503074108,3.0,11.478668982024686,45.03139813206927,36.608029286150085,5.603337400854179,0.9451621532829586,103.2829459801943,39.95779999999999,Satisfactory,2.663853333333333,9.254775370585719,39.95779999999999
0.0,12.77051282051282,77.8,23.659679917398037,52.46501149856854,3.1840578213732575,123.14483503074108,3.0,11.478668982024686,45.03139813206927,36.608029286150085,5.603337400854179,0.9451621532829586,103.2829459801943,39.95779999999999,Satisfactory,2.663853333333333,9.254775370585719,39.95779999999999
0.0,12.78076923076923,77.45,23.659679917398037,52.46501149856854,3.1840578213732575,123.14483503074108,3.0,11.478668982024686,45.03139813206927,36.608029286150085,5.603337400854179,0.9451621532829586,103.2829459801943,39.29859999999999,Satisfactory,2.619906666666666,8.888380619662954,39.29859999999999
0.0,12.78076923076923,77.45897435897436,23.659679917398037,52.46501149856854,3.1840578213732575,123.14483503074108,3.0,11.478668982024686,45.03139813206927,36.608029286150085,5.603337400854179,0.9451621532829586,103.2829459801943,39.29859999999999,Satisfactory,2.619906666666666,8.888380619662954,39.29859999999999
0.0,12.78076923076923,77.46794871794872,23.659679917398037,52.46501149856854,3.1840578213732575,123.14483503074108,3.0,11.478668982024686,45.03139813206927,36.608029286150085,5.603337400854179,0.9451621532829586,103.2829459801943,39.29859999999999,Satisfactory,2.619906666666666,8.888380619662954,39.29859999999999
0.0,12.78076923076923,77.47692307692309,23.659679917398037,52.46501149856854,3.1840578213732575,123.14483503074108,3.0,11.478668982024686,45.03139813206927,36.608029286150085,5.603337400854179,0.9451621532829586,103.2829459801943,39.29859999999999,Satisfactory,2.619906666666666,8.888380619662954,39.29859999999999
0.0,12.78076923076923,77.48589743589744,23.659679917398037,52.46501149856854,3.1840578213732575,123.14483503074108,3.0,11.478668982024686,45.03139813206927,36.608029286150085,5.603337400854179,0.9451621532829586,103.2829459801943,39.29859999999999,Satisfactory,2.619906666666666,8.888380619662954,39.29859999999999
0.0,12.78076923076923,77.4948717948718,23.659679917398037,52.46501149856854,3.1840578213732575,123.14483503074108,3.0,11.478668982024686,45.03139813206927,36.608029286150085,5.603337400854179,0.9451621532829586,103.2829459801943,39.29859999999999,Satisfactory,2.619906666666666,8.888380619662954,39.29859999999999
0.0,12.78076923076923,77.50384615384615,23.659679917398037,52.46501149856854,3.1840578213732575,123.14483503074108,3.0,11.478668982024686,45.03139813206927,36.608029286150085,5.603337400854179,0.9451621532829586,103.2829459801943,39.29859999999999,Satisfactory,2.619906666666666,8.888380619662954,39.29859999999999
0.0,12.78076923076923,77.51282051282051,23.659679917398037,52.46501149856854,3.1840578213732575,123.14483503074108,3.0,11.478668982024686,45.03139813206927,36.608029286150085,5.603337400854179,0.9451621532829586,103.2829459801943,39.29859999999999,Satisfactory,2.619906666666666,8.888380619662954,39.29859999999999
0.0,12.78076923076923,77.52179487179487,23.659679917398037,52.46501149856854,3.1840578213732575,123.14483503074108,3.0,11.478668982024686,45.03139813206927,36.608029286150085,5.603337400854179,0.9451621532829586,103.2829459801943,39.29859999999999,Satisfactory,2.619906666666666,8.888380619662954,39.29859999999999
0.0,12.78076923076923,77.53076923076924,23.659679917398037,52.46501149856854,3.1840578213732575,123.14483503074108,3.0,11.478668982024686,45.03139813206927,36.608029286150085,5.603337400854179,0.9451621532829586,103.2829459801943,39.29859999999999,Satisfactory,2.619906666666666,8.888380619662954,39.29859999999999
0.0,12.78076923076923,77.5397435897436,23.659679917398037,52.46501149856854,3.1840578213732575,123.14483503074108,3.0,11.478668982024686,45.03139813206927,36.608029286150085,5.603337400854179,0.9451621532829586,103.2829459801943,39.29859999999999,Satisfactory,2.619906666666666,8.888380619662954,39.29859999999999
0.0,12.78076923076923,77.54871794871795,23.659679917398037,52.46501149856854,3.1840578213732575,123.14483503074108,3.0,11.478668982024686,45.03139813206927,36.608029286150085,5.603337400854179,0.9451621532829586,103.2829459801943,39.29859999999999,Satisfactory,2.619906666666666,8.888380619662954,39.29859999999999
0.0,12.78076923076923,77.5576923076923,23.659679917398037,52.46501149856854,3.1840578213732575,123.14483503074108,3.0,11.478668982024686,45.03139813206927,36.608029286150085,5.603337400854179,0.9451621532829586,103.2829459801943,39.29859999999999,Satisfactory,2.619906666666666,8.888380619662954,39.29859999999999
0.0,12.78076923076923,77.56666666666666,23.659679917398037,52.46501149856854,3.1840578213732575,123.14483503074108,3.0,11.478668982024686,45.03139813206927,36.608029286150085,5.603337400854179,0.9451621532829586,103.2829459801943,39.29859999999999,Satisfactory,2.619906666666666,8.888380619662954,39.29859999999999
0.0,12.78076923076923,77.57564102564103,23.659679917398037,52.46501149856854,3.1840578213732575,123.14483503074108,3.0,11.478668982024686,45.03139813206927,36.608029286150085,5.603337400854179,0.9451621532829586,103.2829459801943,39.29859999999999,Satisfactory,2.619906666666666,8.888380619662954,39.29859999999999
0.0,12.78076923076923,77.58461538461539,23.659679917398037,52.46501149856854,3.1840578213732575,123.14483503074108,3.0,11.478668982024686,45.03139813206927,36.608029286150085,5.603337400854179,0.9451621532829586,103.2829459801943,39.46569999999999,Satisfactory,2.631046666666666,8.938275141770921,39.46569999999999
0.0,12.78076923076923,77.59358974358975,23.659679917398037,52.46501149856854,3.1840578213732575,123.14483503074108,3.0,11.478668982024686,45.03139813206927,36.608029286150085,5.603337400854179,0.9451621532829586,103.2829459801943,40.05939999999999,Satisfactory,2.670626666666666,9.301156467880752,40.05939999999999
0.0,12.78076923076923,77.6025641025641,23.659679917398037,52.46501149856854,3.1840578213732575,123.14483503074108,3.0,11.478668982024686,45.03139813206927,36.608029286150085,5.603337400854179,0.9451621532829586,103.2829459801943,40.05939999999999,Satisfactory,2.670626666666666,9.301156467880752,40.05939999999999
0.0,12.78076923076923,77.61153846153846,23.659679917398037,52.46501149856854,3.1840578213732575,123.14483503074108,3.0,11.478668982024686,45.03139813206927,36.608029286150085,5.603337400854179,0.9451621532829586,103.2829459801943,40.05939999999999,Satisfactory,2.670626666666666,9.301156467880752,40.05939999999999
0.0,12.78076923076923,77.62051282051281,23.659679917398037,52.46501149856854,3.1840578213732575,123.14483503074108,3.0,11.478668982024686,45.03139813206927,36.608029286150085,5.603337400854179,0.9451621532829586,103.2829459801943,40.05939999999999,Satisfactory,2.670626666666666,9.301156467880752,40.05939999999999
0.0,12.78076923076923,77.62948717948719,23.659679917398037,52.46501149856854,3.1840578213732575,123.14483503074108,3.0,11.478668982024686,45.03139813206927,36.608029286150085,5.603337400854179,0.9451621532829586,103.2829459801943,40.05939999999999,Satisfactory,2.670626666666666,9.301156467880752,40.05939999999999
0.0,12.78076923076923,77.63846153846154,23.659679917398037,52.46501149856854,3.1840578213732575,123.14483503074108,3.0,11.478668982024686,45.03139813206927,36.608029286150085,5.603337400854179,0.9451621532829586,103.2829459801943,39.95779999999999,Satisfactory,2.663853333333333,9.254775370585719,39.95779999999999
0.0,12.78076923076923,77.6474358974359,23.659679917398037,52.46501149856854,3.1840578213732575,123.14483503074108,3.0,11.478668982024686,45.03139813206927,36.608029286150085,5.603337400854179,0.9451621532829586,103.2829459801943,39.95779999999999,Satisfactory,2.663853333333333,9.254775370585719,39.95779999999999
0.0,12.78076923076923,77.65641025641025,23.659679917398037,52.46501149856854,3.1840578213732575,123.14483503074108,3.0,11.478668982024686,45.03139813206927,36.608029286150085,5.603337400854179,0.9451621532829586,103.2829459801943,39.95779999999999,Satisfactory,2.663853333333333,9.254775370585719,39.95779999999999
0.0,12.78076923076923,77.66538461538461,23.659679917398037,52.46501149856854,3.1840578213732575,123.14483503074108,3.0,11.478668982024686,45.03139813206927,36.608029286150085,5.603337400854179,0.9451621532829586,103.2829459801943,39.95779999999999,Satisfactory,2.663853333333333,9.254775370585719,39.95779999999999
0.0,12.78076923076923,77.67435897435897,23.659679917398037,52.46501149856854,3.1840578213732575,123.14483503074108,3.0,11.478668982024686,45.03139813206927,36.608029286150085,5.603337400854179,0.9451621532829586,103.2829459801943,39.95779999999999,Satisfactory,2.663853333333333,9.254775370585719,39.95779999999999
0.0,12.78076923076923,77.68333333333334,23.659679917398037,52.46501149856854,3.1840578213732575,123.14483503074108,3.0,11.478668982024686,45.03139813206927,36.608029286150085,5.603337400854179,0.9451621532829586,103.2829459801943,39.95779999999999,Satisfactory,2.663853333333333,9.254775370585719,39.95779999999999
0.0,12.78076923076923,77.6923076923077,23.659679917398037,52.46501149856854,3.1840578213732575,123.14483503074108,3.0,11.478668982024686,45.03139813206927,36.608029286150085,5.603337400854179,0.9451621532829586,103.2829459801943,39.95779999999999,Satisfactory,2.663853333333333,9.254775370585719,39.95779999999999
0.0,12.78076923076923,77.70128205128205,23.659679917398037,52.46501149856854,3.1840578213732575,123.14483503074108,3.0,11.478668982024686,45.03139813206927,36.608029286150085,5.603337400854179,0.9451621532829586,103.2829459801943,39.95779999999999,Satisfactory,2.663853333333333,9.254775370585719,39.95779999999999
0.0,12.78076923076923,77.7102564102564,23.659679917398037,52.46501149856854,3.1840578213732575,123.14483503074108,3.0,11.478668982024686,45.03139813206927,36.608029286150085,5.603337400854179,0.9451621532829586,103.2829459801943,39.95779999999999,Satisfactory,2.663853333333333,9.254775370585719,39.95779999999999
0.0,12.78076923076923,77.71923076923076,23.659679917398037,52.46501149856854,3.1840578213732575,123.14483503074108,3.0,11.478668982024686,45.03139813206927,36.608029286150085,5.603337400854179,0.9451621532829586,103.2829459801943,39.95779999999999,Satisfactory,2.663853333333333,9.254775370585719,39.95779999999999
0.0,12.78076923076923,77.72820512820513,23.659679917398037,52.46501149856854,3.1840578213732575,123.14483503074108,3.0,11.478668982024686,45.03139813206927,36.608029286150085,5.603337400854179,0.9451621532829586,103.2829459801943,39.95779999999999,Satisfactory,2.663853333333333,9.254775370585719,39.95779999999999
0.0,12.78076923076923,77.73717948717949,23.659679917398037,52.46501149856854,3.1840578213732575,123.14483503074108,3.0,11.478668982024686,45.03139813206927,36.608029286150085,5.603337400854179,0.9451621532829586,103.2829459801943,39.95779999999999,Satisfactory,2.663853333333333,9.254775370585719,39.95779999999999
0.0,12.78076923076923,77.74615384615385,23.659679917398037,52.46501149856854,3.1840578213732575,123.14483503074108,3.0,11.478668982024686,45.03139813206927,36.608029286150085,5.603337400854179,0.9451621532829586,103.2829459801943,39.95779999999999,Satisfactory,2.663853333333333,9.254775370585719,39.95779999999999
0.0,12.78076923076923,77.7551282051282,23.659679917398037,52.46501149856854,3.1840578213732575,123.14483503074108,3.0,11.478668982024686,45.03139813206927,36.608029286150085,5.603337400854179,0.9451621532829586,103.2829459801943,39.95779999999999,Satisfactory,2.663853333333333,9.254775370585719,39.95779999999999
0.0,12.78076923076923,77.76410256410256,23.659679917398037,52.46501149856854,3.1840578213732575,123.14483503074108,3.0,11.478668982024686,45.03139813206927,36.608029286150085,5.603337400854179,0.9451621532829586,103.2829459801943,39.95779999999999,Satisfactory,2.663853333333333,9.254775370585719,39.95779999999999
0.0,12.78076923076923,77.77307692307691,23.659679917398037,52.46501149856854,3.1840578213732575,123.14483503074108,3.0,11.478668982024686,45.03139813206927,36.608029286150085,5.603337400854179,0.9451621532829586,103.2829459801943,39.95779999999999,Satisfactory,2.663853333333333,9.254775370585719,39.95779999999999
0.0,12.78076923076923,77.78205128205128,23.659679917398037,52.46501149856854,3.1840578213732575,123.14483503074108,3.0,11.478668982024686,45.03139813206927,36.608029286150085,5.603337400854179,0.9451621532829586,103.2829459801943,39.95779999999999,Satisfactory,2.663853333333333,9.254775370585719,39.95779999999999
0.0,12.78076923076923,77.79102564102564,23.659679917398037,52.46501149856854,3.1840578213732575,123.14483503074108,3.0,11.478668982024686,45.03139813206927,36.608029286150085,5.603337400854179,0.9451621532829586,103.2829459801943,39.95779999999999,Satisfactory,2.663853333333333,9.254775370585719,39.95779999999999
0.0,12.78076923076923,77.8,23.659679917398037,52.46501149856854,3.1840578213732575,123.14483503074108,3.0,11.478668982024686,45.03139813206927,36.608029286150085,5.603337400854179,0.9451621532829586,103.2829459801943,39.95779999999999,Satisfactory,2.663853333333333,9.254775370585719,39.95779999999999
0.0,12.79102564102564,77.45,23.659679917398037,52.46501149856854,3.1840578213732575,123.14483503074108,3.0,11.478668982024686,45.03139813206927,36.608029286150085,5.603337400854179,0.9451621532829586,103.2829459801943,39.29859999999999,Satisfactory,2.619906666666666,8.888380619662954,39.29859999999999
0.0,12.79102564102564,77.45897435897436,23.659679917398037,52.46501149856854,3.1840578213732575,123.14483503074108,3.0,11.478668982024686,45.03139813206927,36.608029286150085,5.603337400854179,0.9451621532829586,103.2829459801943,39.29859999999999,Satisfactory,2.619906666666666,8.888380619662954,39.29859999999999
0.0,12.79102564102564,77.46794871794872,23.659679917398037,52.46501149856854,3.1840578213732575,123.14483503074108,3.0,11.478668982024686,45.03139813206927,36.608029286150085,5.603337400854179,0.9451621532829586,103.2829459801943,39.29859999999999,Satisfactory,2.619906666666666,8.888380619662954,39.29859999999999
0.0,12.79102564102564,77.47692307692309,23.659679917398037,52.46501149856854,3.1840578213732575,123.14483503074108,3.0,11.478668982024686,45.03139813206927,36.608029286150085,5.603337400854179,0.9451621532829586,103.2829459801943,39.29859999999999,Satisfactory,2.619906666666666,8.888380619662954,39.29859999999999
0.0,12.79102564102564,77.48589743589744,23.659679917398037,52.46501149856854,3.1840578213732575,123.14483503074108,3.0,11.478668982024686,45.03139813206927,36.608029286150085,5.603337400854179,0.9451621532829586,103.2829459801943,39.29859999999999,Satisfactory,2.619906666666666,8.888380619662954,39.29859999999999
0.0,12.79102564102564,77.4948717948718,23.659679917398037,52.46501149856854,3.1840578213732575,123.14483503074108,3.0,11.478668982024686,45.03139813206927,36.608029286150085,5.603337400854179,0.9451621532829586,103.2829459801943,39.29859999999999,Satisfactory,2.619906666666666,8.888380619662954,39.29859999999999
0.0,12.79102564102564,77.50384615384615,23.659679917398037,52.46501149856854,3.1840578213732575,123.14483503074108,3.0,11.478668982024686,45.03139813206927,36.608029286150085,5.603337400854179,0.9451621532829586,103.2829459801943,39.29859999999999,Satisfactory,2.619906666666666,8.888380619662954,39.29859999999999
0.0,12.79102564102564,77.51282051282051,23.659679917398037,52.46501149856854,3.1840578213732575,123.14483503074108,3.0,11.478668982024686,45.03139813206927,36.608029286150085,5.603337400854179,0.9451621532829586,103.2829459801943,39.29859999999999,Satisfactory,2.619906666666666,8.888380619662954,39.29859999999999
0.0,12.79102564102564,77.52179487179487,23.659679917398037,52.46501149856854,3.1840578213732575,123.14483503074108,3.0,11.478668982024686,45.03139813206927,36.608029286150085,5.603337400854179,0.9451621532829586,103.2829459801943,39.29859999999999,Satisfactory,2.619906666666666,8.888380619662954,39.29859999999999
0.0,12.79102564102564,77.53076923076924,23.659679917398037,52.46501149856854,3.1840578213732575,123.14483503074108,3.0,11.478668982024686,45.03139813206927,36.608029286150085,5.603337400854179,0.9451621532829586,103.2829459801943,39.29859999999999,Satisfactory,2.619906666666666,8.888380619662954,39.29859999999999
0.0,12.79102564102564,77.5397435897436,23.659679917398037,52.46501149856854,3.1840578213732575,123.14483503074108,3.0,11.478668982024686,45.03139813206927,36.608029286150085,5.603337400854179,0.9451621532829586,103.2829459801943,39.29859999999999,Satisfactory,2.619906666666666,8.888380619662954,39.29859999999999
0.0,12.79102564102564,77.54871794871795,23.659679917398037,52.46501149856854,3.1840578213732575,123.14483503074108,3.0,11.478668982024686,45.03139813206927,36.608029286150085,5.603337400854179,0.9451621532829586,103.2829459801943,39.29859999999999,Satisfactory,2.619906666666666,8.888380619662954,39.29859999999999
0.0,12.79102564102564,77.5576923076923,23.659679917398037,52.46501149856854,3.1840578213732575,123.14483503074108,3.0,11.478668982024686,45.03139813206927,36.608029286150085,5.603337400854179,0.9451621532829586,103.2829459801943,39.29859999999999,Satisfactory,2.619906666666666,8.888380619662954,39.29859999999999
0.0,12.79102564102564,77.56666666666666,23.659679917398037,52.46501149856854,3.1840578213732575,123.14483503074108,3.0,11.478668982024686,45.03139813206927,36.608029286150085,5.603337400854179,0.9451621532829586,103.2829459801943,39.29859999999999,Satisfactory,2.619906666666666,8.888380619662954,39.29859999999999
0.0,12.79102564102564,77.57564102564103,23.659679917398037,52.46501149856854,3.1840578213732575,123.14483503074108,3.0,11.478668982024686,45.03139813206927,36.608029286150085,5.603337400854179,0.9451621532829586,103.2829459801943,39.29859999999999,Satisfactory,2.619906666666666,8.888380619662954,39.29859999999999
0.0,12.79102564102564,77.58461538461539,23.659679917398037,52.46501149856854,3.1840578213732575,123.14483503074108,3.0,11.478668982024686,45.03139813206927,36.608029286150085,5.603337400854179,0.9451621532829586,103.2829459801943,39.46569999999999,Satisfactory,2.631046666666666,8.938275141770921,39.46569999999999
0.0,12.79102564102564,77.59358974358975,23.659679917398037,52.46501149856854,3.1840578213732575,123.14483503074108,3.0,11.478668982024686,45.03139813206927,36.608029286150085,5.603337400854179,0.9451621532829586,103.2829459801943,40.05939999999999,Satisfactory,2.670626666666666,9.301156467880752,40.05939999999999
0.0,12.79102564102564,77.6025641025641,23.659679917398037,52.46501149856854,3.1840578213732575,123.14483503074108,3.0,11.478668982024686,45.03139813206927,36.608029286150085,5.603337400854179,0.9451621532829586,103.2829459801943,40.05939999999999,Satisfactory,2.670626666666666,9.301156467880752,40.05939999999999
0.0,12.79102564102564,77.61153846153846,23.659679917398037,52.46501149856854,3.1840578213732575,123.14483503074108,3.0,11.478668982024686,45.03139813206927,36.608029286150085,5.603337400854179,0.9451621532829586,103.2829459801943,40.05939999999999,Satisfactory,2.670626666666666,9.301156467880752,40.05939999999999
0.0,12.79102564102564,77.62051282051281,23.659679917398037,52.46501149856854,3.1840578213732575,123.14483503074108,3.0,11.478668982024686,45.03139813206927,36.608029286150085,5.603337400854179,0.9451621532829586,103.2829459801943,40.05939999999999,Satisfactory,2.670626666666666,9.301156467880752,40.05939999999999
0.0,12.79102564102564,77.62948717948719,23.659679917398037,52.46501149856854,3.1840578213732575,123.14483503074108,3.0,11.478668982024686,45.03139813206927,36.608029286150085,5.603337400854179,0.9451621532829586,103.2829459801943,40.05939999999999,Satisfactory,2.670626666666666,9.301156467880752,40.05939999999999
0.0,12.79102564102564,77.63846153846154,23.659679917398037,52.46501149856854,3.1840578213732575,123.14483503074108,3.0,11.478668982024686,45.03139813206927,36.608029286150085,5.603337400854179,0.9451621532829586,103.2829459801943,39.95779999999999,Satisfactory,2.663853333333333,9.254775370585719,39.95779999999999
0.0,12.79102564102564,77.6474358974359,23.659679917398037,52.46501149856854,3.1840578213732575,123.14483503074108,3.0,11.478668982024686,45.03139813206927,36.608029286150085,5.603337400854179,0.9451621532829586,103.2829459801943,39.95779999999999,Satisfactory,2.663853333333333,9.254775370585719,39.95779999999999
0.0,12.79102564102564,77.65641025641025,23.659679917398037,52.46501149856854,3.1840578213732575,123.14483503074108,3.0,11.478668982024686,45.03139813206927,36.608029286150085,5.603337400854179,0.9451621532829586,103.2829459801943,39.95779999999999,Satisfactory,2.663853333333333,9.254775370585719,39.95779999999999
0.0,12.79102564102564,77.66538461538461,23.659679917398037,52.46501149856854,3.1840578213732575,123.14483503074108,3.0,11.478668982024686,45.03139813206927,36.608029286150085,5.603337400854179,0.9451621532829586,103.2829459801943,39.95779999999999,Satisfactory,2.663853333333333,9.254775370585719,39.95779999999999
0.0,12.79102564102564,77.67435897435897,23.659679917398037,52.46501149856854,3.1840578213732575,123.14483503074108,3.0,11.478668982024686,45.03139813206927,36.608029286150085,5.603337400854179,0.9451621532829586,103.2829459801943,39.95779999999999,Satisfactory,2.663853333333333,9.254775370585719,39.95779999999999
0.0,12.79102564102564,77.68333333333334,23.659679917398037,52.46501149856854,3.1840578213732575,123.14483503074108,3.0,11.478668982024686,45.03139813206927,36.608029286150085,5.603337400854179,0.9451621532829586,103.2829459801943,39.95779999999999,Satisfactory,2.663853333333333,9.254775370585719,39.95779999999999
0.0,12.79102564102564,77.6923076923077,23.659679917398037,52.46501149856854,3.1840578213732575,123.14483503074108,3.0,11.478668982024686,45.03139813206927,36.608029286150085,5.603337400854179,0.9451621532829586,103.2829459801943,39.95779999999999,Satisfactory,2.663853333333333,9.254775370585719,39.95779999999999
0.0,12.79102564102564,77.70128205128205,23.659679917398037,52.46501149856854,3.1840578213732575,123.14483503074108,3.0,11.478668982024686,45.03139813206927,36.608029286150085,5.603337400854179,0.9451621532829586,103.2829459801943,39.95779999999999,Satisfactory,2.663853333333333,9.254775370585719,39.95779999999999
0.0,12.79102564102564,77.7102564102564,23.659679917398037,52.46501149856854,3.1840578213732575,123.14483503074108,3.0,11.478668982024686,45.03139813206927,36.608029286150085,5.603337400854179,0.9451621532829586,103.2829459801943,39.95779999999999,Satisfactory,2.663853333333333,9.254775370585719,39.95779999999999
0.0,12.79102564102564,77.71923076923076,23.659679917398037,52.46501149856854,3.1840578213732575,123.14483503074108,3.0,11.478668982024686,45.03139813206927,36.608029286150085,5.603337400854179,0.9451621532829586,103.2829459801943,39.95779999999999,Satisfactory,2.663853333333333,9.254775370585719,39.95779999999999
0.0,12.79102564102564,77.72820512820513,23.659679917398037,52.46501149856854,3.1840578213732575,123.14483503074108,3.0,11.478668982024686,45.03139813206927,36.608029286150085,5.603337400854179,0.9451621532829586,103.2829459801943,39.95779999999999,Satisfactory,2.663853333333333,9.254775370585719,39.95779999999999
0.0,12.79102564102564,77.73717948717949,23.659679917398037,52.46501149856854,3.1840578213732575,123.14483503074108,3.0,11.478668982024686,45.03139813206927,36.608029286150085,5.603337400854179,0.9451621532829586,103.2829459801943,39.95779999999999,Satisfactory,2.663853333333333,9.254775370585719,39.95779999999999
0.0,12.79102564102564,77.74615384615385,23.659679917398037,52.46501149856854,3.1840578213732575,123.14483503074108,3.0,11.478668982024686,45.03139813206927,36.608029286150085,5.603337400854179,0.9451621532829586,103.2829459801943,39.95779999999999,Satisfactory,2.663853333333333,9.254775370585719,39.95779999999999
0.0,12.79102564102564,77.7551282051282,23.659679917398037,52.46501149856854,3.1840578213732575,123.14483503074108,3.0,11.478668982024686,45.03139813206927,36.608029286150085,5.603337400854179,0.9451621532829586,103.2829459801943,39.95779999999999,Satisfactory,2.663853333333333,9.254775370585719,39.95779999999999
0.0,12.79102564102564,77.76410256410256,23.659679917398037,52.46501149856854,3.1840578213732575,123.14483503074108,3.0,11.478668982024686,45.03139813206927,36.608029286150085,5.603337400854179,0.9451621532829586,103.2829459801943,39.95779999999999,Satisfactory,2.663853333333333,9.254775370585719,39.95779999999999
0.0,12.79102564102564,77.77307692307691,23.659679917398037,52.46501149856854,3.1840578213732575,123.14483503074108,3.0,11.478668982024686,45.03139813206927,36.608029286150085,5.603337400854179,0.9451621532829586,103.2829459801943,39.95779999999999,Satisfactory,2.663853333333333,9.254775370585719,39.95779999999999
0.0,12.79102564102564,77.78205128205128,23.659679917398037,52.46501149856854,3.1840578213732575,123.14483503074108,3.0,11.478668982024686,45.03139813206927,36.608029286150085,5.603337400854179,0.9451621532829586,103.2829459801943,39.95779999999999,Satisfactory,2.663853333333333,9.254775370585719,39.95779999999999
0.0,12.79102564102564,77.79102564102564,23.659679917398037,52.46501149856854,3.1840578213732575,123.14483503074108,3.0,11.478668982024686,45.03139813206927,36.608029286150085,5.603337400854179,0.9451621532829586,103.2829459801943,39.95779999999999,Satisfactory,2.663853333333333,9.254775370585719,39.95779999999999
0.0,12.79102564102564,77.8,23.659679917398037,52.46501149856854,3.1840578213732575,123.14483503074108,3.0,11.478668982024686,45.03139813206927,36.608029286150085,5.603337400854179,0.9451621532829586,103.2829459801943,39.95779999999999,Satisfactory,2.663853333333333,9.254775370585719,39.95779999999999
0.0,12.801282051282051,77.45,23.659679917398037,52.46501149856854,3.1840578213732575,123.14483503074108,3.0,11.478668982024686,45.03139813206927,36.608029286150085,5.603337400854179,0.9451621532829586,103.2829459801943,39.29859999999999,Satisfactory,2.619906666666666,8.888380619662954,39.29859999999999
0.0,12.801282051282051,77.45897435897436,23.659679917398037,52.46501149856854,3.1840578213732575,123.14483503074108,3.0,11.478668982024686,45.03139813206927,36.608029286150085,5.603337400854179,0.9451621532829586,103.2829459801943,39.29859999999999,Satisfactory,2.619906666666666,8.888380619662954,39.29859999999999
0.0,12.801282051282051,77.46794871794872,23.659679917398037,52.46501149856854,3.1840578213732575,123.14483503074108,3.0,11.478668982024686,45.03139813206927,36.608029286150085,5.603337400854179,0.9451621532829586,103.2829459801943,39.29859999999999,Satisfactory,2.619906666666666,8.888380619662954,39.29859999999999
0.0,12.801282051282051,77.47692307692309,23.659679917398037,52.46501149856854,3.1840578213732575,123.14483503074108,3.0,11.478668982024686,45.03139813206927,36.608029286150085,5.603337400854179,0.9451621532829586,103.2829459801943,39.29859999999999,Satisfactory,2.619906666666666,8.888380619662954,39.29859999999999
0.0,12.801282051282051,77.48589743589744,23.659679917398037,52.46501149856854,3.1840578213732575,123.14483503074108,3.0,11.478668982024686,45.03139813206927,36.608029286150085,5.603337400854179,0.9451621532829586,103.2829459801943,39.29859999999999,Satisfactory,2.619906666666666,8.888380619662954,39.29859999999999
0.0,12.801282051282051,77.4948717948718,23.659679917398037,52.46501149856854,3.1840578213732575,123.14483503074108,3.0,11.478668982024686,45.03139813206927,36.608029286150085,5.603337400854179,0.9451621532829586,103.2829459801943,39.29859999999999,Satisfactory,2.619906666666666,8.888380619662954,39.29859999999999
0.0,12.801282051282051,77.50384615384615,23.659679917398037,52.46501149856854,3.1840578213732575,123.14483503074108,3.0,11.478668982024686,45.03139813206927,36.608029286150085,5.603337400854179,0.9451621532829586,103.2829459801943,39.29859999999999,Satisfactory,2.619906666666666,8.888380619662954,39.29859999999999
0.0,12.801282051282051,77.51282051282051,23.659679917398037,52.46501149856854,3.1840578213732575,123.14483503074108,3.0,11.478668982024686,45.03139813206927,36.608029286150085,5.603337400854179,0.9451621532829586,103.2829459801943,39.29859999999999,Satisfactory,2.619906666666666,8.888380619662954,39.29859999999999
0.0,12.801282051282051,77.52179487179487,23.659679917398037,52.46501149856854,3.1840578213732575,123.14483503074108,3.0,11.478668982024686,45.03139813206927,36.608029286150085,5.603337400854179,0.9451621532829586,103.2829459801943,39.29859999999999,Satisfactory,2.619906666666666,8.888380619662954,39.29859999999999
0.0,12.801282051282051,77.53076923076924,23.659679917398037,52.46501149856854,3.1840578213732575,123.14483503074108,3.0,11.478668982024686,45.03139813206927,36.608029286150085,5.603337400854179,0.9451621532829586,103.2829459801943,39.29859999999999,Satisfactory,2.619906666666666,8.888380619662954,39.29859999999999
0.0,12.801282051282051,77.5397435897436,23.659679917398037,52.46501149856854,3.1840578213732575,123.14483503074108,3.0,11.478668982024686,45.03139813206927,36.608029286150085,5.603337400854179,0.9451621532829586,103.2829459801943,39.29859999999999,Satisfactory,2.619906666666666,8.888380619662954,39.29859999999999
0.0,12.801282051282051,77.54871794871795,23.659679917398037,52.46501149856854,3.1840578213732575,123.14483503074108,3.0,11.478668982024686,45.03139813206927,36.608029286150085,5.603337400854179,0.9451621532829586,103.2829459801943,39.29859999999999,Satisfactory,2.619906666666666,8.888380619662954,39.29859999999999
0.0,12.801282051282051,77.5576923076923,23.659679917398037,52.46501149856854,3.1840578213732575,123.14483503074108,3.0,11.478668982024686,45.03139813206927,36.608029286150085,5.603337400854179,0.9451621532829586,103.2829459801943,39.29859999999999,Satisfactory,2.619906666666666,8.888380619662954,39.29859999999999
0.0,12.801282051282051,77.56666666666666,23.659679917398037,52.46501149856854,3.1840578213732575,123.14483503074108,3.0,11.478668982024686,45.03139813206927,36.608029286150085,5.603337400854179,0.9451621532829586,103.2829459801943,39.29859999999999,Satisfactory,2.619906666666666,8.888380619662954,39.29859999999999
0.0,12.801282051282051,77.57564102564103,23.659679917398037,52.46501149856854,3.1840578213732575,123.14483503074108,3.0,11.478668982024686,45.03139813206927,36.608029286150085,5.603337400854179,0.9451621532829586,103.2829459801943,39.29859999999999,Satisfactory,2.619906666666666,8.888380619662954,39.29859999999999
0.0,12.801282051282051,77.58461538461539,23.659679917398037,52.46501149856854,3.1840578213732575,123.14483503074108,3.0,11.478668982024686,45.03139813206927,36.608029286150085,5.603337400854179,0.9451621532829586,103.2829459801943,39.46569999999999,Satisfactory,2.631046666666666,8.938275141770921,39.46569999999999
0.0,12.801282051282051,77.59358974358975,23.659679917398037,52.46501149856854,3.1840578213732575,123.14483503074108,3.0,11.478668982024686,45.03139813206927,36.608029286150085,5.603337400854179,0.9451621532829586,103.2829459801943,40.05939999999999,Satisfactory,2.670626666666666,9.301156467880752,40.05939999999999
0.0,12.801282051282051,77.6025641025641,23.659679917398037,52.46501149856854,3.1840578213732575,123.14483503074108,3.0,11.478668982024686,45.03139813206927,36.608029286150085,5.603337400854179,0.9451621532829586,103.2829459801943,40.05939999999999,Satisfactory,2.670626666666666,9.301156467880752,40.05939999999999
0.0,12.801282051282051,77.61153846153846,23.659679917398037,52.46501149856854,3.1840578213732575,123.14483503074108,3.0,11.478668982024686,45.03139813206927,36.608029286150085,5.603337400854179,0.9451621532829586,103.2829459801943,40.05939999999999,Satisfactory,2.670626666666666,9.301156467880752,40.05939999999999
0.0,12.801282051282051,77.62051282051281,23.659679917398037,52.46501149856854,3.1840578213732575,123.14483503074108,3.0,11.478668982024686,45.03139813206927,36.608029286150085,5.603337400854179,0.9451621532829586,103.2829459801943,40.05939999999999,Satisfactory,2.670626666666666,9.301156467880752,40.05939999999999
0.0,12.801282051282051,77.62948717948719,23.659679917398037,52.46501149856854,3.1840578213732575,123.14483503074108,3.0,11.478668982024686,45.03139813206927,36.608029286150085,5.603337400854179,0.9451621532829586,103.2829459801943,40.05939999999999,Satisfactory,2.670626666666666,9.301156467880752,40.05939999999999
0.0,12.801282051282051,77.63846153846154,23.659679917398037,52.46501149856854,3.1840578213732575,123.14483503074108,3.0,11.478668982024686,45.03139813206927,36.608029286150085,5.603337400854179,0.9451621532829586,103.2829459801943,39.95779999999999,Satisfactory,2.663853333333333,9.254775370585719,39.95779999999999
0.0,12.801282051282051,77.6474358974359,23.659679917398037,52.46501149856854,3.1840578213732575,123.14483503074108,3.0,11.478668982024686,45.03139813206927,36.608029286150085,5.603337400854179,0.9451621532829586,103.2829459801943,39.95779999999999,Satisfactory,2.663853333333333,9.254775370585719,39.95779999999999
0.0,12.801282051282051,77.65641025641025,23.659679917398037,52.46501149856854,3.1840578213732575,123.14483503074108,3.0,11.478668982024686,45.03139813206927,36.608029286150085,5.603337400854179,0.9451621532829586,103.2829459801943,39.95779999999999,Satisfactory,2.663853333333333,9.254775370585719,39.95779999999999
0.0,12.801282051282051,77.66538461538461,23.659679917398037,52.46501149856854,3.1840578213732575,123.14483503074108,3.0,11.478668982024686,45.03139813206927,36.608029286150085,5.603337400854179,0.9451621532829586,103.2829459801943,39.95779999999999,Satisfactory,2.663853333333333,9.254775370585719,39.95779999999999
0.0,12.801282051282051,77.67435897435897,23.659679917398037,52.46501149856854,3.1840578213732575,123.14483503074108,3.0,11.478668982024686,45.03139813206927,36.608029286150085,5.603337400854179,0.9451621532829586,103.2829459801943,39.95779999999999,Satisfactory,2.663853333333333,9.254775370585719,39.95779999999999
0.0,12.801282051282051,77.68333333333334,23.659679917398037,52.46501149856854,3.1840578213732575,123.14483503074108,3.0,11.478668982024686,45.03139813206927,36.608029286150085,5.603337400854179,0.9451621532829586,103.2829459801943,39.95779999999999,Satisfactory,2.663853333333333,9.254775370585719,39.95779999999999
0.0,12.801282051282051,77.6923076923077,23.659679917398037,52.46501149856854,3.1840578213732575,123.14483503074108,3.0,11.478668982024686,45.03139813206927,36.608029286150085,5.603337400854179,0.9451621532829586,103.2829459801943,39.95779999999999,Satisfactory,2.663853333333333,9.254775370585719,39.95779999999999
0.0,12.801282051282051,77.70128205128205,23.659679917398037,52.46501149856854,3.1840578213732575,123.14483503074108,3.0,11.478668982024686,45.03139813206927,36.608029286150085,5.603337400854179,0.9451621532829586,103.2829459801943,39.95779999999999,Satisfactory,2.663853333333333,9.254775370585719,39.95779999999999
0.0,12.801282051282051,77.7102564102564,23.659679917398037,52.46501149856854,3.1840578213732575,123.14483503074108,3.0,11.478668982024686,45.03139813206927,36.608029286150085,5.603337400854179,0.9451621532829586,103.2829459801943,39.95779999999999,Satisfactory,2.663853333333333,9.254775370585719,39.95779999999999
0.0,12.801282051282051,77.71923076923076,23.659679917398037,52.46501149856854,3.1840578213732575,123.14483503074108,3.0,11.478668982024686,45.03139813206927,36.608029286150085,5.603337400854179,0.9451621532829586,103.2829459801943,39.95779999999999,Satisfactory,2.663853333333333,9.254775370585719,39.95779999999999
0.0,12.801282051282051,77.72820512820513,23.659679917398037,52.46501149856854,3.1840578213732575,123.14483503074108,3.0,11.478668982024686,45.03139813206927,36.608029286150085,5.603337400854179,0.9451621532829586,103.2829459801943,39.95779999999999,Satisfactory,2.663853333333333,9.254775370585719,39.95779999999999
0.0,12.801282051282051,77.73717948717949,23.659679917398037,52.46501149856854,3.1840578213732575,123.14483503074108,3.0,11.478668982024686,45.03139813206927,36.608029286150085,5.603337400854179,0.9451621532829586,103.2829459801943,39.95779999999999,Satisfactory,2.663853333333333,9.254775370585719,39.95779999999999
0.0,12.801282051282051,77.74615384615385,23.659679917398037,52.46501149856854,3.1840578213732575,123.14483503074108,3.0,11.478668982024686,45.03139813206927,36.608029286150085,5.603337400854179,0.9451621532829586,103.2829459801943,39.95779999999999,Satisfactory,2.663853333333333,9.254775370585719,39.95779999999999
0.0,12.801282051282051,77.7551282051282,23.659679917398037,52.46501149856854,3.1840578213732575,123.14483503074108,3.0,11.478668982024686,45.03139813206927,36.608029286150085,5.603337400854179,0.9451621532829586,103.2829459801943,39.95779999999999,Satisfactory,2.663853333333333,9.254775370585719,39.95779999999999
0.0,12.801282051282051,77.76410256410256,23.659679917398037,52.46501149856854,3.1840578213732575,123.14483503074108,3.0,11.478668982024686,45.03139813206927,36.608029286150085,5.603337400854179,0.9451621532829586,103.2829459801943,39.95779999999999,Satisfactory,2.663853333333333,9.254775370585719,39.95779999999999
0.0,12.801282051282051,77.77307692307691,23.659679917398037,52.46501149856854,3.1840578213732575,123.14483503074108,3.0,11.478668982024686,45.03139813206927,36.608029286150085,5.603337400854179,0.9451621532829586,103.2829459801943,39.95779999999999,Satisfactory,2.663853333333333,9.254775370585719,39.95779999999999
0.0,12.801282051282051,77.78205128205128,23.659679917398037,52.46501149856854,3.1840578213732575,123.14483503074108,3.0,11.478668982024686,45.03139813206927,36.608029286150085,5.603337400854179,0.9451621532829586,103.2829459801943,39.95779999999999,Satisfactory,2.663853333333333,9.254775370585719,39.95779999999999
0.0,12.801282051282051,77.79102564102564,23.659679917398037,52.46501149856854,3.1840578213732575,123.14483503074108,3.0,11.478668982024686,45.03139813206927,36.608029286150085,5.603337400854179,0.9451621532829586,103.2829459801943,39.95779999999999,Satisfactory,2.663853333333333,9.254775370585719,39.95779999999999
0.0,12.801282051282051,77.8,23.659679917398037,52.46501149856854,3.1840578213732575,123.14483503074108,3.0,11.478668982024686,45.03139813206927,36.608029286150085,5.603337400854179,0.9451621532829586,103.2829459801943,39.95779999999999,Satisfactory,2.663853333333333,9.254775370585719,39.95779999999999
0.0,12.811538461538461,77.45,23.659679917398037,52.46501149856854,3.1840578213732575,123.14483503074108,3.0,11.478668982024686,45.03139813206927,36.608029286150085,5.603337400854179,0.9451621532829586,103.2829459801943,39.29859999999999,Satisfactory,2.619906666666666,8.888380619662954,39.29859999999999
0.0,12.811538461538461,77.45897435897436,23.659679917398037,52.46501149856854,3.1840578213732575,123.14483503074108,3.0,11.478668982024686,45.03139813206927,36.608029286150085,5.603337400854179,0.9451621532829586,103.2829459801943,39.29859999999999,Satisfactory,2.619906666666666,8.888380619662954,39.29859999999999
0.0,12.811538461538461,77.46794871794872,23.659679917398037,52.46501149856854,3.1840578213732575,123.14483503074108,3.0,11.478668982024686,45.03139813206927,36.608029286150085,5.603337400854179,0.9451621532829586,103.2829459801943,39.29859999999999,Satisfactory,2.619906666666666,8.888380619662954,39.29859999999999
0.0,12.811538461538461,77.47692307692309,23.659679917398037,52.46501149856854,3.1840578213732575,123.14483503074108,3.0,11.478668982024686,45.03139813206927,36.608029286150085,5.603337400854179,0.9451621532829586,103.2829459801943,39.29859999999999,Satisfactory,2.619906666666666,8.888380619662954,39.29859999999999
0.0,12.811538461538461,77.48589743589744,23.659679917398037,52.46501149856854,3.1840578213732575,123.14483503074108,3.0,11.478668982024686,45.03139813206927,36.608029286150085,5.603337400854179,0.9451621532829586,103.2829459801943,39.29859999999999,Satisfactory,2.619906666666666,8.888380619662954,39.29859999999999
0.0,12.811538461538461,77.4948717948718,23.659679917398037,52.46501149856854,3.1840578213732575,123.14483503074108,3.0,11.478668982024686,45.03139813206927,36.608029286150085,5.603337400854179,0.9451621532829586,103.2829459801943,39.29859999999999,Satisfactory,2.619906666666666,8.888380619662954,39.29859999999999
0.0,12.811538461538461,77.50384615384615,23.659679917398037,52.46501149856854,3.1840578213732575,123.14483503074108,3.0,11.478668982024686,45.03139813206927,36.608029286150085,5.603337400854179,0.9451621532829586,103.2829459801943,39.29859999999999,Satisfactory,2.619906666666666,8.888380619662954,39.29859999999999
0.0,12.811538461538461,77.51282051282051,23.659679917398037,52.46501149856854,3.1840578213732575,123.14483503074108,3.0,11.478668982024686,45.03139813206927,36.608029286150085,5.603337400854179,0.9451621532829586,103.2829459801943,39.29859999999999,Satisfactory,2.619906666666666,8.888380619662954,39.29859999999999
0.0,12.811538461538461,77.52179487179487,23.659679917398037,52.46501149856854,3.1840578213732575,123.14483503074108,3.0,11.478668982024686,45.03139813206927,36.608029286150085,5.603337400854179,0.9451621532829586,103.2829459801943,39.29859999999999,Satisfactory,2.619906666666666,8.888380619662954,39.29859999999999
0.0,12.811538461538461,77.53076923076924,23.659679917398037,52.46501149856854,3.1840578213732575,123.14483503074108,3.0,11.478668982024686,45.03139813206927,36.608029286150085,5.603337400854179,0.9451621532829586,103.2829459801943,39.29859999999999,Satisfactory,2.619906666666666,8.888380619662954,39.29859999999999
0.0,12.811538461538461,77.5397435897436,23.659679917398037,52.46501149856854,3.1840578213732575,123.14483503074108,3.0,11.478668982024686,45.03139813206927,36.608029286150085,5.603337400854179,0.9451621532829586,103.2829459801943,39.29859999999999,Satisfactory,2.619906666666666,8.888380619662954,39.29859999999999
0.0,12.811538461538461,77.54871794871795,23.659679917398037,52.46501149856854,3.1840578213732575,123.14483503074108,3.0,11.478668982024686,45.03139813206927,36.608029286150085,5.603337400854179,0.9451621532829586,103.2829459801943,39.29859999999999,Satisfactory,2.619906666666666,8.888380619662954,39.29859999999999
0.0,12.811538461538461,77.5576923076923,23.659679917398037,52.46501149856854,3.1840578213732575,123.14483503074108,3.0,11.478668982024686,45.03139813206927,36.608029286150085,5.603337400854179,0.9451621532829586,103.2829459801943,39.29859999999999,Satisfactory,2.619906666666666,8.888380619662954,39.29859999999999
0.0,12.811538461538461,77.56666666666666,23.659679917398037,52.46501149856854,3.1840578213732575,123.14483503074108,3.0,11.478668982024686,45.03139813206927,36.608029286150085,5.603337400854179,0.9451621532829586,103.2829459801943,39.29859999999999,Satisfactory,2.619906666666666,8.888380619662954,39.29859999999999
0.0,12.811538461538461,77.57564102564103,23.659679917398037,52.46501149856854,3.1840578213732575,123.14483503074108,3.0,11.478668982024686,45.03139813206927,36.608029286150085,5.603337400854179,0.9451621532829586,103.2829459801943,39.29859999999999,Satisfactory,2.619906666666666,8.888380619662954,39.29859999999999
0.0,12.811538461538461,77.58461538461539,23.659679917398037,52.46501149856854,3.1840578213732575,123.14483503074108,3.0,11.478668982024686,45.03139813206927,36.608029286150085,5.603337400854179,0.9451621532829586,103.2829459801943,39.46569999999999,Satisfactory,2.631046666666666,8.938275141770921,39.46569999999999
0.0,12.811538461538461,77.59358974358975,23.659679917398037,52.46501149856854,3.1840578213732575,123.14483503074108,3.0,11.478668982024686,45.03139813206927,36.608029286150085,5.603337400854179,0.9451621532829586,103.2829459801943,40.05939999999999,Satisfactory,2.670626666666666,9.301156467880752,40.05939999999999
0.0,12.811538461538461,77.6025641025641,23.659679917398037,52.46501149856854,3.1840578213732575,123.14483503074108,3.0,11.478668982024686,45.03139813206927,36.608029286150085,5.603337400854179,0.9451621532829586,103.2829459801943,40.05939999999999,Satisfactory,2.670626666666666,9.301156467880752,40.05939999999999
0.0,12.811538461538461,77.61153846153846,23.659679917398037,52.46501149856854,3.1840578213732575,123.14483503074108,3.0,11.478668982024686,45.03139813206927,36.608029286150085,5.603337400854179,0.9451621532829586,103.2829459801943,40.05939999999999,Satisfactory,2.670626666666666,9.301156467880752,40.05939999999999
0.0,12.811538461538461,77.62051282051281,23.659679917398037,52.46501149856854,3.1840578213732575,123.14483503074108,3.0,11.478668982024686,45.03139813206927,36.608029286150085,5.603337400854179,0.9451621532829586,103.2829459801943,40.05939999999999,Satisfactory,2.670626666666666,9.301156467880752,40.05939999999999
0.0,12.811538461538461,77.62948717948719,23.659679917398037,52.46501149856854,3.1840578213732575,123.14483503074108,3.0,11.478668982024686,45.03139813206927,36.608029286150085,5.603337400854179,0.9451621532829586,103.2829459801943,40.05939999999999,Satisfactory,2.670626666666666,9.301156467880752,40.05939999999999
0.0,12.811538461538461,77.63846153846154,23.659679917398037,52.46501149856854,3.1840578213732575,123.14483503074108,3.0,11.478668982024686,45.03139813206927,36.608029286150085,5.603337400854179,0.9451621532829586,103.2829459801943,39.95779999999999,Satisfactory,2.663853333333333,9.254775370585719,39.95779999999999
0.0,12.811538461538461,77.6474358974359,23.659679917398037,52.46501149856854,3.1840578213732575,123.14483503074108,3.0,11.478668982024686,45.03139813206927,36.608029286150085,5.603337400854179,0.9451621532829586,103.2829459801943,39.95779999999999,Satisfactory,2.663853333333333,9.254775370585719,39.95779999999999
0.0,12.811538461538461,77.65641025641025,23.659679917398037,52.46501149856854,3.1840578213732575,123.14483503074108,3.0,11.478668982024686,45.03139813206927,36.608029286150085,5.603337400854179,0.9451621532829586,103.2829459801943,39.95779999999999,Satisfactory,2.663853333333333,9.254775370585719,39.95779999999999
0.0,12.811538461538461,77.66538461538461,23.659679917398037,52.46501149856854,3.1840578213732575,123.14483503074108,3.0,11.478668982024686,45.03139813206927,36.608029286150085,5.603337400854179,0.9451621532829586,103.2829459801943,39.95779999999999,Satisfactory,2.663853333333333,9.254775370585719,39.95779999999999
0.0,12.811538461538461,77.67435897435897,23.659679917398037,52.46501149856854,3.1840578213732575,123.14483503074108,3.0,11.478668982024686,45.03139813206927,36.608029286150085,5.603337400854179,0.9451621532829586,103.2829459801943,39.95779999999999,Satisfactory,2.663853333333333,9.254775370585719,39.95779999999999
0.0,12.811538461538461,77.68333333333334,23.659679917398037,52.46501149856854,3.1840578213732575,123.14483503074108,3.0,11.478668982024686,45.03139813206927,36.608029286150085,5.603337400854179,0.9451621532829586,103.2829459801943,39.95779999999999,Satisfactory,2.663853333333333,9.254775370585719,39.95779999999999
0.0,12.811538461538461,77.6923076923077,23.659679917398037,52.46501149856854,3.1840578213732575,123.14483503074108,3.0,11.478668982024686,45.03139813206927,36.608029286150085,5.603337400854179,0.9451621532829586,103.2829459801943,39.95779999999999,Satisfactory,2.663853333333333,9.254775370585719,39.95779999999999
0.0,12.811538461538461,77.70128205128205,23.659679917398037,52.46501149856854,3.1840578213732575,123.14483503074108,3.0,11.478668982024686,45.03139813206927,36.608029286150085,5.603337400854179,0.9451621532829586,103.2829459801943,39.95779999999999,Satisfactory,2.663853333333333,9.254775370585719,39.95779999999999
0.0,12.811538461538461,77.7102564102564,23.659679917398037,52.46501149856854,3.1840578213732575,123.14483503074108,3.0,11.478668982024686,45.03139813206927,36.608029286150085,5.603337400854179,0.9451621532829586,103.2829459801943,39.95779999999999,Satisfactory,2.663853333333333,9.254775370585719,39.95779999999999
0.0,12.811538461538461,77.71923076923076,23.659679917398037,52.46501149856854,3.1840578213732575,123.14483503074108,3.0,11.478668982024686,45.03139813206927,36.608029286150085,5.603337400854179,0.9451621532829586,103.2829459801943,39.95779999999999,Satisfactory,2.663853333333333,9.254775370585719,39.95779999999999
0.0,12.811538461538461,77.72820512820513,23.659679917398037,52.46501149856854,3.1840578213732575,123.14483503074108,3.0,11.478668982024686,45.03139813206927,36.608029286150085,5.603337400854179,0.9451621532829586,103.2829459801943,39.95779999999999,Satisfactory,2.663853333333333,9.254775370585719,39.95779999999999
0.0,12.811538461538461,77.73717948717949,23.659679917398037,52.46501149856854,3.1840578213732575,123.14483503074108,3.0,11.478668982024686,45.03139813206927,36.608029286150085,5.603337400854179,0.9451621532829586,103.2829459801943,39.95779999999999,Satisfactory,2.663853333333333,9.254775370585719,39.95779999999999
0.0,12.811538461538461,77.74615384615385,23.659679917398037,52.46501149856854,3.1840578213732575,123.14483503074108,3.0,11.478668982024686,45.03139813206927,36.608029286150085,5.603337400854179,0.9451621532829586,103.2829459801943,39.95779999999999,Satisfactory,2.663853333333333,9.254775370585719,39.95779999999999
0.0,12.811538461538461,77.7551282051282,23.659679917398037,52.46501149856854,3.1840578213732575,123.14483503074108,3.0,11.478668982024686,45.03139813206927,36.608029286150085,5.603337400854179,0.9451621532829586,103.2829459801943,39.95779999999999,Satisfactory,2.663853333333333,9.254775370585719,39.95779999999999
0.0,12.811538461538461,77.76410256410256,23.659679917398037,52.46501149856854,3.1840578213732575,123.14483503074108,3.0,11.478668982024686,45.03139813206927,36.608029286150085,5.603337400854179,0.9451621532829586,103.2829459801943,39.95779999999999,Satisfactory,2.663853333333333,9.254775370585719,39.95779999999999
0.0,12.811538461538461,77.77307692307691,23.659679917398037,52.46501149856854,3.1840578213732575,123.14483503074108,3.0,11.478668982024686,45.03139813206927,36.608029286150085,5.603337400854179,0.9451621532829586,103.2829459801943,39.95779999999999,Satisfactory,2.663853333333333,9.254775370585719,39.95779999999999
0.0,12.811538461538461,77.78205128205128,23.659679917398037,52.46501149856854,3.1840578213732575,123.14483503074108,3.0,11.478668982024686,45.03139813206927,36.608029286150085,5.603337400854179,0.9451621532829586,103.2829459801943,39.95779999999999,Satisfactory,2.663853333333333,9.254775370585719,39.95779999999999
0.0,12.811538461538461,77.79102564102564,23.659679917398037,52.46501149856854,3.1840578213732575,123.14483503074108,3.0,11.478668982024686,45.03139813206927,36.608029286150085,5.603337400854179,0.9451621532829586,103.2829459801943,39.95779999999999,Satisfactory,2.663853333333333,9.254775370585719,39.95779999999999
0.0,12.811538461538461,77.8,23.659679917398037,52.46501149856854,3.1840578213732575,123.14483503074108,3.0,11.478668982024686,45.03139813206927,36.608029286150085,5.603337400854179,0.9451621532829586,103.2829459801943,39.95779999999999,Satisfactory,2.663853333333333,9.254775370585719,39.95779999999999
0.0,12.821794871794872,77.45,23.659679917398037,52.46501149856854,3.1840578213732575,123.14483503074108,3.0,11.478668982024686,45.03139813206927,36.608029286150085,5.603337400854179,0.9451621532829586,103.2829459801943,39.360699999999994,Satisfactory,2.624046666666666,8.805524771982643,39.360699999999994
0.0,12.821794871794872,77.45897435897436,23.659679917398037,52.46501149856854,3.1840578213732575,123.14483503074108,3.0,11.478668982024686,45.03139813206927,36.608029286150085,5.603337400854179,0.9451621532829586,103.2829459801943,39.360699999999994,Satisfactory,2.624046666666666,8.805524771982643,39.360699999999994
0.0,12.821794871794872,77.46794871794872,23.659679917398037,52.46501149856854,3.1840578213732575,123.14483503074108,3.0,11.478668982024686,45.03139813206927,36.608029286150085,5.603337400854179,0.9451621532829586,103.2829459801943,39.360699999999994,Satisfactory,2.624046666666666,8.805524771982643,39.360699999999994
0.0,12.821794871794872,77.47692307692309,23.659679917398037,52.46501149856854,3.1840578213732575,123.14483503074108,3.0,11.478668982024686,45.03139813206927,36.608029286150085,5.603337400854179,0.9451621532829586,103.2829459801943,39.360699999999994,Satisfactory,2.624046666666666,8.805524771982643,39.360699999999994
0.0,12.821794871794872,77.48589743589744,23.659679917398037,52.46501149856854,3.1840578213732575,123.14483503074108,3.0,11.478668982024686,45.03139813206927,36.608029286150085,5.603337400854179,0.9451621532829586,103.2829459801943,39.360699999999994,Satisfactory,2.624046666666666,8.805524771982643,39.360699999999994
0.0,12.821794871794872,77.4948717948718,23.659679917398037,52.46501149856854,3.1840578213732575,123.14483503074108,3.0,11.478668982024686,45.03139813206927,36.608029286150085,5.603337400854179,0.9451621532829586,103.2829459801943,39.360699999999994,Satisfactory,2.624046666666666,8.805524771982643,39.360699999999994
0.0,12.821794871794872,77.50384615384615,23.659679917398037,52.46501149856854,3.1840578213732575,123.14483503074108,3.0,11.478668982024686,45.03139813206927,36.608029286150085,5.603337400854179,0.9451621532829586,103.2829459801943,39.360699999999994,Satisfactory,2.624046666666666,8.805524771982643,39.360699999999994
0.0,12.821794871794872,77.51282051282051,23.659679917398037,52.46501149856854,3.1840578213732575,123.14483503074108,3.0,11.478668982024686,45.03139813206927,36.608029286150085,5.603337400854179,0.9451621532829586,103.2829459801943,39.360699999999994,Satisfactory,2.624046666666666,8.805524771982643,39.360699999999994
0.0,12.821794871794872,77.52179487179487,23.659679917398037,52.46501149856854,3.1840578213732575,123.14483503074108,3.0,11.478668982024686,45.03139813206927,36.608029286150085,5.603337400854179,0.9451621532829586,103.2829459801943,39.360699999999994,Satisfactory,2.624046666666666,8.805524771982643,39.360699999999994
0.0,12.821794871794872,77.53076923076924,23.659679917398037,52.46501149856854,3.1840578213732575,123.14483503074108,3.0,11.478668982024686,45.03139813206927,36.608029286150085,5.603337400854179,0.9451621532829586,103.2829459801943,39.360699999999994,Satisfactory,2.624046666666666,8.805524771982643,39.360699999999994
0.0,12.821794871794872,77.5397435897436,23.659679917398037,52.46501149856854,3.1840578213732575,123.14483503074108,3.0,11.478668982024686,45.03139813206927,36.608029286150085,5.603337400854179,0.9451621532829586,103.2829459801943,39.360699999999994,Satisfactory,2.624046666666666,8.805524771982643,39.360699999999994
0.0,12.821794871794872,77.54871794871795,23.659679917398037,52.46501149856854,3.1840578213732575,123.14483503074108,3.0,11.478668982024686,45.03139813206927,36.608029286150085,5.603337400854179,0.9451621532829586,103.2829459801943,39.360699999999994,Satisfactory,2.624046666666666,8.805524771982643,39.360699999999994
0.0,12.821794871794872,77.5576923076923,23.659679917398037,52.46501149856854,3.1840578213732575,123.14483503074108,3.0,11.478668982024686,45.03139813206927,36.608029286150085,5.603337400854179,0.9451621532829586,103.2829459801943,39.360699999999994,Satisfactory,2.624046666666666,8.805524771982643,39.360699999999994
0.0,12.821794871794872,77.56666666666666,23.659679917398037,52.46501149856854,3.1840578213732575,123.14483503074108,3.0,11.478668982024686,45.03139813206927,36.608029286150085,5.603337400854179,0.9451621532829586,103.2829459801943,39.360699999999994,Satisfactory,2.624046666666666,8.805524771982643,39.360699999999994
0.0,12.821794871794872,77.57564102564103,23.659679917398037,52.46501149856854,3.1840578213732575,123.14483503074108,3.0,11.478668982024686,45.03139813206927,36.608029286150085,5.603337400854179,0.9451621532829586,103.2829459801943,39.360699999999994,Satisfactory,2.624046666666666,8.805524771982643,39.360699999999994
0.0,12.821794871794872,77.58461538461539,23.659679917398037,52.46501149856854,3.1840578213732575,123.14483503074108,3.0,11.478668982024686,45.03139813206927,36.608029286150085,5.603337400854179,0.9451621532829586,103.2829459801943,39.5278,Satisfactory,2.635186666666667,8.854714290139464,39.52779999999999
0.0,12.821794871794872,77.59358974358975,23.659679917398037,52.46501149856854,3.1840578213732575,123.14483503074108,3.0,11.478668982024686,45.03139813206927,36.608029286150085,5.603337400854179,0.9451621532829586,103.2829459801943,40.12149999999999,Satisfactory,2.674766666666666,9.216885414824247,40.12149999999999
0.0,12.821794871794872,77.6025641025641,23.659679917398037,52.46501149856854,3.1840578213732575,123.14483503074108,3.0,11.478668982024686,45.03139813206927,36.608029286150085,5.603337400854179,0.9451621532829586,103.2829459801943,40.12149999999999,Satisfactory,2.674766666666666,9.216885414824247,40.12149999999999
0.0,12.821794871794872,77.61153846153846,23.659679917398037,52.46501149856854,3.1840578213732575,123.14483503074108,3.0,11.478668982024686,45.03139813206927,36.608029286150085,5.603337400854179,0.9451621532829586,103.2829459801943,40.12149999999999,Satisfactory,2.674766666666666,9.216885414824247,40.12149999999999
0.0,12.821794871794872,77.62051282051281,23.659679917398037,52.46501149856854,3.1840578213732575,123.14483503074108,3.0,11.478668982024686,45.03139813206927,36.608029286150085,5.603337400854179,0.9451621532829586,103.2829459801943,40.12149999999999,Satisfactory,2.674766666666666,9.216885414824247,40.12149999999999
0.0,12.821794871794872,77.62948717948719,23.659679917398037,52.46501149856854,3.1840578213732575,123.14483503074108,3.0,11.478668982024686,45.03139813206927,36.608029286150085,5.603337400854179,0.9451621532829586,103.2829459801943,40.12149999999999,Satisfactory,2.674766666666666,9.216885414824247,40.12149999999999
0.0,12.821794871794872,77.63846153846154,23.659679917398037,52.46501149856854,3.1840578213732575,123.14483503074108,3.0,11.478668982024686,45.03139813206927,36.608029286150085,5.603337400854179,0.9451621532829586,103.2829459801943,40.018299999999996,Satisfactory,2.6678866666666665,9.17220693780946,40.01829999999999
0.0,12.821794871794872,77.6474358974359,23.659679917398037,52.46501149856854,3.1840578213732575,123.14483503074108,3.0,11.478668982024686,45.03139813206927,36.608029286150085,5.603337400854179,0.9451621532829586,103.2829459801943,40.018299999999996,Satisfactory,2.6678866666666665,9.17220693780946,40.01829999999999
0.0,12.821794871794872,77.65641025641025,23.659679917398037,52.46501149856854,3.1840578213732575,123.14483503074108,3.0,11.478668982024686,45.03139813206927,36.608029286150085,5.603337400854179,0.9451621532829586,103.2829459801943,40.018299999999996,Satisfactory,2.6678866666666665,9.17220693780946,40.01829999999999
0.0,12.821794871794872,77.66538461538461,23.659679917398037,52.46501149856854,3.1840578213732575,123.14483503074108,3.0,11.478668982024686,45.03139813206927,36.608029286150085,5.603337400854179,0.9451621532829586,103.2829459801943,40.018299999999996,Satisfactory,2.6678866666666665,9.17220693780946,40.01829999999999
0.0,12.821794871794872,77.67435897435897,23.659679917398037,52.46501149856854,3.1840578213732575,123.14483503074108,3.0,11.478668982024686,45.03139813206927,36.608029286150085,5.603337400854179,0.9451621532829586,103.2829459801943,40.018299999999996,Satisfactory,2.6678866666666665,9.17220693780946,40.01829999999999
0.0,12.821794871794872,77.68333333333334,23.659679917398037,52.46501149856854,3.1840578213732575,123.14483503074108,3.0,11.478668982024686,45.03139813206927,36.608029286150085,5.603337400854179,0.9451621532829586,103.2829459801943,40.018299999999996,Satisfactory,2.6678866666666665,9.17220693780946,40.01829999999999
0.0,12.821794871794872,77.6923076923077,23.659679917398037,52.46501149856854,3.1840578213732575,123.14483503074108,3.0,11.478668982024686,45.03139813206927,36.608029286150085,5.603337400854179,0.9451621532829586,103.2829459801943,40.018299999999996,Satisfactory,2.6678866666666665,9.17220693780946,40.01829999999999
0.0,12.821794871794872,77.70128205128205,23.659679917398037,52.46501149856854,3.1840578213732575,123.14483503074108,3.0,11.478668982024686,45.03139813206927,36.608029286150085,5.603337400854179,0.9451621532829586,103.2829459801943,40.018299999999996,Satisfactory,2.6678866666666665,9.17220693780946,40.01829999999999
0.0,12.821794871794872,77.7102564102564,23.659679917398037,52.46501149856854,3.1840578213732575,123.14483503074108,3.0,11.478668982024686,45.03139813206927,36.608029286150085,5.603337400854179,0.9451621532829586,103.2829459801943,40.018299999999996,Satisfactory,2.6678866666666665,9.17220693780946,40.01829999999999
0.0,12.821794871794872,77.71923076923076,23.659679917398037,52.46501149856854,3.1840578213732575,123.14483503074108,3.0,11.478668982024686,45.03139813206927,36.608029286150085,5.603337400854179,0.9451621532829586,103.2829459801943,40.018299999999996,Satisfactory,2.6678866666666665,9.17220693780946,40.01829999999999
0.0,12.821794871794872,77.72820512820513,23.659679917398037,52.46501149856854,3.1840578213732575,123.14483503074108,3.0,11.478668982024686,45.03139813206927,36.608029286150085,5.603337400854179,0.9451621532829586,103.2829459801943,40.018299999999996,Satisfactory,2.6678866666666665,9.17220693780946,40.01829999999999
0.0,12.821794871794872,77.73717948717949,23.659679917398037,52.46501149856854,3.1840578213732575,123.14483503074108,3.0,11.478668982024686,45.03139813206927,36.608029286150085,5.603337400854179,0.9451621532829586,103.2829459801943,40.018299999999996,Satisfactory,2.6678866666666665,9.17220693780946,40.01829999999999
0.0,12.821794871794872,77.74615384615385,23.659679917398037,52.46501149856854,3.1840578213732575,123.14483503074108,3.0,11.478668982024686,45.03139813206927,36.608029286150085,5.603337400854179,0.9451621532829586,103.2829459801943,40.018299999999996,Satisfactory,2.6678866666666665,9.17220693780946,40.01829999999999
0.0,12.821794871794872,77.7551282051282,23.659679917398037,52.46501149856854,3.1840578213732575,123.14483503074108,3.0,11.478668982024686,45.03139813206927,36.608029286150085,5.603337400854179,0.9451621532829586,103.2829459801943,40.018299999999996,Satisfactory,2.6678866666666665,9.17220693780946,40.01829999999999
0.0,12.821794871794872,77.76410256410256,23.659679917398037,52.46501149856854,3.1840578213732575,123.14483503074108,3.0,11.478668982024686,45.03139813206927,36.608029286150085,5.603337400854179,0.9451621532829586,103.2829459801943,40.018299999999996,Satisfactory,2.6678866666666665,9.17220693780946,40.01829999999999
0.0,12.821794871794872,77.77307692307691,23.659679917398037,52.46501149856854,3.1840578213732575,123.14483503074108,3.0,11.478668982024686,45.03139813206927,36.608029286150085,5.603337400854179,0.9451621532829586,103.2829459801943,40.018299999999996,Satisfactory,2.6678866666666665,9.17220693780946,40.01829999999999
0.0,12.821794871794872,77.78205128205128,23.659679917398037,52.46501149856854,3.1840578213732575,123.14483503074108,3.0,11.478668982024686,45.03139813206927,36.608029286150085,5.603337400854179,0.9451621532829586,103.2829459801943,40.018299999999996,Satisfactory,2.6678866666666665,9.17220693780946,40.01829999999999
0.0,12.821794871794872,77.79102564102564,23.659679917398037,52.46501149856854,3.1840578213732575,123.14483503074108,3.0,11.478668982024686,45.03139813206927,36.608029286150085,5.603337400854179,0.9451621532829586,103.2829459801943,40.018299999999996,Satisfactory,2.6678866666666665,9.17220693780946,40.01829999999999
0.0,12.821794871794872,77.8,23.659679917398037,52.46501149856854,3.1840578213732575,123.14483503074108,3.0,11.478668982024686,45.03139813206927,36.608029286150085,5.603337400854179,0.9451621532829586,103.2829459801943,40.018299999999996,Satisfactory,2.6678866666666665,9.17220693780946,40.01829999999999
0.0,12.832051282051282,77.45,23.659679917398037,52.46501149856854,3.1840578213732575,123.14483503074108,3.0,11.478668982024686,45.03139813206927,36.608029286150085,5.603337400854179,0.9451621532829586,103.2829459801943,39.360699999999994,Satisfactory,2.624046666666666,8.805524771982643,39.360699999999994
0.0,12.832051282051282,77.45897435897436,23.659679917398037,52.46501149856854,3.1840578213732575,123.14483503074108,3.0,11.478668982024686,45.03139813206927,36.608029286150085,5.603337400854179,0.9451621532829586,103.2829459801943,39.360699999999994,Satisfactory,2.624046666666666,8.805524771982643,39.360699999999994
0.0,12.832051282051282,77.46794871794872,23.659679917398037,52.46501149856854,3.1840578213732575,123.14483503074108,3.0,11.478668982024686,45.03139813206927,36.608029286150085,5.603337400854179,0.9451621532829586,103.2829459801943,39.360699999999994,Satisfactory,2.624046666666666,8.805524771982643,39.360699999999994
0.0,12.832051282051282,77.47692307692309,23.659679917398037,52.46501149856854,3.1840578213732575,123.14483503074108,3.0,11.478668982024686,45.03139813206927,36.608029286150085,5.603337400854179,0.9451621532829586,103.2829459801943,39.360699999999994,Satisfactory,2.624046666666666,8.805524771982643,39.360699999999994
0.0,12.832051282051282,77.48589743589744,23.659679917398037,52.46501149856854,3.1840578213732575,123.14483503074108,3.0,11.478668982024686,45.03139813206927,36.608029286150085,5.603337400854179,0.9451621532829586,103.2829459801943,39.360699999999994,Satisfactory,2.624046666666666,8.805524771982643,39.360699999999994
0.0,12.832051282051282,77.4948717948718,23.659679917398037,52.46501149856854,3.1840578213732575,123.14483503074108,3.0,11.478668982024686,45.03139813206927,36.608029286150085,5.603337400854179,0.9451621532829586,103.2829459801943,39.360699999999994,Satisfactory,2.624046666666666,8.805524771982643,39.360699999999994
0.0,12.832051282051282,77.50384615384615,23.659679917398037,52.46501149856854,3.1840578213732575,123.14483503074108,3.0,11.478668982024686,45.03139813206927,36.608029286150085,5.603337400854179,0.9451621532829586,103.2829459801943,39.360699999999994,Satisfactory,2.624046666666666,8.805524771982643,39.360699999999994
0.0,12.832051282051282,77.51282051282051,23.659679917398037,52.46501149856854,3.1840578213732575,123.14483503074108,3.0,11.478668982024686,45.03139813206927,36.608029286150085,5.603337400854179,0.9451621532829586,103.2829459801943,39.360699999999994,Satisfactory,2.624046666666666,8.805524771982643,39.360699999999994
0.0,12.832051282051282,77.52179487179487,23.659679917398037,52.46501149856854,3.1840578213732575,123.14483503074108,3.0,11.478668982024686,45.03139813206927,36.608029286150085,5.603337400854179,0.9451621532829586,103.2829459801943,39.360699999999994,Satisfactory,2.624046666666666,8.805524771982643,39.360699999999994
0.0,12.832051282051282,77.53076923076924,23.659679917398037,52.46501149856854,3.1840578213732575,123.14483503074108,3.0,11.478668982024686,45.03139813206927,36.608029286150085,5.603337400854179,0.9451621532829586,103.2829459801943,39.360699999999994,Satisfactory,2.624046666666666,8.805524771982643,39.360699999999994
0.0,12.832051282051282,77.5397435897436,23.659679917398037,52.46501149856854,3.1840578213732575,123.14483503074108,3.0,11.478668982024686,45.03139813206927,36.608029286150085,5.603337400854179,0.9451621532829586,103.2829459801943,39.360699999999994,Satisfactory,2.624046666666666,8.805524771982643,39.360699999999994
0.0,12.832051282051282,77.54871794871795,23.659679917398037,52.46501149856854,3.1840578213732575,123.14483503074108,3.0,11.478668982024686,45.03139813206927,36.608029286150085,5.603337400854179,0.9451621532829586,103.2829459801943,39.360699999999994,Satisfactory,2.624046666666666,8.805524771982643,39.360699999999994
0.0,12.832051282051282,77.5576923076923,23.659679917398037,52.46501149856854,3.1840578213732575,123.14483503074108,3.0,11.478668982024686,45.03139813206927,36.608029286150085,5.603337400854179,0.9451621532829586,103.2829459801943,39.360699999999994,Satisfactory,2.624046666666666,8.805524771982643,39.360699999999994
0.0,12.832051282051282,77.56666666666666,23.659679917398037,52.46501149856854,3.1840578213732575,123.14483503074108,3.0,11.478668982024686,45.03139813206927,36.608029286150085,5.603337400854179,0.9451621532829586,103.2829459801943,39.360699999999994,Satisfactory,2.624046666666666,8.805524771982643,39.360699999999994
0.0,12.832051282051282,77.57564102564103,23.659679917398037,52.46501149856854,3.1840578213732575,123.14483503074108,3.0,11.478668982024686,45.03139813206927,36.608029286150085,5.603337400854179,0.9451621532829586,103.2829459801943,39.360699999999994,Satisfactory,2.624046666666666,8.805524771982643,39.360699999999994
0.0,12.832051282051282,77.58461538461539,23.659679917398037,52.46501149856854,3.1840578213732575,123.14483503074108,3.0,11.478668982024686,45.03139813206927,36.608029286150085,5.603337400854179,0.9451621532829586,103.2829459801943,39.5278,Satisfactory,2.635186666666667,8.854714290139464,39.52779999999999
0.0,12.832051282051282,77.59358974358975,23.659679917398037,52.46501149856854,3.1840578213732575,123.14483503074108,3.0,11.478668982024686,45.03139813206927,36.608029286150085,5.603337400854179,0.9451621532829586,103.2829459801943,40.12149999999999,Satisfactory,2.674766666666666,9.216885414824247,40.12149999999999
0.0,12.832051282051282,77.6025641025641,23.659679917398037,52.46501149856854,3.1840578213732575,123.14483503074108,3.0,11.478668982024686,45.03139813206927,36.608029286150085,5.603337400854179,0.9451621532829586,103.2829459801943,40.12149999999999,Satisfactory,2.674766666666666,9.216885414824247,40.12149999999999
0.0,12.832051282051282,77.61153846153846,23.659679917398037,52.46501149856854,3.1840578213732575,123.14483503074108,3.0,11.478668982024686,45.03139813206927,36.608029286150085,5.603337400854179,0.9451621532829586,103.2829459801943,40.12149999999999,Satisfactory,2.674766666666666,9.216885414824247,40.12149999999999
0.0,12.832051282051282,77.62051282051281,23.659679917398037,52.46501149856854,3.1840578213732575,123.14483503074108,3.0,11.478668982024686,45.03139813206927,36.608029286150085,5.603337400854179,0.9451621532829586,103.2829459801943,40.12149999999999,Satisfactory,2.674766666666666,9.216885414824247,40.12149999999999
0.0,12.832051282051282,77.62948717948719,23.659679917398037,52.46501149856854,3.1840578213732575,123.14483503074108,3.0,11.478668982024686,45.03139813206927,36.608029286150085,5.603337400854179,0.9451621532829586,103.2829459801943,40.12149999999999,Satisfactory,2.674766666666666,9.216885414824247,40.12149999999999
0.0,12.832051282051282,77.63846153846154,23.659679917398037,52.46501149856854,3.1840578213732575,123.14483503074108,3.0,11.478668982024686,45.03139813206927,36.608029286150085,5.603337400854179,0.9451621532829586,103.2829459801943,40.018299999999996,Satisfactory,2.6678866666666665,9.17220693780946,40.01829999999999
0.0,12.832051282051282,77.6474358974359,23.659679917398037,52.46501149856854,3.1840578213732575,123.14483503074108,3.0,11.478668982024686,45.03139813206927,36.608029286150085,5.603337400854179,0.9451621532829586,103.2829459801943,40.018299999999996,Satisfactory,2.6678866666666665,9.17220693780946,40.01829999999999
0.0,12.832051282051282,77.65641025641025,23.659679917398037,52.46501149856854,3.1840578213732575,123.14483503074108,3.0,11.478668982024686,45.03139813206927,36.608029286150085,5.603337400854179,0.9451621532829586,103.2829459801943,40.018299999999996,Satisfactory,2.6678866666666665,9.17220693780946,40.01829999999999
0.0,12.832051282051282,77.66538461538461,23.659679917398037,52.46501149856854,3.1840578213732575,123.14483503074108,3.0,11.478668982024686,45.03139813206927,36.608029286150085,5.603337400854179,0.9451621532829586,103.2829459801943,40.018299999999996,Satisfactory,2.6678866666666665,9.17220693780946,40.01829999999999
0.0,12.832051282051282,77.67435897435897,23.659679917398037,52.46501149856854,3.1840578213732575,123.14483503074108,3.0,11.478668982024686,45.03139813206927,36.608029286150085,5.603337400854179,0.9451621532829586,103.2829459801943,40.018299999999996,Satisfactory,2.6678866666666665,9.17220693780946,40.01829999999999
0.0,12.832051282051282,77.68333333333334,23.659679917398037,52.46501149856854,3.1840578213732575,123.14483503074108,3.0,11.478668982024686,45.03139813206927,36.608029286150085,5.603337400854179,0.9451621532829586,103.2829459801943,40.018299999999996,Satisfactory,2.6678866666666665,9.17220693780946,40.01829999999999
0.0,12.832051282051282,77.6923076923077,23.659679917398037,52.46501149856854,3.1840578213732575,123.14483503074108,3.0,11.478668982024686,45.03139813206927,36.608029286150085,5.603337400854179,0.9451621532829586,103.2829459801943,40.018299999999996,Satisfactory,2.6678866666666665,9.17220693780946,40.01829999999999
0.0,12.832051282051282,77.70128205128205,23.659679917398037,52.46501149856854,3.1840578213732575,123.14483503074108,3.0,11.478668982024686,45.03139813206927,36.608029286150085,5.603337400854179,0.9451621532829586,103.2829459801943,40.018299999999996,Satisfactory,2.6678866666666665,9.17220693780946,40.01829999999999
0.0,12.832051282051282,77.7102564102564,23.659679917398037,52.46501149856854,3.1840578213732575,123.14483503074108,3.0,11.478668982024686,45.03139813206927,36.608029286150085,5.603337400854179,0.9451621532829586,103.2829459801943,40.018299999999996,Satisfactory,2.6678866666666665,9.17220693780946,40.01829999999999
0.0,12.832051282051282,77.71923076923076,23.659679917398037,52.46501149856854,3.1840578213732575,123.14483503074108,3.0,11.478668982024686,45.03139813206927,36.608029286150085,5.603337400854179,0.9451621532829586,103.2829459801943,40.018299999999996,Satisfactory,2.6678866666666665,9.17220693780946,40.01829999999999
0.0,12.832051282051282,77.72820512820513,23.659679917398037,52.46501149856854,3.1840578213732575,123.14483503074108,3.0,11.478668982024686,45.03139813206927,36.608029286150085,5.603337400854179,0.9451621532829586,103.2829459801943,40.018299999999996,Satisfactory,2.6678866666666665,9.17220693780946,40.01829999999999
0.0,12.832051282051282,77.73717948717949,23.659679917398037,52.46501149856854,3.1840578213732575,123.14483503074108,3.0,11.478668982024686,45.03139813206927,36.608029286150085,5.603337400854179,0.9451621532829586,103.2829459801943,40.018299999999996,Satisfactory,2.6678866666666665,9.17220693780946,40.01829999999999
0.0,12.832051282051282,77.74615384615385,23.659679917398037,52.46501149856854,3.1840578213732575,123.14483503074108,3.0,11.478668982024686,45.03139813206927,36.608029286150085,5.603337400854179,0.9451621532829586,103.2829459801943,40.018299999999996,Satisfactory,2.6678866666666665,9.17220693780946,40.01829999999999
0.0,12.832051282051282,77.7551282051282,23.659679917398037,52.46501149856854,3.1840578213732575,123.14483503074108,3.0,11.478668982024686,45.03139813206927,36.608029286150085,5.603337400854179,0.9451621532829586,103.2829459801943,40.018299999999996,Satisfactory,2.6678866666666665,9.17220693780946,40.01829999999999
0.0,12.832051282051282,77.76410256410256,23.659679917398037,52.46501149856854,3.1840578213732575,123.14483503074108,3.0,11.478668982024686,45.03139813206927,36.608029286150085,5.603337400854179,0.9451621532829586,103.2829459801943,40.018299999999996,Satisfactory,2.6678866666666665,9.17220693780946,40.01829999999999
0.0,12.832051282051282,77.77307692307691,23.659679917398037,52.46501149856854,3.1840578213732575,123.14483503074108,3.0,11.478668982024686,45.03139813206927,36.608029286150085,5.603337400854179,0.9451621532829586,103.2829459801943,40.018299999999996,Satisfactory,2.6678866666666665,9.17220693780946,40.01829999999999
0.0,12.832051282051282,77.78205128205128,23.659679917398037,52.46501149856854,3.1840578213732575,123.14483503074108,3.0,11.478668982024686,45.03139813206927,36.608029286150085,5.603337400854179,0.9451621532829586,103.2829459801943,40.018299999999996,Satisfactory,2.6678866666666665,9.17220693780946,40.01829999999999
0.0,12.832051282051282,77.79102564102564,23.659679917398037,52.46501149856854,3.1840578213732575,123.14483503074108,3.0,11.478668982024686,45.03139813206927,36.608029286150085,5.603337400854179,0.9451621532829586,103.2829459801943,40.018299999999996,Satisfactory,2.6678866666666665,9.17220693780946,40.01829999999999
0.0,12.832051282051282,77.8,23.659679917398037,52.46501149856854,3.1840578213732575,123.14483503074108,3.0,11.478668982024686,45.03139813206927,36.608029286150085,5.603337400854179,0.9451621532829586,103.2829459801943,40.018299999999996,Satisfactory,2.6678866666666665,9.17220693780946,40.01829999999999
0.0,12.842307692307692,77.45,23.659679917398037,52.46501149856854,3.1840578213732575,123.14483503074108,3.0,11.478668982024686,45.03139813206927,36.608029286150085,5.603337400854179,0.9451621532829586,103.2829459801943,39.360699999999994,Satisfactory,2.624046666666666,8.805524771982643,39.360699999999994
0.0,12.842307692307692,77.45897435897436,23.659679917398037,52.46501149856854,3.1840578213732575,123.14483503074108,3.0,11.478668982024686,45.03139813206927,36.608029286150085,5.603337400854179,0.9451621532829586,103.2829459801943,39.360699999999994,Satisfactory,2.624046666666666,8.805524771982643,39.360699999999994
0.0,12.842307692307692,77.46794871794872,23.659679917398037,52.46501149856854,3.1840578213732575,123.14483503074108,3.0,11.478668982024686,45.03139813206927,36.608029286150085,5.603337400854179,0.9451621532829586,103.2829459801943,39.360699999999994,Satisfactory,2.624046666666666,8.805524771982643,39.360699999999994
0.0,12.842307692307692,77.47692307692309,23.659679917398037,52.46501149856854,3.1840578213732575,123.14483503074108,3.0,11.478668982024686,45.03139813206927,36.608029286150085,5.603337400854179,0.9451621532829586,103.2829459801943,39.360699999999994,Satisfactory,2.624046666666666,8.805524771982643,39.360699999999994
0.0,12.842307692307692,77.48589743589744,23.659679917398037,52.46501149856854,3.1840578213732575,123.14483503074108,3.0,11.478668982024686,45.03139813206927,36.608029286150085,5.603337400854179,0.9451621532829586,103.2829459801943,39.360699999999994,Satisfactory,2.624046666666666,8.805524771982643,39.360699999999994
0.0,12.842307692307692,77.4948717948718,23.659679917398037,52.46501149856854,3.1840578213732575,123.14483503074108,3.0,11.478668982024686,45.03139813206927,36.608029286150085,5.603337400854179,0.9451621532829586,103.2829459801943,39.360699999999994,Satisfactory,2.624046666666666,8.805524771982643,39.360699999999994
0.0,12.842307692307692,77.50384615384615,23.659679917398037,52.46501149856854,3.1840578213732575,123.14483503074108,3.0,11.478668982024686,45.03139813206927,36.608029286150085,5.603337400854179,0.9451621532829586,103.2829459801943,39.360699999999994,Satisfactory,2.624046666666666,8.805524771982643,39.360699999999994
0.0,12.842307692307692,77.51282051282051,23.659679917398037,52.46501149856854,3.1840578213732575,123.14483503074108,3.0,11.478668982024686,45.03139813206927,36.608029286150085,5.603337400854179,0.9451621532829586,103.2829459801943,39.360699999999994,Satisfactory,2.624046666666666,8.805524771982643,39.360699999999994
0.0,12.842307692307692,77.52179487179487,23.659679917398037,52.46501149856854,3.1840578213732575,123.14483503074108,3.0,11.478668982024686,45.03139813206927,36.608029286150085,5.603337400854179,0.9451621532829586,103.2829459801943,39.360699999999994,Satisfactory,2.624046666666666,8.805524771982643,39.360699999999994
0.0,12.842307692307692,77.53076923076924,23.659679917398037,52.46501149856854,3.1840578213732575,123.14483503074108,3.0,11.478668982024686,45.03139813206927,36.608029286150085,5.603337400854179,0.9451621532829586,103.2829459801943,39.360699999999994,Satisfactory,2.624046666666666,8.805524771982643,39.360699999999994
0.0,12.842307692307692,77.5397435897436,23.659679917398037,52.46501149856854,3.1840578213732575,123.14483503074108,3.0,11.478668982024686,45.03139813206927,36.608029286150085,5.603337400854179,0.9451621532829586,103.2829459801943,39.360699999999994,Satisfactory,2.624046666666666,8.805524771982643,39.360699999999994
0.0,12.842307692307692,77.54871794871795,23.659679917398037,52.46501149856854,3.1840578213732575,123.14483503074108,3.0,11.478668982024686,45.03139813206927,36.608029286150085,5.603337400854179,0.9451621532829586,103.2829459801943,39.360699999999994,Satisfactory,2.624046666666666,8.805524771982643,39.360699999999994
0.0,12.842307692307692,77.5576923076923,23.659679917398037,52.46501149856854,3.1840578213732575,123.14483503074108,3.0,11.478668982024686,45.03139813206927,36.608029286150085,5.603337400854179,0.9451621532829586,103.2829459801943,39.360699999999994,Satisfactory,2.624046666666666,8.805524771982643,39.360699999999994
0.0,12.842307692307692,77.56666666666666,23.659679917398037,52.46501149856854,3.1840578213732575,123.14483503074108,3.0,11.478668982024686,45.03139813206927,36.608029286150085,5.603337400854179,0.9451621532829586,103.2829459801943,39.360699999999994,Satisfactory,2.624046666666666,8.805524771982643,39.360699999999994
0.0,12.842307692307692,77.57564102564103,23.659679917398037,52.46501149856854,3.1840578213732575,123.14483503074108,3.0,11.478668982024686,45.03139813206927,36.608029286150085,5.603337400854179,0.9451621532829586,103.2829459801943,39.360699999999994,Satisfactory,2.624046666666666,8.805524771982643,39.360699999999994
0.0,12.842307692307692,77.58461538461539,23.659679917398037,52.46501149856854,3.1840578213732575,123.14483503074108,3.0,11.478668982024686,45.03139813206927,36.608029286150085,5.603337400854179,0.9451621532829586,103.2829459801943,39.5278,Satisfactory,2.635186666666667,8.854714290139464,39.52779999999999
0.0,12.842307692307692,77.59358974358975,23.659679917398037,52.46501149856854,3.1840578213732575,123.14483503074108,3.0,11.478668982024686,45.03139813206927,36.608029286150085,5.603337400854179,0.9451621532829586,103.2829459801943,40.12149999999999,Satisfactory,2.674766666666666,9.216885414824247,40.12149999999999
0.0,12.842307692307692,77.6025641025641,23.659679917398037,52.46501149856854,3.1840578213732575,123.14483503074108,3.0,11.478668982024686,45.03139813206927,36.608029286150085,5.603337400854179,0.9451621532829586,103.2829459801943,40.12149999999999,Satisfactory,2.674766666666666,9.216885414824247,40.12149999999999
0.0,12.842307692307692,77.61153846153846,23.659679917398037,52.46501149856854,3.1840578213732575,123.14483503074108,3.0,11.478668982024686,45.03139813206927,36.608029286150085,5.603337400854179,0.9451621532829586,103.2829459801943,40.12149999999999,Satisfactory,2.674766666666666,9.216885414824247,40.12149999999999
0.0,12.842307692307692,77.62051282051281,23.659679917398037,52.46501149856854,3.1840578213732575,123.14483503074108,3.0,11.478668982024686,45.03139813206927,36.608029286150085,5.603337400854179,0.9451621532829586,103.2829459801943,40.12149999999999,Satisfactory,2.674766666666666,9.216885414824247,40.12149999999999
0.0,12.842307692307692,77.62948717948719,23.659679917398037,52.46501149856854,3.1840578213732575,123.14483503074108,3.0,11.478668982024686,45.03139813206927,36.608029286150085,5.603337400854179,0.9451621532829586,103.2829459801943,40.12149999999999,Satisfactory,2.674766666666666,9.216885414824247,40.12149999999999
0.0,12.842307692307692,77.63846153846154,23.659679917398037,52.46501149856854,3.1840578213732575,123.14483503074108,3.0,11.478668982024686,45.03139813206927,36.608029286150085,5.603337400854179,0.9451621532829586,103.2829459801943,40.018299999999996,Satisfactory,2.6678866666666665,9.17220693780946,40.01829999999999
0.0,12.842307692307692,77.6474358974359,23.659679917398037,52.46501149856854,3.1840578213732575,123.14483503074108,3.0,11.478668982024686,45.03139813206927,36.608029286150085,5.603337400854179,0.9451621532829586,103.2829459801943,40.018299999999996,Satisfactory,2.6678866666666665,9.17220693780946,40.01829999999999
0.0,12.842307692307692,77.65641025641025,23.659679917398037,52.46501149856854,3.1840578213732575,123.14483503074108,3.0,11.478668982024686,45.03139813206927,36.608029286150085,5.603337400854179,0.9451621532829586,103.2829459801943,40.018299999999996,Satisfactory,2.6678866666666665,9.17220693780946,40.01829999999999
0.0,12.842307692307692,77.66538461538461,23.659679917398037,52.46501149856854,3.1840578213732575,123.14483503074108,3.0,11.478668982024686,45.03139813206927,36.608029286150085,5.603337400854179,0.9451621532829586,103.2829459801943,40.018299999999996,Satisfactory,2.6678866666666665,9.17220693780946,40.01829999999999
0.0,12.842307692307692,77.67435897435897,23.659679917398037,52.46501149856854,3.1840578213732575,123.14483503074108,3.0,11.478668982024686,45.03139813206927,36.608029286150085,5.603337400854179,0.9451621532829586,103.2829459801943,40.018299999999996,Satisfactory,2.6678866666666665,9.17220693780946,40.01829999999999
0.0,12.842307692307692,77.68333333333334,23.659679917398037,52.46501149856854,3.1840578213732575,123.14483503074108,3.0,11.478668982024686,45.03139813206927,36.608029286150085,5.603337400854179,0.9451621532829586,103.2829459801943,40.018299999999996,Satisfactory,2.6678866666666665,9.17220693780946,40.01829999999999
0.0,12.842307692307692,77.6923076923077,23.659679917398037,52.46501149856854,3.1840578213732575,123.14483503074108,3.0,11.478668982024686,45.03139813206927,36.608029286150085,5.603337400854179,0.9451621532829586,103.2829459801943,40.018299999999996,Satisfactory,2.6678866666666665,9.17220693780946,40.01829999999999
0.0,12.842307692307692,77.70128205128205,23.659679917398037,52.46501149856854,3.1840578213732575,123.14483503074108,3.0,11.478668982024686,45.03139813206927,36.608029286150085,5.603337400854179,0.9451621532829586,103.2829459801943,40.018299999999996,Satisfactory,2.6678866666666665,9.17220693780946,40.01829999999999
0.0,12.842307692307692,77.7102564102564,23.659679917398037,52.46501149856854,3.1840578213732575,123.14483503074108,3.0,11.478668982024686,45.03139813206927,36.608029286150085,5.603337400854179,0.9451621532829586,103.2829459801943,40.018299999999996,Satisfactory,2.6678866666666665,9.17220693780946,40.01829999999999
0.0,12.842307692307692,77.71923076923076,23.659679917398037,52.46501149856854,3.1840578213732575,123.14483503074108,3.0,11.478668982024686,45.03139813206927,36.608029286150085,5.603337400854179,0.9451621532829586,103.2829459801943,40.018299999999996,Satisfactory,2.6678866666666665,9.17220693780946,40.01829999999999
0.0,12.842307692307692,77.72820512820513,23.659679917398037,52.46501149856854,3.1840578213732575,123.14483503074108,3.0,11.478668982024686,45.03139813206927,36.608029286150085,5.603337400854179,0.9451621532829586,103.2829459801943,40.018299999999996,Satisfactory,2.6678866666666665,9.17220693780946,40.01829999999999
0.0,12.842307692307692,77.73717948717949,23.659679917398037,52.46501149856854,3.1840578213732575,123.14483503074108,3.0,11.478668982024686,45.03139813206927,36.608029286150085,5.603337400854179,0.9451621532829586,103.2829459801943,40.018299999999996,Satisfactory,2.6678866666666665,9.17220693780946,40.01829999999999
0.0,12.842307692307692,77.74615384615385,23.659679917398037,52.46501149856854,3.1840578213732575,123.14483503074108,3.0,11.478668982024686,45.03139813206927,36.608029286150085,5.603337400854179,0.9451621532829586,103.2829459801943,40.018299999999996,Satisfactory,2.6678866666666665,9.17220693780946,40.01829999999999
0.0,12.842307692307692,77.7551282051282,23.659679917398037,52.46501149856854,3.1840578213732575,123.14483503074108,3.0,11.478668982024686,45.03139813206927,36.608029286150085,5.603337400854179,0.9451621532829586,103.2829459801943,40.018299999999996,Satisfactory,2.6678866666666665,9.17220693780946,40.01829999999999
0.0,12.842307692307692,77.76410256410256,23.659679917398037,52.46501149856854,3.1840578213732575,123.14483503074108,3.0,11.478668982024686,45.03139813206927,36.608029286150085,5.603337400854179,0.9451621532829586,103.2829459801943,40.018299999999996,Satisfactory,2.6678866666666665,9.17220693780946,40.01829999999999
0.0,12.842307692307692,77.77307692307691,23.659679917398037,52.46501149856854,3.1840578213732575,123.14483503074108,3.0,11.478668982024686,45.03139813206927,36.608029286150085,5.603337400854179,0.9451621532829586,103.2829459801943,40.018299999999996,Satisfactory,2.6678866666666665,9.17220693780946,40.01829999999999
0.0,12.842307692307692,77.78205128205128,23.659679917398037,52.46501149856854,3.1840578213732575,123.14483503074108,3.0,11.478668982024686,45.03139813206927,36.608029286150085,5.603337400854179,0.9451621532829586,103.2829459801943,40.018299999999996,Satisfactory,2.6678866666666665,9.17220693780946,40.01829999999999
0.0,12.842307692307692,77.79102564102564,23.659679917398037,52.46501149856854,3.1840578213732575,123.14483503074108,3.0,11.478668982024686,45.03139813206927,36.608029286150085,5.603337400854179,0.9451621532829586,103.2829459801943,40.018299999999996,Satisfactory,2.6678866666666665,9.17220693780946,40.01829999999999
0.0,12.842307692307692,77.8,23.659679917398037,52.46501149856854,3.1840578213732575,123.14483503074108,3.0,11.478668982024686,45.03139813206927,36.608029286150085,5.603337400854179,0.9451621532829586,103.2829459801943,40.018299999999996,Satisfactory,2.6678866666666665,9.17220693780946,40.01829999999999
0.0,12.852564102564102,77.45,23.659679917398037,52.46501149856854,3.1840578213732575,123.14483503074108,3.0,11.478668982024686,45.03139813206927,36.608029286150085,5.603337400854179,0.9451621532829586,103.2829459801943,39.360699999999994,Satisfactory,2.624046666666666,8.805524771982643,39.360699999999994
0.0,12.852564102564102,77.45897435897436,23.659679917398037,52.46501149856854,3.1840578213732575,123.14483503074108,3.0,11.478668982024686,45.03139813206927,36.608029286150085,5.603337400854179,0.9451621532829586,103.2829459801943,39.360699999999994,Satisfactory,2.624046666666666,8.805524771982643,39.360699999999994
0.0,12.852564102564102,77.46794871794872,23.659679917398037,52.46501149856854,3.1840578213732575,123.14483503074108,3.0,11.478668982024686,45.03139813206927,36.608029286150085,5.603337400854179,0.9451621532829586,103.2829459801943,39.360699999999994,Satisfactory,2.624046666666666,8.805524771982643,39.360699999999994
0.0,12.852564102564102,77.47692307692309,23.659679917398037,52.46501149856854,3.1840578213732575,123.14483503074108,3.0,11.478668982024686,45.03139813206927,36.608029286150085,5.603337400854179,0.9451621532829586,103.2829459801943,39.360699999999994,Satisfactory,2.624046666666666,8.805524771982643,39.360699999999994
0.0,12.852564102564102,77.48589743589744,23.659679917398037,52.46501149856854,3.1840578213732575,123.14483503074108,3.0,11.478668982024686,45.03139813206927,36.608029286150085,5.603337400854179,0.9451621532829586,103.2829459801943,39.360699999999994,Satisfactory,2.624046666666666,8.805524771982643,39.360699999999994
0.0,12.852564102564102,77.4948717948718,23.659679917398037,52.46501149856854,3.1840578213732575,123.14483503074108,3.0,11.478668982024686,45.03139813206927,36.608029286150085,5.603337400854179,0.9451621532829586,103.2829459801943,39.360699999999994,Satisfactory,2.624046666666666,8.805524771982643,39.360699999999994
0.0,12.852564102564102,77.50384615384615,23.659679917398037,52.46501149856854,3.1840578213732575,123.14483503074108,3.0,11.478668982024686,45.03139813206927,36.608029286150085,5.603337400854179,0.9451621532829586,103.2829459801943,39.360699999999994,Satisfactory,2.624046666666666,8.805524771982643,39.360699999999994
0.0,12.852564102564102,77.51282051282051,23.659679917398037,52.46501149856854,3.1840578213732575,123.14483503074108,3.0,11.478668982024686,45.03139813206927,36.608029286150085,5.603337400854179,0.9451621532829586,103.2829459801943,39.360699999999994,Satisfactory,2.624046666666666,8.805524771982643,39.360699999999994
0.0,12.852564102564102,77.52179487179487,23.659679917398037,52.46501149856854,3.1840578213732575,123.14483503074108,3.0,11.478668982024686,45.03139813206927,36.608029286150085,5.603337400854179,0.9451621532829586,103.2829459801943,39.360699999999994,Satisfactory,2.624046666666666,8.805524771982643,39.360699999999994
0.0,12.852564102564102,77.53076923076924,23.659679917398037,52.46501149856854,3.1840578213732575,123.14483503074108,3.0,11.478668982024686,45.03139813206927,36.608029286150085,5.603337400854179,0.9451621532829586,103.2829459801943,39.360699999999994,Satisfactory,2.624046666666666,8.805524771982643,39.360699999999994
0.0,12.852564102564102,77.5397435897436,23.659679917398037,52.46501149856854,3.1840578213732575,123.14483503074108,3.0,11.478668982024686,45.03139813206927,36.608029286150085,5.603337400854179,0.9451621532829586,103.2829459801943,39.360699999999994,Satisfactory,2.624046666666666,8.805524771982643,39.360699999999994
0.0,12.852564102564102,77.54871794871795,23.659679917398037,52.46501149856854,3.1840578213732575,123.14483503074108,3.0,11.478668982024686,45.03139813206927,36.608029286150085,5.603337400854179,0.9451621532829586,103.2829459801943,39.360699999999994,Satisfactory,2.624046666666666,8.805524771982643,39.360699999999994
0.0,12.852564102564102,77.5576923076923,23.659679917398037,52.46501149856854,3.1840578213732575,123.14483503074108,3.0,11.478668982024686,45.03139813206927,36.608029286150085,5.603337400854179,0.9451621532829586,103.2829459801943,39.360699999999994,Satisfactory,2.624046666666666,8.805524771982643,39.360699999999994
0.0,12.852564102564102,77.56666666666666,23.659679917398037,52.46501149856854,3.1840578213732575,123.14483503074108,3.0,11.478668982024686,45.03139813206927,36.608029286150085,5.603337400854179,0.9451621532829586,103.2829459801943,39.360699999999994,Satisfactory,2.624046666666666,8.805524771982643,39.360699999999994
0.0,12.852564102564102,77.57564102564103,23.659679917398037,52.46501149856854,3.1840578213732575,123.14483503074108,3.0,11.478668982024686,45.03139813206927,36.608029286150085,5.603337400854179,0.9451621532829586,103.2829459801943,39.360699999999994,Satisfactory,2.624046666666666,8.805524771982643,39.360699999999994
0.0,12.852564102564102,77.58461538461539,23.659679917398037,52.46501149856854,3.1840578213732575,123.14483503074108,3.0,11.478668982024686,45.03139813206927,36.608029286150085,5.603337400854179,0.9451621532829586,103.2829459801943,39.5278,Satisfactory,2.635186666666667,8.854714290139464,39.52779999999999
0.0,12.852564102564102,77.59358974358975,23.659679917398037,52.46501149856854,3.1840578213732575,123.14483503074108,3.0,11.478668982024686,45.03139813206927,36.608029286150085,5.603337400854179,0.9451621532829586,103.2829459801943,40.12149999999999,Satisfactory,2.674766666666666,9.216885414824247,40.12149999999999
0.0,12.852564102564102,77.6025641025641,23.659679917398037,52.46501149856854,3.1840578213732575,123.14483503074108,3.0,11.478668982024686,45.03139813206927,36.608029286150085,5.603337400854179,0.9451621532829586,103.2829459801943,40.12149999999999,Satisfactory,2.674766666666666,9.216885414824247,40.12149999999999
0.0,12.852564102564102,77.61153846153846,23.659679917398037,52.46501149856854,3.1840578213732575,123.14483503074108,3.0,11.478668982024686,45.03139813206927,36.608029286150085,5.603337400854179,0.9451621532829586,103.2829459801943,40.12149999999999,Satisfactory,2.674766666666666,9.216885414824247,40.12149999999999
0.0,12.852564102564102,77.62051282051281,23.659679917398037,52.46501149856854,3.1840578213732575,123.14483503074108,3.0,11.478668982024686,45.03139813206927,36.608029286150085,5.603337400854179,0.9451621532829586,103.2829459801943,40.12149999999999,Satisfactory,2.674766666666666,9.216885414824247,40.12149999999999
0.0,12.852564102564102,77.62948717948719,23.659679917398037,52.46501149856854,3.1840578213732575,123.14483503074108,3.0,11.478668982024686,45.03139813206927,36.608029286150085,5.603337400854179,0.9451621532829586,103.2829459801943,40.12149999999999,Satisfactory,2.674766666666666,9.216885414824247,40.12149999999999
0.0,12.852564102564102,77.63846153846154,23.659679917398037,52.46501149856854,3.1840578213732575,123.14483503074108,3.0,11.478668982024686,45.03139813206927,36.608029286150085,5.603337400854179,0.9451621532829586,103.2829459801943,40.018299999999996,Satisfactory,2.6678866666666665,9.17220693780946,40.01829999999999
0.0,12.852564102564102,77.6474358974359,23.659679917398037,52.46501149856854,3.1840578213732575,123.14483503074108,3.0,11.478668982024686,45.03139813206927,36.608029286150085,5.603337400854179,0.9451621532829586,103.2829459801943,40.018299999999996,Satisfactory,2.6678866666666665,9.17220693780946,40.01829999999999
0.0,12.852564102564102,77.65641025641025,23.659679917398037,52.46501149856854,3.1840578213732575,123.14483503074108,3.0,11.478668982024686,45.03139813206927,36.608029286150085,5.603337400854179,0.9451621532829586,103.2829459801943,40.018299999999996,Satisfactory,2.6678866666666665,9.17220693780946,40.01829999999999
0.0,12.852564102564102,77.66538461538461,23.659679917398037,52.46501149856854,3.1840578213732575,123.14483503074108,3.0,11.478668982024686,45.03139813206927,36.608029286150085,5.603337400854179,0.9451621532829586,103.2829459801943,40.018299999999996,Satisfactory,2.6678866666666665,9.17220693780946,40.01829999999999
0.0,12.852564102564102,77.67435897435897,23.659679917398037,52.46501149856854,3.1840578213732575,123.14483503074108,3.0,11.478668982024686,45.03139813206927,36.608029286150085,5.603337400854179,0.9451621532829586,103.2829459801943,40.018299999999996,Satisfactory,2.6678866666666665,9.17220693780946,40.01829999999999
0.0,12.852564102564102,77.68333333333334,23.659679917398037,52.46501149856854,3.1840578213732575,123.14483503074108,3.0,11.478668982024686,45.03139813206927,36.608029286150085,5.603337400854179,0.9451621532829586,103.2829459801943,40.018299999999996,Satisfactory,2.6678866666666665,9.17220693780946,40.01829999999999
0.0,12.852564102564102,77.6923076923077,23.659679917398037,52.46501149856854,3.1840578213732575,123.14483503074108,3.0,11.478668982024686,45.03139813206927,36.608029286150085,5.603337400854179,0.9451621532829586,103.2829459801943,40.018299999999996,Satisfactory,2.6678866666666665,9.17220693780946,40.01829999999999
0.0,12.852564102564102,77.70128205128205,23.659679917398037,52.46501149856854,3.1840578213732575,123.14483503074108,3.0,11.478668982024686,45.03139813206927,36.608029286150085,5.603337400854179,0.9451621532829586,103.2829459801943,40.018299999999996,Satisfactory,2.6678866666666665,9.17220693780946,40.01829999999999
0.0,12.852564102564102,77.7102564102564,23.659679917398037,52.46501149856854,3.1840578213732575,123.14483503074108,3.0,11.478668982024686,45.03139813206927,36.608029286150085,5.603337400854179,0.9451621532829586,103.2829459801943,40.018299999999996,Satisfactory,2.6678866666666665,9.17220693780946,40.01829999999999
0.0,12.852564102564102,77.71923076923076,23.659679917398037,52.46501149856854,3.1840578213732575,123.14483503074108,3.0,11.478668982024686,45.03139813206927,36.608029286150085,5.603337400854179,0.9451621532829586,103.2829459801943,40.018299999999996,Satisfactory,2.6678866666666665,9.17220693780946,40.01829999999999
0.0,12.852564102564102,77.72820512820513,23.659679917398037,52.46501149856854,3.1840578213732575,123.14483503074108,3.0,11.478668982024686,45.03139813206927,36.608029286150085,5.603337400854179,0.9451621532829586,103.2829459801943,40.018299999999996,Satisfactory,2.6678866666666665,9.17220693780946,40.01829999999999
0.0,12.852564102564102,77.73717948717949,23.659679917398037,52.46501149856854,3.1840578213732575,123.14483503074108,3.0,11.478668982024686,45.03139813206927,36.608029286150085,5.603337400854179,0.9451621532829586,103.2829459801943,40.018299999999996,Satisfactory,2.6678866666666665,9.17220693780946,40.01829999999999
0.0,12.852564102564102,77.74615384615385,23.659679917398037,52.46501149856854,3.1840578213732575,123.14483503074108,3.0,11.478668982024686,45.03139813206927,36.608029286150085,5.603337400854179,0.9451621532829586,103.2829459801943,40.018299999999996,Satisfactory,2.6678866666666665,9.17220693780946,40.01829999999999
0.0,12.852564102564102,77.7551282051282,23.659679917398037,52.46501149856854,3.1840578213732575,123.14483503074108,3.0,11.478668982024686,45.03139813206927,36.608029286150085,5.603337400854179,0.9451621532829586,103.2829459801943,40.018299999999996,Satisfactory,2.6678866666666665,9.17220693780946,40.01829999999999
0.0,12.852564102564102,77.76410256410256,23.659679917398037,52.46501149856854,3.1840578213732575,123.14483503074108,3.0,11.478668982024686,45.03139813206927,36.608029286150085,5.603337400854179,0.9451621532829586,103.2829459801943,40.018299999999996,Satisfactory,2.6678866666666665,9.17220693780946,40.01829999999999
0.0,12.852564102564102,77.77307692307691,23.659679917398037,52.46501149856854,3.1840578213732575,123.14483503074108,3.0,11.478668982024686,45.03139813206927,36.608029286150085,5.603337400854179,0.9451621532829586,103.2829459801943,40.018299999999996,Satisfactory,2.6678866666666665,9.17220693780946,40.01829999999999
0.0,12.852564102564102,77.78205128205128,23.659679917398037,52.46501149856854,3.1840578213732575,123.14483503074108,3.0,11.478668982024686,45.03139813206927,36.608029286150085,5.603337400854179,0.9451621532829586,103.2829459801943,40.018299999999996,Satisfactory,2.6678866666666665,9.17220693780946,40.01829999999999
0.0,12.852564102564102,77.79102564102564,23.659679917398037,52.46501149856854,3.1840578213732575,123.14483503074108,3.0,11.478668982024686,45.03139813206927,36.608029286150085,5.603337400854179,0.9451621532829586,103.2829459801943,40.018299999999996,Satisfactory,2.6678866666666665,9.17220693780946,40.01829999999999
0.0,12.852564102564102,77.8,23.659679917398037,52.46501149856854,3.1840578213732575,123.14483503074108,3.0,11.478668982024686,45.03139813206927,36.608029286150085,5.603337400854179,0.9451621532829586,103.2829459801943,40.018299999999996,Satisfactory,2.6678866666666665,9.17220693780946,40.01829999999999
0.0,12.862820512820512,77.45,23.659679917398037,52.46501149856854,3.1840578213732575,123.14483503074108,3.0,11.478668982024686,45.03139813206927,36.608029286150085,5.603337400854179,0.9451621532829586,103.2829459801943,39.360699999999994,Satisfactory,2.624046666666666,8.805524771982643,39.360699999999994
0.0,12.862820512820512,77.45897435897436,23.659679917398037,52.46501149856854,3.1840578213732575,123.14483503074108,3.0,11.478668982024686,45.03139813206927,36.608029286150085,5.603337400854179,0.9451621532829586,103.2829459801943,39.360699999999994,Satisfactory,2.624046666666666,8.805524771982643,39.360699999999994
0.0,12.862820512820512,77.46794871794872,23.659679917398037,52.46501149856854,3.1840578213732575,123.14483503074108,3.0,11.478668982024686,45.03139813206927,36.608029286150085,5.603337400854179,0.9451621532829586,103.2829459801943,39.360699999999994,Satisfactory,2.624046666666666,8.805524771982643,39.360699999999994
0.0,12.862820512820512,77.47692307692309,23.659679917398037,52.46501149856854,3.1840578213732575,123.14483503074108,3.0,11.478668982024686,45.03139813206927,36.608029286150085,5.603337400854179,0.9451621532829586,103.2829459801943,39.360699999999994,Satisfactory,2.624046666666666,8.805524771982643,39.360699999999994
0.0,12.862820512820512,77.48589743589744,23.659679917398037,52.46501149856854,3.1840578213732575,123.14483503074108,3.0,11.478668982024686,45.03139813206927,36.608029286150085,5.603337400854179,0.9451621532829586,103.2829459801943,39.360699999999994,Satisfactory,2.624046666666666,8.805524771982643,39.360699999999994
0.0,12.862820512820512,77.4948717948718,23.659679917398037,52.46501149856854,3.1840578213732575,123.14483503074108,3.0,11.478668982024686,45.03139813206927,36.608029286150085,5.603337400854179,0.9451621532829586,103.2829459801943,39.360699999999994,Satisfactory,2.624046666666666,8.805524771982643,39.360699999999994
0.0,12.862820512820512,77.50384615384615,23.659679917398037,52.46501149856854,3.1840578213732575,123.14483503074108,3.0,11.478668982024686,45.03139813206927,36.608029286150085,5.603337400854179,0.9451621532829586,103.2829459801943,39.360699999999994,Satisfactory,2.624046666666666,8.805524771982643,39.360699999999994
0.0,12.862820512820512,77.51282051282051,23.659679917398037,52.46501149856854,3.1840578213732575,123.14483503074108,3.0,11.478668982024686,45.03139813206927,36.608029286150085,5.603337400854179,0.9451621532829586,103.2829459801943,39.360699999999994,Satisfactory,2.624046666666666,8.805524771982643,39.360699999999994
0.0,12.862820512820512,77.52179487179487,23.659679917398037,52.46501149856854,3.1840578213732575,123.14483503074108,3.0,11.478668982024686,45.03139813206927,36.608029286150085,5.603337400854179,0.9451621532829586,103.2829459801943,39.360699999999994,Satisfactory,2.624046666666666,8.805524771982643,39.360699999999994
0.0,12.862820512820512,77.53076923076924,23.659679917398037,52.46501149856854,3.1840578213732575,123.14483503074108,3.0,11.478668982024686,45.03139813206927,36.608029286150085,5.603337400854179,0.9451621532829586,103.2829459801943,39.360699999999994,Satisfactory,2.624046666666666,8.805524771982643,39.360699999999994
0.0,12.862820512820512,77.5397435897436,23.659679917398037,52.46501149856854,3.1840578213732575,123.14483503074108,3.0,11.478668982024686,45.03139813206927,36.608029286150085,5.603337400854179,0.9451621532829586,103.2829459801943,39.360699999999994,Satisfactory,2.624046666666666,8.805524771982643,39.360699999999994
0.0,12.862820512820512,77.54871794871795,23.659679917398037,52.46501149856854,3.1840578213732575,123.14483503074108,3.0,11.478668982024686,45.03139813206927,36.608029286150085,5.603337400854179,0.9451621532829586,103.2829459801943,39.360699999999994,Satisfactory,2.624046666666666,8.805524771982643,39.360699999999994
0.0,12.862820512820512,77.5576923076923,23.659679917398037,52.46501149856854,3.1840578213732575,123.14483503074108,3.0,11.478668982024686,45.03139813206927,36.608029286150085,5.603337400854179,0.9451621532829586,103.2829459801943,39.360699999999994,Satisfactory,2.624046666666666,8.805524771982643,39.360699999999994
0.0,12.862820512820512,77.56666666666666,23.659679917398037,52.46501149856854,3.1840578213732575,123.14483503074108,3.0,11.478668982024686,45.03139813206927,36.608029286150085,5.603337400854179,0.9451621532829586,103.2829459801943,39.360699999999994,Satisfactory,2.624046666666666,8.805524771982643,39.360699999999994
0.0,12.862820512820512,77.57564102564103,23.659679917398037,52.46501149856854,3.1840578213732575,123.14483503074108,3.0,11.478668982024686,45.03139813206927,36.608029286150085,5.603337400854179,0.9451621532829586,103.2829459801943,39.360699999999994,Satisfactory,2.624046666666666,8.805524771982643,39.360699999999994
0.0,12.862820512820512,77.58461538461539,23.659679917398037,52.46501149856854,3.1840578213732575,123.14483503074108,3.0,11.478668982024686,45.03139813206927,36.608029286150085,5.603337400854179,0.9451621532829586,103.2829459801943,39.5278,Satisfactory,2.635186666666667,8.854714290139464,39.52779999999999
0.0,12.862820512820512,77.59358974358975,23.659679917398037,52.46501149856854,3.1840578213732575,123.14483503074108,3.0,11.478668982024686,45.03139813206927,36.608029286150085,5.603337400854179,0.9451621532829586,103.2829459801943,40.12149999999999,Satisfactory,2.674766666666666,9.216885414824247,40.12149999999999
0.0,12.862820512820512,77.6025641025641,23.659679917398037,52.46501149856854,3.1840578213732575,123.14483503074108,3.0,11.478668982024686,45.03139813206927,36.608029286150085,5.603337400854179,0.9451621532829586,103.2829459801943,40.12149999999999,Satisfactory,2.674766666666666,9.216885414824247,40.12149999999999
0.0,12.862820512820512,77.61153846153846,23.659679917398037,52.46501149856854,3.1840578213732575,123.14483503074108,3.0,11.478668982024686,45.03139813206927,36.608029286150085,5.603337400854179,0.9451621532829586,103.2829459801943,40.12149999999999,Satisfactory,2.674766666666666,9.216885414824247,40.12149999999999
0.0,12.862820512820512,77.62051282051281,23.659679917398037,52.46501149856854,3.1840578213732575,123.14483503074108,3.0,11.478668982024686,45.03139813206927,36.608029286150085,5.603337400854179,0.9451621532829586,103.2829459801943,40.12149999999999,Satisfactory,2.674766666666666,9.216885414824247,40.12149999999999
0.0,12.862820512820512,77.62948717948719,23.659679917398037,52.46501149856854,3.1840578213732575,123.14483503074108,3.0,11.478668982024686,45.03139813206927,36.608029286150085,5.603337400854179,0.9451621532829586,103.2829459801943,40.12149999999999,Satisfactory,2.674766666666666,9.216885414824247,40.12149999999999
0.0,12.862820512820512,77.63846153846154,23.659679917398037,52.46501149856854,3.1840578213732575,123.14483503074108,3.0,11.478668982024686,45.03139813206927,36.608029286150085,5.603337400854179,0.9451621532829586,103.2829459801943,40.018299999999996,Satisfactory,2.6678866666666665,9.17220693780946,40.01829999999999
0.0,12.862820512820512,77.6474358974359,23.659679917398037,52.46501149856854,3.1840578213732575,123.14483503074108,3.0,11.478668982024686,45.03139813206927,36.608029286150085,5.603337400854179,0.9451621532829586,103.2829459801943,40.018299999999996,Satisfactory,2.6678866666666665,9.17220693780946,40.01829999999999
0.0,12.862820512820512,77.65641025641025,23.659679917398037,52.46501149856854,3.1840578213732575,123.14483503074108,3.0,11.478668982024686,45.03139813206927,36.608029286150085,5.603337400854179,0.9451621532829586,103.2829459801943,40.018299999999996,Satisfactory,2.6678866666666665,9.17220693780946,40.01829999999999
0.0,12.862820512820512,77.66538461538461,23.659679917398037,52.46501149856854,3.1840578213732575,123.14483503074108,3.0,11.478668982024686,45.03139813206927,36.608029286150085,5.603337400854179,0.9451621532829586,103.2829459801943,40.018299999999996,Satisfactory,2.6678866666666665,9.17220693780946,40.01829999999999
0.0,12.862820512820512,77.67435897435897,23.659679917398037,52.46501149856854,3.1840578213732575,123.14483503074108,3.0,11.478668982024686,45.03139813206927,36.608029286150085,5.603337400854179,0.9451621532829586,103.2829459801943,40.018299999999996,Satisfactory,2.6678866666666665,9.17220693780946,40.01829999999999
0.0,12.862820512820512,77.68333333333334,23.659679917398037,52.46501149856854,3.1840578213732575,123.14483503074108,3.0,11.478668982024686,45.03139813206927,36.608029286150085,5.603337400854179,0.9451621532829586,103.2829459801943,40.018299999999996,Satisfactory,2.6678866666666665,9.17220693780946,40.01829999999999
0.0,12.862820512820512,77.6923076923077,23.659679917398037,52.46501149856854,3.1840578213732575,123.14483503074108,3.0,11.478668982024686,45.03139813206927,36.608029286150085,5.603337400854179,0.9451621532829586,103.2829459801943,40.018299999999996,Satisfactory,2.6678866666666665,9.17220693780946,40.01829999999999
0.0,12.862820512820512,77.70128205128205,23.659679917398037,52.46501149856854,3.1840578213732575,123.14483503074108,3.0,11.478668982024686,45.03139813206927,36.608029286150085,5.603337400854179,0.9451621532829586,103.2829459801943,40.018299999999996,Satisfactory,2.6678866666666665,9.17220693780946,40.01829999999999
0.0,12.862820512820512,77.7102564102564,23.659679917398037,52.46501149856854,3.1840578213732575,123.14483503074108,3.0,11.478668982024686,45.03139813206927,36.608029286150085,5.603337400854179,0.9451621532829586,103.2829459801943,40.018299999999996,Satisfactory,2.6678866666666665,9.17220693780946,40.01829999999999
0.0,12.862820512820512,77.71923076923076,23.659679917398037,52.46501149856854,3.1840578213732575,123.14483503074108,3.0,11.478668982024686,45.03139813206927,36.608029286150085,5.603337400854179,0.9451621532829586,103.2829459801943,40.018299999999996,Satisfactory,2.6678866666666665,9.17220693780946,40.01829999999999
0.0,12.862820512820512,77.72820512820513,23.659679917398037,52.46501149856854,3.1840578213732575,123.14483503074108,3.0,11.478668982024686,45.03139813206927,36.608029286150085,5.603337400854179,0.9451621532829586,103.2829459801943,40.018299999999996,Satisfactory,2.6678866666666665,9.17220693780946,40.01829999999999
0.0,12.862820512820512,77.73717948717949,23.659679917398037,52.46501149856854,3.1840578213732575,123.14483503074108,3.0,11.478668982024686,45.03139813206927,36.608029286150085,5.603337400854179,0.9451621532829586,103.2829459801943,40.018299999999996,Satisfactory,2.6678866666666665,9.17220693780946,40.01829999999999
0.0,12.862820512820512,77.74615384615385,23.659679917398037,52.46501149856854,3.1840578213732575,123.14483503074108,3.0,11.478668982024686,45.03139813206927,36.608029286150085,5.603337400854179,0.9451621532829586,103.2829459801943,40.018299999999996,Satisfactory,2.6678866666666665,9.17220693780946,40.01829999999999
0.0,12.862820512820512,77.7551282051282,23.659679917398037,52.46501149856854,3.1840578213732575,123.14483503074108,3.0,11.478668982024686,45.03139813206927,36.608029286150085,5.603337400854179,0.9451621532829586,103.2829459801943,40.018299999999996,Satisfactory,2.6678866666666665,9.17220693780946,40.01829999999999
0.0,12.862820512820512,77.76410256410256,23.659679917398037,52.46501149856854,3.1840578213732575,123.14483503074108,3.0,11.478668982024686,45.03139813206927,36.608029286150085,5.603337400854179,0.9451621532829586,103.2829459801943,40.018299999999996,Satisfactory,2.6678866666666665,9.17220693780946,40.01829999999999
0.0,12.862820512820512,77.77307692307691,23.659679917398037,52.46501149856854,3.1840578213732575,123.14483503074108,3.0,11.478668982024686,45.03139813206927,36.608029286150085,5.603337400854179,0.9451621532829586,103.2829459801943,40.018299999999996,Satisfactory,2.6678866666666665,9.17220693780946,40.01829999999999
0.0,12.862820512820512,77.78205128205128,23.659679917398037,52.46501149856854,3.1840578213732575,123.14483503074108,3.0,11.478668982024686,45.03139813206927,36.608029286150085,5.603337400854179,0.9451621532829586,103.2829459801943,40.018299999999996,Satisfactory,2.6678866666666665,9.17220693780946,40.01829999999999
0.0,12.862820512820512,77.79102564102564,23.659679917398037,52.46501149856854,3.1840578213732575,123.14483503074108,3.0,11.478668982024686,45.03139813206927,36.608029286150085,5.603337400854179,0.9451621532829586,103.2829459801943,40.018299999999996,Satisfactory,2.6678866666666665,9.17220693780946,40.01829999999999
0.0,12.862820512820512,77.8,23.659679917398037,52.46501149856854,3.1840578213732575,123.14483503074108,3.0,11.478668982024686,45.03139813206927,36.608029286150085,5.603337400854179,0.9451621532829586,103.2829459801943,40.018299999999996,Satisfactory,2.6678866666666665,9.17220693780946,40.01829999999999
0.0,12.873076923076923,77.45,23.659679917398037,52.46501149856854,3.1840578213732575,123.14483503074108,3.0,11.478668982024686,45.03139813206927,36.608029286150085,5.603337400854179,0.9451621532829586,103.2829459801943,39.360699999999994,Satisfactory,2.624046666666666,8.805524771982643,39.360699999999994
0.0,12.873076923076923,77.45897435897436,23.659679917398037,52.46501149856854,3.1840578213732575,123.14483503074108,3.0,11.478668982024686,45.03139813206927,36.608029286150085,5.603337400854179,0.9451621532829586,103.2829459801943,39.360699999999994,Satisfactory,2.624046666666666,8.805524771982643,39.360699999999994
0.0,12.873076923076923,77.46794871794872,23.659679917398037,52.46501149856854,3.1840578213732575,123.14483503074108,3.0,11.478668982024686,45.03139813206927,36.608029286150085,5.603337400854179,0.9451621532829586,103.2829459801943,39.360699999999994,Satisfactory,2.624046666666666,8.805524771982643,39.360699999999994
0.0,12.873076923076923,77.47692307692309,23.659679917398037,52.46501149856854,3.1840578213732575,123.14483503074108,3.0,11.478668982024686,45.03139813206927,36.608029286150085,5.603337400854179,0.9451621532829586,103.2829459801943,39.360699999999994,Satisfactory,2.624046666666666,8.805524771982643,39.360699999999994
0.0,12.873076923076923,77.48589743589744,23.659679917398037,52.46501149856854,3.1840578213732575,123.14483503074108,3.0,11.478668982024686,45.03139813206927,36.608029286150085,5.603337400854179,0.9451621532829586,103.2829459801943,39.360699999999994,Satisfactory,2.624046666666666,8.805524771982643,39.360699999999994
0.0,12.873076923076923,77.4948717948718,23.659679917398037,52.46501149856854,3.1840578213732575,123.14483503074108,3.0,11.478668982024686,45.03139813206927,36.608029286150085,5.603337400854179,0.9451621532829586,103.2829459801943,39.360699999999994,Satisfactory,2.624046666666666,8.805524771982643,39.360699999999994
0.0,12.873076923076923,77.50384615384615,23.659679917398037,52.46501149856854,3.1840578213732575,123.14483503074108,3.0,11.478668982024686,45.03139813206927,36.608029286150085,5.603337400854179,0.9451621532829586,103.2829459801943,39.360699999999994,Satisfactory,2.624046666666666,8.805524771982643,39.360699999999994
0.0,12.873076923076923,77.51282051282051,23.659679917398037,52.46501149856854,3.1840578213732575,123.14483503074108,3.0,11.478668982024686,45.03139813206927,36.608029286150085,5.603337400854179,0.9451621532829586,103.2829459801943,39.360699999999994,Satisfactory,2.624046666666666,8.805524771982643,39.360699999999994
0.0,12.873076923076923,77.52179487179487,23.659679917398037,52.46501149856854,3.1840578213732575,123.14483503074108,3.0,11.478668982024686,45.03139813206927,36.608029286150085,5.603337400854179,0.9451621532829586,103.2829459801943,39.360699999999994,Satisfactory,2.624046666666666,8.805524771982643,39.360699999999994
0.0,12.873076923076923,77.53076923076924,23.659679917398037,52.46501149856854,3.1840578213732575,123.14483503074108,3.0,11.478668982024686,45.03139813206927,36.608029286150085,5.603337400854179,0.9451621532829586,103.2829459801943,39.360699999999994,Satisfactory,2.624046666666666,8.805524771982643,39.360699999999994
0.0,12.873076923076923,77.5397435897436,23.659679917398037,52.46501149856854,3.1840578213732575,123.14483503074108,3.0,11.478668982024686,45.03139813206927,36.608029286150085,5.603337400854179,0.9451621532829586,103.2829459801943,39.360699999999994,Satisfactory,2.624046666666666,8.805524771982643,39.360699999999994
0.0,12.873076923076923,77.54871794871795,23.659679917398037,52.46501149856854,3.1840578213732575,123.14483503074108,3.0,11.478668982024686,45.03139813206927,36.608029286150085,5.603337400854179,0.9451621532829586,103.2829459801943,39.360699999999994,Satisfactory,2.624046666666666,8.805524771982643,39.360699999999994
0.0,12.873076923076923,77.5576923076923,23.659679917398037,52.46501149856854,3.1840578213732575,123.14483503074108,3.0,11.478668982024686,45.03139813206927,36.608029286150085,5.603337400854179,0.9451621532829586,103.2829459801943,39.360699999999994,Satisfactory,2.624046666666666,8.805524771982643,39.360699999999994
0.0,12.873076923076923,77.56666666666666,23.659679917398037,52.46501149856854,3.1840578213732575,123.14483503074108,3.0,11.478668982024686,45.03139813206927,36.608029286150085,5.603337400854179,0.9451621532829586,103.2829459801943,39.360699999999994,Satisfactory,2.624046666666666,8.805524771982643,39.360699999999994
0.0,12.873076923076923,77.57564102564103,23.659679917398037,52.46501149856854,3.1840578213732575,123.14483503074108,3.0,11.478668982024686,45.03139813206927,36.608029286150085,5.603337400854179,0.9451621532829586,103.2829459801943,39.360699999999994,Satisfactory,2.624046666666666,8.805524771982643,39.360699999999994
0.0,12.873076923076923,77.58461538461539,23.659679917398037,52.46501149856854,3.1840578213732575,123.14483503074108,3.0,11.478668982024686,45.03139813206927,36.608029286150085,5.603337400854179,0.9451621532829586,103.2829459801943,39.5278,Satisfactory,2.635186666666667,8.854714290139464,39.52779999999999
0.0,12.873076923076923,77.59358974358975,23.659679917398037,52.46501149856854,3.1840578213732575,123.14483503074108,3.0,11.478668982024686,45.03139813206927,36.608029286150085,5.603337400854179,0.9451621532829586,103.2829459801943,40.12149999999999,Satisfactory,2.674766666666666,9.216885414824247,40.12149999999999
0.0,12.873076923076923,77.6025641025641,23.659679917398037,52.46501149856854,3.1840578213732575,123.14483503074108,3.0,11.478668982024686,45.03139813206927,36.608029286150085,5.603337400854179,0.9451621532829586,103.2829459801943,40.12149999999999,Satisfactory,2.674766666666666,9.216885414824247,40.12149999999999
0.0,12.873076923076923,77.61153846153846,23.659679917398037,52.46501149856854,3.1840578213732575,123.14483503074108,3.0,11.478668982024686,45.03139813206927,36.608029286150085,5.603337400854179,0.9451621532829586,103.2829459801943,40.12149999999999,Satisfactory,2.674766666666666,9.216885414824247,40.12149999999999
0.0,12.873076923076923,77.62051282051281,23.659679917398037,52.46501149856854,3.1840578213732575,123.14483503074108,3.0,11.478668982024686,45.03139813206927,36.608029286150085,5.603337400854179,0.9451621532829586,103.2829459801943,40.12149999999999,Satisfactory,2.674766666666666,9.216885414824247,40.12149999999999
0.0,12.873076923076923,77.62948717948719,23.659679917398037,52.46501149856854,3.1840578213732575,123.14483503074108,3.0,11.478668982024686,45.03139813206927,36.608029286150085,5.603337400854179,0.9451621532829586,103.2829459801943,40.12149999999999,Satisfactory,2.674766666666666,9.216885414824247,40.12149999999999
0.0,12.873076923076923,77.63846153846154,23.659679917398037,52.46501149856854,3.1840578213732575,123.14483503074108,3.0,11.478668982024686,45.03139813206927,36.608029286150085,5.603337400854179,0.9451621532829586,103.2829459801943,40.018299999999996,Satisfactory,2.6678866666666665,9.17220693780946,40.01829999999999
0.0,12.873076923076923,77.6474358974359,23.659679917398037,52.46501149856854,3.1840578213732575,123.14483503074108,3.0,11.478668982024686,45.03139813206927,36.608029286150085,5.603337400854179,0.9451621532829586,103.2829459801943,40.018299999999996,Satisfactory,2.6678866666666665,9.17220693780946,40.01829999999999
0.0,12.873076923076923,77.65641025641025,23.659679917398037,52.46501149856854,3.1840578213732575,123.14483503074108,3.0,11.478668982024686,45.03139813206927,36.608029286150085,5.603337400854179,0.9451621532829586,103.2829459801943,40.018299999999996,Satisfactory,2.6678866666666665,9.17220693780946,40.01829999999999
0.0,12.873076923076923,77.66538461538461,23.659679917398037,52.46501149856854,3.1840578213732575,123.14483503074108,3.0,11.478668982024686,45.03139813206927,36.608029286150085,5.603337400854179,0.9451621532829586,103.2829459801943,40.018299999999996,Satisfactory,2.6678866666666665,9.17220693780946,40.01829999999999
0.0,12.873076923076923,77.67435897435897,23.659679917398037,52.46501149856854,3.1840578213732575,123.14483503074108,3.0,11.478668982024686,45.03139813206927,36.608029286150085,5.603337400854179,0.9451621532829586,103.2829459801943,40.018299999999996,Satisfactory,2.6678866666666665,9.17220693780946,40.01829999999999
0.0,12.873076923076923,77.68333333333334,23.659679917398037,52.46501149856854,3.1840578213732575,123.14483503074108,3.0,11.478668982024686,45.03139813206927,36.608029286150085,5.603337400854179,0.9451621532829586,103.2829459801943,40.018299999999996,Satisfactory,2.6678866666666665,9.17220693780946,40.01829999999999
0.0,12.873076923076923,77.6923076923077,23.659679917398037,52.46501149856854,3.1840578213732575,123.14483503074108,3.0,11.478668982024686,45.03139813206927,36.608029286150085,5.603337400854179,0.9451621532829586,103.2829459801943,40.018299999999996,Satisfactory,2.6678866666666665,9.17220693780946,40.01829999999999
0.0,12.873076923076923,77.70128205128205,23.659679917398037,52.46501149856854,3.1840578213732575,123.14483503074108,3.0,11.478668982024686,45.03139813206927,36.608029286150085,5.603337400854179,0.9451621532829586,103.2829459801943,40.018299999999996,Satisfactory,2.6678866666666665,9.17220693780946,40.01829999999999
0.0,12.873076923076923,77.7102564102564,23.659679917398037,52.46501149856854,3.1840578213732575,123.14483503074108,3.0,11.478668982024686,45.03139813206927,36.608029286150085,5.603337400854179,0.9451621532829586,103.2829459801943,40.018299999999996,Satisfactory,2.6678866666666665,9.17220693780946,40.01829999999999
0.0,12.873076923076923,77.71923076923076,23.659679917398037,52.46501149856854,3.1840578213732575,123.14483503074108,3.0,11.478668982024686,45.03139813206927,36.608029286150085,5.603337400854179,0.9451621532829586,103.2829459801943,40.018299999999996,Satisfactory,2.6678866666666665,9.17220693780946,40.01829999999999
0.0,12.873076923076923,77.72820512820513,23.659679917398037,52.46501149856854,3.1840578213732575,123.14483503074108,3.0,11.478668982024686,45.03139813206927,36.608029286150085,5.603337400854179,0.9451621532829586,103.2829459801943,40.018299999999996,Satisfactory,2.6678866666666665,9.17220693780946,40.01829999999999
0.0,12.873076923076923,77.73717948717949,23.659679917398037,52.46501149856854,3.1840578213732575,123.14483503074108,3.0,11.478668982024686,45.03139813206927,36.608029286150085,5.603337400854179,0.9451621532829586,103.2829459801943,40.018299999999996,Satisfactory,2.6678866666666665,9.17220693780946,40.01829999999999
0.0,12.873076923076923,77.74615384615385,23.659679917398037,52.46501149856854,3.1840578213732575,123.14483503074108,3.0,11.478668982024686,45.03139813206927,36.608029286150085,5.603337400854179,0.9451621532829586,103.2829459801943,40.018299999999996,Satisfactory,2.6678866666666665,9.17220693780946,40.01829999999999
0.0,12.873076923076923,77.7551282051282,23.659679917398037,52.46501149856854,3.1840578213732575,123.14483503074108,3.0,11.478668982024686,45.03139813206927,36.608029286150085,5.603337400854179,0.9451621532829586,103.2829459801943,40.018299999999996,Satisfactory,2.6678866666666665,9.17220693780946,40.01829999999999
0.0,12.873076923076923,77.76410256410256,23.659679917398037,52.46501149856854,3.1840578213732575,123.14483503074108,3.0,11.478668982024686,45.03139813206927,36.608029286150085,5.603337400854179,0.9451621532829586,103.2829459801943,40.018299999999996,Satisfactory,2.6678866666666665,9.17220693780946,40.01829999999999
0.0,12.873076923076923,77.77307692307691,23.659679917398037,52.46501149856854,3.1840578213732575,123.14483503074108,3.0,11.478668982024686,45.03139813206927,36.608029286150085,5.603337400854179,0.9451621532829586,103.2829459801943,40.018299999999996,Satisfactory,2.6678866666666665,9.17220693780946,40.01829999999999
0.0,12.873076923076923,77.78205128205128,23.659679917398037,52.46501149856854,3.1840578213732575,123.14483503074108,3.0,11.478668982024686,45.03139813206927,36.608029286150085,5.603337400854179,0.9451621532829586,103.2829459801943,40.018299999999996,Satisfactory,2.6678866666666665,9.17220693780946,40.01829999999999
0.0,12.873076923076923,77.79102564102564,23.659679917398037,52.46501149856854,3.1840578213732575,123.14483503074108,3.0,11.478668982024686,45.03139813206927,36.608029286150085,5.603337400854179,0.9451621532829586,103.2829459801943,40.018299999999996,Satisfactory,2.6678866666666665,9.17220693780946,40.01829999999999
0.0,12.873076923076923,77.8,23.659679917398037,52.46501149856854,3.1840578213732575,123.14483503074108,3.0,11.478668982024686,45.03139813206927,36.608029286150085,5.603337400854179,0.9451621532829586,103.2829459801943,40.018299999999996,Satisfactory,2.6678866666666665,9.17220693780946,40.01829999999999
0.0,12.883333333333333,77.45,23.659679917398037,52.46501149856854,3.1840578213732575,123.14483503074108,3.0,11.478668982024686,45.03139813206927,36.608029286150085,5.603337400854179,0.9451621532829586,103.2829459801943,39.360699999999994,Satisfactory,2.624046666666666,8.805524771982643,39.360699999999994
0.0,12.883333333333333,77.45897435897436,23.659679917398037,52.46501149856854,3.1840578213732575,123.14483503074108,3.0,11.478668982024686,45.03139813206927,36.608029286150085,5.603337400854179,0.9451621532829586,103.2829459801943,39.360699999999994,Satisfactory,2.624046666666666,8.805524771982643,39.360699999999994
0.0,12.883333333333333,77.46794871794872,23.659679917398037,52.46501149856854,3.1840578213732575,123.14483503074108,3.0,11.478668982024686,45.03139813206927,36.608029286150085,5.603337400854179,0.9451621532829586,103.2829459801943,39.360699999999994,Satisfactory,2.624046666666666,8.805524771982643,39.360699999999994
0.0,12.883333333333333,77.47692307692309,23.659679917398037,52.46501149856854,3.1840578213732575,123.14483503074108,3.0,11.478668982024686,45.03139813206927,36.608029286150085,5.603337400854179,0.9451621532829586,103.2829459801943,39.360699999999994,Satisfactory,2.624046666666666,8.805524771982643,39.360699999999994
0.0,12.883333333333333,77.48589743589744,23.659679917398037,52.46501149856854,3.1840578213732575,123.14483503074108,3.0,11.478668982024686,45.03139813206927,36.608029286150085,5.603337400854179,0.9451621532829586,103.2829459801943,39.360699999999994,Satisfactory,2.624046666666666,8.805524771982643,39.360699999999994
0.0,12.883333333333333,77.4948717948718,23.659679917398037,52.46501149856854,3.1840578213732575,123.14483503074108,3.0,11.478668982024686,45.03139813206927,36.608029286150085,5.603337400854179,0.9451621532829586,103.2829459801943,39.360699999999994,Satisfactory,2.624046666666666,8.805524771982643,39.360699999999994
0.0,12.883333333333333,77.50384615384615,23.659679917398037,52.46501149856854,3.1840578213732575,123.14483503074108,3.0,11.478668982024686,45.03139813206927,36.608029286150085,5.603337400854179,0.9451621532829586,103.2829459801943,39.360699999999994,Satisfactory,2.624046666666666,8.805524771982643,39.360699999999994
0.0,12.883333333333333,77.51282051282051,23.659679917398037,52.46501149856854,3.1840578213732575,123.14483503074108,3.0,11.478668982024686,45.03139813206927,36.608029286150085,5.603337400854179,0.9451621532829586,103.2829459801943,39.360699999999994,Satisfactory,2.624046666666666,8.805524771982643,39.360699999999994
0.0,12.883333333333333,77.52179487179487,23.659679917398037,52.46501149856854,3.1840578213732575,123.14483503074108,3.0,11.478668982024686,45.03139813206927,36.608029286150085,5.603337400854179,0.9451621532829586,103.2829459801943,39.360699999999994,Satisfactory,2.624046666666666,8.805524771982643,39.360699999999994
0.0,12.883333333333333,77.53076923076924,23.659679917398037,52.46501149856854,3.1840578213732575,123.14483503074108,3.0,11.478668982024686,45.03139813206927,36.608029286150085,5.603337400854179,0.9451621532829586,103.2829459801943,39.360699999999994,Satisfactory,2.624046666666666,8.805524771982643,39.360699999999994
0.0,12.883333333333333,77.5397435897436,23.659679917398037,52.46501149856854,3.1840578213732575,123.14483503074108,3.0,11.478668982024686,45.03139813206927,36.608029286150085,5.603337400854179,0.9451621532829586,103.2829459801943,39.360699999999994,Satisfactory,2.624046666666666,8.805524771982643,39.360699999999994
0.0,12.883333333333333,77.54871794871795,23.659679917398037,52.46501149856854,3.1840578213732575,123.14483503074108,3.0,11.478668982024686,45.03139813206927,36.608029286150085,5.603337400854179,0.9451621532829586,103.2829459801943,39.360699999999994,Satisfactory,2.624046666666666,8.805524771982643,39.360699999999994
0.0,12.883333333333333,77.5576923076923,23.659679917398037,52.46501149856854,3.1840578213732575,123.14483503074108,3.0,11.478668982024686,45.03139813206927,36.608029286150085,5.603337400854179,0.9451621532829586,103.2829459801943,39.360699999999994,Satisfactory,2.624046666666666,8.805524771982643,39.360699999999994
0.0,12.883333333333333,77.56666666666666,23.659679917398037,52.46501149856854,3.1840578213732575,123.14483503074108,3.0,11.478668982024686,45.03139813206927,36.608029286150085,5.603337400854179,0.9451621532829586,103.2829459801943,39.360699999999994,Satisfactory,2.624046666666666,8.805524771982643,39.360699999999994
0.0,12.883333333333333,77.57564102564103,23.659679917398037,52.46501149856854,3.1840578213732575,123.14483503074108,3.0,11.478668982024686,45.03139813206927,36.608029286150085,5.603337400854179,0.9451621532829586,103.2829459801943,39.360699999999994,Satisfactory,2.624046666666666,8.805524771982643,39.360699999999994
0.0,12.883333333333333,77.58461538461539,23.659679917398037,52.46501149856854,3.1840578213732575,123.14483503074108,3.053297671463837,11.478668982024686,45.03139813206927,36.608029286150085,5.603337400854179,0.9451621532829586,103.2829459801943,39.5278,Satisfactory,2.635186666666667,8.854714290139464,39.52779999999999
0.0,12.883333333333333,77.59358974358975,23.659679917398037,52.46501149856854,3.1840578213732575,123.14483503074108,3.060721711231854,11.478668982024686,45.03139813206927,36.608029286150085,5.603337400854179,0.9451621532829586,103.2829459801943,40.12149999999999,Satisfactory,2.674766666666666,9.216885414824247,40.12149999999999
0.0,12.883333333333333,77.6025641025641,23.659679917398037,52.46501149856854,3.1840578213732575,123.14483503074108,3.0,11.478668982024686,45.03139813206927,36.608029286150085,5.603337400854179,0.9451621532829586,103.2829459801943,40.12149999999999,Satisfactory,2.674766666666666,9.216885414824247,40.12149999999999
0.0,12.883333333333333,77.61153846153846,23.659679917398037,52.46501149856854,3.1840578213732575,123.14483503074108,3.0,11.478668982024686,45.03139813206927,36.608029286150085,5.603337400854179,0.9451621532829586,103.2829459801943,40.12149999999999,Satisfactory,2.674766666666666,9.216885414824247,40.12149999999999
0.0,12.883333333333333,77.62051282051281,23.659679917398037,52.46501149856854,3.1840578213732575,123.14483503074108,3.0,11.478668982024686,45.03139813206927,36.608029286150085,5.603337400854179,0.9451621532829586,103.2829459801943,40.12149999999999,Satisfactory,2.674766666666666,9.216885414824247,40.12149999999999
0.0,12.883333333333333,77.62948717948719,23.659679917398037,52.46501149856854,3.1840578213732575,123.14483503074108,3.0,11.478668982024686,45.03139813206927,36.608029286150085,5.603337400854179,0.9451621532829586,103.2829459801943,40.12149999999999,Satisfactory,2.674766666666666,9.216885414824247,40.12149999999999
0.0,12.883333333333333,77.63846153846154,23.659679917398037,52.46501149856854,3.1840578213732575,123.14483503074108,3.0,11.478668982024686,45.03139813206927,36.608029286150085,5.603337400854179,0.9451621532829586,103.2829459801943,40.018299999999996,Satisfactory,2.6678866666666665,9.17220693780946,40.01829999999999
0.0,12.883333333333333,77.6474358974359,23.659679917398037,52.46501149856854,3.1840578213732575,123.14483503074108,3.0,11.478668982024686,45.03139813206927,36.608029286150085,5.603337400854179,0.9451621532829586,103.2829459801943,40.018299999999996,Satisfactory,2.6678866666666665,9.17220693780946,40.01829999999999
0.0,12.883333333333333,77.65641025641025,23.659679917398037,52.46501149856854,3.1840578213732575,123.14483503074108,3.0,11.478668982024686,45.03139813206927,36.608029286150085,5.603337400854179,0.9451621532829586,103.2829459801943,40.018299999999996,Satisfactory,2.6678866666666665,9.17220693780946,40.01829999999999
0.0,12.883333333333333,77.66538461538461,23.659679917398037,52.46501149856854,3.1840578213732575,123.14483503074108,3.0,11.478668982024686,45.03139813206927,36.608029286150085,5.603337400854179,0.9451621532829586,103.2829459801943,40.018299999999996,Satisfactory,2.6678866666666665,9.17220693780946,40.01829999999999
0.0,12.883333333333333,77.67435897435897,23.659679917398037,52.46501149856854,3.1840578213732575,123.14483503074108,3.0,11.478668982024686,45.03139813206927,36.608029286150085,5.603337400854179,0.9451621532829586,103.2829459801943,40.018299999999996,Satisfactory,2.6678866666666665,9.17220693780946,40.01829999999999
0.0,12.883333333333333,77.68333333333334,23.659679917398037,52.46501149856854,3.1840578213732575,123.14483503074108,3.0,11.478668982024686,45.03139813206927,36.608029286150085,5.603337400854179,0.9451621532829586,103.2829459801943,40.018299999999996,Satisfactory,2.6678866666666665,9.17220693780946,40.01829999999999
0.0,12.883333333333333,77.6923076923077,23.659679917398037,52.46501149856854,3.1840578213732575,123.14483503074108,3.0,11.478668982024686,45.03139813206927,36.608029286150085,5.603337400854179,0.9451621532829586,103.2829459801943,40.018299999999996,Satisfactory,2.6678866666666665,9.17220693780946,40.01829999999999
0.0,12.883333333333333,77.70128205128205,23.659679917398037,52.46501149856854,3.1840578213732575,123.14483503074108,3.0,11.478668982024686,45.03139813206927,36.608029286150085,5.603337400854179,0.9451621532829586,103.2829459801943,40.018299999999996,Satisfactory,2.6678866666666665,9.17220693780946,40.01829999999999
0.0,12.883333333333333,77.7102564102564,23.659679917398037,52.46501149856854,3.1840578213732575,123.14483503074108,3.0,11.478668982024686,45.03139813206927,36.608029286150085,5.603337400854179,0.9451621532829586,103.2829459801943,40.018299999999996,Satisfactory,2.6678866666666665,9.17220693780946,40.01829999999999
0.0,12.883333333333333,77.71923076923076,23.659679917398037,52.46501149856854,3.1840578213732575,123.14483503074108,3.0,11.478668982024686,45.03139813206927,36.608029286150085,5.603337400854179,0.9451621532829586,103.2829459801943,40.018299999999996,Satisfactory,2.6678866666666665,9.17220693780946,40.01829999999999
0.0,12.883333333333333,77.72820512820513,23.659679917398037,52.46501149856854,3.1840578213732575,123.14483503074108,3.0,11.478668982024686,45.03139813206927,36.608029286150085,5.603337400854179,0.9451621532829586,103.2829459801943,40.018299999999996,Satisfactory,2.6678866666666665,9.17220693780946,40.01829999999999
0.0,12.883333333333333,77.73717948717949,23.659679917398037,52.46501149856854,3.1840578213732575,123.14483503074108,3.0,11.478668982024686,45.03139813206927,36.608029286150085,5.603337400854179,0.9451621532829586,103.2829459801943,40.018299999999996,Satisfactory,2.6678866666666665,9.17220693780946,40.01829999999999
0.0,12.883333333333333,77.74615384615385,23.659679917398037,52.46501149856854,3.1840578213732575,123.14483503074108,3.0,11.478668982024686,45.03139813206927,36.608029286150085,5.603337400854179,0.9451621532829586,103.2829459801943,40.018299999999996,Satisfactory,2.6678866666666665,9.17220693780946,40.01829999999999
0.0,12.883333333333333,77.7551282051282,23.659679917398037,52.46501149856854,3.1840578213732575,123.14483503074108,3.0,11.478668982024686,45.03139813206927,36.608029286150085,5.603337400854179,0.9451621532829586,103.2829459801943,40.018299999999996,Satisfactory,2.6678866666666665,9.17220693780946,40.01829999999999
0.0,12.883333333333333,77.76410256410256,23.659679917398037,52.46501149856854,3.1840578213732575,123.14483503074108,3.0,11.478668982024686,45.03139813206927,36.608029286150085,5.603337400854179,0.9451621532829586,103.2829459801943,40.018299999999996,Satisfactory,2.6678866666666665,9.17220693780946,40.01829999999999
0.0,12.883333333333333,77.77307692307691,23.659679917398037,52.46501149856854,3.1840578213732575,123.14483503074108,3.0,11.478668982024686,45.03139813206927,36.608029286150085,5.603337400854179,0.9451621532829586,103.2829459801943,40.018299999999996,Satisfactory,2.6678866666666665,9.17220693780946,40.01829999999999
0.0,12.883333333333333,77.78205128205128,23.659679917398037,52.46501149856854,3.1840578213732575,123.14483503074108,3.0,11.478668982024686,45.03139813206927,36.608029286150085,5.603337400854179,0.9451621532829586,103.2829459801943,40.018299999999996,Satisfactory,2.6678866666666665,9.17220693780946,40.01829999999999
0.0,12.883333333333333,77.79102564102564,23.659679917398037,52.46501149856854,3.1840578213732575,123.14483503074108,3.0,11.478668982024686,45.03139813206927,36.608029286150085,5.603337400854179,0.9451621532829586,103.2829459801943,40.018299999999996,Satisfactory,2.6678866666666665,9.17220693780946,40.01829999999999
0.0,12.883333333333333,77.8,23.659679917398037,52.46501149856854,3.1840578213732575,123.14483503074108,3.0,11.478668982024686,45.03139813206927,36.608029286150085,5.603337400854179,0.9451621532829586,103.2829459801943,40.018299999999996,Satisfactory,2.6678866666666665,9.17220693780946,40.01829999999999
0.0,12.893589743589743,77.45,23.659679917398037,52.46501149856854,3.1840578213732575,123.14483503074108,3.0,11.478668982024686,45.03139813206927,36.608029286150085,5.603337400854179,0.9451621532829586,103.2829459801943,39.503499999999995,Satisfactory,2.6335666666666664,8.766070542152852,39.503499999999995
0.0,12.893589743589743,77.45897435897436,23.659679917398037,52.46501149856854,3.1840578213732575,123.14483503074108,3.0,11.478668982024686,45.03139813206927,36.608029286150085,5.603337400854179,0.9451621532829586,103.2829459801943,39.503499999999995,Satisfactory,2.6335666666666664,8.766070542152852,39.503499999999995
0.0,12.893589743589743,77.46794871794872,23.659679917398037,52.46501149856854,3.1840578213732575,123.14483503074108,3.0,11.478668982024686,45.03139813206927,36.608029286150085,5.603337400854179,0.9451621532829586,103.2829459801943,39.503499999999995,Satisfactory,2.6335666666666664,8.766070542152852,39.503499999999995
0.0,12.893589743589743,77.47692307692309,23.659679917398037,52.46501149856854,3.1840578213732575,123.14483503074108,3.0,11.478668982024686,45.03139813206927,36.608029286150085,5.603337400854179,0.9451621532829586,103.2829459801943,39.503499999999995,Satisfactory,2.6335666666666664,8.766070542152852,39.503499999999995
0.0,12.893589743589743,77.48589743589744,23.659679917398037,52.46501149856854,3.1840578213732575,123.14483503074108,3.0,11.478668982024686,45.03139813206927,36.608029286150085,5.603337400854179,0.9451621532829586,103.2829459801943,39.503499999999995,Satisfactory,2.6335666666666664,8.766070542152852,39.503499999999995
0.0,12.893589743589743,77.4948717948718,23.659679917398037,52.46501149856854,3.1840578213732575,123.14483503074108,3.0,11.478668982024686,45.03139813206927,36.608029286150085,5.603337400854179,0.9451621532829586,103.2829459801943,39.503499999999995,Satisfactory,2.6335666666666664,8.766070542152852,39.503499999999995
0.0,12.893589743589743,77.50384615384615,23.659679917398037,52.46501149856854,3.1840578213732575,123.14483503074108,3.0,11.478668982024686,45.03139813206927,36.608029286150085,5.603337400854179,0.9451621532829586,103.2829459801943,39.503499999999995,Satisfactory,2.6335666666666664,8.766070542152852,39.503499999999995
0.0,12.893589743589743,77.51282051282051,23.659679917398037,52.46501149856854,3.1840578213732575,123.14483503074108,3.0,11.478668982024686,45.03139813206927,36.608029286150085,5.603337400854179,0.9451621532829586,103.2829459801943,39.503499999999995,Satisfactory,2.6335666666666664,8.766070542152852,39.503499999999995
0.0,12.893589743589743,77.52179487179487,23.659679917398037,52.46501149856854,3.1840578213732575,123.14483503074108,3.0,11.478668982024686,45.03139813206927,36.608029286150085,5.603337400854179,0.9451621532829586,103.2829459801943,39.503499999999995,Satisfactory,2.6335666666666664,8.766070542152852,39.503499999999995
0.0,12.893589743589743,77.53076923076924,23.659679917398037,52.46501149856854,3.1840578213732575,123.14483503074108,3.0,11.478668982024686,45.03139813206927,36.608029286150085,5.603337400854179,0.9451621532829586,103.2829459801943,39.503499999999995,Satisfactory,2.6335666666666664,8.766070542152852,39.503499999999995
0.0,12.893589743589743,77.5397435897436,23.659679917398037,52.46501149856854,3.1840578213732575,123.14483503074108,3.0,11.478668982024686,45.03139813206927,36.608029286150085,5.603337400854179,0.9451621532829586,103.2829459801943,39.503499999999995,Satisfactory,2.6335666666666664,8.766070542152852,39.503499999999995
0.0,12.893589743589743,77.54871794871795,23.659679917398037,52.46501149856854,3.1840578213732575,123.14483503074108,3.0520863366398725,11.478668982024686,45.03139813206927,36.608029286150085,5.603337400854179,0.9451621532829586,103.2829459801943,39.503499999999995,Satisfactory,2.6335666666666664,8.766070542152852,39.503499999999995
0.0,12.893589743589743,77.5576923076923,23.659679917398037,52.46501149856854,3.1840578213732575,123.14483503074108,3.3632228221558655,11.478668982024686,45.03139813206927,36.608029286150085,5.603337400854179,0.9451621532829586,103.2829459801943,39.503499999999995,Satisfactory,2.6335666666666664,8.766070542152852,39.503499999999995
0.0,12.893589743589743,77.56666666666666,23.659679917398037,52.46501149856854,3.1840578213732575,123.14483503074108,3.608519806304101,11.478668982024686,45.03139813206927,36.608029286150085,5.603337400854179,0.9451621532829586,103.2829459801943,39.503499999999995,Satisfactory,2.6335666666666664,8.766070542152852,39.503499999999995
0.0,12.893589743589743,77.57564102564103,23.659679917398037,52.46501149856854,3.1840578213732575,123.14483503074108,3.7801826756996837,11.478668982024686,45.03139813206927,36.608029286150085,5.603337400854179,0.9451621532829586,103.2829459801943,39.503499999999995,Satisfactory,2.6335666666666664,8.766070542152852,39.503499999999995
0.0,12.893589743589743,77.58461538461539,23.659679917398037,52.46501149856854,3.1840578213732575,123.14483503074108,3.872020173651208,11.478668982024686,45.03139813206927,36.608029286150085,5.603337400854179,0.9451621532829586,103.2829459801943,39.68129999999999,Satisfactory,2.6454199999999997,8.798591325320206,39.68129999999999
0.0,12.893589743589743,77.59358974358975,23.659679917398037,52.46501149856854,3.1840578213732575,123.14483503074108,3.8804373783891233,11.478668982024686,45.03139813206927,36.608029286150085,5.603337400854179,0.9451621532829586,103.2829459801943,40.2071,Satisfactory,2.680473333333333,9.140529229207685,40.2071
0.0,12.893589743589743,77.6025641025641,23.659679917398037,52.46501149856854,3.1840578213732575,123.14483503074108,3.80509424359789,11.478668982024686,45.03139813206927,36.608029286150085,5.603337400854179,0.9451621532829586,103.2829459801943,40.2071,Satisfactory,2.680473333333333,9.140529229207685,40.2071
0.0,12.893589743589743,77.61153846153846,23.659679917398037,52.46501149856854,3.1840578213732575,123.14483503074108,3.6489710514910403,11.478668982024686,45.03139813206927,36.608029286150085,5.603337400854179,0.9451621532829586,103.2829459801943,40.2071,Satisfactory,2.680473333333333,9.140529229207685,40.2071
0.0,12.893589743589743,77.62051282051281,23.659679917398037,52.46501149856854,3.1840578213732575,123.14483503074108,3.417813372282625,11.478668982024686,45.03139813206927,36.608029286150085,5.603337400854179,0.9451621532829586,103.2829459801943,40.2071,Satisfactory,2.680473333333333,9.140529229207685,40.2071
0.0,12.893589743589743,77.62948717948719,23.659679917398037,52.46501149856854,3.1840578213732575,123.14483503074108,3.1191792914929826,11.478668982024686,45.03139813206927,36.608029286150085,5.603337400854179,0.9451621532829586,103.2829459801943,40.2071,Satisfactory,2.680473333333333,9.140529229207685,40.2071
0.0,12.893589743589743,77.63846153846154,23.659679917398037,52.46501149856854,3.1840578213732575,123.14483503074108,3.0,11.478668982024686,45.03139813206927,36.608029286150085,5.603337400854179,0.9451621532829586,103.2829459801943,40.103899999999996,Satisfactory,2.6735933333333333,9.096446877215303,40.103899999999996
0.0,12.893589743589743,77.6474358974359,23.659679917398037,52.46501149856854,3.1840578213732575,123.14483503074108,3.0,11.478668982024686,45.03139813206927,36.608029286150085,5.603337400854179,0.9451621532829586,103.2829459801943,40.103899999999996,Satisfactory,2.6735933333333333,9.096446877215303,40.103899999999996
0.0,12.893589743589743,77.65641025641025,23.659679917398037,52.46501149856854,3.1840578213732575,123.14483503074108,3.0,11.478668982024686,45.03139813206927,36.608029286150085,5.603337400854179,0.9451621532829586,103.2829459801943,40.103899999999996,Satisfactory,2.6735933333333333,9.096446877215303,40.103899999999996
0.0,12.893589743589743,77.66538461538461,23.659679917398037,52.46501149856854,3.1840578213732575,123.14483503074108,3.0,11.478668982024686,45.03139813206927,36.608029286150085,5.603337400854179,0.9451621532829586,103.2829459801943,40.103899999999996,Satisfactory,2.6735933333333333,9.096446877215303,40.103899999999996
0.0,12.893589743589743,77.67435897435897,23.659679917398037,52.46501149856854,3.1840578213732575,123.14483503074108,3.0,11.478668982024686,45.03139813206927,36.608029286150085,5.603337400854179,0.9451621532829586,103.2829459801943,40.103899999999996,Satisfactory,2.6735933333333333,9.096446877215303,40.103899999999996
0.0,12.893589743589743,77.68333333333334,23.659679917398037,52.46501149856854,3.1840578213732575,123.14483503074108,3.0,11.478668982024686,45.03139813206927,36.608029286150085,5.603337400854179,0.9451621532829586,103.2829459801943,40.103899999999996,Satisfactory,2.6735933333333333,9.096446877215303,40.103899999999996
0.0,12.893589743589743,77.6923076923077,23.659679917398037,52.46501149856854,3.1840578213732575,123.14483503074108,3.0,11.478668982024686,45.03139813206927,36.608029286150085,5.603337400854179,0.9451621532829586,103.2829459801943,40.103899999999996,Satisfactory,2.6735933333333333,9.096446877215303,40.103899999999996
0.0,12.893589743589743,77.70128205128205,23.659679917398037,52.46501149856854,3.1840578213732575,123.14483503074108,3.0,11.478668982024686,45.03139813206927,36.608029286150085,5.603337400854179,0.9451621532829586,103.2829459801943,40.103899999999996,Satisfactory,2.6735933333333333,9.096446877215303,40.103899999999996
0.0,12.893589743589743,77.7102564102564,23.659679917398037,52.46501149856854,3.1840578213732575,123.14483503074108,3.0,11.478668982024686,45.03139813206927,36.608029286150085,5.603337400854179,0.9451621532829586,103.2829459801943,40.103899999999996,Satisfactory,2.6735933333333333,9.096446877215303,40.103899999999996
0.0,12.893589743589743,77.71923076923076,23.659679917398037,52.46501149856854,3.1840578213732575,123.14483503074108,3.0,11.478668982024686,45.03139813206927,36.608029286150085,5.603337400854179,0.9451621532829586,103.2829459801943,40.103899999999996,Satisfactory,2.6735933333333333,9.096446877215303,40.103899999999996
0.0,12.893589743589743,77.72820512820513,23.659679917398037,52.46501149856854,3.1840578213732575,123.14483503074108,3.0,11.478668982024686,45.03139813206927,36.608029286150085,5.603337400854179,0.9451621532829586,103.2829459801943,40.103899999999996,Satisfactory,2.6735933333333333,9.096446877215303,40.103899999999996
0.0,12.893589743589743,77.73717948717949,23.659679917398037,52.46501149856854,3.1840578213732575,123.14483503074108,3.0,11.478668982024686,45.03139813206927,36.608029286150085,5.603337400854179,0.9451621532829586,103.2829459801943,40.103899999999996,Satisfactory,2.6735933333333333,9.096446877215303,40.103899999999996
0.0,12.893589743589743,77.74615384615385,23.659679917398037,52.46501149856854,3.1840578213732575,123.14483503074108,3.0,11.478668982024686,45.03139813206927,36.608029286150085,5.603337400854179,0.9451621532829586,103.2829459801943,40.103899999999996,Satisfactory,2.6735933333333333,9.096446877215303,40.103899999999996
0.0,12.893589743589743,77.7551282051282,23.659679917398037,52.46501149856854,3.1840578213732575,123.14483503074108,3.0,11.478668982024686,45.03139813206927,36.608029286150085,5.603337400854179,0.9451621532829586,103.2829459801943,40.103899999999996,Satisfactory,2.6735933333333333,9.096446877215303,40.103899999999996
0.0,12.893589743589743,77.76410256410256,23.659679917398037,52.46501149856854,3.1840578213732575,123.14483503074108,3.0,11.478668982024686,45.03139813206927,36.608029286150085,5.603337400854179,0.9451621532829586,103.2829459801943,40.103899999999996,Satisfactory,2.6735933333333333,9.096446877215303,40.103899999999996
0.0,12.893589743589743,77.77307692307691,23.659679917398037,52.46501149856854,3.1840578213732575,123.14483503074108,3.0,11.478668982024686,45.03139813206927,36.608029286150085,5.603337400854179,0.9451621532829586,103.2829459801943,40.103899999999996,Satisfactory,2.6735933333333333,9.096446877215303,40.103899999999996
0.0,12.893589743589743,77.78205128205128,23.659679917398037,52.46501149856854,3.1840578213732575,123.14483503074108,3.0,11.478668982024686,45.03139813206927,36.608029286150085,5.603337400854179,0.9451621532829586,103.2829459801943,40.103899999999996,Satisfactory,2.6735933333333333,9.096446877215303,40.103899999999996
0.0,12.893589743589743,77.79102564102564,23.659679917398037,52.46501149856854,3.1840578213732575,123.14483503074108,3.0,11.478668982024686,45.03139813206927,36.608029286150085,5.603337400854179,0.9451621532829586,103.2829459801943,40.103899999999996,Satisfactory,2.6735933333333333,9.096446877215303,40.103899999999996
0.0,12.893589743589743,77.8,23.659679917398037,52.46501149856854,3.1840578213732575,123.14483503074108,3.0,11.478668982024686,45.03139813206927,36.608029286150085,5.603337400854179,0.9451621532829586,103.2829459801943,40.103899999999996,Satisfactory,2.6735933333333333,9.096446877215303,40.103899999999996
0.0,12.903846153846153,77.45,23.659679917398037,52.46501149856854,3.1840578213732575,123.14483503074108,3.0,11.478668982024686,45.03139813206927,36.608029286150085,5.603337400854179,0.9451621532829586,103.2829459801943,39.503499999999995,Satisfactory,2.6335666666666664,8.766070542152852,39.503499999999995
0.0,12.903846153846153,77.45897435897436,23.659679917398037,52.46501149856854,3.1840578213732575,123.14483503074108,3.0,11.478668982024686,45.03139813206927,36.608029286150085,5.603337400854179,0.9451621532829586,103.2829459801943,39.503499999999995,Satisfactory,2.6335666666666664,8.766070542152852,39.503499999999995
0.0,12.903846153846153,77.46794871794872,23.659679917398037,52.46501149856854,3.1840578213732575,123.14483503074108,3.0,11.478668982024686,45.03139813206927,36.608029286150085,5.603337400854179,0.9451621532829586,103.2829459801943,39.503499999999995,Satisfactory,2.6335666666666664,8.766070542152852,39.503499999999995
0.0,12.903846153846153,77.47692307692309,23.659679917398037,52.46501149856854,3.1840578213732575,123.14483503074108,3.0,11.478668982024686,45.03139813206927,36.608029286150085,5.603337400854179,0.9451621532829586,103.2829459801943,39.503499999999995,Satisfactory,2.6335666666666664,8.766070542152852,39.503499999999995
0.0,12.903846153846153,77.48589743589744,23.659679917398037,52.46501149856854,3.1840578213732575,123.14483503074108,3.0,11.478668982024686,45.03139813206927,36.608029286150085,5.603337400854179,0.9451621532829586,103.2829459801943,39.503499999999995,Satisfactory,2.6335666666666664,8.766070542152852,39.503499999999995
0.0,12.903846153846153,77.4948717948718,23.659679917398037,52.46501149856854,3.1840578213732575,123.14483503074108,3.0,11.478668982024686,45.03139813206927,36.608029286150085,5.603337400854179,0.9451621532829586,103.2829459801943,39.503499999999995,Satisfactory,2.6335666666666664,8.766070542152852,39.503499999999995
0.0,12.903846153846153,77.50384615384615,23.659679917398037,52.46501149856854,3.1840578213732575,123.14483503074108,3.0,11.478668982024686,45.03139813206927,36.608029286150085,5.603337400854179,0.9451621532829586,103.2829459801943,39.503499999999995,Satisfactory,2.6335666666666664,8.766070542152852,39.503499999999995
0.0,12.903846153846153,77.51282051282051,23.659679917398037,52.46501149856854,3.1840578213732575,123.14483503074108,3.0,11.478668982024686,45.03139813206927,36.608029286150085,5.603337400854179,0.9451621532829586,103.2829459801943,39.503499999999995,Satisfactory,2.6335666666666664,8.766070542152852,39.503499999999995
0.0,12.903846153846153,77.52179487179487,23.659679917398037,52.46501149856854,3.1840578213732575,123.14483503074108,3.0,11.478668982024686,45.03139813206927,36.608029286150085,5.603337400854179,0.9451621532829586,103.2829459801943,39.503499999999995,Satisfactory,2.6335666666666664,8.766070542152852,39.503499999999995
0.0,12.903846153846153,77.53076923076924,23.659679917398037,52.46501149856854,3.1840578213732575,123.14483503074108,3.0,11.478668982024686,45.03139813206927,36.608029286150085,5.603337400854179,0.9451621532829586,103.2829459801943,39.503499999999995,Satisfactory,2.6335666666666664,8.766070542152852,39.503499999999995
0.0,12.903846153846153,77.5397435897436,23.659679917398037,52.46501149856854,3.1840578213732575,123.14483503074108,3.3537195327034564,11.478668982024686,45.03139813206927,36.608029286150085,5.603337400854179,0.9451621532829586,103.2829459801943,39.503499999999995,Satisfactory,2.6335666666666664,8.766070542152852,39.503499999999995
0.0,12.903846153846153,77.54871794871795,23.659679917398037,52.46501149856854,3.1840578213732575,123.14483503074108,3.761775063240652,11.478668982024686,45.03139813206927,36.608029286150085,5.603337400854179,0.9451621532829586,103.2829459801943,39.503499999999995,Satisfactory,2.6335666666666664,8.766070542152852,39.503499999999995
0.0,12.903846153846153,77.5576923076923,23.659679917398037,52.46501149856854,3.1840578213732575,123.14483503074108,4.110283759258637,11.478668982024686,45.03139813206927,36.608029286150085,5.603337400854179,0.9451621532829586,103.2829459801943,39.503499999999995,Satisfactory,2.6335666666666664,8.766070542152852,39.503499999999995
0.0,12.903846153846153,77.56666666666666,23.659679917398037,52.46501149856854,3.1840578213732575,123.14483503074108,4.388140668681478,11.478668982024686,45.03139813206927,36.608029286150085,5.603337400854179,0.9451621532829586,103.2829459801943,39.503499999999995,Satisfactory,2.6335666666666664,8.766070542152852,39.503499999999995
0.0,12.903846153846153,77.57564102564103,23.659679917398037,52.46501149856854,3.1840578213732575,123.14483503074108,4.584459986689586,11.478668982024686,45.03139813206927,36.608029286150085,5.603337400854179,0.9451621532829586,103.2829459801943,39.921600000000005,Satisfactory,2.6614400000000002,8.807807868022554,39.9216
0.0,12.903846153846153,77.58461538461539,23.659679917398037,52.46501149856854,3.1840578213732575,123.14483503074108,4.6901899431111875,11.478668982024686,45.03139813206927,36.608029286150085,5.603337400854179,0.9451621532829586,103.2829459801943,40.0994,Satisfactory,2.6732933333333335,8.831761978223824,40.0994
0.0,12.903846153846153,77.59358974358975,23.659679917398037,52.46501149856854,3.1840578213732575,123.14483503074108,4.699906343476863,11.478668982024686,45.03139813206927,36.608029286150085,5.603337400854179,0.9451621532829586,103.2829459801943,40.6252,Satisfactory,2.7083466666666665,9.148464951017738,40.6252
0.0,12.903846153846153,77.6025641025641,23.659679917398037,52.46501149856854,3.1840578213732575,123.14483503074108,4.613089622167098,11.478668982024686,45.03139813206927,36.608029286150085,5.603337400854179,0.9451621532829586,103.2829459801943,40.6252,Satisfactory,2.7083466666666665,9.148464951017738,40.6252
0.0,12.903846153846153,77.61153846153846,23.659679917398037,52.46501149856854,3.1840578213732575,123.14483503074108,4.434255234660986,11.478668982024686,45.03139813206927,36.608029286150085,5.603337400854179,0.9451621532829586,103.2829459801943,40.2071,Satisfactory,2.680473333333333,9.140529229207685,40.2071
0.0,12.903846153846153,77.62051282051281,23.659679917398037,52.46501149856854,3.1840578213732575,123.14483503074108,4.171867632748786,11.478668982024686,45.03139813206927,36.608029286150085,5.603337400854179,0.9451621532829586,103.2829459801943,40.2071,Satisfactory,2.680473333333333,9.140529229207685,40.2071
0.0,12.903846153846153,77.62948717948719,23.659679917398037,52.46501149856854,3.1840578213732575,123.14483503074108,3.8365886304158785,11.478668982024686,45.03139813206927,36.608029286150085,5.603337400854179,0.9451621532829586,103.2829459801943,40.2071,Satisfactory,2.680473333333333,9.140529229207685,40.2071
0.0,12.903846153846153,77.63846153846154,23.659679917398037,52.46501149856854,3.1840578213732575,123.14483503074108,3.4395843687736782,11.478668982024686,45.03139813206927,36.608029286150085,5.603337400854179,0.9451621532829586,103.2829459801943,40.103899999999996,Satisfactory,2.6735933333333333,9.096446877215303,40.103899999999996
0.0,12.903846153846153,77.6474358974359,23.659679917398037,52.46501149856854,3.1840578213732575,123.14483503074108,3.0,11.478668982024686,45.03139813206927,36.608029286150085,5.603337400854179,0.9451621532829586,103.2829459801943,40.103899999999996,Satisfactory,2.6735933333333333,9.096446877215303,40.103899999999996
0.0,12.903846153846153,77.65641025641025,23.659679917398037,52.46501149856854,3.1840578213732575,123.14483503074108,3.0,11.478668982024686,45.03139813206927,36.608029286150085,5.603337400854179,0.9451621532829586,103.2829459801943,40.103899999999996,Satisfactory,2.6735933333333333,9.096446877215303,40.103899999999996
0.0,12.903846153846153,77.66538461538461,23.659679917398037,52.46501149856854,3.1840578213732575,123.14483503074108,3.0,11.478668982024686,45.03139813206927,36.608029286150085,5.603337400854179,0.9451621532829586,103.2829459801943,40.103899999999996,Satisfactory,2.6735933333333333,9.096446877215303,40.103899999999996
0.0,12.903846153846153,77.67435897435897,23.659679917398037,52.46501149856854,3.1840578213732575,123.14483503074108,3.0,11.478668982024686,45.03139813206927,36.608029286150085,5.603337400854179,0.9451621532829586,103.2829459801943,40.103899999999996,Satisfactory,2.6735933333333333,9.096446877215303,40.103899999999996
0.0,12.903846153846153,77.68333333333334,23.659679917398037,52.46501149856854,3.1840578213732575,123.14483503074108,3.0,11.478668982024686,45.03139813206927,36.608029286150085,5.603337400854179,0.9451621532829586,103.2829459801943,40.103899999999996,Satisfactory,2.6735933333333333,9.096446877215303,40.103899999999996
0.0,12.903846153846153,77.6923076923077,23.659679917398037,52.46501149856854,3.1840578213732575,123.14483503074108,3.0,11.478668982024686,45.03139813206927,36.608029286150085,5.603337400854179,0.9451621532829586,103.2829459801943,40.103899999999996,Satisfactory,2.6735933333333333,9.096446877215303,40.103899999999996
0.0,12.903846153846153,77.70128205128205,23.659679917398037,52.46501149856854,3.1840578213732575,123.14483503074108,3.0,11.478668982024686,45.03139813206927,36.608029286150085,5.603337400854179,0.9451621532829586,103.2829459801943,40.103899999999996,Satisfactory,2.6735933333333333,9.096446877215303,40.103899999999996
0.0,12.903846153846153,77.7102564102564,23.659679917398037,52.46501149856854,3.1840578213732575,123.14483503074108,3.0,11.478668982024686,45.03139813206927,36.608029286150085,5.603337400854179,0.9451621532829586,103.2829459801943,40.103899999999996,Satisfactory,2.6735933333333333,9.096446877215303,40.103899999999996
0.0,12.903846153846153,77.71923076923076,23.659679917398037,52.46501149856854,3.1840578213732575,123.14483503074108,3.0,11.478668982024686,45.03139813206927,36.608029286150085,5.603337400854179,0.9451621532829586,103.2829459801943,40.103899999999996,Satisfactory,2.6735933333333333,9.096446877215303,40.103899999999996
0.0,12.903846153846153,77.72820512820513,23.659679917398037,52.46501149856854,3.1840578213732575,123.14483503074108,3.0,11.478668982024686,45.03139813206927,36.608029286150085,5.603337400854179,0.9451621532829586,103.2829459801943,40.103899999999996,Satisfactory,2.6735933333333333,9.096446877215303,40.103899999999996
0.0,12.903846153846153,77.73717948717949,23.659679917398037,52.46501149856854,3.1840578213732575,123.14483503074108,3.0,11.478668982024686,45.03139813206927,36.608029286150085,5.603337400854179,0.9451621532829586,103.2829459801943,40.103899999999996,Satisfactory,2.6735933333333333,9.096446877215303,40.103899999999996
0.0,12.903846153846153,77.74615384615385,23.659679917398037,52.46501149856854,3.1840578213732575,123.14483503074108,3.0,11.478668982024686,45.03139813206927,36.608029286150085,5.603337400854179,0.9451621532829586,103.2829459801943,40.103899999999996,Satisfactory,2.6735933333333333,9.096446877215303,40.103899999999996
0.0,12.903846153846153,77.7551282051282,23.659679917398037,52.46501149856854,3.1840578213732575,123.14483503074108,3.0,11.478668982024686,45.03139813206927,36.608029286150085,5.603337400854179,0.9451621532829586,103.2829459801943,40.103899999999996,Satisfactory,2.6735933333333333,9.096446877215303,40.103899999999996
0.0,12.903846153846153,77.76410256410256,23.659679917398037,52.46501149856854,3.1840578213732575,123.14483503074108,3.0,11.478668982024686,45.03139813206927,36.608029286150085,5.603337400854179,0.9451621532829586,103.2829459801943,40.103899999999996,Satisfactory,2.6735933333333333,9.096446877215303,40.103899999999996
0.0,12.903846153846153,77.77307692307691,23.659679917398037,52.46501149856854,3.1840578213732575,123.14483503074108,3.0,11.478668982024686,45.03139813206927,36.608029286150085,5.603337400854179,0.9451621532829586,103.2829459801943,40.103899999999996,Satisfactory,2.6735933333333333,9.096446877215303,40.103899999999996
0.0,12.903846153846153,77.78205128205128,23.659679917398037,52.46501149856854,3.1840578213732575,123.14483503074108,3.0,11.478668982024686,45.03139813206927,36.608029286150085,5.603337400854179,0.9451621532829586,103.2829459801943,40.103899999999996,Satisfactory,2.6735933333333333,9.096446877215303,40.103899999999996
0.0,12.903846153846153,77.79102564102564,23.659679917398037,52.46501149856854,3.1840578213732575,123.14483503074108,3.0,11.478668982024686,45.03139813206927,36.608029286150085,5.603337400854179,0.9451621532829586,103.2829459801943,40.103899999999996,Satisfactory,2.6735933333333333,9.096446877215303,40.103899999999996
0.0,12.903846153846153,77.8,23.659679917398037,52.46501149856854,3.1840578213732575,123.14483503074108,3.0,11.478668982024686,45.03139813206927,36.608029286150085,5.603337400854179,0.9451621532829586,103.2829459801943,40.103899999999996,Satisfactory,2.6735933333333333,9.096446877215303,40.103899999999996
0.0,12.914102564102564,77.45,23.659679917398037,52.46501149856854,3.1840578213732575,123.14483503074108,3.0,11.478668982024686,45.03139813206927,36.608029286150085,5.603337400854179,0.9451621532829586,103.2829459801943,39.5355,Satisfactory,2.6357,8.727841929709772,39.5355
0.0,12.914102564102564,77.45897435897436,23.659679917398037,52.46501149856854,3.1840578213732575,123.14483503074108,3.0,11.478668982024686,45.03139813206927,36.608029286150085,5.603337400854179,0.9451621532829586,103.2829459801943,39.5355,Satisfactory,2.6357,8.727841929709772,39.5355
0.0,12.914102564102564,77.46794871794872,23.659679917398037,52.46501149856854,3.1840578213732575,123.14483503074108,3.0,11.478668982024686,45.03139813206927,36.608029286150085,5.603337400854179,0.9451621532829586,103.2829459801943,39.5355,Satisfactory,2.6357,8.727841929709772,39.5355
0.0,12.914102564102564,77.47692307692309,23.659679917398037,52.46501149856854,3.1840578213732575,123.14483503074108,3.0,11.478668982024686,45.03139813206927,36.608029286150085,5.603337400854179,0.9451621532829586,103.2829459801943,39.5355,Satisfactory,2.6357,8.727841929709772,39.5355
0.0,12.914102564102564,77.48589743589744,23.659679917398037,52.46501149856854,3.1840578213732575,123.14483503074108,3.0,11.478668982024686,45.03139813206927,36.608029286150085,5.603337400854179,0.9451621532829586,103.2829459801943,39.5355,Satisfactory,2.6357,8.727841929709772,39.5355
0.0,12.914102564102564,77.4948717948718,23.659679917398037,52.46501149856854,3.1840578213732575,123.14483503074108,3.0,11.478668982024686,45.03139813206927,36.608029286150085,5.603337400854179,0.9451621532829586,103.2829459801943,39.5355,Satisfactory,2.6357,8.727841929709772,39.5355
0.0,12.914102564102564,77.50384615384615,23.659679917398037,52.46501149856854,3.1840578213732575,123.14483503074108,3.0,11.478668982024686,45.03139813206927,36.608029286150085,5.603337400854179,0.9451621532829586,103.2829459801943,39.5355,Satisfactory,2.6357,8.727841929709772,39.5355
0.0,12.914102564102564,77.51282051282051,23.659679917398037,52.46501149856854,3.1840578213732575,123.14483503074108,3.0,11.478668982024686,45.03139813206927,36.608029286150085,5.603337400854179,0.9451621532829586,103.2829459801943,39.5355,Satisfactory,2.6357,8.727841929709772,39.5355
0.0,12.914102564102564,77.52179487179487,23.659679917398037,52.46501149856854,3.1840578213732575,123.14483503074108,3.0,11.478668982024686,45.03139813206927,36.608029286150085,5.603337400854179,0.9451621532829586,103.2829459801943,39.5355,Satisfactory,2.6357,8.727841929709772,39.5355
0.0,12.914102564102564,77.53076923076924,23.659679917398037,52.46501149856854,3.1840578213732575,123.14483503074108,3.4846360710326882,11.478668982024686,45.03139813206927,36.608029286150085,5.603337400854179,0.9451621532829586,103.2829459801943,39.5355,Satisfactory,2.6357,8.727841929709772,39.5355
0.0,12.914102564102564,77.5397435897436,23.659679917398037,52.46501149856854,3.1840578213732575,123.14483503074108,3.986558995440367,11.478668982024686,45.03139813206927,36.608029286150085,5.603337400854179,0.9451621532829586,103.2829459801943,39.5355,Satisfactory,2.6357,8.727841929709772,39.5355
0.0,12.914102564102564,77.54871794871795,23.659679917398037,52.46501149856854,3.1840578213732575,123.14483503074108,4.440874256957504,11.478668982024686,45.03139813206927,36.608029286150085,5.603337400854179,0.9451621532829586,103.2829459801943,39.5355,Satisfactory,2.6357,8.727841929709772,39.5355
0.0,12.914102564102564,77.5576923076923,23.659679917398037,52.46501149856854,3.1840578213732575,123.14483503074108,4.835003769429819,11.478668982024686,45.03139813206927,36.608029286150085,5.603337400854179,0.9451621532829586,103.2829459801943,39.95360000000001,Satisfactory,2.663573333333334,8.768235457604911,39.9536
0.0,12.914102564102564,77.56666666666666,23.659679917398037,52.46501149856854,3.1840578213732575,123.14483503074108,5.154239603544313,11.478668982024686,45.03139813206927,36.608029286150085,5.603337400854179,0.9451621532829586,103.2829459801943,40.041500000000006,Satisfactory,2.6694333333333335,8.736473931169257,40.0415
0.0,12.914102564102564,77.57564102564103,23.659679917398037,52.46501149856854,3.1840578213732575,123.14483503074108,5.38302021867999,11.478668982024686,45.03139813206927,36.608029286150085,5.603337400854179,0.9451621532829586,103.2829459801943,40.041500000000006,Satisfactory,2.6694333333333335,8.736473931169257,40.0415
0.0,12.914102564102564,77.58461538461539,23.659679917398037,52.46501149856854,3.1840578213732575,123.14483503074108,5.507504979903796,11.478668982024686,45.03139813206927,36.608029286150085,5.603337400854179,0.9451621532829586,103.2829459801943,42.55680000000001,Satisfactory,2.8371200000000005,9.113361386447924,42.5568
0.0,12.914102564102564,77.59358974358975,23.659679917398037,52.46501149856854,3.1840578213732575,123.14483503074108,5.5189932567258495,11.478668982024686,45.03139813206927,36.608029286150085,5.603337400854179,0.9451621532829586,103.2829459801943,42.76940000000001,Satisfactory,2.851293333333334,9.306007395225944,42.769400000000005
0.0,12.914102564102564,77.6025641025641,23.659679917398037,52.46501149856854,3.1840578213732575,123.14483503074108,5.4166352878965185,11.478668982024686,45.03139813206927,36.608029286150085,5.603337400854179,0.9451621532829586,103.2829459801943,40.68770000000001,Satisfactory,2.7125133333333338,9.087257546146693,40.6877
0.0,12.914102564102564,77.61153846153846,23.659679917398037,52.46501149856854,3.1840578213732575,123.14483503074108,5.207720431960356,11.478668982024686,45.03139813206927,36.608029286150085,5.603337400854179,0.9451621532829586,103.2829459801943,40.68770000000001,Satisfactory,2.7125133333333338,9.087257546146693,40.6877
0.0,12.914102564102564,77.62051282051281,23.659679917398037,52.46501149856854,3.1840578213732575,123.14483503074108,4.905340486788852,11.478668982024686,45.03139813206927,36.608029286150085,5.603337400854179,0.9451621532829586,103.2829459801943,40.68770000000001,Satisfactory,2.7125133333333338,9.087257546146693,40.6877
0.0,12.914102564102564,77.62948717948719,23.659679917398037,52.46501149856854,3.1840578213732575,123.14483503074108,4.52495950918439,11.478668982024686,45.03139813206927,36.608029286150085,5.603337400854179,0.9451621532829586,103.2829459801943,40.68770000000001,Satisfactory,2.7125133333333338,9.087257546146693,40.6877
0.0,12.914102564102564,77.63846153846154,23.659679917398037,52.46501149856854,3.1840578213732575,123.14483503074108,4.081598026511695,11.478668982024686,45.03139813206927,36.608029286150085,5.603337400854179,0.9451621532829586,103.2829459801943,40.1663,Satisfactory,2.6777533333333334,9.038586466367402,40.1663
0.0,12.914102564102564,77.6474358974359,23.659679917398037,52.46501149856854,3.1840578213732575,123.14483503074108,3.5883078530922985,11.478668982024686,45.03139813206927,36.608029286150085,5.603337400854179,0.9451621532829586,103.2829459801943,40.1663,Satisfactory,2.6777533333333334,9.038586466367402,40.1663
0.0,12.914102564102564,77.65641025641025,23.659679917398037,52.46501149856854,3.1840578213732575,123.14483503074108,3.055720975014518,11.478668982024686,45.03139813206927,36.608029286150085,5.603337400854179,0.9451621532829586,103.2829459801943,40.1663,Satisfactory,2.6777533333333334,9.038586466367402,40.1663
0.0,12.914102564102564,77.66538461538461,23.659679917398037,52.46501149856854,3.1840578213732575,123.14483503074108,3.0,11.478668982024686,45.03139813206927,36.608029286150085,5.603337400854179,0.9451621532829586,103.2829459801943,40.1663,Satisfactory,2.6777533333333334,9.038586466367402,40.1663
0.0,12.914102564102564,77.67435897435897,23.659679917398037,52.46501149856854,3.1840578213732575,123.14483503074108,3.0,11.478668982024686,45.03139813206927,36.608029286150085,5.603337400854179,0.9451621532829586,103.2829459801943,40.1802,Satisfactory,2.67868,9.033297402388566,40.18019999999999
0.0,12.914102564102564,77.68333333333334,23.659679917398037,52.46501149856854,3.1840578213732575,123.14483503074108,3.0,11.478668982024686,45.03139813206927,36.608029286150085,5.603337400854179,0.9451621532829586,103.2829459801943,40.1802,Satisfactory,2.67868,9.033297402388566,40.18019999999999
0.0,12.914102564102564,77.6923076923077,23.659679917398037,52.46501149856854,3.1840578213732575,123.14483503074108,3.0,11.478668982024686,45.03139813206927,36.608029286150085,5.603337400854179,0.9451621532829586,103.2829459801943,40.1802,Satisfactory,2.67868,9.033297402388566,40.18019999999999
0.0,12.914102564102564,77.70128205128205,23.659679917398037,52.46501149856854,3.1840578213732575,123.14483503074108,3.0,11.478668982024686,45.03139813206927,36.608029286150085,5.603337400854179,0.9451621532829586,103.2829459801943,40.1802,Satisfactory,2.67868,9.033297402388566,40.18019999999999
0.0,12.914102564102564,77.7102564102564,23.659679917398037,52.46501149856854,3.1840578213732575,123.14483503074108,3.0,11.478668982024686,45.03139813206927,36.608029286150085,5.603337400854179,0.9451621532829586,103.2829459801943,40.1802,Satisfactory,2.67868,9.033297402388566,40.18019999999999
0.0,12.914102564102564,77.71923076923076,23.659679917398037,52.46501149856854,3.1840578213732575,123.14483503074108,3.0,11.478668982024686,45.03139813206927,36.608029286150085,5.603337400854179,0.9451621532829586,103.2829459801943,40.1802,Satisfactory,2.67868,9.033297402388566,40.18019999999999
0.0,12.914102564102564,77.72820512820513,23.659679917398037,52.46501149856854,3.1840578213732575,123.14483503074108,3.0,11.478668982024686,45.03139813206927,36.608029286150085,5.603337400854179,0.9451621532829586,103.2829459801943,40.1802,Satisfactory,2.67868,9.033297402388566,40.18019999999999
0.0,12.914102564102564,77.73717948717949,23.659679917398037,52.46501149856854,3.1840578213732575,123.14483503074108,3.0,11.478668982024686,45.03139813206927,36.608029286150085,5.603337400854179,0.9451621532829586,103.2829459801943,40.1802,Satisfactory,2.67868,9.033297402388566,40.18019999999999
0.0,12.914102564102564,77.74615384615385,23.659679917398037,52.46501149856854,3.1840578213732575,123.14483503074108,3.0,11.478668982024686,45.03139813206927,36.608029286150085,5.603337400854179,0.9451621532829586,103.2829459801943,40.1802,Satisfactory,2.67868,9.033297402388566,40.18019999999999
0.0,12.914102564102564,77.7551282051282,23.659679917398037,52.46501149856854,3.1840578213732575,123.14483503074108,3.0,11.478668982024686,45.03139813206927,36.608029286150085,5.603337400854179,0.9451621532829586,103.2829459801943,40.1802,Satisfactory,2.67868,9.033297402388566,40.18019999999999
0.0,12.914102564102564,77.76410256410256,23.659679917398037,52.46501149856854,3.1840578213732575,123.14483503074108,3.0,11.478668982024686,45.03139813206927,36.608029286150085,5.603337400854179,0.9451621532829586,103.2829459801943,40.1802,Satisfactory,2.67868,9.033297402388566,40.18019999999999
0.0,12.914102564102564,77.77307692307691,23.659679917398037,52.46501149856854,3.1840578213732575,123.14483503074108,3.0,11.478668982024686,45.03139813206927,36.608029286150085,5.603337400854179,0.9451621532829586,103.2829459801943,40.1802,Satisfactory,2.67868,9.033297402388566,40.18019999999999
0.0,12.914102564102564,77.78205128205128,23.659679917398037,52.46501149856854,3.1840578213732575,123.14483503074108,3.0,11.478668982024686,45.03139813206927,36.608029286150085,5.603337400854179,0.9451621532829586,103.2829459801943,40.1802,Satisfactory,2.67868,9.033297402388566,40.18019999999999
0.0,12.914102564102564,77.79102564102564,23.659679917398037,52.46501149856854,3.1840578213732575,123.14483503074108,3.0,11.478668982024686,45.03139813206927,36.608029286150085,5.603337400854179,0.9451621532829586,103.2829459801943,40.1802,Satisfactory,2.67868,9.033297402388566,40.18019999999999
0.0,12.914102564102564,77.8,23.659679917398037,52.46501149856854,3.1840578213732575,123.14483503074108,3.0,11.478668982024686,45.03139813206927,36.608029286150085,5.603337400854179,0.9451621532829586,103.2829459801943,40.1802,Satisfactory,2.67868,9.033297402388566,40.18019999999999
0.0,12.924358974358974,77.45,23.659679917398037,52.46501149856854,3.1840578213732575,123.14483503074108,3.0,11.478668982024686,45.03139813206927,36.608029286150085,5.603337400854179,0.9451621532829586,103.2829459801943,39.5355,Satisfactory,2.6357,8.727841929709772,39.5355
0.0,12.924358974358974,77.45897435897436,23.659679917398037,52.46501149856854,3.1840578213732575,123.14483503074108,3.0,11.478668982024686,45.03139813206927,36.608029286150085,5.603337400854179,0.9451621532829586,103.2829459801943,39.5355,Satisfactory,2.6357,8.727841929709772,39.5355
0.0,12.924358974358974,77.46794871794872,23.659679917398037,52.46501149856854,3.1840578213732575,123.14483503074108,3.0,11.478668982024686,45.03139813206927,36.608029286150085,5.603337400854179,0.9451621532829586,103.2829459801943,39.5355,Satisfactory,2.6357,8.727841929709772,39.5355
0.0,12.924358974358974,77.47692307692309,23.659679917398037,52.46501149856854,3.1840578213732575,123.14483503074108,3.0,11.478668982024686,45.03139813206927,36.608029286150085,5.603337400854179,0.9451621532829586,103.2829459801943,39.5355,Satisfactory,2.6357,8.727841929709772,39.5355
0.0,12.924358974358974,77.48589743589744,23.659679917398037,52.46501149856854,3.1840578213732575,123.14483503074108,3.0,11.478668982024686,45.03139813206927,36.608029286150085,5.603337400854179,0.9451621532829586,103.2829459801943,39.5355,Satisfactory,2.6357,8.727841929709772,39.5355
0.0,12.924358974358974,77.4948717948718,23.659679917398037,52.46501149856854,3.1840578213732575,123.14483503074108,3.0,11.478668982024686,45.03139813206927,36.608029286150085,5.603337400854179,0.9451621532829586,103.2829459801943,39.5355,Satisfactory,2.6357,8.727841929709772,39.5355
0.0,12.924358974358974,77.50384615384615,23.659679917398037,52.46501149856854,3.1840578213732575,123.14483503074108,3.0,11.478668982024686,45.03139813206927,36.608029286150085,5.603337400854179,0.9451621532829586,103.2829459801943,39.5355,Satisfactory,2.6357,8.727841929709772,39.5355
0.0,12.924358974358974,77.51282051282051,23.659679917398037,52.46501149856854,3.1840578213732575,123.14483503074108,3.0,11.478668982024686,45.03139813206927,36.608029286150085,5.603337400854179,0.9451621532829586,103.2829459801943,39.5355,Satisfactory,2.6357,8.727841929709772,39.5355
0.0,12.924358974358974,77.52179487179487,23.659679917398037,52.46501149856854,3.1840578213732575,123.14483503074108,3.4346155097906745,11.478668982024686,45.03139813206927,36.608029286150085,5.603337400854179,0.9451621532829586,103.2829459801943,39.5355,Satisfactory,2.6357,8.727841929709772,39.5355
0.0,12.924358974358974,77.53076923076924,23.659679917398037,52.46501149856854,3.1840578213732575,123.14483503074108,4.017953663712412,11.478668982024686,45.03139813206927,36.608029286150085,5.603337400854179,0.9451621532829586,103.2829459801943,39.5355,Satisfactory,2.6357,8.727841929709772,39.5355
0.0,12.924358974358974,77.5397435897436,23.659679917398037,52.46501149856854,3.1840578213732575,123.14483503074108,4.568942648256918,11.478668982024686,45.03139813206927,36.608029286150085,5.603337400854179,0.9451621532829586,103.2829459801943,39.95360000000001,Satisfactory,2.663573333333334,8.768235457604911,39.9536
0.0,12.924358974358974,77.54871794871795,23.659679917398037,52.46501149856854,3.1840578213732575,123.14483503074108,5.076709406346078,11.478668982024686,45.03139813206927,36.608029286150085,5.603337400854179,0.9451621532829586,103.2829459801943,40.041500000000006,Satisfactory,2.6694333333333335,8.736473931169257,40.0415
0.0,12.924358974358974,77.5576923076923,23.659679917398037,52.46501149856854,3.1840578213732575,123.14483503074108,5.526511729711634,11.478668982024686,45.03139813206927,36.608029286150085,5.603337400854179,0.9451621532829586,103.2829459801943,42.37900000000001,Satisfactory,2.8252666666666673,9.138088804558643,42.379000000000005
0.0,12.924358974358974,77.56666666666666,23.659679917398037,52.46501149856854,3.1840578213732575,123.14483503074108,5.899231162030491,11.478668982024686,45.03139813206927,36.608029286150085,5.603337400854179,0.9451621532829586,103.2829459801943,42.37900000000001,Satisfactory,2.8252666666666673,9.138088804558643,42.379000000000005
0.0,12.924358974358974,77.57564102564103,23.659679917398037,52.46501149856854,3.1840578213732575,123.14483503074108,6.172283507922618,11.478668982024686,45.03139813206927,36.608029286150085,5.603337400854179,0.9451621532829586,103.2829459801943,42.406900000000014,Satisfactory,2.8271266666666675,9.104387150709268,42.40690000000001
0.0,12.924358974358974,77.58461538461539,23.659679917398037,52.46501149856854,3.1840578213732575,123.14483503074108,6.323395214577367,11.478668982024686,45.03139813206927,36.608029286150085,5.603337400854179,0.9451621532829586,103.2829459801943,42.58470000000001,Satisfactory,2.8389800000000007,9.079021583298498,42.584700000000005
0.0,12.924358974358974,77.59358974358975,23.659679917398037,52.46501149856854,3.1840578213732575,123.14483503074108,6.33744178532657,11.478668982024686,45.03139813206927,36.608029286150085,5.603337400854179,0.9451621532829586,103.2829459801943,42.797300000000014,Satisfactory,2.853153333333334,9.271741352626268,42.79730000000001
0.0,12.924358974358974,77.6025641025641,23.659679917398037,52.46501149856854,3.1840578213732575,123.14483503074108,6.21289776652929,11.478668982024686,45.03139813206927,36.608029286150085,5.603337400854179,0.9451621532829586,103.2829459801943,42.797300000000014,Satisfactory,2.853153333333334,9.271741352626268,42.79730000000001
0.0,12.924358974358974,77.61153846153846,23.659679917398037,52.46501149856854,3.1840578213732575,123.14483503074108,5.962568303877618,11.478668982024686,45.03139813206927,36.608029286150085,5.603337400854179,0.9451621532829586,103.2829459801943,42.76940000000001,Satisfactory,2.851293333333334,9.306007395225944,42.769400000000005
0.0,12.924358974358974,77.62051282051281,23.659679917398037,52.46501149856854,3.1840578213732575,123.14483503074108,5.607908607718157,11.478668982024686,45.03139813206927,36.608029286150085,5.603337400854179,0.9451621532829586,103.2829459801943,42.76940000000001,Satisfactory,2.851293333333334,9.306007395225944,42.769400000000005
0.0,12.924358974358974,77.62948717948719,23.659679917398037,52.46501149856854,3.1840578213732575,123.14483503074108,5.171855468332183,11.478668982024686,45.03139813206927,36.608029286150085,5.603337400854179,0.9451621532829586,103.2829459801943,40.68770000000001,Satisfactory,2.7125133333333338,9.087257546146693,40.6877
0.0,12.924358974358974,77.63846153846154,23.659679917398037,52.46501149856854,3.1840578213732575,123.14483503074108,4.674364529711625,11.478668982024686,45.03139813206927,36.608029286150085,5.603337400854179,0.9451621532829586,103.2829459801943,40.5828,Satisfactory,2.70552,9.05005713573124,40.5828
0.0,12.924358974358974,77.6474358974359,23.659679917398037,52.46501149856854,3.1840578213732575,123.14483503074108,4.131038641350473,11.478668982024686,45.03139813206927,36.608029286150085,5.603337400854179,0.9451621532829586,103.2829459801943,40.1663,Satisfactory,2.6777533333333334,9.038586466367402,40.1663
0.0,12.924358974358974,77.65641025641025,23.659679917398037,52.46501149856854,3.1840578213732575,123.14483503074108,3.553456552581319,11.478668982024686,45.03139813206927,36.608029286150085,5.603337400854179,0.9451621532829586,103.2829459801943,40.1663,Satisfactory,2.6777533333333334,9.038586466367402,40.1663
0.0,12.924358974358974,77.66538461538461,23.659679917398037,52.46501149856854,3.1840578213732575,123.14483503074108,3.0,11.478668982024686,45.03139813206927,36.608029286150085,5.603337400854179,0.9451621532829586,103.2829459801943,40.1663,Satisfactory,2.6777533333333334,9.038586466367402,40.1663
0.0,12.924358974358974,77.67435897435897,23.659679917398037,52.46501149856854,3.1840578213732575,123.14483503074108,3.0,11.478668982024686,45.03139813206927,36.608029286150085,5.603337400854179,0.9451621532829586,103.2829459801943,40.1802,Satisfactory,2.67868,9.033297402388566,40.18019999999999
0.0,12.924358974358974,77.68333333333334,23.659679917398037,52.46501149856854,3.1840578213732575,123.14483503074108,3.0,11.478668982024686,45.03139813206927,36.608029286150085,5.603337400854179,0.9451621532829586,103.2829459801943,40.1802,Satisfactory,2.67868,9.033297402388566,40.18019999999999
0.0,12.924358974358974,77.6923076923077,23.659679917398037,52.46501149856854,3.1840578213732575,123.14483503074108,3.0,11.478668982024686,45.03139813206927,36.608029286150085,5.603337400854179,0.9451621532829586,103.2829459801943,40.1802,Satisfactory,2.67868,9.033297402388566,40.18019999999999
0.0,12.924358974358974,77.70128205128205,23.659679917398037,52.46501149856854,3.1840578213732575,123.14483503074108,3.0,11.478668982024686,45.03139813206927,36.608029286150085,5.603337400854179,0.9451621532829586,103.2829459801943,40.1802,Satisfactory,2.67868,9.033297402388566,40.18019999999999
0.0,12.924358974358974,77.7102564102564,23.659679917398037,52.46501149856854,3.1840578213732575,123.14483503074108,3.0,11.478668982024686,45.03139813206927,36.608029286150085,5.603337400854179,0.9451621532829586,103.2829459801943,40.1802,Satisfactory,2.67868,9.033297402388566,40.18019999999999
0.0,12.924358974358974,77.71923076923076,23.659679917398037,52.46501149856854,3.1840578213732575,123.14483503074108,3.0,11.478668982024686,45.03139813206927,36.608029286150085,5.603337400854179,0.9451621532829586,103.2829459801943,40.1802,Satisfactory,2.67868,9.033297402388566,40.18019999999999
0.0,12.924358974358974,77.72820512820513,23.659679917398037,52.46501149856854,3.1840578213732575,123.14483503074108,3.0,11.478668982024686,45.03139813206927,36.608029286150085,5.603337400854179,0.9451621532829586,103.2829459801943,40.1802,Satisfactory,2.67868,9.033297402388566,40.18019999999999
0.0,12.924358974358974,77.73717948717949,23.659679917398037,52.46501149856854,3.1840578213732575,123.14483503074108,3.0,11.478668982024686,45.03139813206927,36.608029286150085,5.603337400854179,0.9451621532829586,103.2829459801943,40.1802,Satisfactory,2.67868,9.033297402388566,40.18019999999999
0.0,12.924358974358974,77.74615384615385,23.659679917398037,52.46501149856854,3.1840578213732575,123.14483503074108,3.0,11.478668982024686,45.03139813206927,36.608029286150085,5.603337400854179,0.9451621532829586,103.2829459801943,40.1802,Satisfactory,2.67868,9.033297402388566,40.18019999999999
0.0,12.924358974358974,77.7551282051282,23.659679917398037,52.46501149856854,3.1840578213732575,123.14483503074108,3.0,11.478668982024686,45.03139813206927,36.608029286150085,5.603337400854179,0.9451621532829586,103.2829459801943,40.1802,Satisfactory,2.67868,9.033297402388566,40.18019999999999
0.0,12.924358974358974,77.76410256410256,23.659679917398037,52.46501149856854,3.1840578213732575,123.14483503074108,3.0,11.478668982024686,45.03139813206927,36.608029286150085,5.603337400854179,0.9451621532829586,103.2829459801943,40.1802,Satisfactory,2.67868,9.033297402388566,40.18019999999999
0.0,12.924358974358974,77.77307692307691,23.659679917398037,52.46501149856854,3.1840578213732575,123.14483503074108,3.0,11.478668982024686,45.03139813206927,36.608029286150085,5.603337400854179,0.9451621532829586,103.2829459801943,40.1802,Satisfactory,2.67868,9.033297402388566,40.18019999999999
0.0,12.924358974358974,77.78205128205128,23.659679917398037,52.46501149856854,3.1840578213732575,123.14483503074108,3.0,11.478668982024686,45.03139813206927,36.608029286150085,5.603337400854179,0.9451621532829586,103.2829459801943,40.1802,Satisfactory,2.67868,9.033297402388566,40.18019999999999
0.0,12.924358974358974,77.79102564102564,23.659679917398037,52.46501149856854,3.1840578213732575,123.14483503074108,3.0,11.478668982024686,45.03139813206927,36.608029286150085,5.603337400854179,0.9451621532829586,103.2829459801943,40.1802,Satisfactory,2.67868,9.033297402388566,40.18019999999999
0.0,12.924358974358974,77.8,23.659679917398037,52.46501149856854,3.1840578213732575,123.14483503074108,3.0,11.478668982024686,45.03139813206927,36.608029286150085,5.603337400854179,0.9451621532829586,103.2829459801943,40.1802,Satisfactory,2.67868,9.033297402388566,40.18019999999999
0.0,12.934615384615384,77.45,23.659679917398037,52.46501149856854,3.1840578213732575,123.14483503074108,3.0,11.478668982024686,45.03139813206927,36.608029286150085,5.603337400854179,0.9451621532829586,103.2829459801943,39.5355,Satisfactory,2.6357,8.727841929709772,39.5355
0.0,12.934615384615384,77.45897435897436,23.659679917398037,52.46501149856854,3.1840578213732575,123.14483503074108,3.0,11.478668982024686,45.03139813206927,36.608029286150085,5.603337400854179,0.9451621532829586,103.2829459801943,39.5355,Satisfactory,2.6357,8.727841929709772,39.5355
0.0,12.934615384615384,77.46794871794872,23.659679917398037,52.46501149856854,3.1840578213732575,123.14483503074108,3.0,11.478668982024686,45.03139813206927,36.608029286150085,5.603337400854179,0.9451621532829586,103.2829459801943,39.5355,Satisfactory,2.6357,8.727841929709772,39.5355
0.0,12.934615384615384,77.47692307692309,23.659679917398037,52.46501149856854,3.1840578213732575,123.14483503074108,3.0,11.478668982024686,45.03139813206927,36.608029286150085,5.603337400854179,0.9451621532829586,103.2829459801943,39.5355,Satisfactory,2.6357,8.727841929709772,39.5355
0.0,12.934615384615384,77.48589743589744,23.659679917398037,52.46501149856854,3.1840578213732575,123.14483503074108,3.0,11.478668982024686,45.03139813206927,36.608029286150085,5.603337400854179,0.9451621532829586,103.2829459801943,39.5355,Satisfactory,2.6357,8.727841929709772,39.5355
0.0,12.934615384615384,77.4948717948718,23.659679917398037,52.46501149856854,3.1840578213732575,123.14483503074108,3.0,11.478668982024686,45.03139813206927,36.608029286150085,5.603337400854179,0.9451621532829586,103.2829459801943,39.5355,Satisfactory,2.6357,8.727841929709772,39.5355
0.0,12.934615384615384,77.50384615384615,23.659679917398037,52.46501149856854,3.1840578213732575,123.14483503074108,3.0,11.478668982024686,45.03139813206927,36.608029286150085,5.603337400854179,0.9451621532829586,103.2829459801943,39.5355,Satisfactory,2.6357,8.727841929709772,39.5355
0.0,12.934615384615384,77.51282051282051,23.659679917398037,52.46501149856854,3.1840578213732575,123.14483503074108,3.2076540737295485,11.478668982024686,45.03139813206927,36.608029286150085,5.603337400854179,0.9451621532829586,103.2829459801943,39.5355,Satisfactory,2.6357,8.727841929709772,39.5355
0.0,12.934615384615384,77.52179487179487,23.659679917398037,52.46501149856854,3.1840578213732575,123.14483503074108,3.8529952558879232,11.478668982024686,45.03139813206927,36.608029286150085,5.603337400854179,0.9451621532829586,103.2829459801943,39.5355,Satisfactory,2.6357,8.727841929709772,39.5355
0.0,12.934615384615384,77.53076923076924,23.659679917398037,52.46501149856854,3.1840578213732575,123.14483503074108,4.480373908556217,11.478668982024686,45.03139813206927,36.608029286150085,5.603337400854179,0.9451621532829586,103.2829459801943,39.5355,Satisfactory,2.6357,8.727841929709772,39.5355
0.0,12.934615384615384,77.5397435897436,23.659679917398037,52.46501149856854,3.1840578213732575,123.14483503074108,5.082909622777125,11.478668982024686,45.03139813206927,36.608029286150085,5.603337400854179,0.9451621532829586,103.2829459801943,40.041500000000006,Satisfactory,2.6694333333333335,8.736473931169257,40.0415
0.0,12.934615384615384,77.54871794871795,23.659679917398037,52.46501149856854,3.1840578213732575,123.14483503074108,5.650266204764204,11.478668982024686,45.03139813206927,36.608029286150085,5.603337400854179,0.9451621532829586,103.2829459801943,42.37900000000001,Satisfactory,2.8252666666666673,9.138088804558643,42.379000000000005
0.0,12.934615384615384,77.5576923076923,23.659679917398037,52.46501149856854,3.1840578213732575,123.14483503074108,6.166791014794158,11.478668982024686,45.03139813206927,36.608029286150085,5.603337400854179,0.9451621532829586,103.2829459801943,42.406900000000014,Satisfactory,2.8271266666666675,9.104387150709268,42.40690000000001
0.0,12.934615384615384,77.56666666666666,23.659679917398037,52.46501149856854,3.1840578213732575,123.14483503074108,6.6091743067038955,11.478668982024686,45.03139813206927,36.608029286150085,5.603337400854179,0.9451621532829586,103.2829459801943,45.6623,Satisfactory,3.0441533333333335,10.679145551494278,45.662300000000016
0.0,12.934615384615384,77.57564102564103,23.659679917398037,52.46501149856854,3.1840578213732575,123.14483503074108,6.945035619916922,11.478668982024686,45.03139813206927,36.608029286150085,5.603337400854179,0.9451621532829586,103.2829459801943,45.6623,Satisfactory,3.0441533333333335,10.679145551494278,45.662300000000016
0.0,12.934615384615384,77.58461538461539,23.659679917398037,52.46501149856854,3.1840578213732575,123.14483503074108,7.136642430982848,11.478668982024686,45.03139813206927,36.608029286150085,5.603337400854179,0.9451621532829586,103.2829459801943,45.898300000000006,Satisfactory,3.059886666666667,10.652760116983766,45.89830000000002
0.0,12.934615384615384,77.59358974358975,23.659679917398037,52.46501149856854,3.1840578213732575,123.14483503074108,7.154700983072775,11.478668982024686,45.03139813206927,36.608029286150085,5.603337400854179,0.9451621532829586,103.2829459801943,45.81360000000001,Satisfactory,3.0542400000000005,10.685528767449929,45.813600000000015
0.0,12.934615384615384,77.6025641025641,23.659679917398037,52.46501149856854,3.1840578213732575,123.14483503074108,6.996079703684858,11.478668982024686,45.03139813206927,36.608029286150085,5.603337400854179,0.9451621532829586,103.2829459801943,45.81360000000001,Satisfactory,3.0542400000000005,10.685528767449929,45.813600000000015
0.0,12.934615384615384,77.61153846153846,23.659679917398037,52.46501149856854,3.1840578213732575,123.14483503074108,6.686052426378947,11.478668982024686,45.03139813206927,36.608029286150085,5.603337400854179,0.9451621532829586,103.2829459801943,45.81360000000001,Satisfactory,3.0542400000000005,10.685528767449929,45.813600000000015
0.0,12.934615384615384,77.62051282051281,23.659679917398037,52.46501149856854,3.1840578213732575,123.14483503074108,6.262104787716559,11.478668982024686,45.03139813206927,36.608029286150085,5.603337400854179,0.9451621532829586,103.2829459801943,42.797300000000014,Satisfactory,2.853153333333334,9.271741352626268,42.79730000000001
0.0,12.934615384615384,77.62948717948719,23.659679917398037,52.46501149856854,3.1840578213732575,123.14483503074108,5.758258206994554,11.478668982024686,45.03139813206927,36.608029286150085,5.603337400854179,0.9451621532829586,103.2829459801943,42.76940000000001,Satisfactory,2.851293333333334,9.306007395225944,42.769400000000005
0.0,12.934615384615384,77.63846153846154,23.659679917398037,52.46501149856854,3.1840578213732575,123.14483503074108,5.199605538890696,11.478668982024686,45.03139813206927,36.608029286150085,5.603337400854179,0.9451621532829586,103.2829459801943,40.5828,Satisfactory,2.70552,9.05005713573124,40.5828
0.0,12.934615384615384,77.6474358974359,23.659679917398037,52.46501149856854,3.1840578213732575,123.14483503074108,4.603139685967728,11.478668982024686,45.03139813206927,36.608029286150085,5.603337400854179,0.9451621532829586,103.2829459801943,40.5828,Satisfactory,2.70552,9.05005713573124,40.5828
0.0,12.934615384615384,77.65641025641025,23.659679917398037,52.46501149856854,3.1840578213732575,123.14483503074108,3.980090014019151,11.478668982024686,45.03139813206927,36.608029286150085,5.603337400854179,0.9451621532829586,103.2829459801943,40.1663,Satisfactory,2.6777533333333334,9.038586466367402,40.1663
0.0,12.934615384615384,77.66538461538461,23.659679917398037,52.46501149856854,3.1840578213732575,123.14483503074108,3.337910841736268,11.478668982024686,45.03139813206927,36.608029286150085,5.603337400854179,0.9451621532829586,103.2829459801943,40.1663,Satisfactory,2.6777533333333334,9.038586466367402,40.1663
0.0,12.934615384615384,77.67435897435897,23.659679917398037,52.46501149856854,3.1840578213732575,123.14483503074108,3.0,11.478668982024686,45.03139813206927,36.608029286150085,5.603337400854179,0.9451621532829586,103.2829459801943,40.1802,Satisfactory,2.67868,9.033297402388566,40.18019999999999
0.0,12.934615384615384,77.68333333333334,23.659679917398037,52.46501149856854,3.1840578213732575,123.14483503074108,3.0,11.478668982024686,45.03139813206927,36.608029286150085,5.603337400854179,0.9451621532829586,103.2829459801943,40.1802,Satisfactory,2.67868,9.033297402388566,40.18019999999999
0.0,12.934615384615384,77.6923076923077,23.659679917398037,52.46501149856854,3.1840578213732575,123.14483503074108,3.0,11.478668982024686,45.03139813206927,36.608029286150085,5.603337400854179,0.9451621532829586,103.2829459801943,40.1802,Satisfactory,2.67868,9.033297402388566,40.18019999999999
0.0,12.934615384615384,77.70128205128205,23.659679917398037,52.46501149856854,3.1840578213732575,123.14483503074108,3.0,11.478668982024686,45.03139813206927,36.608029286150085,5.603337400854179,0.9451621532829586,103.2829459801943,40.1802,Satisfactory,2.67868,9.033297402388566,40.18019999999999
0.0,12.934615384615384,77.7102564102564,23.659679917398037,52.46501149856854,3.1840578213732575,123.14483503074108,3.0,11.478668982024686,45.03139813206927,36.608029286150085,5.603337400854179,0.9451621532829586,103.2829459801943,40.1802,Satisfactory,2.67868,9.033297402388566,40.18019999999999
0.0,12.934615384615384,77.71923076923076,23.659679917398037,52.46501149856854,3.1840578213732575,123.14483503074108,3.0,11.478668982024686,45.03139813206927,36.608029286150085,5.603337400854179,0.9451621532829586,103.2829459801943,40.1802,Satisfactory,2.67868,9.033297402388566,40.18019999999999
0.0,12.934615384615384,77.72820512820513,23.659679917398037,52.46501149856854,3.1840578213732575,123.14483503074108,3.0,11.478668982024686,45.03139813206927,36.608029286150085,5.603337400854179,0.9451621532829586,103.2829459801943,40.1802,Satisfactory,2.67868,9.033297402388566,40.18019999999999
0.0,12.934615384615384,77.73717948717949,23.659679917398037,52.46501149856854,3.1840578213732575,123.14483503074108,3.0,11.478668982024686,45.03139813206927,36.608029286150085,5.603337400854179,0.9451621532829586,103.2829459801943,40.1802,Satisfactory,2.67868,9.033297402388566,40.18019999999999
0.0,12.934615384615384,77.74615384615385,23.659679917398037,52.46501149856854,3.1840578213732575,123.14483503074108,3.0,11.478668982024686,45.03139813206927,36.608029286150085,5.603337400854179,0.9451621532829586,103.2829459801943,40.1802,Satisfactory,2.67868,9.033297402388566,40.18019999999999
0.0,12.934615384615384,77.7551282051282,23.659679917398037,52.46501149856854,3.1840578213732575,123.14483503074108,3.0,11.478668982024686,45.03139813206927,36.608029286150085,5.603337400854179,0.9451621532829586,103.2829459801943,40.1802,Satisfactory,2.67868,9.033297402388566,40.18019999999999
0.0,12.934615384615384,77.76410256410256,23.659679917398037,52.46501149856854,3.1840578213732575,123.14483503074108,3.0,11.478668982024686,45.03139813206927,36.608029286150085,5.603337400854179,0.9451621532829586,103.2829459801943,40.1802,Satisfactory,2.67868,9.033297402388566,40.18019999999999
0.0,12.934615384615384,77.77307692307691,23.659679917398037,52.46501149856854,3.1840578213732575,123.14483503074108,3.0,11.478668982024686,45.03139813206927,36.608029286150085,5.603337400854179,0.9451621532829586,103.2829459801943,40.1802,Satisfactory,2.67868,9.033297402388566,40.18019999999999
0.0,12.934615384615384,77.78205128205128,23.659679917398037,52.46501149856854,3.1840578213732575,123.14483503074108,3.0,11.478668982024686,45.03139813206927,36.608029286150085,5.603337400854179,0.9451621532829586,103.2829459801943,40.1802,Satisfactory,2.67868,9.033297402388566,40.18019999999999
0.0,12.934615384615384,77.79102564102564,23.659679917398037,52.46501149856854,3.1840578213732575,123.14483503074108,3.0,11.478668982024686,45.03139813206927,36.608029286150085,5.603337400854179,0.9451621532829586,103.2829459801943,40.1802,Satisfactory,2.67868,9.033297402388566,40.18019999999999
0.0,12.934615384615384,77.8,23.659679917398037,52.46501149856854,3.1840578213732575,123.14483503074108,3.0,11.478668982024686,45.03139813206927,36.608029286150085,5.603337400854179,0.9451621532829586,103.2829459801943,40.1802,Satisfactory,2.67868,9.033297402388566,40.18019999999999
0.0,12.944871794871794,77.45,23.659679917398037,52.46501149856854,3.1840578213732575,123.14483503074108,3.0,11.478668982024686,45.03139813206927,36.608029286150085,5.603337400854179,0.9451621532829586,103.2829459801943,39.5355,Satisfactory,2.6357,8.727841929709772,39.5355
0.0,12.944871794871794,77.45897435897436,23.659679917398037,52.46501149856854,3.1840578213732575,123.14483503074108,3.0,11.478668982024686,45.03139813206927,36.608029286150085,5.603337400854179,0.9451621532829586,103.2829459801943,39.5355,Satisfactory,2.6357,8.727841929709772,39.5355
0.0,12.944871794871794,77.46794871794872,23.659679917398037,52.46501149856854,3.1840578213732575,123.14483503074108,3.0,11.478668982024686,45.03139813206927,36.608029286150085,5.603337400854179,0.9451621532829586,103.2829459801943,39.5355,Satisfactory,2.6357,8.727841929709772,39.5355
0.0,12.944871794871794,77.47692307692309,23.659679917398037,52.46501149856854,3.1840578213732575,123.14483503074108,3.0,11.478668982024686,45.03139813206927,36.608029286150085,5.603337400854179,0.9451621532829586,103.2829459801943,39.5355,Satisfactory,2.6357,8.727841929709772,39.5355
0.0,12.944871794871794,77.48589743589744,23.659679917398037,52.46501149856854,3.1840578213732575,123.14483503074108,3.0,11.478668982024686,45.03139813206927,36.608029286150085,5.603337400854179,0.9451621532829586,103.2829459801943,39.5355,Satisfactory,2.6357,8.727841929709772,39.5355
0.0,12.944871794871794,77.4948717948718,23.659679917398037,52.46501149856854,3.1840578213732575,123.14483503074108,3.0,11.478668982024686,45.03139813206927,36.608029286150085,5.603337400854179,0.9451621532829586,103.2829459801943,39.5355,Satisfactory,2.6357,8.727841929709772,39.5355
0.0,12.944871794871794,77.50384615384615,23.659679917398037,52.46501149856854,3.1840578213732575,123.14483503074108,3.0,11.478668982024686,45.03139813206927,36.608029286150085,5.603337400854179,0.9451621532829586,103.2829459801943,39.5355,Satisfactory,2.6357,8.727841929709772,39.5355
0.0,12.944871794871794,77.51282051282051,23.659679917398037,52.46501149856854,3.1840578213732575,123.14483503074108,3.5066311071039715,11.478668982024686,45.03139813206927,36.608029286150085,5.603337400854179,0.9451621532829586,103.2829459801943,39.5355,Satisfactory,2.6357,8.727841929709772,39.5355
0.0,12.944871794871794,77.52179487179487,23.659679917398037,52.46501149856854,3.1840578213732575,123.14483503074108,4.185058579723835,11.478668982024686,45.03139813206927,36.608029286150085,5.603337400854179,0.9451621532829586,103.2829459801943,39.5355,Satisfactory,2.6357,8.727841929709772,39.5355
0.0,12.944871794871794,77.53076923076924,23.659679917398037,52.46501149856854,3.1840578213732575,123.14483503074108,4.852753300408655,11.478668982024686,45.03139813206927,36.608029286150085,5.603337400854179,0.9451621532829586,103.2829459801943,39.95360000000001,Satisfactory,2.663573333333334,8.768235457604911,39.9536
0.0,12.944871794871794,77.5397435897436,23.659679917398037,52.46501149856854,3.1840578213732575,123.14483503074108,5.504930014461977,11.478668982024686,45.03139813206927,36.608029286150085,5.603337400854179,0.9451621532829586,103.2829459801943,42.37900000000001,Satisfactory,2.8252666666666673,9.138088804558643,42.379000000000005
0.0,12.944871794871794,77.54871794871795,23.659679917398037,52.46501149856854,3.1840578213732575,123.14483503074108,6.133727830775049,11.478668982024686,45.03139813206927,36.608029286150085,5.603337400854179,0.9451621532829586,103.2829459801943,42.406900000000014,Satisfactory,2.8271266666666675,9.104387150709268,42.40690000000001
0.0,12.944871794871794,77.5576923076923,23.659679917398037,52.46501149856854,3.1840578213732575,123.14483503074108,6.725650061253408,11.478668982024686,45.03139813206927,36.608029286150085,5.603337400854179,0.9451621532829586,103.2829459801943,45.6623,Satisfactory,3.0441533333333335,10.679145551494278,45.662300000000016
0.0,12.944871794871794,77.56666666666666,23.659679917398037,52.46501149856854,3.1840578213732575,123.14483503074108,7.256721800577999,11.478668982024686,45.03139813206927,36.608029286150085,5.603337400854179,0.9451621532829586,103.2829459801943,45.6623,Satisfactory,3.0441533333333335,10.679145551494278,45.662300000000016
0.0,12.944871794871794,77.57564102564103,23.659679917398037,52.46501149856854,3.1840578213732575,123.14483503074108,7.684684954334854,11.478668982024686,45.03139813206927,36.608029286150085,5.603337400854179,0.9451621532829586,103.2829459801943,56.78170000000002,Satisfactory,3.785446666666668,10.09841641595354,56.78170000000002
0.0,12.944871794871794,77.58461538461539,23.659679917398037,52.46501149856854,3.1840578213732575,123.14483503074108,7.944107744760242,11.478668982024686,45.03139813206927,36.608029286150085,5.603337400854179,0.9451621532829586,103.2829459801943,56.78170000000002,Satisfactory,3.785446666666668,10.09841641595354,56.78170000000002
0.0,12.944871794871794,77.59358974358975,23.659679917398037,52.46501149856854,3.1840578213732575,123.14483503074108,7.969334371977001,11.478668982024686,45.03139813206927,36.608029286150085,5.603337400854179,0.9451621532829586,103.2829459801943,56.78170000000002,Satisfactory,3.785446666666668,10.09841641595354,56.78170000000002
0.0,12.944871794871794,77.6025641025641,23.659679917398037,52.46501149856854,3.1840578213732575,123.14483503074108,7.75246500723102,11.478668982024686,45.03139813206927,36.608029286150085,5.603337400854179,0.9451621532829586,103.2829459801943,56.78170000000002,Satisfactory,3.785446666666668,10.09841641595354,56.78170000000002
0.0,12.944871794871794,77.61153846153846,23.659679917398037,52.46501149856854,3.1840578213732575,123.14483503074108,7.352335950726401,11.478668982024686,45.03139813206927,36.608029286150085,5.603337400854179,0.9451621532829586,103.2829459801943,45.81360000000001,Satisfactory,3.0542400000000005,10.685528767449929,45.813600000000015
0.0,12.944871794871794,77.62051282051281,23.659679917398037,52.46501149856854,3.1840578213732575,123.14483503074108,6.837763921665797,11.478668982024686,45.03139813206927,36.608029286150085,5.603337400854179,0.9451621532829586,103.2829459801943,45.81360000000001,Satisfactory,3.0542400000000005,10.685528767449929,45.813600000000015
0.0,12.944871794871794,77.62948717948719,23.659679917398037,52.46501149856854,3.1840578213732575,123.14483503074108,6.255637592909032,11.478668982024686,45.03139813206927,36.608029286150085,5.603337400854179,0.9451621532829586,103.2829459801943,42.797300000000014,Satisfactory,2.853153333333334,9.271741352626268,42.79730000000001
0.0,12.944871794871794,77.63846153846154,23.659679917398037,52.46501149856854,3.1840578213732575,123.14483503074108,5.632888439785869,11.478668982024686,45.03139813206927,36.608029286150085,5.603337400854179,0.9451621532829586,103.2829459801943,42.56830000000001,Satisfactory,2.8378866666666673,9.130768429327292,42.5683
0.0,12.944871794871794,77.6474358974359,23.659679917398037,52.46501149856854,3.1840578213732575,123.14483503074108,4.984625871753581,11.478668982024686,45.03139813206927,36.608029286150085,5.603337400854179,0.9451621532829586,103.2829459801943,40.5828,Satisfactory,2.70552,9.05005713573124,40.5828
0.0,12.944871794871794,77.65641025641025,23.659679917398037,52.46501149856854,3.1840578213732575,123.14483503074108,4.31957812865814,11.478668982024686,45.03139813206927,36.608029286150085,5.603337400854179,0.9451621532829586,103.2829459801943,40.1663,Satisfactory,2.6777533333333334,9.038586466367402,40.1663
0.0,12.944871794871794,77.66538461538461,23.659679917398037,52.46501149856854,3.1840578213732575,123.14483503074108,3.6430110626364796,11.478668982024686,45.03139813206927,36.608029286150085,5.603337400854179,0.9451621532829586,103.2829459801943,40.1663,Satisfactory,2.6777533333333334,9.038586466367402,40.1663
0.0,12.944871794871794,77.67435897435897,23.659679917398037,52.46501149856854,3.1840578213732575,123.14483503074108,3.0,11.478668982024686,45.03139813206927,36.608029286150085,5.603337400854179,0.9451621532829586,103.2829459801943,40.1802,Satisfactory,2.67868,9.033297402388566,40.18019999999999
0.0,12.944871794871794,77.68333333333334,23.659679917398037,52.46501149856854,3.1840578213732575,123.14483503074108,3.0,11.478668982024686,45.03139813206927,36.608029286150085,5.603337400854179,0.9451621532829586,103.2829459801943,40.1802,Satisfactory,2.67868,9.033297402388566,40.18019999999999
0.0,12.944871794871794,77.6923076923077,23.659679917398037,52.46501149856854,3.1840578213732575,123.14483503074108,3.0,11.478668982024686,45.03139813206927,36.608029286150085,5.603337400854179,0.9451621532829586,103.2829459801943,40.1802,Satisfactory,2.67868,9.033297402388566,40.18019999999999
0.0,12.944871794871794,77.70128205128205,23.659679917398037,52.46501149856854,3.1840578213732575,123.14483503074108,3.0,11.478668982024686,45.03139813206927,36.608029286150085,5.603337400854179,0.9451621532829586,103.2829459801943,40.1802,Satisfactory,2.67868,9.033297402388566,40.18019999999999
0.0,12.944871794871794,77.7102564102564,23.659679917398037,52.46501149856854,3.1840578213732575,123.14483503074108,3.0,11.478668982024686,45.03139813206927,36.608029286150085,5.603337400854179,0.9451621532829586,103.2829459801943,40.1802,Satisfactory,2.67868,9.033297402388566,40.18019999999999
0.0,12.944871794871794,77.71923076923076,23.659679917398037,52.46501149856854,3.1840578213732575,123.14483503074108,3.0,11.478668982024686,45.03139813206927,36.608029286150085,5.603337400854179,0.9451621532829586,103.2829459801943,40.1802,Satisfactory,2.67868,9.033297402388566,40.18019999999999
0.0,12.944871794871794,77.72820512820513,23.659679917398037,52.46501149856854,3.1840578213732575,123.14483503074108,3.0,11.478668982024686,45.03139813206927,36.608029286150085,5.603337400854179,0.9451621532829586,103.2829459801943,40.1802,Satisfactory,2.67868,9.033297402388566,40.18019999999999
0.0,12.944871794871794,77.73717948717949,23.659679917398037,52.46501149856854,3.1840578213732575,123.14483503074108,3.0,11.478668982024686,45.03139813206927,36.608029286150085,5.603337400854179,0.9451621532829586,103.2829459801943,40.1802,Satisfactory,2.67868,9.033297402388566,40.18019999999999
0.0,12.944871794871794,77.74615384615385,23.659679917398037,52.46501149856854,3.1840578213732575,123.14483503074108,3.0,11.478668982024686,45.03139813206927,36.608029286150085,5.603337400854179,0.9451621532829586,103.2829459801943,40.1802,Satisfactory,2.67868,9.033297402388566,40.18019999999999
0.0,12.944871794871794,77.7551282051282,23.659679917398037,52.46501149856854,3.1840578213732575,123.14483503074108,3.0,11.478668982024686,45.03139813206927,36.608029286150085,5.603337400854179,0.9451621532829586,103.2829459801943,40.1802,Satisfactory,2.67868,9.033297402388566,40.18019999999999
0.0,12.944871794871794,77.76410256410256,23.659679917398037,52.46501149856854,3.1840578213732575,123.14483503074108,3.0,11.478668982024686,45.03139813206927,36.608029286150085,5.603337400854179,0.9451621532829586,103.2829459801943,40.1802,Satisfactory,2.67868,9.033297402388566,40.18019999999999
0.0,12.944871794871794,77.77307692307691,23.659679917398037,52.46501149856854,3.1840578213732575,123.14483503074108,3.0,11.478668982024686,45.03139813206927,36.608029286150085,5.603337400854179,0.9451621532829586,103.2829459801943,40.1802,Satisfactory,2.67868,9.033297402388566,40.18019999999999
0.0,12.944871794871794,77.78205128205128,23.659679917398037,52.46501149856854,3.1840578213732575,123.14483503074108,3.0,11.478668982024686,45.03139813206927,36.608029286150085,5.603337400854179,0.9451621532829586,103.2829459801943,40.1802,Satisfactory,2.67868,9.033297402388566,40.18019999999999
0.0,12.944871794871794,77.79102564102564,23.659679917398037,52.46501149856854,3.1840578213732575,123.14483503074108,3.0,11.478668982024686,45.03139813206927,36.608029286150085,5.603337400854179,0.9451621532829586,103.2829459801943,40.1802,Satisfactory,2.67868,9.033297402388566,40.18019999999999
0.0,12.944871794871794,77.8,23.659679917398037,52.46501149856854,3.1840578213732575,123.14483503074108,3.0,11.478668982024686,45.03139813206927,36.608029286150085,5.603337400854179,0.9451621532829586,103.2829459801943,40.1802,Satisfactory,2.67868,9.033297402388566,40.18019999999999
0.0,12.955128205128204,77.45,23.659679917398037,52.46501149856854,3.1840578213732575,123.14483503074108,3.0,11.478668982024686,45.03139813206927,36.608029286150085,5.603337400854179,0.9451621532829586,103.2829459801943,39.9317,Satisfactory,2.662113333333333,8.515975699237288,39.9317
0.0,12.955128205128204,77.45897435897436,23.659679917398037,52.46501149856854,3.1840578213732575,123.14483503074108,3.0,11.478668982024686,45.03139813206927,36.608029286150085,5.603337400854179,0.9451621532829586,103.2829459801943,39.9317,Satisfactory,2.662113333333333,8.515975699237288,39.9317
0.0,12.955128205128204,77.46794871794872,23.659679917398037,52.46501149856854,3.1840578213732575,123.14483503074108,3.0,11.478668982024686,45.03139813206927,36.608029286150085,5.603337400854179,0.9451621532829586,103.2829459801943,39.9317,Satisfactory,2.662113333333333,8.515975699237288,39.9317
0.0,12.955128205128204,77.47692307692309,23.659679917398037,52.46501149856854,3.1840578213732575,123.14483503074108,3.0,11.478668982024686,45.03139813206927,36.608029286150085,5.603337400854179,0.9451621532829586,103.2829459801943,39.9317,Satisfactory,2.662113333333333,8.515975699237288,39.9317
0.0,12.955128205128204,77.48589743589744,23.659679917398037,52.46501149856854,3.1840578213732575,123.14483503074108,3.0,11.478668982024686,45.03139813206927,36.608029286150085,5.603337400854179,0.9451621532829586,103.2829459801943,39.9317,Satisfactory,2.662113333333333,8.515975699237288,39.9317
0.0,12.955128205128204,77.4948717948718,23.659679917398037,52.46501149856854,3.1840578213732575,123.14483503074108,3.0,11.478668982024686,45.03139813206927,36.608029286150085,5.603337400854179,0.9451621532829586,103.2829459801943,39.9317,Satisfactory,2.662113333333333,8.515975699237288,39.9317
0.0,12.955128205128204,77.50384615384615,23.659679917398037,52.46501149856854,3.1840578213732575,123.14483503074108,3.0057598600861004,11.478668982024686,45.03139813206927,36.608029286150085,5.603337400854179,0.9451621532829586,103.2829459801943,39.9317,Satisfactory,2.662113333333333,8.515975699237288,39.9317
0.0,12.955128205128204,77.51282051282051,23.659679917398037,52.46501149856854,3.1840578213732575,123.14483503074108,3.712059275598362,11.478668982024686,45.03139813206927,36.608029286150085,5.603337400854179,0.9451621532829586,103.2829459801943,39.9317,Satisfactory,2.662113333333333,8.515975699237288,39.9317
0.0,12.955128205128204,77.52179487179487,23.659679917398037,52.46501149856854,3.1840578213732575,123.14483503074108,4.415386969932278,11.478668982024686,45.03139813206927,36.608029286150085,5.603337400854179,0.9451621532829586,103.2829459801943,39.9317,Satisfactory,2.662113333333333,8.515975699237288,39.9317
0.0,12.955128205128204,77.53076923076924,23.659679917398037,52.46501149856854,3.1840578213732575,123.14483503074108,5.114459337922486,11.478668982024686,45.03139813206927,36.608029286150085,5.603337400854179,0.9451621532829586,103.2829459801943,40.43770000000001,Satisfactory,2.695846666666667,8.501272828818045,40.43770000000001
0.0,12.955128205128204,77.5397435897436,23.659679917398037,52.46501149856854,3.1840578213732575,123.14483503074108,5.807147373297791,11.478668982024686,45.03139813206927,36.608029286150085,5.603337400854179,0.9451621532829586,103.2829459801943,42.27070000000001,Satisfactory,2.8180466666666675,9.259465238878537,42.270700000000005
0.0,12.955128205128204,77.54871794871795,23.659679917398037,52.46501149856854,3.1840578213732575,123.14483503074108,6.489669608016617,11.478668982024686,45.03139813206927,36.608029286150085,5.603337400854179,0.9451621532829586,103.2829459801943,42.298600000000015,Satisfactory,2.8199066666666677,9.226534454495901,42.29860000000001
0.0,12.955128205128204,77.5576923076923,23.659679917398037,52.46501149856854,3.1840578213732575,123.14483503074108,7.154700983072496,11.478668982024686,45.03139813206927,36.608029286150085,5.603337400854179,0.9451621532829586,103.2829459801943,45.431499999999986,Satisfactory,3.0287666666666655,10.626283581290311,45.431499999999986
0.0,12.955128205128204,77.56666666666666,23.659679917398037,52.46501149856854,3.1840578213732575,123.14483503074108,7.786420488488652,11.478668982024686,45.03139813206927,36.608029286150085,5.603337400854179,0.9451621532829586,103.2829459801943,56.829900000000016,Satisfactory,3.788660000000001,10.135454947361763,56.829900000000016
0.0,12.955128205128204,77.57564102564103,23.659679917398037,52.46501149856854,3.1840578213732575,123.14483503074108,8.346203538810714,11.478668982024686,45.03139813206927,36.608029286150085,5.603337400854179,0.9451621532829586,103.2829459801943,56.78170000000002,Satisfactory,3.785446666666668,10.09841641595354,56.78170000000002
0.0,12.955128205128204,77.58461538461539,23.659679917398037,52.46501149856854,3.1840578213732575,123.14483503074108,8.734673188652977,11.478668982024686,45.03139813206927,36.608029286150085,5.603337400854179,0.9451621532829586,103.2829459801943,57.48300000000002,Satisfactory,3.832200000000001,10.314520977728439,57.48300000000002
0.0,12.955128205128204,77.59358974358975,23.659679917398037,52.46501149856854,3.1840578213732575,123.14483503074108,8.776087475677755,11.478668982024686,45.03139813206927,36.608029286150085,5.603337400854179,0.9451621532829586,103.2829459801943,57.48300000000002,Satisfactory,3.832200000000001,10.314520977728439,57.48300000000002
0.0,12.955128205128204,77.6025641025641,23.659679917398037,52.46501149856854,3.1840578213732575,123.14483503074108,8.442510828904462,11.478668982024686,45.03139813206927,36.608029286150085,5.603337400854179,0.9451621532829586,103.2829459801943,56.78170000000002,Satisfactory,3.785446666666668,10.09841641595354,56.78170000000002
0.0,12.955128205128204,77.61153846153846,23.659679917398037,52.46501149856854,3.1840578213732575,123.14483503074108,7.906084077099877,11.478668982024686,45.03139813206927,36.608029286150085,5.603337400854179,0.9451621532829586,103.2829459801943,54.7892,Satisfactory,3.6526133333333335,7.463958960230156,54.78920000000001
0.0,12.955128205128204,77.62051282051281,23.659679917398037,52.46501149856854,3.1840578213732575,123.14483503074108,7.284471324129077,11.478668982024686,45.03139813206927,36.608029286150085,5.603337400854179,0.9451621532829586,103.2829459801943,45.53339999999999,Satisfactory,3.0355599999999994,10.565400249872221,45.53339999999999
0.0,12.955128205128204,77.62948717948719,23.659679917398037,52.46501149856854,3.1840578213732575,123.14483503074108,6.624409857521966,11.478668982024686,45.03139813206927,36.608029286150085,5.603337400854179,0.9451621532829586,103.2829459801943,45.53339999999999,Satisfactory,3.0355599999999994,10.565400249872221,45.53339999999999
0.0,12.955128205128204,77.63846153846154,23.659679917398037,52.46501149856854,3.1840578213732575,123.14483503074108,5.9446304294534755,11.478668982024686,45.03139813206927,36.608029286150085,5.603337400854179,0.9451621532829586,103.2829459801943,42.47630000000001,Satisfactory,2.831753333333334,9.235115554772447,42.4763
0.0,12.955128205128204,77.6474358974359,23.659679917398037,52.46501149856854,3.1840578213732575,123.14483503074108,5.253597507517685,11.478668982024686,45.03139813206927,36.608029286150085,5.603337400854179,0.9451621532829586,103.2829459801943,40.9911,Satisfactory,2.73274,8.782581726918345,40.99110000000002
0.0,12.955128205128204,77.65641025641025,23.659679917398037,52.46501149856854,3.1840578213732575,123.14483503074108,4.555594466722949,11.478668982024686,45.03139813206927,36.608029286150085,5.603337400854179,0.9451621532829586,103.2829459801943,40.9911,Satisfactory,2.73274,8.782581726918345,40.99110000000002
0.0,12.955128205128204,77.66538461538461,23.659679917398037,52.46501149856854,3.1840578213732575,123.14483503074108,3.8529952558891756,11.478668982024686,45.03139813206927,36.608029286150085,5.603337400854179,0.9451621532829586,103.2829459801943,40.574600000000004,Satisfactory,2.7049733333333337,8.79012894330908,40.574600000000004
0.0,12.955128205128204,77.67435897435897,23.659679917398037,52.46501149856854,3.1840578213732575,123.14483503074108,3.147213430970435,11.478668982024686,45.03139813206927,36.608029286150085,5.603337400854179,0.9451621532829586,103.2829459801943,40.5885,Satisfactory,2.7059,8.784044213800383,40.58850000000001
0.0,12.955128205128204,77.68333333333334,23.659679917398037,52.46501149856854,3.1840578213732575,123.14483503074108,3.0,11.478668982024686,45.03139813206927,36.608029286150085,5.603337400854179,0.9451621532829586,103.2829459801943,40.5885,Satisfactory,2.7059,8.784044213800383,40.58850000000001
0.0,12.955128205128204,77.6923076923077,23.659679917398037,52.46501149856854,3.1840578213732575,123.14483503074108,3.0,11.478668982024686,45.03139813206927,36.608029286150085,5.603337400854179,0.9451621532829586,103.2829459801943,40.5885,Satisfactory,2.7059,8.784044213800383,40.58850000000001
0.0,12.955128205128204,77.70128205128205,23.659679917398037,52.46501149856854,3.1840578213732575,123.14483503074108,3.0,11.478668982024686,45.03139813206927,36.608029286150085,5.603337400854179,0.9451621532829586,103.2829459801943,40.5885,Satisfactory,2.7059,8.784044213800383,40.58850000000001
0.0,12.955128205128204,77.7102564102564,23.659679917398037,52.46501149856854,3.1840578213732575,123.14483503074108,3.0,11.478668982024686,45.03139813206927,36.608029286150085,5.603337400854179,0.9451621532829586,103.2829459801943,40.5885,Satisfactory,2.7059,8.784044213800383,40.58850000000001
0.0,12.955128205128204,77.71923076923076,23.659679917398037,52.46501149856854,3.1840578213732575,123.14483503074108,3.0,11.478668982024686,45.03139813206927,36.608029286150085,5.603337400854179,0.9451621532829586,103.2829459801943,40.5885,Satisfactory,2.7059,8.784044213800383,40.58850000000001
0.0,12.955128205128204,77.72820512820513,23.659679917398037,52.46501149856854,3.1840578213732575,123.14483503074108,3.0,11.478668982024686,45.03139813206927,36.608029286150085,5.603337400854179,0.9451621532829586,103.2829459801943,40.5885,Satisfactory,2.7059,8.784044213800383,40.58850000000001
0.0,12.955128205128204,77.73717948717949,23.659679917398037,52.46501149856854,3.1840578213732575,123.14483503074108,3.0,11.478668982024686,45.03139813206927,36.608029286150085,5.603337400854179,0.9451621532829586,103.2829459801943,40.5885,Satisfactory,2.7059,8.784044213800383,40.58850000000001
0.0,12.955128205128204,77.74615384615385,23.659679917398037,52.46501149856854,3.1840578213732575,123.14483503074108,3.0,11.478668982024686,45.03139813206927,36.608029286150085,5.603337400854179,0.9451621532829586,103.2829459801943,40.5885,Satisfactory,2.7059,8.784044213800383,40.58850000000001
0.0,12.955128205128204,77.7551282051282,23.659679917398037,52.46501149856854,3.1840578213732575,123.14483503074108,3.0,11.478668982024686,45.03139813206927,36.608029286150085,5.603337400854179,0.9451621532829586,103.2829459801943,40.5885,Satisfactory,2.7059,8.784044213800383,40.58850000000001
0.0,12.955128205128204,77.76410256410256,23.659679917398037,52.46501149856854,3.1840578213732575,123.14483503074108,3.0,11.478668982024686,45.03139813206927,36.608029286150085,5.603337400854179,0.9451621532829586,103.2829459801943,40.5885,Satisfactory,2.7059,8.784044213800383,40.58850000000001
0.0,12.955128205128204,77.77307692307691,23.659679917398037,52.46501149856854,3.1840578213732575,123.14483503074108,3.0,11.478668982024686,45.03139813206927,36.608029286150085,5.603337400854179,0.9451621532829586,103.2829459801943,40.5885,Satisfactory,2.7059,8.784044213800383,40.58850000000001
0.0,12.955128205128204,77.78205128205128,23.659679917398037,52.46501149856854,3.1840578213732575,123.14483503074108,3.0,11.478668982024686,45.03139813206927,36.608029286150085,5.603337400854179,0.9451621532829586,103.2829459801943,40.5885,Satisfactory,2.7059,8.784044213800383,40.58850000000001
0.0,12.955128205128204,77.79102564102564,23.659679917398037,52.46501149856854,3.1840578213732575,123.14483503074108,3.0,11.478668982024686,45.03139813206927,36.608029286150085,5.603337400854179,0.9451621532829586,103.2829459801943,40.5885,Satisfactory,2.7059,8.784044213800383,40.58850000000001
0.0,12.955128205128204,77.8,23.659679917398037,52.46501149856854,3.1840578213732575,123.14483503074108,3.0,11.478668982024686,45.03139813206927,36.608029286150085,5.603337400854179,0.9451621532829586,103.2829459801943,40.5885,Satisfactory,2.7059,8.784044213800383,40.58850000000001
0.0,12.965384615384616,77.45,23.659679917398037,52.46501149856854,3.1840578213732575,123.14483503074108,3.0,11.478668982024686,45.03139813206927,36.608029286150085,5.603337400854179,0.9451621532829586,103.2829459801943,39.9317,Satisfactory,2.662113333333333,8.515975699237288,39.9317
0.0,12.965384615384616,77.45897435897436,23.659679917398037,52.46501149856854,3.1840578213732575,123.14483503074108,3.0,11.478668982024686,45.03139813206927,36.608029286150085,5.603337400854179,0.9451621532829586,103.2829459801943,39.9317,Satisfactory,2.662113333333333,8.515975699237288,39.9317
0.0,12.965384615384616,77.46794871794872,23.659679917398037,52.46501149856854,3.1840578213732575,123.14483503074108,3.0,11.478668982024686,45.03139813206927,36.608029286150085,5.603337400854179,0.9451621532829586,103.2829459801943,39.9317,Satisfactory,2.662113333333333,8.515975699237288,39.9317
0.0,12.965384615384616,77.47692307692309,23.659679917398037,52.46501149856854,3.1840578213732575,123.14483503074108,3.0,11.478668982024686,45.03139813206927,36.608029286150085,5.603337400854179,0.9451621532829586,103.2829459801943,39.9317,Satisfactory,2.662113333333333,8.515975699237288,39.9317
0.0,12.965384615384616,77.48589743589744,23.659679917398037,52.46501149856854,3.1840578213732575,123.14483503074108,3.0,11.478668982024686,45.03139813206927,36.608029286150085,5.603337400854179,0.9451621532829586,103.2829459801943,39.9317,Satisfactory,2.662113333333333,8.515975699237288,39.9317
0.0,12.965384615384616,77.4948717948718,23.659679917398037,52.46501149856854,3.1840578213732575,123.14483503074108,3.0,11.478668982024686,45.03139813206927,36.608029286150085,5.603337400854179,0.9451621532829586,103.2829459801943,39.9317,Satisfactory,2.662113333333333,8.515975699237288,39.9317
0.0,12.965384615384616,77.50384615384615,23.659679917398037,52.46501149856854,3.1840578213732575,123.14483503074108,3.0978092835395143,11.478668982024686,45.03139813206927,36.608029286150085,5.603337400854179,0.9451621532829586,103.2829459801943,39.9317,Satisfactory,2.662113333333333,8.515975699237288,39.9317
0.0,12.965384615384616,77.51282051282051,23.659679917398037,52.46501149856854,3.1840578213732575,123.14483503074108,3.814610755562824,11.478668982024686,45.03139813206927,36.608029286150085,5.603337400854179,0.9451621532829586,103.2829459801943,39.9317,Satisfactory,2.662113333333333,8.515975699237288,39.9317
0.0,12.965384615384616,77.52179487179487,23.659679917398037,52.46501149856854,3.1840578213732575,123.14483503074108,4.531111242015186,11.478668982024686,45.03139813206927,36.608029286150085,5.603337400854179,0.9451621532829586,103.2829459801943,40.3498,Satisfactory,2.689986666666667,8.537989690787875,40.34980000000001
0.0,12.965384615384616,77.53076923076924,23.659679917398037,52.46501149856854,3.1840578213732575,123.14483503074108,5.2471746179326875,11.478668982024686,45.03139813206927,36.608029286150085,5.603337400854179,0.9451621532829586,103.2829459801943,40.43770000000001,Satisfactory,2.695846666666667,8.501272828818045,40.43770000000001
0.0,12.965384615384616,77.5397435897436,23.659679917398037,52.46501149856854,3.1840578213732575,123.14483503074108,5.962568303877562,11.478668982024686,45.03139813206927,36.608029286150085,5.603337400854179,0.9451621532829586,103.2829459801943,42.27070000000001,Satisfactory,2.8180466666666675,9.259465238878537,42.270700000000005
0.0,12.965384615384616,77.54871794871795,23.659679917398037,52.46501149856854,3.1840578213732575,123.14483503074108,6.676859766351605,11.478668982024686,45.03139813206927,36.608029286150085,5.603337400854179,0.9451621532829586,103.2829459801943,45.431499999999986,Satisfactory,3.0287666666666655,10.626283581290311,45.431499999999986
0.0,12.965384615384616,77.5576923076923,23.659679917398037,52.46501149856854,3.1840578213732575,123.14483503074108,7.389144192541626,11.478668982024686,45.03139813206927,36.608029286150085,5.603337400854179,0.9451621532829586,103.2829459801943,45.431499999999986,Satisfactory,3.0287666666666655,10.626283581290311,45.431499999999986
0.0,12.965384615384616,77.56666666666666,23.659679917398037,52.46501149856854,3.1840578213732575,123.14483503074108,8.09716637474704,11.478668982024686,45.03139813206927,36.608029286150085,5.603337400854179,0.9451621532829586,103.2829459801943,56.829900000000016,Satisfactory,3.788660000000001,10.135454947361763,56.829900000000016
0.0,12.965384615384616,77.57564102564103,23.659679917398037,52.46501149856854,3.1840578213732575,123.14483503074108,8.793399698884215,11.478668982024686,45.03139813206927,36.608029286150085,5.603337400854179,0.9451621532829586,103.2829459801943,57.48300000000002,Satisfactory,3.832200000000001,10.314520977728439,57.48300000000002
0.0,12.965384615384616,77.58461538461539,23.659679917398037,52.46501149856854,3.1840578213732575,123.14483503074108,9.432643418012862,11.478668982024686,45.03139813206927,36.608029286150085,5.603337400854179,0.9451621532829586,103.2829459801943,57.48300000000002,Satisfactory,3.832200000000001,10.314520977728439,57.48300000000002
0.0,12.965384615384616,77.59358974358975,23.659679917398037,52.46501149856854,3.1840578213732575,123.14483503074108,9.532235723036328,11.478668982024686,45.03139813206927,36.608029286150085,5.603337400854179,0.9451621532829586,103.2829459801943,57.52430000000003,Satisfactory,3.8349533333333357,10.339348843616797,57.52430000000002
0.0,12.965384615384616,77.6025641025641,23.659679917398037,52.46501149856854,3.1840578213732575,123.14483503074108,8.929199332419724,11.478668982024686,45.03139813206927,36.608029286150085,5.603337400854179,0.9451621532829586,103.2829459801943,57.48300000000002,Satisfactory,3.832200000000001,10.314520977728439,57.48300000000002
0.0,12.965384615384616,77.61153846153846,23.659679917398037,52.46501149856854,3.1840578213732575,123.14483503074108,8.2378066383665,11.478668982024686,45.03139813206927,36.608029286150085,5.603337400854179,0.9451621532829586,103.2829459801943,54.7892,Satisfactory,3.6526133333333335,7.463958960230156,54.78920000000001
0.0,12.965384615384616,77.62051282051281,23.659679917398037,52.46501149856854,3.1840578213732575,123.14483503074108,7.53120727052922,11.478668982024686,45.03139813206927,36.608029286150085,5.603337400854179,0.9451621532829586,103.2829459801943,54.108000000000004,Satisfactory,3.6072,7.889850949162474,54.10800000000001
0.0,12.965384615384616,77.62948717948719,23.659679917398037,52.46501149856854,3.1840578213732575,123.14483503074108,6.819520419558495,11.478668982024686,45.03139813206927,36.608029286150085,5.603337400854179,0.9451621532829586,103.2829459801943,45.53339999999999,Satisfactory,3.0355599999999994,10.565400249872221,45.53339999999999
0.0,12.965384615384616,77.63846153846154,23.659679917398037,52.46501149856854,3.1840578213732575,123.14483503074108,6.105534195126987,11.478668982024686,45.03139813206927,36.608029286150085,5.603337400854179,0.9451621532829586,103.2829459801943,42.493300000000005,Satisfactory,2.832886666666667,9.21363642163071,42.4933
0.0,12.965384615384616,77.6474358974359,23.659679917398037,52.46501149856854,3.1840578213732575,123.14483503074108,5.390316911950147,11.478668982024686,45.03139813206927,36.608029286150085,5.603337400854179,0.9451621532829586,103.2829459801943,40.9911,Satisfactory,2.73274,8.782581726918345,40.99110000000002
0.0,12.965384615384616,77.65641025641025,23.659679917398037,52.46501149856854,3.1840578213732575,123.14483503074108,4.674364529712134,11.478668982024686,45.03139813206927,36.608029286150085,5.603337400854179,0.9451621532829586,103.2829459801943,40.9911,Satisfactory,2.73274,8.782581726918345,40.99110000000002
0.0,12.965384615384616,77.66538461538461,23.659679917398037,52.46501149856854,3.1840578213732575,123.14483503074108,3.9579383588272226,11.478668982024686,45.03139813206927,36.608029286150085,5.603337400854179,0.9451621532829586,103.2829459801943,40.574600000000004,Satisfactory,2.7049733333333337,8.79012894330908,40.574600000000004
0.0,12.965384615384616,77.67435897435897,23.659679917398037,52.46501149856854,3.1840578213732575,123.14483503074108,3.241189060767975,11.478668982024686,45.03139813206927,36.608029286150085,5.603337400854179,0.9451621532829586,103.2829459801943,40.5885,Satisfactory,2.7059,8.784044213800383,40.58850000000001
0.0,12.965384615384616,77.68333333333334,23.659679917398037,52.46501149856854,3.1840578213732575,123.14483503074108,3.0,11.478668982024686,45.03139813206927,36.608029286150085,5.603337400854179,0.9451621532829586,103.2829459801943,40.5885,Satisfactory,2.7059,8.784044213800383,40.58850000000001
0.0,12.965384615384616,77.6923076923077,23.659679917398037,52.46501149856854,3.1840578213732575,123.14483503074108,3.0,11.478668982024686,45.03139813206927,36.608029286150085,5.603337400854179,0.9451621532829586,103.2829459801943,40.5885,Satisfactory,2.7059,8.784044213800383,40.58850000000001
0.0,12.965384615384616,77.70128205128205,23.659679917398037,52.46501149856854,3.1840578213732575,123.14483503074108,3.0,11.478668982024686,45.03139813206927,36.608029286150085,5.603337400854179,0.9451621532829586,103.2829459801943,40.5885,Satisfactory,2.7059,8.784044213800383,40.58850000000001
0.0,12.965384615384616,77.7102564102564,23.659679917398037,52.46501149856854,3.1840578213732575,123.14483503074108,3.0,11.478668982024686,45.03139813206927,36.608029286150085,5.603337400854179,0.9451621532829586,103.2829459801943,40.5885,Satisfactory,2.7059,8.784044213800383,40.58850000000001
0.0,12.965384615384616,77.71923076923076,23.659679917398037,52.46501149856854,3.1840578213732575,123.14483503074108,3.0,11.478668982024686,45.03139813206927,36.608029286150085,5.603337400854179,0.9451621532829586,103.2829459801943,40.5885,Satisfactory,2.7059,8.784044213800383,40.58850000000001
0.0,12.965384615384616,77.72820512820513,23.659679917398037,52.46501149856854,3.1840578213732575,123.14483503074108,3.0,11.478668982024686,45.03139813206927,36.608029286150085,5.603337400854179,0.9451621532829586,103.2829459801943,40.5885,Satisfactory,2.7059,8.784044213800383,40.58850000000001
0.0,12.965384615384616,77.73717948717949,23.659679917398037,52.46501149856854,3.1840578213732575,123.14483503074108,3.0,11.478668982024686,45.03139813206927,36.608029286150085,5.603337400854179,0.9451621532829586,103.2829459801943,40.5885,Satisfactory,2.7059,8.784044213800383,40.58850000000001
0.0,12.965384615384616,77.74615384615385,23.659679917398037,52.46501149856854,3.1840578213732575,123.14483503074108,3.0,11.478668982024686,45.03139813206927,36.608029286150085,5.603337400854179,0.9451621532829586,103.2829459801943,40.5885,Satisfactory,2.7059,8.784044213800383,40.58850000000001
0.0,12.965384615384616,77.7551282051282,23.659679917398037,52.46501149856854,3.1840578213732575,123.14483503074108,3.0,11.478668982024686,45.03139813206927,36.608029286150085,5.603337400854179,0.9451621532829586,103.2829459801943,40.5885,Satisfactory,2.7059,8.784044213800383,40.58850000000001
0.0,12.965384615384616,77.76410256410256,23.659679917398037,52.46501149856854,3.1840578213732575,123.14483503074108,3.0,11.478668982024686,45.03139813206927,36.608029286150085,5.603337400854179,0.9451621532829586,103.2829459801943,40.5885,Satisfactory,2.7059,8.784044213800383,40.58850000000001
0.0,12.965384615384616,77.77307692307691,23.659679917398037,52.46501149856854,3.1840578213732575,123.14483503074108,3.0,11.478668982024686,45.03139813206927,36.608029286150085,5.603337400854179,0.9451621532829586,103.2829459801943,40.5885,Satisfactory,2.7059,8.784044213800383,40.58850000000001
0.0,12.965384615384616,77.78205128205128,23.659679917398037,52.46501149856854,3.1840578213732575,123.14483503074108,3.0,11.478668982024686,45.03139813206927,36.608029286150085,5.603337400854179,0.9451621532829586,103.2829459801943,40.5885,Satisfactory,2.7059,8.784044213800383,40.58850000000001
0.0,12.965384615384616,77.79102564102564,23.659679917398037,52.46501149856854,3.1840578213732575,123.14483503074108,3.0,11.478668982024686,45.03139813206927,36.608029286150085,5.603337400854179,0.9451621532829586,103.2829459801943,40.5885,Satisfactory,2.7059,8.784044213800383,40.58850000000001
0.0,12.965384615384616,77.8,23.659679917398037,52.46501149856854,3.1840578213732575,123.14483503074108,3.0,11.478668982024686,45.03139813206927,36.608029286150085,5.603337400854179,0.9451621532829586,103.2829459801943,40.5885,Satisfactory,2.7059,8.784044213800383,40.58850000000001
0.0,12.975641025641027,77.45,23.659679917398037,52.46501149856854,3.1840578213732575,123.14483503074108,3.0,11.478668982024686,45.03139813206927,36.608029286150085,5.603337400854179,0.9451621532829586,103.2829459801943,39.9317,Satisfactory,2.662113333333333,8.515975699237288,39.9317
0.0,12.975641025641027,77.45897435897436,23.659679917398037,52.46501149856854,3.1840578213732575,123.14483503074108,3.0,11.478668982024686,45.03139813206927,36.608029286150085,5.603337400854179,0.9451621532829586,103.2829459801943,39.9317,Satisfactory,2.662113333333333,8.515975699237288,39.9317
0.0,12.975641025641027,77.46794871794872,23.659679917398037,52.46501149856854,3.1840578213732575,123.14483503074108,3.0,11.478668982024686,45.03139813206927,36.608029286150085,5.603337400854179,0.9451621532829586,103.2829459801943,39.9317,Satisfactory,2.662113333333333,8.515975699237288,39.9317
0.0,12.975641025641027,77.47692307692309,23.659679917398037,52.46501149856854,3.1840578213732575,123.14483503074108,3.0,11.478668982024686,45.03139813206927,36.608029286150085,5.603337400854179,0.9451621532829586,103.2829459801943,39.9317,Satisfactory,2.662113333333333,8.515975699237288,39.9317
0.0,12.975641025641027,77.48589743589744,23.659679917398037,52.46501149856854,3.1840578213732575,123.14483503074108,3.0,11.478668982024686,45.03139813206927,36.608029286150085,5.603337400854179,0.9451621532829586,103.2829459801943,39.9317,Satisfactory,2.662113333333333,8.515975699237288,39.9317
0.0,12.975641025641027,77.4948717948718,23.659679917398037,52.46501149856854,3.1840578213732575,123.14483503074108,3.0,11.478668982024686,45.03139813206927,36.608029286150085,5.603337400854179,0.9451621532829586,103.2829459801943,39.9317,Satisfactory,2.662113333333333,8.515975699237288,39.9317
0.0,12.975641025641027,77.50384615384615,23.659679917398037,52.46501149856854,3.1840578213732575,123.14483503074108,3.0929339937093445,11.478668982024686,45.03139813206927,36.608029286150085,5.603337400854179,0.9451621532829586,103.2829459801943,39.9317,Satisfactory,2.662113333333333,8.515975699237288,39.9317
0.0,12.975641025641027,77.51282051282051,23.659679917398037,52.46501149856854,3.1840578213732575,123.14483503074108,3.80917095745152,11.478668982024686,45.03139813206927,36.608029286150085,5.603337400854179,0.9451621532829586,103.2829459801943,39.9317,Satisfactory,2.662113333333333,8.515975699237288,39.9317
0.0,12.975641025641027,77.52179487179487,23.659679917398037,52.46501149856854,3.1840578213732575,123.14483503074108,4.524959509183944,11.478668982024686,45.03139813206927,36.608029286150085,5.603337400854179,0.9451621532829586,103.2829459801943,40.3498,Satisfactory,2.689986666666667,8.537989690787875,40.34980000000001
0.0,12.975641025641027,77.53076923076924,23.659679917398037,52.46501149856854,3.1840578213732575,123.14483503074108,5.240097349599896,11.478668982024686,45.03139813206927,36.608029286150085,5.603337400854179,0.9451621532829586,103.2829459801943,40.43770000000001,Satisfactory,2.695846666666667,8.501272828818045,40.43770000000001
0.0,12.975641025641027,77.5397435897436,23.659679917398037,52.46501149856854,3.1840578213732575,123.14483503074108,5.954239400345499,11.478668982024686,45.03139813206927,36.608029286150085,5.603337400854179,0.9451621532829586,103.2829459801943,42.27070000000001,Satisfactory,2.8180466666666675,9.259465238878537,42.270700000000005
0.0,12.975641025641027,77.54871794871795,23.659679917398037,52.46501149856854,3.1840578213732575,123.14483503074108,6.666745563063727,11.478668982024686,45.03139813206927,36.608029286150085,5.603337400854179,0.9451621532829586,103.2829459801943,45.431499999999986,Satisfactory,3.0287666666666655,10.626283581290311,45.431499999999986
0.0,12.975641025641027,77.5576923076923,23.659679917398037,52.46501149856854,3.1840578213732575,123.14483503074108,7.376282756049777,11.478668982024686,45.03139813206927,36.608029286150085,5.603337400854179,0.9451621532829586,103.2829459801943,45.431499999999986,Satisfactory,3.0287666666666655,10.626283581290311,45.431499999999986
0.0,12.975641025641027,77.56666666666666,23.659679917398037,52.46501149856854,3.1840578213732575,123.14483503074108,8.079557359811037,11.478668982024686,45.03139813206927,36.608029286150085,5.603337400854179,0.9451621532829586,103.2829459801943,56.894300000000015,Satisfactory,3.7929533333333345,10.218213175991192,56.894300000000015
0.0,12.975641025641027,77.57564102564103,23.659679917398037,52.46501149856854,3.1840578213732575,123.14483503074108,8.765816701006152,11.478668982024686,45.03139813206927,36.608029286150085,5.603337400854179,0.9451621532829586,103.2829459801943,57.560800000000015,Satisfactory,3.8373866666666676,10.40955192887763,57.560800000000015
0.0,12.975641025641027,77.58461538461539,23.659679917398037,52.46501149856854,3.1840578213732575,123.14483503074108,9.376126919969483,11.478668982024686,45.03139813206927,36.608029286150085,5.603337400854179,0.9451621532829586,103.2829459801943,57.560800000000015,Satisfactory,3.8373866666666676,10.40955192887763,57.560800000000015
0.0,12.975641025641027,77.59358974358975,23.659679917398037,52.46501149856854,3.1840578213732575,123.14483503074108,9.465091084701346,11.478668982024686,45.03139813206927,36.608029286150085,5.603337400854179,0.9451621532829586,103.2829459801943,57.560800000000015,Satisfactory,3.8373866666666676,10.40955192887763,57.560800000000015
0.0,12.975641025641027,77.6025641025641,23.659679917398037,52.46501149856854,3.1840578213732575,123.14483503074108,8.898211363939073,11.478668982024686,45.03139813206927,36.608029286150085,5.603337400854179,0.9451621532829586,103.2829459801943,57.560800000000015,Satisfactory,3.8373866666666676,10.40955192887763,57.560800000000015
0.0,12.975641025641027,77.61153846153846,23.659679917398037,52.46501149856854,3.1840578213732575,123.14483503074108,8.218806699808296,11.478668982024686,45.03139813206927,36.608029286150085,5.603337400854179,0.9451621532829586,103.2829459801943,54.8536,Satisfactory,3.6569066666666665,7.593283811369097,54.85360000000001
0.0,12.975641025641027,77.62051282051281,23.659679917398037,52.46501149856854,3.1840578213732575,123.14483503074108,7.517609686219666,11.478668982024686,45.03139813206927,36.608029286150085,5.603337400854179,0.9451621532829586,103.2829459801943,54.172399999999996,Satisfactory,3.6114933333333332,8.017777886671592,54.17240000000001
0.0,12.975641025641027,77.62948717948719,23.659679917398037,52.46501149856854,3.1840578213732575,123.14483503074108,6.808954013106673,11.478668982024686,45.03139813206927,36.608029286150085,5.603337400854179,0.9451621532829586,103.2829459801943,45.53339999999999,Satisfactory,3.0355599999999994,10.565400249872221,45.53339999999999
0.0,12.975641025641027,77.63846153846154,23.659679917398037,52.46501149856854,3.1840578213732575,123.14483503074108,6.096900201866747,11.478668982024686,45.03139813206927,36.608029286150085,5.603337400854179,0.9451621532829586,103.2829459801943,42.493300000000005,Satisfactory,2.832886666666667,9.21363642163071,42.4933
0.0,12.975641025641027,77.6474358974359,23.659679917398037,52.46501149856854,3.1840578213732575,123.14483503074108,5.3830202186802385,11.478668982024686,45.03139813206927,36.608029286150085,5.603337400854179,0.9451621532829586,103.2829459801943,40.9911,Satisfactory,2.73274,8.782581726918345,40.99110000000002
0.0,12.975641025641027,77.65641025641025,23.659679917398037,52.46501149856854,3.1840578213732575,123.14483503074108,4.668047516035903,11.478668982024686,45.03139813206927,36.608029286150085,5.603337400854179,0.9451621532829586,103.2829459801943,40.9911,Satisfactory,2.73274,8.782581726918345,40.99110000000002
0.0,12.975641025641027,77.66538461538461,23.659679917398037,52.46501149856854,3.1840578213732575,123.14483503074108,3.9523696372385553,11.478668982024686,45.03139813206927,36.608029286150085,5.603337400854179,0.9451621532829586,103.2829459801943,40.574600000000004,Satisfactory,2.7049733333333337,8.79012894330908,40.574600000000004
0.0,12.975641025641027,77.67435897435897,23.659679917398037,52.46501149856854,3.1840578213732575,123.14483503074108,3.236210423058303,11.478668982024686,45.03139813206927,36.608029286150085,5.603337400854179,0.9451621532829586,103.2829459801943,40.5885,Satisfactory,2.7059,8.784044213800383,40.58850000000001
0.0,12.975641025641027,77.68333333333334,23.659679917398037,52.46501149856854,3.1840578213732575,123.14483503074108,3.0,11.478668982024686,45.03139813206927,36.608029286150085,5.603337400854179,0.9451621532829586,103.2829459801943,40.5885,Satisfactory,2.7059,8.784044213800383,40.58850000000001
0.0,12.975641025641027,77.6923076923077,23.659679917398037,52.46501149856854,3.1840578213732575,123.14483503074108,3.0,11.478668982024686,45.03139813206927,36.608029286150085,5.603337400854179,0.9451621532829586,103.2829459801943,40.5885,Satisfactory,2.7059,8.784044213800383,40.58850000000001
0.0,12.975641025641027,77.70128205128205,23.659679917398037,52.46501149856854,3.1840578213732575,123.14483503074108,3.0,11.478668982024686,45.03139813206927,36.608029286150085,5.603337400854179,0.9451621532829586,103.2829459801943,40.5885,Satisfactory,2.7059,8.784044213800383,40.58850000000001
0.0,12.975641025641027,77.7102564102564,23.659679917398037,52.46501149856854,3.1840578213732575,123.14483503074108,3.0,11.478668982024686,45.03139813206927,36.608029286150085,5.603337400854179,0.9451621532829586,103.2829459801943,40.5885,Satisfactory,2.7059,8.784044213800383,40.58850000000001
0.0,12.975641025641027,77.71923076923076,23.659679917398037,52.46501149856854,3.1840578213732575,123.14483503074108,3.0,11.478668982024686,45.03139813206927,36.608029286150085,5.603337400854179,0.9451621532829586,103.2829459801943,40.5885,Satisfactory,2.7059,8.784044213800383,40.58850000000001
0.0,12.975641025641027,77.72820512820513,23.659679917398037,52.46501149856854,3.1840578213732575,123.14483503074108,3.0,11.478668982024686,45.03139813206927,36.608029286150085,5.603337400854179,0.9451621532829586,103.2829459801943,40.5885,Satisfactory,2.7059,8.784044213800383,40.58850000000001
0.0,12.975641025641027,77.73717948717949,23.659679917398037,52.46501149856854,3.1840578213732575,123.14483503074108,3.0,11.478668982024686,45.03139813206927,36.608029286150085,5.603337400854179,0.9451621532829586,103.2829459801943,40.5885,Satisfactory,2.7059,8.784044213800383,40.58850000000001
0.0,12.975641025641027,77.74615384615385,23.659679917398037,52.46501149856854,3.1840578213732575,123.14483503074108,3.0,11.478668982024686,45.03139813206927,36.608029286150085,5.603337400854179,0.9451621532829586,103.2829459801943,40.5885,Satisfactory,2.7059,8.784044213800383,40.58850000000001
0.0,12.975641025641027,77.7551282051282,23.659679917398037,52.46501149856854,3.1840578213732575,123.14483503074108,3.0,11.478668982024686,45.03139813206927,36.608029286150085,5.603337400854179,0.9451621532829586,103.2829459801943,40.5885,Satisfactory,2.7059,8.784044213800383,40.58850000000001
0.0,12.975641025641027,77.76410256410256,23.659679917398037,52.46501149856854,3.1840578213732575,123.14483503074108,3.0,11.478668982024686,45.03139813206927,36.608029286150085,5.603337400854179,0.9451621532829586,103.2829459801943,40.5885,Satisfactory,2.7059,8.784044213800383,40.58850000000001
0.0,12.975641025641027,77.77307692307691,23.659679917398037,52.46501149856854,3.1840578213732575,123.14483503074108,3.0,11.478668982024686,45.03139813206927,36.608029286150085,5.603337400854179,0.9451621532829586,103.2829459801943,40.5885,Satisfactory,2.7059,8.784044213800383,40.58850000000001
0.0,12.975641025641027,77.78205128205128,23.659679917398037,52.46501149856854,3.1840578213732575,123.14483503074108,3.0,11.478668982024686,45.03139813206927,36.608029286150085,5.603337400854179,0.9451621532829586,103.2829459801943,40.5885,Satisfactory,2.7059,8.784044213800383,40.58850000000001
0.0,12.975641025641027,77.79102564102564,23.659679917398037,52.46501149856854,3.1840578213732575,123.14483503074108,3.0,11.478668982024686,45.03139813206927,36.608029286150085,5.603337400854179,0.9451621532829586,103.2829459801943,40.5885,Satisfactory,2.7059,8.784044213800383,40.58850000000001
0.0,12.975641025641027,77.8,23.659679917398037,52.46501149856854,3.1840578213732575,123.14483503074108,3.0,11.478668982024686,45.03139813206927,36.608029286150085,5.603337400854179,0.9451621532829586,103.2829459801943,40.5885,Satisfactory,2.7059,8.784044213800383,40.58850000000001
0.0,12.985897435897437,77.45,23.659679917398037,52.46501149856854,3.1840578213732575,123.14483503074108,3.0,11.478668982024686,45.03139813206927,36.608029286150085,5.603337400854179,0.9451621532829586,103.2829459801943,39.9317,Satisfactory,2.662113333333333,8.515975699237288,39.9317
0.0,12.985897435897437,77.45897435897436,23.659679917398037,52.46501149856854,3.1840578213732575,123.14483503074108,3.0,11.478668982024686,45.03139813206927,36.608029286150085,5.603337400854179,0.9451621532829586,103.2829459801943,39.9317,Satisfactory,2.662113333333333,8.515975699237288,39.9317
0.0,12.985897435897437,77.46794871794872,23.659679917398037,52.46501149856854,3.1840578213732575,123.14483503074108,3.0,11.478668982024686,45.03139813206927,36.608029286150085,5.603337400854179,0.9451621532829586,103.2829459801943,39.9317,Satisfactory,2.662113333333333,8.515975699237288,39.9317
0.0,12.985897435897437,77.47692307692309,23.659679917398037,52.46501149856854,3.1840578213732575,123.14483503074108,3.0,11.478668982024686,45.03139813206927,36.608029286150085,5.603337400854179,0.9451621532829586,103.2829459801943,39.9317,Satisfactory,2.662113333333333,8.515975699237288,39.9317
0.0,12.985897435897437,77.48589743589744,23.659679917398037,52.46501149856854,3.1840578213732575,123.14483503074108,3.0,11.478668982024686,45.03139813206927,36.608029286150085,5.603337400854179,0.9451621532829586,103.2829459801943,39.9317,Satisfactory,2.662113333333333,8.515975699237288,39.9317
0.0,12.985897435897437,77.4948717948718,23.659679917398037,52.46501149856854,3.1840578213732575,123.14483503074108,3.0,11.478668982024686,45.03139813206927,36.608029286150085,5.603337400854179,0.9451621532829586,103.2829459801943,39.9317,Satisfactory,2.662113333333333,8.515975699237288,39.9317
0.0,12.985897435897437,77.50384615384615,23.659679917398037,52.46501149856854,3.1840578213732575,123.14483503074108,3.0,11.478668982024686,45.03139813206927,36.608029286150085,5.603337400854179,0.9451621532829586,103.2829459801943,39.9317,Satisfactory,2.662113333333333,8.515975699237288,39.9317
0.0,12.985897435897437,77.51282051282051,23.659679917398037,52.46501149856854,3.1840578213732575,123.14483503074108,3.696019436881474,11.478668982024686,45.03139813206927,36.608029286150085,5.603337400854179,0.9451621532829586,103.2829459801943,39.9317,Satisfactory,2.662113333333333,8.515975699237288,39.9317
0.0,12.985897435897437,77.52179487179487,23.659679917398037,52.46501149856854,3.1840578213732575,123.14483503074108,4.397333216923412,11.478668982024686,45.03139813206927,36.608029286150085,5.603337400854179,0.9451621532829586,103.2829459801943,39.9317,Satisfactory,2.662113333333333,8.515975699237288,39.9317
0.0,12.985897435897437,77.53076923076924,23.659679917398037,52.46501149856854,3.1840578213732575,123.14483503074108,5.093832458282701,11.478668982024686,45.03139813206927,36.608029286150085,5.603337400854179,0.9451621532829586,103.2829459801943,40.43770000000001,Satisfactory,2.695846666666667,8.501272828818045,40.43770000000001
0.0,12.985897435897437,77.5397435897436,23.659679917398037,52.46501149856854,3.1840578213732575,123.14483503074108,5.7831308372405985,11.478668982024686,45.03139813206927,36.608029286150085,5.603337400854179,0.9451621532829586,103.2829459801943,42.27070000000001,Satisfactory,2.8180466666666675,9.259465238878537,42.270700000000005
0.0,12.985897435897437,77.54871794871795,23.659679917398037,52.46501149856854,3.1840578213732575,123.14483503074108,6.46101824708437,11.478668982024686,45.03139813206927,36.608029286150085,5.603337400854179,0.9451621532829586,103.2829459801943,42.298600000000015,Satisfactory,2.8199066666666677,9.226534454495901,42.29860000000001
0.0,12.985897435897437,77.5576923076923,23.659679917398037,52.46501149856854,3.1840578213732575,123.14483503074108,7.119427334310729,11.478668982024686,45.03139813206927,36.608029286150085,5.603337400854179,0.9451621532829586,103.2829459801943,45.431499999999986,Satisfactory,3.0287666666666655,10.626283581290311,45.431499999999986
0.0,12.985897435897437,77.56666666666666,23.659679917398037,52.46501149856854,3.1840578213732575,123.14483503074108,7.741259944046153,11.478668982024686,45.03139813206927,36.608029286150085,5.603337400854179,0.9451621532829586,103.2829459801943,56.9868,Satisfactory,3.7991200000000003,10.37823230420287,56.9868
0.0,12.985897435897437,77.57564102564103,23.659679917398037,52.46501149856854,3.1840578213732575,123.14483503074108,8.286227809296179,11.478668982024686,45.03139813206927,36.608029286150085,5.603337400854179,0.9451621532829586,103.2829459801943,56.93860000000001,Satisfactory,3.795906666666667,10.342794498586928,56.93860000000001
0.0,12.985897435897437,77.58461538461539,23.659679917398037,52.46501149856854,3.1840578213732575,123.14483503074108,8.657232586744376,11.478668982024686,45.03139813206927,36.608029286150085,5.603337400854179,0.9451621532829586,103.2829459801943,57.604500000000016,Satisfactory,3.840300000000001,10.456516090457663,57.60450000000001
0.0,12.985897435897437,77.59358974358975,23.659679917398037,52.46501149856854,3.1840578213732575,123.14483503074108,8.696184731727527,11.478668982024686,45.03139813206927,36.608029286150085,5.603337400854179,0.9451621532829586,103.2829459801943,57.604500000000016,Satisfactory,3.840300000000001,10.456516090457663,57.60450000000001
0.0,12.985897435897437,77.6025641025641,23.659679917398037,52.46501149856854,3.1840578213732575,123.14483503074108,8.378967950758703,11.478668982024686,45.03139813206927,36.608029286150085,5.603337400854179,0.9451621532829586,103.2829459801943,56.93860000000001,Satisfactory,3.795906666666667,10.342794498586928,56.93860000000001
0.0,12.985897435897437,77.61153846153846,23.659679917398037,52.46501149856854,3.1840578213732575,123.14483503074108,7.858398664839264,11.478668982024686,45.03139813206927,36.608029286150085,5.603337400854179,0.9451621532829586,103.2829459801943,54.946099999999994,Satisfactory,3.6630733333333327,7.831431145710214,54.946099999999994
0.0,12.985897435897437,77.62051282051281,23.659679917398037,52.46501149856854,3.1840578213732575,123.14483503074108,7.247534128083537,11.478668982024686,45.03139813206927,36.608029286150085,5.603337400854179,0.9451621532829586,103.2829459801943,45.53339999999999,Satisfactory,3.0355599999999994,10.565400249872221,45.53339999999999
0.0,12.985897435897437,77.62948717948719,23.659679917398037,52.46501149856854,3.1840578213732575,123.14483503074108,6.594624661423877,11.478668982024686,45.03139813206927,36.608029286150085,5.603337400854179,0.9451621532829586,103.2829459801943,45.53339999999999,Satisfactory,3.0355599999999994,10.565400249872221,45.53339999999999
0.0,12.985897435897437,77.63846153846154,23.659679917398037,52.46501149856854,3.1840578213732575,123.14483503074108,5.919804570819888,11.478668982024686,45.03139813206927,36.608029286150085,5.603337400854179,0.9451621532829586,103.2829459801943,42.47630000000001,Satisfactory,2.831753333333334,9.235115554772447,42.4763
0.0,12.985897435897437,77.6474358974359,23.659679917398037,52.46501149856854,3.1840578213732575,123.14483503074108,5.232368616678728,11.478668982024686,45.03139813206927,36.608029286150085,5.603337400854179,0.9451621532829586,103.2829459801943,40.9911,Satisfactory,2.73274,8.782581726918345,40.99110000000002
0.0,12.985897435897437,77.65641025641025,23.659679917398037,52.46501149856854,3.1840578213732575,123.14483503074108,4.537077339247302,11.478668982024686,45.03139813206927,36.608029286150085,5.603337400854179,0.9451621532829586,103.2829459801943,40.9911,Satisfactory,2.73274,8.782581726918345,40.99110000000002
0.0,12.985897435897437,77.66538461538461,23.659679917398037,52.46501149856854,3.1840578213732575,123.14483503074108,3.8365886304167107,11.478668982024686,45.03139813206927,36.608029286150085,5.603337400854179,0.9451621532829586,103.2829459801943,40.574600000000004,Satisfactory,2.7049733333333337,8.79012894330908,40.574600000000004
0.0,12.985897435897437,77.67435897435897,23.659679917398037,52.46501149856854,3.1840578213732575,123.14483503074108,3.1324927268142213,11.478668982024686,45.03139813206927,36.608029286150085,5.603337400854179,0.9451621532829586,103.2829459801943,40.5885,Satisfactory,2.7059,8.784044213800383,40.58850000000001
0.0,12.985897435897437,77.68333333333334,23.659679917398037,52.46501149856854,3.1840578213732575,123.14483503074108,3.0,11.478668982024686,45.03139813206927,36.608029286150085,5.603337400854179,0.9451621532829586,103.2829459801943,40.5885,Satisfactory,2.7059,8.784044213800383,40.58850000000001
0.0,12.985897435897437,77.6923076923077,23.659679917398037,52.46501149856854,3.1840578213732575,123.14483503074108,3.0,11.478668982024686,45.03139813206927,36.608029286150085,5.603337400854179,0.9451621532829586,103.2829459801943,40.5885,Satisfactory,2.7059,8.784044213800383,40.58850000000001
0.0,12.985897435897437,77.70128205128205,23.659679917398037,52.46501149856854,3.1840578213732575,123.14483503074108,3.0,11.478668982024686,45.03139813206927,36.608029286150085,5.603337400854179,0.9451621532829586,103.2829459801943,40.5885,Satisfactory,2.7059,8.784044213800383,40.58850000000001
0.0,12.985897435897437,77.7102564102564,23.659679917398037,52.46501149856854,3.1840578213732575,123.14483503074108,3.0,11.478668982024686,45.03139813206927,36.608029286150085,5.603337400854179,0.9451621532829586,103.2829459801943,40.5885,Satisfactory,2.7059,8.784044213800383,40.58850000000001
0.0,12.985897435897437,77.71923076923076,23.659679917398037,52.46501149856854,3.1840578213732575,123.14483503074108,3.0,11.478668982024686,45.03139813206927,36.608029286150085,5.603337400854179,0.9451621532829586,103.2829459801943,40.5885,Satisfactory,2.7059,8.784044213800383,40.58850000000001
0.0,12.985897435897437,77.72820512820513,23.659679917398037,52.46501149856854,3.1840578213732575,123.14483503074108,3.0,11.478668982024686,45.03139813206927,36.608029286150085,5.603337400854179,0.9451621532829586,103.2829459801943,40.5885,Satisfactory,2.7059,8.784044213800383,40.58850000000001
0.0,12.985897435897437,77.73717948717949,23.659679917398037,52.46501149856854,3.1840578213732575,123.14483503074108,3.0,11.478668982024686,45.03139813206927,36.608029286150085,5.603337400854179,0.9451621532829586,103.2829459801943,40.5885,Satisfactory,2.7059,8.784044213800383,40.58850000000001
0.0,12.985897435897437,77.74615384615385,23.659679917398037,52.46501149856854,3.1840578213732575,123.14483503074108,3.0,11.478668982024686,45.03139813206927,36.608029286150085,5.603337400854179,0.9451621532829586,103.2829459801943,40.5885,Satisfactory,2.7059,8.784044213800383,40.58850000000001
0.0,12.985897435897437,77.7551282051282,23.659679917398037,52.46501149856854,3.1840578213732575,123.14483503074108,3.0,11.478668982024686,45.03139813206927,36.608029286150085,5.603337400854179,0.9451621532829586,103.2829459801943,40.5885,Satisfactory,2.7059,8.784044213800383,40.58850000000001
0.0,12.985897435897437,77.76410256410256,23.659679917398037,52.46501149856854,3.1840578213732575,123.14483503074108,3.0,11.478668982024686,45.03139813206927,36.608029286150085,5.603337400854179,0.9451621532829586,103.2829459801943,40.5885,Satisfactory,2.7059,8.784044213800383,40.58850000000001
0.0,12.985897435897437,77.77307692307691,23.659679917398037,52.46501149856854,3.1840578213732575,123.14483503074108,3.0,11.478668982024686,45.03139813206927,36.608029286150085,5.603337400854179,0.9451621532829586,103.2829459801943,40.5885,Satisfactory,2.7059,8.784044213800383,40.58850000000001
0.0,12.985897435897437,77.78205128205128,23.659679917398037,52.46501149856854,3.1840578213732575,123.14483503074108,3.0,11.478668982024686,45.03139813206927,36.608029286150085,5.603337400854179,0.9451621532829586,103.2829459801943,40.5885,Satisfactory,2.7059,8.784044213800383,40.58850000000001
0.0,12.985897435897437,77.79102564102564,23.659679917398037,52.46501149856854,3.1840578213732575,123.14483503074108,3.0,11.478668982024686,45.03139813206927,36.608029286150085,5.603337400854179,0.9451621532829586,103.2829459801943,40.5885,Satisfactory,2.7059,8.784044213800383,40.58850000000001
0.0,12.985897435897437,77.8,23.659679917398037,52.46501149856854,3.1840578213732575,123.14483503074108,3.0,11.478668982024686,45.03139813206927,36.608029286150085,5.603337400854179,0.9451621532829586,103.2829459801943,40.5885,Satisfactory,2.7059,8.784044213800383,40.58850000000001
0.0,12.996153846153847,77.45,23.659679917398037,52.46501149856854,3.1840578213732575,123.14483503074108,3.0,11.478668982024686,45.03139813206927,36.608029286150085,5.603337400854179,0.9451621532829586,103.2829459801943,39.9317,Satisfactory,2.662113333333333,8.515975699237288,39.9317
0.0,12.996153846153847,77.45897435897436,23.659679917398037,52.46501149856854,3.1840578213732575,123.14483503074108,3.0,11.478668982024686,45.03139813206927,36.608029286150085,5.603337400854179,0.9451621532829586,103.2829459801943,39.9317,Satisfactory,2.662113333333333,8.515975699237288,39.9317
0.0,12.996153846153847,77.46794871794872,23.659679917398037,52.46501149856854,3.1840578213732575,123.14483503074108,3.0,11.478668982024686,45.03139813206927,36.608029286150085,5.603337400854179,0.9451621532829586,103.2829459801943,39.9317,Satisfactory,2.662113333333333,8.515975699237288,39.9317
0.0,12.996153846153847,77.47692307692309,23.659679917398037,52.46501149856854,3.1840578213732575,123.14483503074108,3.0,11.478668982024686,45.03139813206927,36.608029286150085,5.603337400854179,0.9451621532829586,103.2829459801943,39.9317,Satisfactory,2.662113333333333,8.515975699237288,39.9317
0.0,12.996153846153847,77.48589743589744,23.659679917398037,52.46501149856854,3.1840578213732575,123.14483503074108,3.0,11.478668982024686,45.03139813206927,36.608029286150085,5.603337400854179,0.9451621532829586,103.2829459801943,39.9317,Satisfactory,2.662113333333333,8.515975699237288,39.9317
0.0,12.996153846153847,77.4948717948718,23.659679917398037,52.46501149856854,3.1840578213732575,123.14483503074108,3.0,11.478668982024686,45.03139813206927,36.608029286150085,5.603337400854179,0.9451621532829586,103.2829459801943,39.9317,Satisfactory,2.662113333333333,8.515975699237288,39.9317
0.0,12.996153846153847,77.50384615384615,23.659679917398037,52.46501149856854,3.1840578213732575,123.14483503074108,3.0,11.478668982024686,45.03139813206927,36.608029286150085,5.603337400854179,0.9451621532829586,103.2829459801943,39.9317,Satisfactory,2.662113333333333,8.515975699237288,39.9317
0.0,12.996153846153847,77.51282051282051,23.659679917398037,52.46501149856854,3.1840578213732575,123.14483503074108,3.4807622973585017,11.478668982024686,45.03139813206927,36.608029286150085,5.603337400854179,0.9451621532829586,103.2829459801943,39.9317,Satisfactory,2.662113333333333,8.515975699237288,39.9317
0.0,12.996153846153847,77.52179487179487,23.659679917398037,52.46501149856854,3.1840578213732575,123.14483503074108,4.156185803299699,11.478668982024686,45.03139813206927,36.608029286150085,5.603337400854179,0.9451621532829586,103.2829459801943,39.9317,Satisfactory,2.662113333333333,8.515975699237288,39.9317
0.0,12.996153846153847,77.53076923076924,23.659679917398037,52.46501149856854,3.1840578213732575,123.14483503074108,4.820157412549432,11.478668982024686,45.03139813206927,36.608029286150085,5.603337400854179,0.9451621532829586,103.2829459801943,40.3498,Satisfactory,2.689986666666667,8.537989690787875,40.34980000000001
0.0,12.996153846153847,77.5397435897436,23.659679917398037,52.46501149856854,3.1840578213732575,123.14483503074108,5.467641362469491,11.478668982024686,45.03139813206927,36.608029286150085,5.603337400854179,0.9451621532829586,103.2829459801943,40.43770000000001,Satisfactory,2.695846666666667,8.501272828818045,40.43770000000001
0.0,12.996153846153847,77.54871794871795,23.659679917398037,52.46501149856854,3.1840578213732575,123.14483503074108,6.090437219990448,11.478668982024686,45.03139813206927,36.608029286150085,5.603337400854179,0.9451621532829586,103.2829459801943,42.298600000000015,Satisfactory,2.8199066666666677,9.226534454495901,42.29860000000001
0.0,12.996153846153847,77.5576923076923,23.659679917398037,52.46501149856854,3.1840578213732575,123.14483503074108,6.674644655727388,11.478668982024686,45.03139813206927,36.608029286150085,5.603337400854179,0.9451621532829586,103.2829459801943,45.431499999999986,Satisfactory,3.0287666666666655,10.626283581290311,45.431499999999986
0.0,12.996153846153847,77.56666666666666,23.659679917398037,52.46501149856854,3.1840578213732575,123.14483503074108,7.196039243545548,11.478668982024686,45.03139813206927,36.608029286150085,5.603337400854179,0.9451621532829586,103.2829459801943,45.431499999999986,Satisfactory,3.0287666666666655,10.626283581290311,45.431499999999986
0.0,12.996153846153847,77.57564102564103,23.659679917398037,52.46501149856854,3.1840578213732575,123.14483503074108,7.6130973197476175,11.478668982024686,45.03139813206927,36.608029286150085,5.603337400854179,0.9451621532829586,103.2829459801943,59.43630000000002,Satisfactory,3.962420000000001,10.391447411693907,59.43630000000001
0.0,12.996153846153847,77.58461538461539,23.659679917398037,52.46501149856854,3.1840578213732575,123.14483503074108,7.863808620589571,11.478668982024686,45.03139813206927,36.608029286150085,5.603337400854179,0.9451621532829586,103.2829459801943,59.43630000000002,Satisfactory,3.962420000000001,10.391447411693907,59.43630000000001
0.0,12.996153846153847,77.59358974358975,23.659679917398037,52.46501149856854,3.1840578213732575,123.14483503074108,7.888075868515478,11.478668982024686,45.03139813206927,36.608029286150085,5.603337400854179,0.9451621532829586,103.2829459801943,59.43630000000002,Satisfactory,3.962420000000001,10.391447411693907,59.43630000000001
0.0,12.996153846153847,77.6025641025641,23.659679917398037,52.46501149856854,3.1840578213732575,123.14483503074108,7.678786052938319,11.478668982024686,45.03139813206927,36.608029286150085,5.603337400854179,0.9451621532829586,103.2829459801943,59.43630000000002,Satisfactory,3.962420000000001,10.391447411693907,59.43630000000001
0.0,12.996153846153847,77.61153846153846,23.659679917398037,52.46501149856854,3.1840578213732575,123.14483503074108,7.289511932856284,11.478668982024686,45.03139813206927,36.608029286150085,5.603337400854179,0.9451621532829586,103.2829459801943,45.53339999999999,Satisfactory,3.0355599999999994,10.565400249872221,45.53339999999999
0.0,12.996153846153847,77.62051282051281,23.659679917398037,52.46501149856854,3.1840578213732575,123.14483503074108,6.7849793687394335,11.478668982024686,45.03139813206927,36.608029286150085,5.603337400854179,0.9451621532829586,103.2829459801943,45.53339999999999,Satisfactory,3.0355599999999994,10.565400249872221,45.53339999999999
0.0,12.996153846153847,77.62948717948719,23.659679917398037,52.46501149856854,3.1840578213732575,123.14483503074108,6.210953882578272,11.478668982024686,45.03139813206927,36.608029286150085,5.603337400854179,0.9451621532829586,103.2829459801943,42.70110000000002,Satisfactory,2.8467400000000014,9.378747773023859,42.701100000000004
0.0,12.996153846153847,77.63846153846154,23.659679917398037,52.46501149856854,3.1840578213732575,123.14483503074108,5.594516595914983,11.478668982024686,45.03139813206927,36.608029286150085,5.603337400854179,0.9451621532829586,103.2829459801943,42.47630000000001,Satisfactory,2.831753333333334,9.235115554772447,42.4763
0.0,12.996153846153847,77.6474358974359,23.659679917398037,52.46501149856854,3.1840578213732575,123.14483503074108,4.95117852458654,11.478668982024686,45.03139813206927,36.608029286150085,5.603337400854179,0.9451621532829586,103.2829459801943,40.9911,Satisfactory,2.73274,8.782581726918345,40.99110000000002
0.0,12.996153846153847,77.65641025641025,23.659679917398037,52.46501149856854,3.1840578213732575,123.14483503074108,4.29002510682126,11.478668982024686,45.03139813206927,36.608029286150085,5.603337400854179,0.9451621532829586,103.2829459801943,40.574600000000004,Satisfactory,2.7049733333333337,8.79012894330908,40.574600000000004
0.0,12.996153846153847,77.66538461538461,23.659679917398037,52.46501149856854,3.1840578213732575,123.14483503074108,3.616589548362507,11.478668982024686,45.03139813206927,36.608029286150085,5.603337400854179,0.9451621532829586,103.2829459801943,40.574600000000004,Satisfactory,2.7049733333333337,8.79012894330908,40.574600000000004
0.0,12.996153846153847,77.67435897435897,23.659679917398037,52.46501149856854,3.1840578213732575,123.14483503074108,3.0,11.478668982024686,45.03139813206927,36.608029286150085,5.603337400854179,0.9451621532829586,103.2829459801943,40.5885,Satisfactory,2.7059,8.784044213800383,40.58850000000001
0.0,12.996153846153847,77.68333333333334,23.659679917398037,52.46501149856854,3.1840578213732575,123.14483503074108,3.0,11.478668982024686,45.03139813206927,36.608029286150085,5.603337400854179,0.9451621532829586,103.2829459801943,40.5885,Satisfactory,2.7059,8.784044213800383,40.58850000000001
0.0,12.996153846153847,77.6923076923077,23.659679917398037,52.46501149856854,3.1840578213732575,123.14483503074108,3.0,11.478668982024686,45.03139813206927,36.608029286150085,5.603337400854179,0.9451621532829586,103.2829459801943,40.5885,Satisfactory,2.7059,8.784044213800383,40.58850000000001
0.0,12.996153846153847,77.70128205128205,23.659679917398037,52.46501149856854,3.1840578213732575,123.14483503074108,3.0,11.478668982024686,45.03139813206927,36.608029286150085,5.603337400854179,0.9451621532829586,103.2829459801943,40.5885,Satisfactory,2.7059,8.784044213800383,40.58850000000001
0.0,12.996153846153847,77.7102564102564,23.659679917398037,52.46501149856854,3.1840578213732575,123.14483503074108,3.0,11.478668982024686,45.03139813206927,36.608029286150085,5.603337400854179,0.9451621532829586,103.2829459801943,40.5885,Satisfactory,2.7059,8.784044213800383,40.58850000000001
0.0,12.996153846153847,77.71923076923076,23.659679917398037,52.46501149856854,3.1840578213732575,123.14483503074108,3.0,11.478668982024686,45.03139813206927,36.608029286150085,5.603337400854179,0.9451621532829586,103.2829459801943,40.5885,Satisfactory,2.7059,8.784044213800383,40.58850000000001
0.0,12.996153846153847,77.72820512820513,23.659679917398037,52.46501149856854,3.1840578213732575,123.14483503074108,3.0,11.478668982024686,45.03139813206927,36.608029286150085,5.603337400854179,0.9451621532829586,103.2829459801943,40.5885,Satisfactory,2.7059,8.784044213800383,40.58850000000001
0.0,12.996153846153847,77.73717948717949,23.659679917398037,52.46501149856854,3.1840578213732575,123.14483503074108,3.0,11.478668982024686,45.03139813206927,36.608029286150085,5.603337400854179,0.9451621532829586,103.2829459801943,40.5885,Satisfactory,2.7059,8.784044213800383,40.58850000000001
0.0,12.996153846153847,77.74615384615385,23.659679917398037,52.46501149856854,3.1840578213732575,123.14483503074108,3.0,11.478668982024686,45.03139813206927,36.608029286150085,5.603337400854179,0.9451621532829586,103.2829459801943,40.5885,Satisfactory,2.7059,8.784044213800383,40.58850000000001
0.0,12.996153846153847,77.7551282051282,23.659679917398037,52.46501149856854,3.1840578213732575,123.14483503074108,3.0,11.478668982024686,45.03139813206927,36.608029286150085,5.603337400854179,0.9451621532829586,103.2829459801943,40.5885,Satisfactory,2.7059,8.784044213800383,40.58850000000001
0.0,12.996153846153847,77.76410256410256,23.659679917398037,52.46501149856854,3.1840578213732575,123.14483503074108,3.0,11.478668982024686,45.03139813206927,36.608029286150085,5.603337400854179,0.9451621532829586,103.2829459801943,40.5885,Satisfactory,2.7059,8.784044213800383,40.58850000000001
0.0,12.996153846153847,77.77307692307691,23.659679917398037,52.46501149856854,3.1840578213732575,123.14483503074108,3.0,11.478668982024686,45.03139813206927,36.608029286150085,5.603337400854179,0.9451621532829586,103.2829459801943,40.5885,Satisfactory,2.7059,8.784044213800383,40.58850000000001
0.0,12.996153846153847,77.78205128205128,23.659679917398037,52.46501149856854,3.1840578213732575,123.14483503074108,3.0,11.478668982024686,45.03139813206927,36.608029286150085,5.603337400854179,0.9451621532829586,103.2829459801943,40.5885,Satisfactory,2.7059,8.784044213800383,40.58850000000001
0.0,12.996153846153847,77.79102564102564,23.659679917398037,52.46501149856854,3.1840578213732575,123.14483503074108,3.0,11.478668982024686,45.03139813206927,36.608029286150085,5.603337400854179,0.9451621532829586,103.2829459801943,40.5885,Satisfactory,2.7059,8.784044213800383,40.58850000000001
0.0,12.996153846153847,77.8,23.659679917398037,52.46501149856854,3.1840578213732575,123.14483503074108,3.0,11.478668982024686,45.03139813206927,36.608029286150085,5.603337400854179,0.9451621532829586,103.2829459801943,40.5885,Satisfactory,2.7059,8.784044213800383,40.58850000000001
0.0,13.006410256410257,77.45,23.659679917398037,52.46501149856854,3.1840578213732575,123.14483503074108,3.0,11.478668982024686,45.03139813206927,36.608029286150085,5.603337400854179,0.9451621532829586,103.2829459801943,39.9317,Satisfactory,2.662113333333333,8.515975699237288,39.9317
0.0,13.006410256410257,77.45897435897436,23.659679917398037,52.46501149856854,3.1840578213732575,123.14483503074108,3.0,11.478668982024686,45.03139813206927,36.608029286150085,5.603337400854179,0.9451621532829586,103.2829459801943,39.9317,Satisfactory,2.662113333333333,8.515975699237288,39.9317
0.0,13.006410256410257,77.46794871794872,23.659679917398037,52.46501149856854,3.1840578213732575,123.14483503074108,3.0,11.478668982024686,45.03139813206927,36.608029286150085,5.603337400854179,0.9451621532829586,103.2829459801943,39.9317,Satisfactory,2.662113333333333,8.515975699237288,39.9317
0.0,13.006410256410257,77.47692307692309,23.659679917398037,52.46501149856854,3.1840578213732575,123.14483503074108,3.0,11.478668982024686,45.03139813206927,36.608029286150085,5.603337400854179,0.9451621532829586,103.2829459801943,39.9317,Satisfactory,2.662113333333333,8.515975699237288,39.9317
0.0,13.006410256410257,77.48589743589744,23.659679917398037,52.46501149856854,3.1840578213732575,123.14483503074108,3.0,11.478668982024686,45.03139813206927,36.608029286150085,5.603337400854179,0.9451621532829586,103.2829459801943,39.9317,Satisfactory,2.662113333333333,8.515975699237288,39.9317
0.0,13.006410256410257,77.4948717948718,23.659679917398037,52.46501149856854,3.1840578213732575,123.14483503074108,3.0,11.478668982024686,45.03139813206927,36.608029286150085,5.603337400854179,0.9451621532829586,103.2829459801943,39.9317,Satisfactory,2.662113333333333,8.515975699237288,39.9317
0.0,13.006410256410257,77.50384615384615,23.659679917398037,52.46501149856854,3.1840578213732575,123.14483503074108,3.0,11.478668982024686,45.03139813206927,36.608029286150085,5.603337400854179,0.9451621532829586,103.2829459801943,39.9317,Satisfactory,2.662113333333333,8.515975699237288,39.9317
0.0,13.006410256410257,77.51282051282051,23.659679917398037,52.46501149856854,3.1840578213732575,123.14483503074108,3.1730510413391517,11.478668982024686,45.03139813206927,36.608029286150085,5.603337400854179,0.9451621532829586,103.2829459801943,39.9317,Satisfactory,2.662113333333333,8.515975699237288,39.9317
0.0,13.006410256410257,77.52179487179487,23.659679917398037,52.46501149856854,3.1840578213732575,123.14483503074108,3.8147808263430125,11.478668982024686,45.03139813206927,36.608029286150085,5.603337400854179,0.9451621532829586,103.2829459801943,39.9317,Satisfactory,2.662113333333333,8.515975699237288,39.9317
0.0,13.006410256410257,77.53076923076924,23.659679917398037,52.46501149856854,3.1840578213732575,123.14483503074108,4.437847440838697,11.478668982024686,45.03139813206927,36.608029286150085,5.603337400854179,0.9451621532829586,103.2829459801943,39.9317,Satisfactory,2.662113333333333,8.515975699237288,39.9317
0.0,13.006410256410257,77.5397435897436,23.659679917398037,52.46501149856854,3.1840578213732575,123.14483503074108,5.035219372437948,11.478668982024686,45.03139813206927,36.608029286150085,5.603337400854179,0.9451621532829586,103.2829459801943,40.43770000000001,Satisfactory,2.695846666666667,8.501272828818045,40.43770000000001
0.0,13.006410256410257,77.54871794871795,23.659679917398037,52.46501149856854,3.1840578213732575,123.14483503074108,5.596427246944358,11.478668982024686,45.03139813206927,36.608029286150085,5.603337400854179,0.9451621532829586,103.2829459801943,42.27070000000001,Satisfactory,2.8180466666666675,9.259465238878537,42.270700000000005
0.0,13.006410256410257,77.5576923076923,23.659679917398037,52.46501149856854,3.1840578213732575,123.14483503074108,6.10580431586952,11.478668982024686,45.03139813206927,36.608029286150085,5.603337400854179,0.9451621532829586,103.2829459801943,42.298600000000015,Satisfactory,2.8199066666666677,9.226534454495901,42.29860000000001
0.0,13.006410256410257,77.56666666666666,23.659679917398037,52.46501149856854,3.1840578213732575,123.14483503074108,6.540380398894316,11.478668982024686,45.03139813206927,36.608029286150085,5.603337400854179,0.9451621532829586,103.2829459801943,45.431499999999986,Satisfactory,3.0287666666666655,10.626283581290311,45.431499999999986
0.0,13.006410256410257,77.57564102564103,23.659679917398037,52.46501149856854,3.1840578213732575,123.14483503074108,6.868853841543956,11.478668982024686,45.03139813206927,36.608029286150085,5.603337400854179,0.9451621532829586,103.2829459801943,45.431499999999986,Satisfactory,3.0287666666666655,10.626283581290311,45.431499999999986
0.0,13.006410256410257,77.58461538461539,23.659679917398037,52.46501149856854,3.1840578213732575,123.14483503074108,7.055499113587251,11.478668982024686,45.03139813206927,36.608029286150085,5.603337400854179,0.9451621532829586,103.2829459801943,45.6181,Satisfactory,3.0412066666666666,10.534510970614628,45.6181
0.0,13.006410256410257,77.59358974358975,23.659679917398037,52.46501149856854,3.1840578213732575,123.14483503074108,7.073056987612386,11.478668982024686,45.03139813206927,36.608029286150085,5.603337400854179,0.9451621532829586,103.2829459801943,45.53339999999999,Satisfactory,3.0355599999999994,10.565400249872221,45.53339999999999
0.0,13.006410256410257,77.6025641025641,23.659679917398037,52.46501149856854,3.1840578213732575,123.14483503074108,6.91863568388097,11.478668982024686,45.03139813206927,36.608029286150085,5.603337400854179,0.9451621532829586,103.2829459801943,45.53339999999999,Satisfactory,3.0355599999999994,10.565400249872221,45.53339999999999
0.0,13.006410256410257,77.61153846153846,23.659679917398037,52.46501149856854,3.1840578213732575,123.14483503074108,6.61569542996696,11.478668982024686,45.03139813206927,36.608029286150085,5.603337400854179,0.9451621532829586,103.2829459801943,45.53339999999999,Satisfactory,3.0355599999999994,10.565400249872221,45.53339999999999
0.0,13.006410256410257,77.62051282051281,23.659679917398037,52.46501149856854,3.1840578213732575,123.14483503074108,6.199588243354528,11.478668982024686,45.03139813206927,36.608029286150085,5.603337400854179,0.9451621532829586,103.2829459801943,42.70110000000002,Satisfactory,2.8467400000000014,9.378747773023859,42.701100000000004
0.0,13.006410256410257,77.62948717948719,23.659679917398037,52.46501149856854,3.1840578213732575,123.14483503074108,5.703065937139981,11.478668982024686,45.03139813206927,36.608029286150085,5.603337400854179,0.9451621532829586,103.2829459801943,42.673200000000016,Satisfactory,2.844880000000001,9.412339122662335,42.67320000000001
0.0,13.006410256410257,77.63846153846154,23.659679917398037,52.46501149856854,3.1840578213732575,123.14483503074108,5.150767495336345,11.478668982024686,45.03139813206927,36.608029286150085,5.603337400854179,0.9451621532829586,103.2829459801943,40.9911,Satisfactory,2.73274,8.782581726918345,40.99110000000002
0.0,13.006410256410257,77.6474358974359,23.659679917398037,52.46501149856854,3.1840578213732575,123.14483503074108,4.559653489784482,11.478668982024686,45.03139813206927,36.608029286150085,5.603337400854179,0.9451621532829586,103.2829459801943,40.9911,Satisfactory,2.73274,8.782581726918345,40.99110000000002
0.0,13.006410256410257,77.65641025641025,23.659679917398037,52.46501149856854,3.1840578213732575,123.14483503074108,3.9410739283805754,11.478668982024686,45.03139813206927,36.608029286150085,5.603337400854179,0.9451621532829586,103.2829459801943,40.574600000000004,Satisfactory,2.7049733333333337,8.79012894330908,40.574600000000004
0.0,13.006410256410257,77.66538461538461,23.659679917398037,52.46501149856854,3.1840578213732575,123.14483503074108,3.3026347826408022,11.478668982024686,45.03139813206927,36.608029286150085,5.603337400854179,0.9451621532829586,103.2829459801943,40.574600000000004,Satisfactory,2.7049733333333337,8.79012894330908,40.574600000000004
0.0,13.006410256410257,77.67435897435897,23.659679917398037,52.46501149856854,3.1840578213732575,123.14483503074108,3.0,11.478668982024686,45.03139813206927,36.608029286150085,5.603337400854179,0.9451621532829586,103.2829459801943,40.5885,Satisfactory,2.7059,8.784044213800383,40.58850000000001
0.0,13.006410256410257,77.68333333333334,23.659679917398037,52.46501149856854,3.1840578213732575,123.14483503074108,3.0,11.478668982024686,45.03139813206927,36.608029286150085,5.603337400854179,0.9451621532829586,103.2829459801943,40.5885,Satisfactory,2.7059,8.784044213800383,40.58850000000001
0.0,13.006410256410257,77.6923076923077,23.659679917398037,52.46501149856854,3.1840578213732575,123.14483503074108,3.0,11.478668982024686,45.03139813206927,36.608029286150085,5.603337400854179,0.9451621532829586,103.2829459801943,40.5885,Satisfactory,2.7059,8.784044213800383,40.58850000000001
0.0,13.006410256410257,77.70128205128205,23.659679917398037,52.46501149856854,3.1840578213732575,123.14483503074108,3.0,11.478668982024686,45.03139813206927,36.608029286150085,5.603337400854179,0.9451621532829586,103.2829459801943,40.5885,Satisfactory,2.7059,8.784044213800383,40.58850000000001
0.0,13.006410256410257,77.7102564102564,23.659679917398037,52.46501149856854,3.1840578213732575,123.14483503074108,3.0,11.478668982024686,45.03139813206927,36.608029286150085,5.603337400854179,0.9451621532829586,103.2829459801943,40.5885,Satisfactory,2.7059,8.784044213800383,40.58850000000001
0.0,13.006410256410257,77.71923076923076,23.659679917398037,52.46501149856854,3.1840578213732575,123.14483503074108,3.0,11.478668982024686,45.03139813206927,36.608029286150085,5.603337400854179,0.9451621532829586,103.2829459801943,40.5885,Satisfactory,2.7059,8.784044213800383,40.58850000000001
0.0,13.006410256410257,77.72820512820513,23.659679917398037,52.46501149856854,3.1840578213732575,123.14483503074108,3.0,11.478668982024686,45.03139813206927,36.608029286150085,5.603337400854179,0.9451621532829586,103.2829459801943,40.5885,Satisfactory,2.7059,8.784044213800383,40.58850000000001
0.0,13.006410256410257,77.73717948717949,23.659679917398037,52.46501149856854,3.1840578213732575,123.14483503074108,3.0,11.478668982024686,45.03139813206927,36.608029286150085,5.603337400854179,0.9451621532829586,103.2829459801943,40.5885,Satisfactory,2.7059,8.784044213800383,40.58850000000001
0.0,13.006410256410257,77.74615384615385,23.659679917398037,52.46501149856854,3.1840578213732575,123.14483503074108,3.0,11.478668982024686,45.03139813206927,36.608029286150085,5.603337400854179,0.9451621532829586,103.2829459801943,40.5885,Satisfactory,2.7059,8.784044213800383,40.58850000000001
0.0,13.006410256410257,77.7551282051282,23.659679917398037,52.46501149856854,3.1840578213732575,123.14483503074108,3.0,11.478668982024686,45.03139813206927,36.608029286150085,5.603337400854179,0.9451621532829586,103.2829459801943,40.5885,Satisfactory,2.7059,8.784044213800383,40.58850000000001
0.0,13.006410256410257,77.76410256410256,23.659679917398037,52.46501149856854,3.1840578213732575,123.14483503074108,3.0,11.478668982024686,45.03139813206927,36.608029286150085,5.603337400854179,0.9451621532829586,103.2829459801943,40.5885,Satisfactory,2.7059,8.784044213800383,40.58850000000001
0.0,13.006410256410257,77.77307692307691,23.659679917398037,52.46501149856854,3.1840578213732575,123.14483503074108,3.0,11.478668982024686,45.03139813206927,36.608029286150085,5.603337400854179,0.9451621532829586,103.2829459801943,40.5885,Satisfactory,2.7059,8.784044213800383,40.58850000000001
0.0,13.006410256410257,77.78205128205128,23.659679917398037,52.46501149856854,3.1840578213732575,123.14483503074108,3.0,11.478668982024686,45.03139813206927,36.608029286150085,5.603337400854179,0.9451621532829586,103.2829459801943,40.5885,Satisfactory,2.7059,8.784044213800383,40.58850000000001
0.0,13.006410256410257,77.79102564102564,23.659679917398037,52.46501149856854,3.1840578213732575,123.14483503074108,3.0,11.478668982024686,45.03139813206927,36.608029286150085,5.603337400854179,0.9451621532829586,103.2829459801943,40.5885,Satisfactory,2.7059,8.784044213800383,40.58850000000001
0.0,13.006410256410257,77.8,23.659679917398037,52.46501149856854,3.1840578213732575,123.14483503074108,3.0,11.478668982024686,45.03139813206927,36.608029286150085,5.603337400854179,0.9451621532829586,103.2829459801943,40.5885,Satisfactory,2.7059,8.784044213800383,40.58850000000001
0.0,13.016666666666667,77.45,23.659679917398037,52.46501149856854,3.1840578213732575,123.14483503074108,3.0,11.478668982024686,45.03139813206927,36.608029286150085,5.603337400854179,0.9451621532829586,103.2829459801943,39.91310000000001,Satisfactory,2.660873333333334,8.535637257404982,39.91310000000001
0.0,13.016666666666667,77.45897435897436,23.659679917398037,52.46501149856854,3.1840578213732575,123.14483503074108,3.0,11.478668982024686,45.03139813206927,36.608029286150085,5.603337400854179,0.9451621532829586,103.2829459801943,39.91310000000001,Satisfactory,2.660873333333334,8.535637257404982,39.91310000000001
0.0,13.016666666666667,77.46794871794872,23.659679917398037,52.46501149856854,3.1840578213732575,123.14483503074108,3.0,11.478668982024686,45.03139813206927,36.608029286150085,5.603337400854179,0.9451621532829586,103.2829459801943,39.91310000000001,Satisfactory,2.660873333333334,8.535637257404982,39.91310000000001
0.0,13.016666666666667,77.47692307692309,23.659679917398037,52.46501149856854,3.1840578213732575,123.14483503074108,3.0,11.478668982024686,45.03139813206927,36.608029286150085,5.603337400854179,0.9451621532829586,103.2829459801943,39.91310000000001,Satisfactory,2.660873333333334,8.535637257404982,39.91310000000001
0.0,13.016666666666667,77.48589743589744,23.659679917398037,52.46501149856854,3.1840578213732575,123.14483503074108,3.0,11.478668982024686,45.03139813206927,36.608029286150085,5.603337400854179,0.9451621532829586,103.2829459801943,39.91310000000001,Satisfactory,2.660873333333334,8.535637257404982,39.91310000000001
0.0,13.016666666666667,77.4948717948718,23.659679917398037,52.46501149856854,3.1840578213732575,123.14483503074108,3.0,11.478668982024686,45.03139813206927,36.608029286150085,5.603337400854179,0.9451621532829586,103.2829459801943,39.91310000000001,Satisfactory,2.660873333333334,8.535637257404982,39.91310000000001
0.0,13.016666666666667,77.50384615384615,23.659679917398037,52.46501149856854,3.1840578213732575,123.14483503074108,3.0,11.478668982024686,45.03139813206927,36.608029286150085,5.603337400854179,0.9451621532829586,103.2829459801943,39.91310000000001,Satisfactory,2.660873333333334,8.535637257404982,39.91310000000001
0.0,13.016666666666667,77.51282051282051,23.659679917398037,52.46501149856854,3.1840578213732575,123.14483503074108,3.0,11.478668982024686,45.03139813206927,36.608029286150085,5.603337400854179,0.9451621532829586,103.2829459801943,39.91310000000001,Satisfactory,2.660873333333334,8.535637257404982,39.91310000000001
0.0,13.016666666666667,77.52179487179487,23.659679917398037,52.46501149856854,3.1840578213732575,123.14483503074108,3.388631710149264,11.478668982024686,45.03139813206927,36.608029286150085,5.603337400854179,0.9451621532829586,103.2829459801943,39.91310000000001,Satisfactory,2.660873333333334,8.535637257404982,39.91310000000001
0.0,13.016666666666667,77.53076923076924,23.659679917398037,52.46501149856854,3.1840578213732575,123.14483503074108,3.967521609715087,11.478668982024686,45.03139813206927,36.608029286150085,5.603337400854179,0.9451621532829586,103.2829459801943,39.91310000000001,Satisfactory,2.660873333333334,8.535637257404982,39.91310000000001
0.0,13.016666666666667,77.5397435897436,23.659679917398037,52.46501149856854,3.1840578213732575,123.14483503074108,4.513443601156981,11.478668982024686,45.03139813206927,36.608029286150085,5.603337400854179,0.9451621532829586,103.2829459801943,40.3126,Satisfactory,2.6875066666666667,8.578939633777594,40.3126
0.0,13.016666666666667,77.54871794871795,23.659679917398037,52.46501149856854,3.1840578213732575,123.14483503074108,5.015553448042212,11.478668982024686,45.03139813206927,36.608029286150085,5.603337400854179,0.9451621532829586,103.2829459801943,40.40050000000001,Satisfactory,2.6933666666666674,8.54278155813433,40.40050000000001
0.0,13.016666666666667,77.5576923076923,23.659679917398037,52.46501149856854,3.1840578213732575,123.14483503074108,5.459293616168263,11.478668982024686,45.03139813206927,36.608029286150085,5.603337400854179,0.9451621532829586,103.2829459801943,40.40050000000001,Satisfactory,2.6933666666666674,8.54278155813433,40.40050000000001
0.0,13.016666666666667,77.56666666666666,23.659679917398037,52.46501149856854,3.1840578213732575,123.14483503074108,5.826006442000121,11.478668982024686,45.03139813206927,36.608029286150085,5.603337400854179,0.9451621532829586,103.2829459801943,42.233500000000014,Satisfactory,2.8155666666666677,9.304920674030488,42.233500000000014
0.0,13.016666666666667,77.57564102564103,23.659679917398037,52.46501149856854,3.1840578213732575,123.14483503074108,6.093936674414524,11.478668982024686,45.03139813206927,36.608029286150085,5.603337400854179,0.9451621532829586,103.2829459801943,42.26140000000001,Satisfactory,2.8174266666666674,9.272263264165874,42.26140000000001
0.0,13.016666666666667,77.58461538461539,23.659679917398037,52.46501149856854,3.1840578213732575,123.14483503074108,6.241896767256747,11.478668982024686,45.03139813206927,36.608029286150085,5.603337400854179,0.9451621532829586,103.2829459801943,42.45130000000001,Satisfactory,2.8300866666666673,9.23274105073894,42.4513
0.0,13.016666666666667,77.59358974358975,23.659679917398037,52.46501149856854,3.1840578213732575,123.14483503074108,6.25563759290924,11.478668982024686,45.03139813206927,36.608029286150085,5.603337400854179,0.9451621532829586,103.2829459801943,42.66390000000001,Satisfactory,2.8442600000000007,9.425326720597015,42.663900000000005
0.0,13.016666666666667,77.6025641025641,23.659679917398037,52.46501149856854,3.1840578213732575,123.14483503074108,6.133727830775292,11.478668982024686,45.03139813206927,36.608029286150085,5.603337400854179,0.9451621532829586,103.2829459801943,42.66390000000001,Satisfactory,2.8442600000000007,9.425326720597015,42.663900000000005
0.0,13.016666666666667,77.61153846153846,23.659679917398037,52.46501149856854,3.1840578213732575,123.14483503074108,5.8882154895208405,11.478668982024686,45.03139813206927,36.608029286150085,5.603337400854179,0.9451621532829586,103.2829459801943,42.63600000000001,Satisfactory,2.8424000000000005,9.458642925917017,42.636
0.0,13.016666666666667,77.62051282051281,23.659679917398037,52.46501149856854,3.1840578213732575,123.14483503074108,5.539463714090092,11.478668982024686,45.03139813206927,36.608029286150085,5.603337400854179,0.9451621532829586,103.2829459801943,42.63600000000001,Satisfactory,2.8424000000000005,9.458642925917017,42.636
0.0,13.016666666666667,77.62948717948719,23.659679917398037,52.46501149856854,3.1840578213732575,123.14483503074108,5.109509556451773,11.478668982024686,45.03139813206927,36.608029286150085,5.603337400854179,0.9451621532829586,103.2829459801943,41.05880000000001,Satisfactory,2.737253333333334,8.858851537304371,41.05880000000001
0.0,13.016666666666667,77.63846153846154,23.659679917398037,52.46501149856854,3.1840578213732575,123.14483503074108,4.617778309828146,11.478668982024686,45.03139813206927,36.608029286150085,5.603337400854179,0.9451621532829586,103.2829459801943,40.95550000000001,Satisfactory,2.7303666666666673,8.823432934521573,40.95550000000001
0.0,13.016666666666667,77.6474358974359,23.659679917398037,52.46501149856854,3.1840578213732575,123.14483503074108,4.079643204241488,11.478668982024686,45.03139813206927,36.608029286150085,5.603337400854179,0.9451621532829586,103.2829459801943,40.556000000000004,Satisfactory,2.7037333333333335,8.810535965535811,40.55600000000001
0.0,13.016666666666667,77.65641025641025,23.659679917398037,52.46501149856854,3.1840578213732575,123.14483503074108,3.50663110710477,11.478668982024686,45.03139813206927,36.608029286150085,5.603337400854179,0.9451621532829586,103.2829459801943,40.556000000000004,Satisfactory,2.7037333333333335,8.810535965535811,40.55600000000001
0.0,13.016666666666667,77.66538461538461,23.659679917398037,52.46501149856854,3.1840578213732575,123.14483503074108,3.0,11.478668982024686,45.03139813206927,36.608029286150085,5.603337400854179,0.9451621532829586,103.2829459801943,40.556000000000004,Satisfactory,2.7037333333333335,8.810535965535811,40.55600000000001
0.0,13.016666666666667,77.67435897435897,23.659679917398037,52.46501149856854,3.1840578213732575,123.14483503074108,3.0,11.478668982024686,45.03139813206927,36.608029286150085,5.603337400854179,0.9451621532829586,103.2829459801943,40.569900000000004,Satisfactory,2.70466,8.80449470384303,40.569900000000004
0.0,13.016666666666667,77.68333333333334,23.659679917398037,52.46501149856854,3.1840578213732575,123.14483503074108,3.0,11.478668982024686,45.03139813206927,36.608029286150085,5.603337400854179,0.9451621532829586,103.2829459801943,40.569900000000004,Satisfactory,2.70466,8.80449470384303,40.569900000000004
0.0,13.016666666666667,77.6923076923077,23.659679917398037,52.46501149856854,3.1840578213732575,123.14483503074108,3.0,11.478668982024686,45.03139813206927,36.608029286150085,5.603337400854179,0.9451621532829586,103.2829459801943,40.569900000000004,Satisfactory,2.70466,8.80449470384303,40.569900000000004
0.0,13.016666666666667,77.70128205128205,23.659679917398037,52.46501149856854,3.1840578213732575,123.14483503074108,3.0,11.478668982024686,45.03139813206927,36.608029286150085,5.603337400854179,0.9451621532829586,103.2829459801943,40.569900000000004,Satisfactory,2.70466,8.80449470384303,40.569900000000004
0.0,13.016666666666667,77.7102564102564,23.659679917398037,52.46501149856854,3.1840578213732575,123.14483503074108,3.0,11.478668982024686,45.03139813206927,36.608029286150085,5.603337400854179,0.9451621532829586,103.2829459801943,40.569900000000004,Satisfactory,2.70466,8.80449470384303,40.569900000000004
0.0,13.016666666666667,77.71923076923076,23.659679917398037,52.46501149856854,3.1840578213732575,123.14483503074108,3.0,11.478668982024686,45.03139813206927,36.608029286150085,5.603337400854179,0.9451621532829586,103.2829459801943,40.569900000000004,Satisfactory,2.70466,8.80449470384303,40.569900000000004
0.0,13.016666666666667,77.72820512820513,23.659679917398037,52.46501149856854,3.1840578213732575,123.14483503074108,3.0,11.478668982024686,45.03139813206927,36.608029286150085,5.603337400854179,0.9451621532829586,103.2829459801943,40.569900000000004,Satisfactory,2.70466,8.80449470384303,40.569900000000004
0.0,13.016666666666667,77.73717948717949,23.659679917398037,52.46501149856854,3.1840578213732575,123.14483503074108,3.0,11.478668982024686,45.03139813206927,36.608029286150085,5.603337400854179,0.9451621532829586,103.2829459801943,40.569900000000004,Satisfactory,2.70466,8.80449470384303,40.569900000000004
0.0,13.016666666666667,77.74615384615385,23.659679917398037,52.46501149856854,3.1840578213732575,123.14483503074108,3.0,11.478668982024686,45.03139813206927,36.608029286150085,5.603337400854179,0.9451621532829586,103.2829459801943,40.569900000000004,Satisfactory,2.70466,8.80449470384303,40.569900000000004
0.0,13.016666666666667,77.7551282051282,23.659679917398037,52.46501149856854,3.1840578213732575,123.14483503074108,3.0,11.478668982024686,45.03139813206927,36.608029286150085,5.603337400854179,0.9451621532829586,103.2829459801943,40.569900000000004,Satisfactory,2.70466,8.80449470384303,40.569900000000004
0.0,13.016666666666667,77.76410256410256,23.659679917398037,52.46501149856854,3.1840578213732575,123.14483503074108,3.0,11.478668982024686,45.03139813206927,36.608029286150085,5.603337400854179,0.9451621532829586,103.2829459801943,40.569900000000004,Satisfactory,2.70466,8.80449470384303,40.569900000000004
0.0,13.016666666666667,77.77307692307691,23.659679917398037,52.46501149856854,3.1840578213732575,123.14483503074108,3.0,11.478668982024686,45.03139813206927,36.608029286150085,5.603337400854179,0.9451621532829586,103.2829459801943,40.569900000000004,Satisfactory,2.70466,8.80449470384303,40.569900000000004
0.0,13.016666666666667,77.78205128205128,23.659679917398037,52.46501149856854,3.1840578213732575,123.14483503074108,3.0,11.478668982024686,45.03139813206927,36.608029286150085,5.603337400854179,0.9451621532829586,103.2829459801943,40.569900000000004,Satisfactory,2.70466,8.80449470384303,40.569900000000004
0.0,13.016666666666667,77.79102564102564,23.659679917398037,52.46501149856854,3.1840578213732575,123.14483503074108,3.0,11.478668982024686,45.03139813206927,36.608029286150085,5.603337400854179,0.9451621532829586,103.2829459801943,40.569900000000004,Satisfactory,2.70466,8.80449470384303,40.569900000000004
0.0,13.016666666666667,77.8,23.659679917398037,52.46501149856854,3.1840578213732575,123.14483503074108,3.0,11.478668982024686,45.03139813206927,36.608029286150085,5.603337400854179,0.9451621532829586,103.2829459801943,40.569900000000004,Satisfactory,2.70466,8.80449470384303,40.569900000000004
0.0,13.026923076923078,77.45,23.659679917398037,52.46501149856854,3.1840578213732575,123.14483503074108,3.0,11.478668982024686,45.03139813206927,36.608029286150085,5.603337400854179,0.9451621532829586,103.2829459801943,39.91310000000001,Satisfactory,2.660873333333334,8.535637257404982,39.91310000000001
0.0,13.026923076923078,77.45897435897436,23.659679917398037,52.46501149856854,3.1840578213732575,123.14483503074108,3.0,11.478668982024686,45.03139813206927,36.608029286150085,5.603337400854179,0.9451621532829586,103.2829459801943,39.91310000000001,Satisfactory,2.660873333333334,8.535637257404982,39.91310000000001
0.0,13.026923076923078,77.46794871794872,23.659679917398037,52.46501149856854,3.1840578213732575,123.14483503074108,3.0,11.478668982024686,45.03139813206927,36.608029286150085,5.603337400854179,0.9451621532829586,103.2829459801943,39.91310000000001,Satisfactory,2.660873333333334,8.535637257404982,39.91310000000001
0.0,13.026923076923078,77.47692307692309,23.659679917398037,52.46501149856854,3.1840578213732575,123.14483503074108,3.0,11.478668982024686,45.03139813206927,36.608029286150085,5.603337400854179,0.9451621532829586,103.2829459801943,39.91310000000001,Satisfactory,2.660873333333334,8.535637257404982,39.91310000000001
0.0,13.026923076923078,77.48589743589744,23.659679917398037,52.46501149856854,3.1840578213732575,123.14483503074108,3.0,11.478668982024686,45.03139813206927,36.608029286150085,5.603337400854179,0.9451621532829586,103.2829459801943,39.91310000000001,Satisfactory,2.660873333333334,8.535637257404982,39.91310000000001
0.0,13.026923076923078,77.4948717948718,23.659679917398037,52.46501149856854,3.1840578213732575,123.14483503074108,3.0,11.478668982024686,45.03139813206927,36.608029286150085,5.603337400854179,0.9451621532829586,103.2829459801943,39.91310000000001,Satisfactory,2.660873333333334,8.535637257404982,39.91310000000001
0.0,13.026923076923078,77.50384615384615,23.659679917398037,52.46501149856854,3.1840578213732575,123.14483503074108,3.0,11.478668982024686,45.03139813206927,36.608029286150085,5.603337400854179,0.9451621532829586,103.2829459801943,39.91310000000001,Satisfactory,2.660873333333334,8.535637257404982,39.91310000000001
0.0,13.026923076923078,77.51282051282051,23.659679917398037,52.46501149856854,3.1840578213732575,123.14483503074108,3.0,11.478668982024686,45.03139813206927,36.608029286150085,5.603337400854179,0.9451621532829586,103.2829459801943,39.91310000000001,Satisfactory,2.660873333333334,8.535637257404982,39.91310000000001
0.0,13.026923076923078,77.52179487179487,23.659679917398037,52.46501149856854,3.1840578213732575,123.14483503074108,3.0,11.478668982024686,45.03139813206927,36.608029286150085,5.603337400854179,0.9451621532829586,103.2829459801943,39.91310000000001,Satisfactory,2.660873333333334,8.535637257404982,39.91310000000001
0.0,13.026923076923078,77.53076923076924,23.659679917398037,52.46501149856854,3.1840578213732575,123.14483503074108,3.4280495631528005,11.478668982024686,45.03139813206927,36.608029286150085,5.603337400854179,0.9451621532829586,103.2829459801943,39.91310000000001,Satisfactory,2.660873333333334,8.535637257404982,39.91310000000001
0.0,13.026923076923078,77.5397435897436,23.659679917398037,52.46501149856854,3.1840578213732575,123.14483503074108,3.9252952225802034,11.478668982024686,45.03139813206927,36.608029286150085,5.603337400854179,0.9451621532829586,103.2829459801943,39.91310000000001,Satisfactory,2.660873333333334,8.535637257404982,39.91310000000001
0.0,13.026923076923078,77.54871794871795,23.659679917398037,52.46501149856854,3.1840578213732575,123.14483503074108,4.3746605040721755,11.478668982024686,45.03139813206927,36.608029286150085,5.603337400854179,0.9451621532829586,103.2829459801943,39.91310000000001,Satisfactory,2.660873333333334,8.535637257404982,39.91310000000001
0.0,13.026923076923078,77.5576923076923,23.659679917398037,52.46501149856854,3.1840578213732575,123.14483503074108,4.763803720324083,11.478668982024686,45.03139813206927,36.608029286150085,5.603337400854179,0.9451621532829586,103.2829459801943,40.3126,Satisfactory,2.6875066666666667,8.578939633777594,40.3126
0.0,13.026923076923078,77.56666666666666,23.659679917398037,52.46501149856854,3.1840578213732575,123.14483503074108,5.078419030703029,11.478668982024686,45.03139813206927,36.608029286150085,5.603337400854179,0.9451621532829586,103.2829459801943,40.40050000000001,Satisfactory,2.6933666666666674,8.54278155813433,40.40050000000001
0.0,13.026923076923078,77.57564102564103,23.659679917398037,52.46501149856854,3.1840578213732575,123.14483503074108,5.303504740915254,11.478668982024686,45.03139813206927,36.608029286150085,5.603337400854179,0.9451621532829586,103.2829459801943,40.40050000000001,Satisfactory,2.6933666666666674,8.54278155813433,40.40050000000001
0.0,13.026923076923078,77.58461538461539,23.659679917398037,52.46501149856854,3.1840578213732575,123.14483503074108,5.425825000825075,11.478668982024686,45.03139813206927,36.608029286150085,5.603337400854179,0.9451621532829586,103.2829459801943,40.59040000000001,Satisfactory,2.7060266666666672,8.541342273905197,40.59040000000001
0.0,13.026923076923078,77.59358974358975,23.659679917398037,52.46501149856854,3.1840578213732575,123.14483503074108,5.437107622268947,11.478668982024686,45.03139813206927,36.608029286150085,5.603337400854179,0.9451621532829586,103.2829459801943,41.05880000000001,Satisfactory,2.737253333333334,8.858851537304371,41.05880000000001
0.0,13.026923076923078,77.6025641025641,23.659679917398037,52.46501149856854,3.1840578213732575,123.14483503074108,5.336546612043478,11.478668982024686,45.03139813206927,36.608029286150085,5.603337400854179,0.9451621532829586,103.2829459801943,41.05880000000001,Satisfactory,2.737253333333334,8.858851537304371,41.05880000000001
0.0,13.026923076923078,77.61153846153846,23.659679917398037,52.46501149856854,3.1840578213732575,123.14483503074108,5.131066967421099,11.478668982024686,45.03139813206927,36.608029286150085,5.603337400854179,0.9451621532829586,103.2829459801943,41.05880000000001,Satisfactory,2.737253333333334,8.858851537304371,41.05880000000001
0.0,13.026923076923078,77.62051282051281,23.659679917398037,52.46501149856854,3.1840578213732575,123.14483503074108,4.833171091177821,11.478668982024686,45.03139813206927,36.608029286150085,5.603337400854179,0.9451621532829586,103.2829459801943,41.05880000000001,Satisfactory,2.737253333333334,8.858851537304371,41.05880000000001
0.0,13.026923076923078,77.62948717948719,23.659679917398037,52.46501149856854,3.1840578213732575,123.14483503074108,4.457741092879352,11.478668982024686,45.03139813206927,36.608029286150085,5.603337400854179,0.9451621532829586,103.2829459801943,40.6593,Satisfactory,2.71062,8.85067017293041,40.65930000000001
0.0,13.026923076923078,77.63846153846154,23.659679917398037,52.46501149856854,3.1840578213732575,123.14483503074108,4.019360624709262,11.478668982024686,45.03139813206927,36.608029286150085,5.603337400854179,0.9451621532829586,103.2829459801943,40.556000000000004,Satisfactory,2.7037333333333335,8.810535965535811,40.55600000000001
0.0,13.026923076923078,77.6474358974359,23.659679917398037,52.46501149856854,3.1840578213732575,123.14483503074108,3.5308144558835206,11.478668982024686,45.03139813206927,36.608029286150085,5.603337400854179,0.9451621532829586,103.2829459801943,40.556000000000004,Satisfactory,2.7037333333333335,8.810535965535811,40.55600000000001
0.0,13.026923076923078,77.65641025641025,23.659679917398037,52.46501149856854,3.1840578213732575,123.14483503074108,3.0026021554908677,11.478668982024686,45.03139813206927,36.608029286150085,5.603337400854179,0.9451621532829586,103.2829459801943,40.556000000000004,Satisfactory,2.7037333333333335,8.810535965535811,40.55600000000001
0.0,13.026923076923078,77.66538461538461,23.659679917398037,52.46501149856854,3.1840578213732575,123.14483503074108,3.0,11.478668982024686,45.03139813206927,36.608029286150085,5.603337400854179,0.9451621532829586,103.2829459801943,40.556000000000004,Satisfactory,2.7037333333333335,8.810535965535811,40.55600000000001
0.0,13.026923076923078,77.67435897435897,23.659679917398037,52.46501149856854,3.1840578213732575,123.14483503074108,3.0,11.478668982024686,45.03139813206927,36.608029286150085,5.603337400854179,0.9451621532829586,103.2829459801943,40.569900000000004,Satisfactory,2.70466,8.80449470384303,40.569900000000004
0.0,13.026923076923078,77.68333333333334,23.659679917398037,52.46501149856854,3.1840578213732575,123.14483503074108,3.0,11.478668982024686,45.03139813206927,36.608029286150085,5.603337400854179,0.9451621532829586,103.2829459801943,40.569900000000004,Satisfactory,2.70466,8.80449470384303,40.569900000000004
0.0,13.026923076923078,77.6923076923077,23.659679917398037,52.46501149856854,3.1840578213732575,123.14483503074108,3.0,11.478668982024686,45.03139813206927,36.608029286150085,5.603337400854179,0.9451621532829586,103.2829459801943,40.569900000000004,Satisfactory,2.70466,8.80449470384303,40.569900000000004
0.0,13.026923076923078,77.70128205128205,23.659679917398037,52.46501149856854,3.1840578213732575,123.14483503074108,3.0,11.478668982024686,45.03139813206927,36.608029286150085,5.603337400854179,0.9451621532829586,103.2829459801943,40.569900000000004,Satisfactory,2.70466,8.80449470384303,40.569900000000004
0.0,13.026923076923078,77.7102564102564,23.659679917398037,52.46501149856854,3.1840578213732575,123.14483503074108,3.0,11.478668982024686,45.03139813206927,36.608029286150085,5.603337400854179,0.9451621532829586,103.2829459801943,40.569900000000004,Satisfactory,2.70466,8.80449470384303,40.569900000000004
0.0,13.026923076923078,77.71923076923076,23.659679917398037,52.46501149856854,3.1840578213732575,123.14483503074108,3.0,11.478668982024686,45.03139813206927,36.608029286150085,5.603337400854179,0.9451621532829586,103.2829459801943,40.569900000000004,Satisfactory,2.70466,8.80449470384303,40.569900000000004
0.0,13.026923076923078,77.72820512820513,23.659679917398037,52.46501149856854,3.1840578213732575,123.14483503074108,3.0,11.478668982024686,45.03139813206927,36.608029286150085,5.603337400854179,0.9451621532829586,103.2829459801943,40.569900000000004,Satisfactory,2.70466,8.80449470384303,40.569900000000004
0.0,13.026923076923078,77.73717948717949,23.659679917398037,52.46501149856854,3.1840578213732575,123.14483503074108,3.0,11.478668982024686,45.03139813206927,36.608029286150085,5.603337400854179,0.9451621532829586,103.2829459801943,40.569900000000004,Satisfactory,2.70466,8.80449470384303,40.569900000000004
0.0,13.026923076923078,77.74615384615385,23.659679917398037,52.46501149856854,3.1840578213732575,123.14483503074108,3.0,11.478668982024686,45.03139813206927,36.608029286150085,5.603337400854179,0.9451621532829586,103.2829459801943,40.569900000000004,Satisfactory,2.70466,8.80449470384303,40.569900000000004
0.0,13.026923076923078,77.7551282051282,23.659679917398037,52.46501149856854,3.1840578213732575,123.14483503074108,3.0,11.478668982024686,45.03139813206927,36.608029286150085,5.603337400854179,0.9451621532829586,103.2829459801943,40.569900000000004,Satisfactory,2.70466,8.80449470384303,40.569900000000004
0.0,13.026923076923078,77.76410256410256,23.659679917398037,52.46501149856854,3.1840578213732575,123.14483503074108,3.0,11.478668982024686,45.03139813206927,36.608029286150085,5.603337400854179,0.9451621532829586,103.2829459801943,40.569900000000004,Satisfactory,2.70466,8.80449470384303,40.569900000000004
0.0,13.026923076923078,77.77307692307691,23.659679917398037,52.46501149856854,3.1840578213732575,123.14483503074108,3.0,11.478668982024686,45.03139813206927,36.608029286150085,5.603337400854179,0.9451621532829586,103.2829459801943,40.569900000000004,Satisfactory,2.70466,8.80449470384303,40.569900000000004
0.0,13.026923076923078,77.78205128205128,23.659679917398037,52.46501149856854,3.1840578213732575,123.14483503074108,3.0,11.478668982024686,45.03139813206927,36.608029286150085,5.603337400854179,0.9451621532829586,103.2829459801943,40.569900000000004,Satisfactory,2.70466,8.80449470384303,40.569900000000004
0.0,13.026923076923078,77.79102564102564,23.659679917398037,52.46501149856854,3.1840578213732575,123.14483503074108,3.0,11.478668982024686,45.03139813206927,36.608029286150085,5.603337400854179,0.9451621532829586,103.2829459801943,40.569900000000004,Satisfactory,2.70466,8.80449470384303,40.569900000000004
0.0,13.026923076923078,77.8,23.659679917398037,52.46501149856854,3.1840578213732575,123.14483503074108,3.0,11.478668982024686,45.03139813206927,36.608029286150085,5.603337400854179,0.9451621532829586,103.2829459801943,40.569900000000004,Satisfactory,2.70466,8.80449470384303,40.569900000000004
0.0,13.037179487179488,77.45,23.659679917398037,52.46501149856854,3.1840578213732575,123.14483503074108,3.0,11.478668982024686,45.03139813206927,36.608029286150085,5.603337400854179,0.9451621532829586,103.2829459801943,39.926100000000005,Satisfactory,2.6617400000000004,8.531661842220423,39.926100000000005
0.0,13.037179487179488,77.45897435897436,23.659679917398037,52.46501149856854,3.1840578213732575,123.14483503074108,3.0,11.478668982024686,45.03139813206927,36.608029286150085,5.603337400854179,0.9451621532829586,103.2829459801943,39.926100000000005,Satisfactory,2.6617400000000004,8.531661842220423,39.926100000000005
0.0,13.037179487179488,77.46794871794872,23.659679917398037,52.46501149856854,3.1840578213732575,123.14483503074108,3.0,11.478668982024686,45.03139813206927,36.608029286150085,5.603337400854179,0.9451621532829586,103.2829459801943,39.926100000000005,Satisfactory,2.6617400000000004,8.531661842220423,39.926100000000005
0.0,13.037179487179488,77.47692307692309,23.659679917398037,52.46501149856854,3.1840578213732575,123.14483503074108,3.0,11.478668982024686,45.03139813206927,36.608029286150085,5.603337400854179,0.9451621532829586,103.2829459801943,39.926100000000005,Satisfactory,2.6617400000000004,8.531661842220423,39.926100000000005
0.0,13.037179487179488,77.48589743589744,23.659679917398037,52.46501149856854,3.1840578213732575,123.14483503074108,3.0,11.478668982024686,45.03139813206927,36.608029286150085,5.603337400854179,0.9451621532829586,103.2829459801943,39.926100000000005,Satisfactory,2.6617400000000004,8.531661842220423,39.926100000000005
0.0,13.037179487179488,77.4948717948718,23.659679917398037,52.46501149856854,3.1840578213732575,123.14483503074108,3.0,11.478668982024686,45.03139813206927,36.608029286150085,5.603337400854179,0.9451621532829586,103.2829459801943,39.926100000000005,Satisfactory,2.6617400000000004,8.531661842220423,39.926100000000005
0.0,13.037179487179488,77.50384615384615,23.659679917398037,52.46501149856854,3.1840578213732575,123.14483503074108,3.0,11.478668982024686,45.03139813206927,36.608029286150085,5.603337400854179,0.9451621532829586,103.2829459801943,39.926100000000005,Satisfactory,2.6617400000000004,8.531661842220423,39.926100000000005
0.0,13.037179487179488,77.51282051282051,23.659679917398037,52.46501149856854,3.1840578213732575,123.14483503074108,3.0,11.478668982024686,45.03139813206927,36.608029286150085,5.603337400854179,0.9451621532829586,103.2829459801943,39.926100000000005,Satisfactory,2.6617400000000004,8.531661842220423,39.926100000000005
0.0,13.037179487179488,77.52179487179487,23.659679917398037,52.46501149856854,3.1840578213732575,123.14483503074108,3.0,11.478668982024686,45.03139813206927,36.608029286150085,5.603337400854179,0.9451621532829586,103.2829459801943,39.926100000000005,Satisfactory,2.6617400000000004,8.531661842220423,39.926100000000005
0.0,13.037179487179488,77.53076923076924,23.659679917398037,52.46501149856854,3.1840578213732575,123.14483503074108,3.0,11.478668982024686,45.03139813206927,36.608029286150085,5.603337400854179,0.9451621532829586,103.2829459801943,39.926100000000005,Satisfactory,2.6617400000000004,8.531661842220423,39.926100000000005
0.0,13.037179487179488,77.5397435897436,23.659679917398037,52.46501149856854,3.1840578213732575,123.14483503074108,3.288200112847499,11.478668982024686,45.03139813206927,36.608029286150085,5.603337400854179,0.9451621532829586,103.2829459801943,39.926100000000005,Satisfactory,2.6617400000000004,8.531661842220423,39.926100000000005
0.0,13.037179487179488,77.54871794871795,23.659679917398037,52.46501149856854,3.1840578213732575,123.14483503074108,3.6920158499867064,11.478668982024686,45.03139813206927,36.608029286150085,5.603337400854179,0.9451621532829586,103.2829459801943,39.926100000000005,Satisfactory,2.6617400000000004,8.531661842220423,39.926100000000005
0.0,13.037179487179488,77.5576923076923,23.659679917398037,52.46501149856854,3.1840578213732575,123.14483503074108,4.036446439272526,11.478668982024686,45.03139813206927,36.608029286150085,5.603337400854179,0.9451621532829586,103.2829459801943,39.926100000000005,Satisfactory,2.6617400000000004,8.531661842220423,39.926100000000005
0.0,13.037179487179488,77.56666666666666,23.659679917398037,52.46501149856854,3.1840578213732575,123.14483503074108,4.310696103237274,11.478668982024686,45.03139813206927,36.608029286150085,5.603337400854179,0.9451621532829586,103.2829459801943,39.926100000000005,Satisfactory,2.6617400000000004,8.531661842220423,39.926100000000005
0.0,13.037179487179488,77.57564102564103,23.659679917398037,52.46501149856854,3.1840578213732575,123.14483503074108,4.504248248785347,11.478668982024686,45.03139813206927,36.608029286150085,5.603337400854179,0.9451621532829586,103.2829459801943,40.32560000000001,Satisfactory,2.6883733333333337,8.574378615386655,40.32560000000001
0.0,13.037179487179488,77.58461538461539,23.659679917398037,52.46501149856854,3.1840578213732575,123.14483503074108,4.608405011923619,11.478668982024686,45.03139813206927,36.608029286150085,5.603337400854179,0.9451621532829586,103.2829459801943,40.51550000000001,Satisfactory,2.701033333333334,8.574603591420422,40.51550000000001
0.0,13.037179487179488,77.59358974358975,23.659679917398037,52.46501149856854,3.1840578213732575,123.14483503074108,4.61797376045698,11.478668982024686,45.03139813206927,36.608029286150085,5.603337400854179,0.9451621532829586,103.2829459801943,41.07180000000001,Satisfactory,2.7381200000000008,8.853339074044323,41.07180000000001
0.0,13.037179487179488,77.6025641025641,23.659679917398037,52.46501149856854,3.1840578213732575,123.14483503074108,4.532457856219434,11.478668982024686,45.03139813206927,36.608029286150085,5.603337400854179,0.9451621532829586,103.2829459801943,41.07180000000001,Satisfactory,2.7381200000000008,8.853339074044323,41.07180000000001
0.0,13.037179487179488,77.61153846153846,23.659679917398037,52.46501149856854,3.1840578213732575,123.14483503074108,4.356177849354977,11.478668982024686,45.03139813206927,36.608029286150085,5.603337400854179,0.9451621532829586,103.2829459801943,40.67230000000001,Satisfactory,2.711486666666667,8.845739749167391,40.67230000000001
0.0,13.037179487179488,77.62051282051281,23.659679917398037,52.46501149856854,3.1840578213732575,123.14483503074108,4.0972599103963585,11.478668982024686,45.03139813206927,36.608029286150085,5.603337400854179,0.9451621532829586,103.2829459801943,40.67230000000001,Satisfactory,2.711486666666667,8.845739749167391,40.67230000000001
0.0,13.037179487179488,77.62948717948719,23.659679917398037,52.46501149856854,3.1840578213732575,123.14483503074108,3.765992189134537,11.478668982024686,45.03139813206927,36.608029286150085,5.603337400854179,0.9451621532829586,103.2829459801943,40.67230000000001,Satisfactory,2.711486666666667,8.845739749167391,40.67230000000001
0.0,13.037179487179488,77.63846153846154,23.659679917398037,52.46501149856854,3.1840578213732575,123.14483503074108,3.373215943638165,11.478668982024686,45.03139813206927,36.608029286150085,5.603337400854179,0.9451621532829586,103.2829459801943,40.569,Satisfactory,2.7046,8.80573557404491,40.56900000000001
0.0,13.037179487179488,77.6474358974359,23.659679917398037,52.46501149856854,3.1840578213732575,123.14483503074108,3.0,11.478668982024686,45.03139813206927,36.608029286150085,5.603337400854179,0.9451621532829586,103.2829459801943,40.569,Satisfactory,2.7046,8.80573557404491,40.56900000000001
0.0,13.037179487179488,77.65641025641025,23.659679917398037,52.46501149856854,3.1840578213732575,123.14483503074108,3.0,11.478668982024686,45.03139813206927,36.608029286150085,5.603337400854179,0.9451621532829586,103.2829459801943,40.569,Satisfactory,2.7046,8.80573557404491,40.56900000000001
0.0,13.037179487179488,77.66538461538461,23.659679917398037,52.46501149856854,3.1840578213732575,123.14483503074108,3.0,11.478668982024686,45.03139813206927,36.608029286150085,5.603337400854179,0.9451621532829586,103.2829459801943,40.569,Satisfactory,2.7046,8.80573557404491,40.56900000000001
0.0,13.037179487179488,77.67435897435897,23.659679917398037,52.46501149856854,3.1840578213732575,123.14483503074108,3.0,11.478668982024686,45.03139813206927,36.608029286150085,5.603337400854179,0.9451621532829586,103.2829459801943,40.58290000000001,Satisfactory,2.705526666666667,8.79967048189874,40.58290000000001
0.0,13.037179487179488,77.68333333333334,23.659679917398037,52.46501149856854,3.1840578213732575,123.14483503074108,3.0,11.478668982024686,45.03139813206927,36.608029286150085,5.603337400854179,0.9451621532829586,103.2829459801943,40.58290000000001,Satisfactory,2.705526666666667,8.79967048189874,40.58290000000001
0.0,13.037179487179488,77.6923076923077,23.659679917398037,52.46501149856854,3.1840578213732575,123.14483503074108,3.0,11.478668982024686,45.03139813206927,36.608029286150085,5.603337400854179,0.9451621532829586,103.2829459801943,40.58290000000001,Satisfactory,2.705526666666667,8.79967048189874,40.58290000000001
0.0,13.037179487179488,77.70128205128205,23.659679917398037,52.46501149856854,3.1840578213732575,123.14483503074108,3.0,11.478668982024686,45.03139813206927,36.608029286150085,5.603337400854179,0.9451621532829586,103.2829459801943,40.58290000000001,Satisfactory,2.705526666666667,8.79967048189874,40.58290000000001
0.0,13.037179487179488,77.7102564102564,23.659679917398037,52.46501149856854,3.1840578213732575,123.14483503074108,3.0,11.478668982024686,45.03139813206927,36.608029286150085,5.603337400854179,0.9451621532829586,103.2829459801943,40.58290000000001,Satisfactory,2.705526666666667,8.79967048189874,40.58290000000001
0.0,13.037179487179488,77.71923076923076,23.659679917398037,52.46501149856854,3.1840578213732575,123.14483503074108,3.0,11.478668982024686,45.03139813206927,36.608029286150085,5.603337400854179,0.9451621532829586,103.2829459801943,40.58290000000001,Satisfactory,2.705526666666667,8.79967048189874,40.58290000000001
0.0,13.037179487179488,77.72820512820513,23.659679917398037,52.46501149856854,3.1840578213732575,123.14483503074108,3.0,11.478668982024686,45.03139813206927,36.608029286150085,5.603337400854179,0.9451621532829586,103.2829459801943,40.58290000000001,Satisfactory,2.705526666666667,8.79967048189874,40.58290000000001
0.0,13.037179487179488,77.73717948717949,23.659679917398037,52.46501149856854,3.1840578213732575,123.14483503074108,3.0,11.478668982024686,45.03139813206927,36.608029286150085,5.603337400854179,0.9451621532829586,103.2829459801943,40.58290000000001,Satisfactory,2.705526666666667,8.79967048189874,40.58290000000001
0.0,13.037179487179488,77.74615384615385,23.659679917398037,52.46501149856854,3.1840578213732575,123.14483503074108,3.0,11.478668982024686,45.03139813206927,36.608029286150085,5.603337400854179,0.9451621532829586,103.2829459801943,40.58290000000001,Satisfactory,2.705526666666667,8.79967048189874,40.58290000000001
0.0,13.037179487179488,77.7551282051282,23.659679917398037,52.46501149856854,3.1840578213732575,123.14483503074108,3.0,11.478668982024686,45.03139813206927,36.608029286150085,5.603337400854179,0.9451621532829586,103.2829459801943,40.58290000000001,Satisfactory,2.705526666666667,8.79967048189874,40.58290000000001
0.0,13.037179487179488,77.76410256410256,23.659679917398037,52.46501149856854,3.1840578213732575,123.14483503074108,3.0,11.478668982024686,45.03139813206927,36.608029286150085,5.603337400854179,0.9451621532829586,103.2829459801943,40.58290000000001,Satisfactory,2.705526666666667,8.79967048189874,40.58290000000001
0.0,13.037179487179488,77.77307692307691,23.659679917398037,52.46501149856854,3.1840578213732575,123.14483503074108,3.0,11.478668982024686,45.03139813206927,36.608029286150085,5.603337400854179,0.9451621532829586,103.2829459801943,40.58290000000001,Satisfactory,2.705526666666667,8.79967048189874,40.58290000000001
0.0,13.037179487179488,77.78205128205128,23.659679917398037,52.46501149856854,3.1840578213732575,123.14483503074108,3.0,11.478668982024686,45.03139813206927,36.608029286150085,5.603337400854179,0.9451621532829586,103.2829459801943,40.58290000000001,Satisfactory,2.705526666666667,8.79967048189874,40.58290000000001
0.0,13.037179487179488,77.79102564102564,23.659679917398037,52.46501149856854,3.1840578213732575,123.14483503074108,3.0,11.478668982024686,45.03139813206927,36.608029286150085,5.603337400854179,0.9451621532829586,103.2829459801943,40.58290000000001,Satisfactory,2.705526666666667,8.79967048189874,40.58290000000001
0.0,13.037179487179488,77.8,23.659679917398037,52.46501149856854,3.1840578213732575,123.14483503074108,3.0,11.478668982024686,45.03139813206927,36.608029286150085,5.603337400854179,0.9451621532829586,103.2829459801943,40.58290000000001,Satisfactory,2.705526666666667,8.79967048189874,40.58290000000001
0.0,13.047435897435898,77.45,23.659679917398037,52.46501149856854,3.1840578213732575,123.14483503074108,3.0,11.478668982024686,45.03139813206927,36.608029286150085,5.603337400854179,0.9451621532829586,103.2829459801943,39.926100000000005,Satisfactory,2.6617400000000004,8.531661842220423,39.926100000000005
0.0,13.047435897435898,77.45897435897436,23.659679917398037,52.46501149856854,3.1840578213732575,123.14483503074108,3.0,11.478668982024686,45.03139813206927,36.608029286150085,5.603337400854179,0.9451621532829586,103.2829459801943,39.926100000000005,Satisfactory,2.6617400000000004,8.531661842220423,39.926100000000005
0.0,13.047435897435898,77.46794871794872,23.659679917398037,52.46501149856854,3.1840578213732575,123.14483503074108,3.0,11.478668982024686,45.03139813206927,36.608029286150085,5.603337400854179,0.9451621532829586,103.2829459801943,39.926100000000005,Satisfactory,2.6617400000000004,8.531661842220423,39.926100000000005
0.0,13.047435897435898,77.47692307692309,23.659679917398037,52.46501149856854,3.1840578213732575,123.14483503074108,3.0,11.478668982024686,45.03139813206927,36.608029286150085,5.603337400854179,0.9451621532829586,103.2829459801943,39.926100000000005,Satisfactory,2.6617400000000004,8.531661842220423,39.926100000000005
0.0,13.047435897435898,77.48589743589744,23.659679917398037,52.46501149856854,3.1840578213732575,123.14483503074108,3.0,11.478668982024686,45.03139813206927,36.608029286150085,5.603337400854179,0.9451621532829586,103.2829459801943,39.926100000000005,Satisfactory,2.6617400000000004,8.531661842220423,39.926100000000005
0.0,13.047435897435898,77.4948717948718,23.659679917398037,52.46501149856854,3.1840578213732575,123.14483503074108,3.0,11.478668982024686,45.03139813206927,36.608029286150085,5.603337400854179,0.9451621532829586,103.2829459801943,39.926100000000005,Satisfactory,2.6617400000000004,8.531661842220423,39.926100000000005
0.0,13.047435897435898,77.50384615384615,23.659679917398037,52.46501149856854,3.1840578213732575,123.14483503074108,3.0,11.478668982024686,45.03139813206927,36.608029286150085,5.603337400854179,0.9451621532829586,103.2829459801943,39.926100000000005,Satisfactory,2.6617400000000004,8.531661842220423,39.926100000000005
0.0,13.047435897435898,77.51282051282051,23.659679917398037,52.46501149856854,3.1840578213732575,123.14483503074108,3.0,11.478668982024686,45.03139813206927,36.608029286150085,5.603337400854179,0.9451621532829586,103.2829459801943,39.926100000000005,Satisfactory,2.6617400000000004,8.531661842220423,39.926100000000005
0.0,13.047435897435898,77.52179487179487,23.659679917398037,52.46501149856854,3.1840578213732575,123.14483503074108,3.0,11.478668982024686,45.03139813206927,36.608029286150085,5.603337400854179,0.9451621532829586,103.2829459801943,39.926100000000005,Satisfactory,2.6617400000000004,8.531661842220423,39.926100000000005
0.0,13.047435897435898,77.53076923076924,23.659679917398037,52.46501149856854,3.1840578213732575,123.14483503074108,3.0,11.478668982024686,45.03139813206927,36.608029286150085,5.603337400854179,0.9451621532829586,103.2829459801943,39.926100000000005,Satisfactory,2.6617400000000004,8.531661842220423,39.926100000000005
0.0,13.047435897435898,77.5397435897436,23.659679917398037,52.46501149856854,3.1840578213732575,123.14483503074108,3.0,11.478668982024686,45.03139813206927,36.608029286150085,5.603337400854179,0.9451621532829586,103.2829459801943,39.926100000000005,Satisfactory,2.6617400000000004,8.531661842220423,39.926100000000005
0.0,13.047435897435898,77.54871794871795,23.659679917398037,52.46501149856854,3.1840578213732575,123.14483503074108,3.0,11.478668982024686,45.03139813206927,36.608029286150085,5.603337400854179,0.9451621532829586,103.2829459801943,39.926100000000005,Satisfactory,2.6617400000000004,8.531661842220423,39.926100000000005
0.0,13.047435897435898,77.5576923076923,23.659679917398037,52.46501149856854,3.1840578213732575,123.14483503074108,3.287573222649608,11.478668982024686,45.03139813206927,36.608029286150085,5.603337400854179,0.9451621532829586,103.2829459801943,39.926100000000005,Satisfactory,2.6617400000000004,8.531661842220423,39.926100000000005
0.0,13.047435897435898,77.56666666666666,23.659679917398037,52.46501149856854,3.1840578213732575,123.14483503074108,3.5300014683661036,11.478668982024686,45.03139813206927,36.608029286150085,5.603337400854179,0.9451621532829586,103.2829459801943,39.926100000000005,Satisfactory,2.6617400000000004,8.531661842220423,39.926100000000005
0.0,13.047435897435898,77.57564102564103,23.659679917398037,52.46501149856854,3.1840578213732575,123.14483503074108,3.6995246623287104,11.478668982024686,45.03139813206927,36.608029286150085,5.603337400854179,0.9451621532829586,103.2829459801943,39.926100000000005,Satisfactory,2.6617400000000004,8.531661842220423,39.926100000000005
0.0,13.047435897435898,77.58461538461539,23.659679917398037,52.46501149856854,3.1840578213732575,123.14483503074108,3.7901691903019152,11.478668982024686,45.03139813206927,36.608029286150085,5.603337400854179,0.9451621532829586,103.2829459801943,40.11600000000001,Satisfactory,2.6744000000000003,8.540775257551271,40.11600000000001
0.0,13.047435897435898,77.59358974358975,23.659679917398037,52.46501149856854,3.1840578213732575,123.14483503074108,3.7984752993513924,11.478668982024686,45.03139813206927,36.608029286150085,5.603337400854179,0.9451621532829586,103.2829459801943,40.67230000000001,Satisfactory,2.711486666666667,8.845739749167391,40.67230000000001
0.0,13.047435897435898,77.6025641025641,23.659679917398037,52.46501149856854,3.1840578213732575,123.14483503074108,3.7241160571882927,11.478668982024686,45.03139813206927,36.608029286150085,5.603337400854179,0.9451621532829586,103.2829459801943,40.67230000000001,Satisfactory,2.711486666666667,8.845739749167391,40.67230000000001
0.0,13.047435897435898,77.61153846153846,23.659679917398037,52.46501149856854,3.1840578213732575,123.14483503074108,3.569958737477914,11.478668982024686,45.03139813206927,36.608029286150085,5.603337400854179,0.9451621532829586,103.2829459801943,40.67230000000001,Satisfactory,2.711486666666667,8.845739749167391,40.67230000000001
0.0,13.047435897435898,77.62051282051281,23.659679917398037,52.46501149856854,3.1840578213732575,123.14483503074108,3.341543517072502,11.478668982024686,45.03139813206927,36.608029286150085,5.603337400854179,0.9451621532829586,103.2829459801943,40.67230000000001,Satisfactory,2.711486666666667,8.845739749167391,40.67230000000001
0.0,13.047435897435898,77.62948717948719,23.659679917398037,52.46501149856854,3.1840578213732575,123.14483503074108,3.046184101117083,11.478668982024686,45.03139813206927,36.608029286150085,5.603337400854179,0.9451621532829586,103.2829459801943,40.67230000000001,Satisfactory,2.711486666666667,8.845739749167391,40.67230000000001
0.0,13.047435897435898,77.63846153846154,23.659679917398037,52.46501149856854,3.1840578213732575,123.14483503074108,3.0,11.478668982024686,45.03139813206927,36.608029286150085,5.603337400854179,0.9451621532829586,103.2829459801943,40.569,Satisfactory,2.7046,8.80573557404491,40.56900000000001
0.0,13.047435897435898,77.6474358974359,23.659679917398037,52.46501149856854,3.1840578213732575,123.14483503074108,3.0,11.478668982024686,45.03139813206927,36.608029286150085,5.603337400854179,0.9451621532829586,103.2829459801943,40.569,Satisfactory,2.7046,8.80573557404491,40.56900000000001
0.0,13.047435897435898,77.65641025641025,23.659679917398037,52.46501149856854,3.1840578213732575,123.14483503074108,3.0,11.478668982024686,45.03139813206927,36.608029286150085,5.603337400854179,0.9451621532829586,103.2829459801943,40.569,Satisfactory,2.7046,8.80573557404491,40.56900000000001
0.0,13.047435897435898,77.66538461538461,23.659679917398037,52.46501149856854,3.1840578213732575,123.14483503074108,3.0,11.478668982024686,45.03139813206927,36.608029286150085,5.603337400854179,0.9451621532829586,103.2829459801943,40.569,Satisfactory,2.7046,8.80573557404491,40.56900000000001
0.0,13.047435897435898,77.67435897435897,23.659679917398037,52.46501149856854,3.1840578213732575,123.14483503074108,3.0,11.478668982024686,45.03139813206927,36.608029286150085,5.603337400854179,0.9451621532829586,103.2829459801943,40.58290000000001,Satisfactory,2.705526666666667,8.79967048189874,40.58290000000001
0.0,13.047435897435898,77.68333333333334,23.659679917398037,52.46501149856854,3.1840578213732575,123.14483503074108,3.0,11.478668982024686,45.03139813206927,36.608029286150085,5.603337400854179,0.9451621532829586,103.2829459801943,40.58290000000001,Satisfactory,2.705526666666667,8.79967048189874,40.58290000000001
0.0,13.047435897435898,77.6923076923077,23.659679917398037,52.46501149856854,3.1840578213732575,123.14483503074108,3.0,11.478668982024686,45.03139813206927,36.608029286150085,5.603337400854179,0.9451621532829586,103.2829459801943,40.58290000000001,Satisfactory,2.705526666666667,8.79967048189874,40.58290000000001
0.0,13.047435897435898,77.70128205128205,23.659679917398037,52.46501149856854,3.1840578213732575,123.14483503074108,3.0,11.478668982024686,45.03139813206927,36.608029286150085,5.603337400854179,0.9451621532829586,103.2829459801943,40.58290000000001,Satisfactory,2.705526666666667,8.79967048189874,40.58290000000001
0.0,13.047435897435898,77.7102564102564,23.659679917398037,52.46501149856854,3.1840578213732575,123.14483503074108,3.0,11.478668982024686,45.03139813206927,36.608029286150085,5.603337400854179,0.9451621532829586,103.2829459801943,40.58290000000001,Satisfactory,2.705526666666667,8.79967048189874,40.58290000000001
0.0,13.047435897435898,77.71923076923076,23.659679917398037,52.46501149856854,3.1840578213732575,123.14483503074108,3.0,11.478668982024686,45.03139813206927,36.608029286150085,5.603337400854179,0.9451621532829586,103.2829459801943,40.58290000000001,Satisfactory,2.705526666666667,8.79967048189874,40.58290000000001
0.0,13.047435897435898,77.72820512820513,23.659679917398037,52.46501149856854,3.1840578213732575,123.14483503074108,3.0,11.478668982024686,45.03139813206927,36.608029286150085,5.603337400854179,0.9451621532829586,103.2829459801943,40.58290000000001,Satisfactory,2.705526666666667,8.79967048189874,40.58290000000001
0.0,13.047435897435898,77.73717948717949,23.659679917398037,52.46501149856854,3.1840578213732575,123.14483503074108,3.0,11.478668982024686,45.03139813206927,36.608029286150085,5.603337400854179,0.9451621532829586,103.2829459801943,40.58290000000001,Satisfactory,2.705526666666667,8.79967048189874,40.58290000000001
0.0,13.047435897435898,77.74615384615385,23.659679917398037,52.46501149856854,3.1840578213732575,123.14483503074108,3.0,11.478668982024686,45.03139813206927,36.608029286150085,5.603337400854179,0.9451621532829586,103.2829459801943,40.58290000000001,Satisfactory,2.705526666666667,8.79967048189874,40.58290000000001
0.0,13.047435897435898,77.7551282051282,23.659679917398037,52.46501149856854,3.1840578213732575,123.14483503074108,3.0,11.478668982024686,45.03139813206927,36.608029286150085,5.603337400854179,0.9451621532829586,103.2829459801943,40.58290000000001,Satisfactory,2.705526666666667,8.79967048189874,40.58290000000001
0.0,13.047435897435898,77.76410256410256,23.659679917398037,52.46501149856854,3.1840578213732575,123.14483503074108,3.0,11.478668982024686,45.03139813206927,36.608029286150085,5.603337400854179,0.9451621532829586,103.2829459801943,40.58290000000001,Satisfactory,2.705526666666667,8.79967048189874,40.58290000000001
0.0,13.047435897435898,77.77307692307691,23.659679917398037,52.46501149856854,3.1840578213732575,123.14483503074108,3.0,11.478668982024686,45.03139813206927,36.608029286150085,5.603337400854179,0.9451621532829586,103.2829459801943,40.58290000000001,Satisfactory,2.705526666666667,8.79967048189874,40.58290000000001
0.0,13.047435897435898,77.78205128205128,23.659679917398037,52.46501149856854,3.1840578213732575,123.14483503074108,3.0,11.478668982024686,45.03139813206927,36.608029286150085,5.603337400854179,0.9451621532829586,103.2829459801943,40.58290000000001,Satisfactory,2.705526666666667,8.79967048189874,40.58290000000001
0.0,13.047435897435898,77.79102564102564,23.659679917398037,52.46501149856854,3.1840578213732575,123.14483503074108,3.0,11.478668982024686,45.03139813206927,36.608029286150085,5.603337400854179,0.9451621532829586,103.2829459801943,40.58290000000001,Satisfactory,2.705526666666667,8.79967048189874,40.58290000000001
0.0,13.047435897435898,77.8,23.659679917398037,52.46501149856854,3.1840578213732575,123.14483503074108,3.0,11.478668982024686,45.03139813206927,36.608029286150085,5.603337400854179,0.9451621532829586,103.2829459801943,40.58290000000001,Satisfactory,2.705526666666667,8.79967048189874,40.58290000000001
0.0,13.057692307692308,77.45,23.659679917398037,52.46501149856854,3.1840578213732575,123.14483503074108,3.0,11.478668982024686,45.03139813206927,36.608029286150085,5.603337400854179,0.9451621532829586,103.2829459801943,39.926100000000005,Satisfactory,2.6617400000000004,8.531661842220423,39.926100000000005
0.0,13.057692307692308,77.45897435897436,23.659679917398037,52.46501149856854,3.1840578213732575,123.14483503074108,3.0,11.478668982024686,45.03139813206927,36.608029286150085,5.603337400854179,0.9451621532829586,103.2829459801943,39.926100000000005,Satisfactory,2.6617400000000004,8.531661842220423,39.926100000000005
0.0,13.057692307692308,77.46794871794872,23.659679917398037,52.46501149856854,3.1840578213732575,123.14483503074108,3.0,11.478668982024686,45.03139813206927,36.608029286150085,5.603337400854179,0.9451621532829586,103.2829459801943,39.926100000000005,Satisfactory,2.6617400000000004,8.531661842220423,39.926100000000005
0.0,13.057692307692308,77.47692307692309,23.659679917398037,52.46501149856854,3.1840578213732575,123.14483503074108,3.0,11.478668982024686,45.03139813206927,36.608029286150085,5.603337400854179,0.9451621532829586,103.2829459801943,39.926100000000005,Satisfactory,2.6617400000000004,8.531661842220423,39.926100000000005
0.0,13.057692307692308,77.48589743589744,23.659679917398037,52.46501149856854,3.1840578213732575,123.14483503074108,3.0,11.478668982024686,45.03139813206927,36.608029286150085,5.603337400854179,0.9451621532829586,103.2829459801943,39.926100000000005,Satisfactory,2.6617400000000004,8.531661842220423,39.926100000000005
0.0,13.057692307692308,77.4948717948718,23.659679917398037,52.46501149856854,3.1840578213732575,123.14483503074108,3.0,11.478668982024686,45.03139813206927,36.608029286150085,5.603337400854179,0.9451621532829586,103.2829459801943,39.926100000000005,Satisfactory,2.6617400000000004,8.531661842220423,39.926100000000005
0.0,13.057692307692308,77.50384615384615,23.659679917398037,52.46501149856854,3.1840578213732575,123.14483503074108,3.0,11.478668982024686,45.03139813206927,36.608029286150085,5.603337400854179,0.9451621532829586,103.2829459801943,39.926100000000005,Satisfactory,2.6617400000000004,8.531661842220423,39.926100000000005
0.0,13.057692307692308,77.51282051282051,23.659679917398037,52.46501149856854,3.1840578213732575,123.14483503074108,3.0,11.478668982024686,45.03139813206927,36.608029286150085,5.603337400854179,0.9451621532829586,103.2829459801943,39.926100000000005,Satisfactory,2.6617400000000004,8.531661842220423,39.926100000000005
0.0,13.057692307692308,77.52179487179487,23.659679917398037,52.46501149856854,3.1840578213732575,123.14483503074108,3.0,11.478668982024686,45.03139813206927,36.608029286150085,5.603337400854179,0.9451621532829586,103.2829459801943,39.926100000000005,Satisfactory,2.6617400000000004,8.531661842220423,39.926100000000005
0.0,13.057692307692308,77.53076923076924,23.659679917398037,52.46501149856854,3.1840578213732575,123.14483503074108,3.0,11.478668982024686,45.03139813206927,36.608029286150085,5.603337400854179,0.9451621532829586,103.2829459801943,39.926100000000005,Satisfactory,2.6617400000000004,8.531661842220423,39.926100000000005
0.0,13.057692307692308,77.5397435897436,23.659679917398037,52.46501149856854,3.1840578213732575,123.14483503074108,3.0,11.478668982024686,45.03139813206927,36.608029286150085,5.603337400854179,0.9451621532829586,103.2829459801943,39.926100000000005,Satisfactory,2.6617400000000004,8.531661842220423,39.926100000000005
0.0,13.057692307692308,77.54871794871795,23.659679917398037,52.46501149856854,3.1840578213732575,123.14483503074108,3.0,11.478668982024686,45.03139813206927,36.608029286150085,5.603337400854179,0.9451621532829586,103.2829459801943,39.926100000000005,Satisfactory,2.6617400000000004,8.531661842220423,39.926100000000005
0.0,13.057692307692308,77.5576923076923,23.659679917398037,52.46501149856854,3.1840578213732575,123.14483503074108,3.0,11.478668982024686,45.03139813206927,36.608029286150085,5.603337400854179,0.9451621532829586,103.2829459801943,39.926100000000005,Satisfactory,2.6617400000000004,8.531661842220423,39.926100000000005
0.0,13.057692307692308,77.56666666666666,23.659679917398037,52.46501149856854,3.1840578213732575,123.14483503074108,3.0,11.478668982024686,45.03139813206927,36.608029286150085,5.603337400854179,0.9451621532829586,103.2829459801943,39.926100000000005,Satisfactory,2.6617400000000004,8.531661842220423,39.926100000000005
0.0,13.057692307692308,77.57564102564103,23.659679917398037,52.46501149856854,3.1840578213732575,123.14483503074108,3.0,11.478668982024686,45.03139813206927,36.608029286150085,5.603337400854179,0.9451621532829586,103.2829459801943,39.926100000000005,Satisfactory,2.6617400000000004,8.531661842220423,39.926100000000005
0.0,13.057692307692308,77.58461538461539,23.659679917398037,52.46501149856854,3.1840578213732575,123.14483503074108,3.0,11.478668982024686,45.03139813206927,36.608029286150085,5.603337400854179,0.9451621532829586,103.2829459801943,40.11600000000001,Satisfactory,2.6744000000000003,8.540775257551271,40.11600000000001
0.0,13.057692307692308,77.59358974358975,23.659679917398037,52.46501149856854,3.1840578213732575,123.14483503074108,3.0,11.478668982024686,45.03139813206927,36.608029286150085,5.603337400854179,0.9451621532829586,103.2829459801943,40.67230000000001,Satisfactory,2.711486666666667,8.845739749167391,40.67230000000001
0.0,13.057692307692308,77.6025641025641,23.659679917398037,52.46501149856854,3.1840578213732575,123.14483503074108,3.0,11.478668982024686,45.03139813206927,36.608029286150085,5.603337400854179,0.9451621532829586,103.2829459801943,40.67230000000001,Satisfactory,2.711486666666667,8.845739749167391,40.67230000000001
0.0,13.057692307692308,77.61153846153846,23.659679917398037,52.46501149856854,3.1840578213732575,123.14483503074108,3.0,11.478668982024686,45.03139813206927,36.608029286150085,5.603337400854179,0.9451621532829586,103.2829459801943,40.67230000000001,Satisfactory,2.711486666666667,8.845739749167391,40.67230000000001
0.0,13.057692307692308,77.62051282051281,23.659679917398037,52.46501149856854,3.1840578213732575,123.14483503074108,3.0,11.478668982024686,45.03139813206927,36.608029286150085,5.603337400854179,0.9451621532829586,103.2829459801943,40.67230000000001,Satisfactory,2.711486666666667,8.845739749167391,40.67230000000001
0.0,13.057692307692308,77.62948717948719,23.659679917398037,52.46501149856854,3.1840578213732575,123.14483503074108,3.0,11.478668982024686,45.03139813206927,36.608029286150085,5.603337400854179,0.9451621532829586,103.2829459801943,40.67230000000001,Satisfactory,2.711486666666667,8.845739749167391,40.67230000000001
0.0,13.057692307692308,77.63846153846154,23.659679917398037,52.46501149856854,3.1840578213732575,123.14483503074108,3.0,11.478668982024686,45.03139813206927,36.608029286150085,5.603337400854179,0.9451621532829586,103.2829459801943,40.569,Satisfactory,2.7046,8.80573557404491,40.56900000000001
0.0,13.057692307692308,77.6474358974359,23.659679917398037,52.46501149856854,3.1840578213732575,123.14483503074108,3.0,11.478668982024686,45.03139813206927,36.608029286150085,5.603337400854179,0.9451621532829586,103.2829459801943,40.569,Satisfactory,2.7046,8.80573557404491,40.56900000000001
0.0,13.057692307692308,77.65641025641025,23.659679917398037,52.46501149856854,3.1840578213732575,123.14483503074108,3.0,11.478668982024686,45.03139813206927,36.608029286150085,5.603337400854179,0.9451621532829586,103.2829459801943,40.569,Satisfactory,2.7046,8.80573557404491,40.56900000000001
0.0,13.057692307692308,77.66538461538461,23.659679917398037,52.46501149856854,3.1840578213732575,123.14483503074108,3.0,11.478668982024686,45.03139813206927,36.608029286150085,5.603337400854179,0.9451621532829586,103.2829459801943,40.569,Satisfactory,2.7046,8.80573557404491,40.56900000000001
0.0,13.057692307692308,77.67435897435897,23.659679917398037,52.46501149856854,3.1840578213732575,123.14483503074108,3.0,11.478668982024686,45.03139813206927,36.608029286150085,5.603337400854179,0.9451621532829586,103.2829459801943,40.58290000000001,Satisfactory,2.705526666666667,8.79967048189874,40.58290000000001
0.0,13.057692307692308,77.68333333333334,23.659679917398037,52.46501149856854,3.1840578213732575,123.14483503074108,3.0,11.478668982024686,45.03139813206927,36.608029286150085,5.603337400854179,0.9451621532829586,103.2829459801943,40.58290000000001,Satisfactory,2.705526666666667,8.79967048189874,40.58290000000001
0.0,13.057692307692308,77.6923076923077,23.659679917398037,52.46501149856854,3.1840578213732575,123.14483503074108,3.0,11.478668982024686,45.03139813206927,36.608029286150085,5.603337400854179,0.9451621532829586,103.2829459801943,40.58290000000001,Satisfactory,2.705526666666667,8.79967048189874,40.58290000000001
0.0,13.057692307692308,77.70128205128205,23.659679917398037,52.46501149856854,3.1840578213732575,123.14483503074108,3.0,11.478668982024686,45.03139813206927,36.608029286150085,5.603337400854179,0.9451621532829586,103.2829459801943,40.58290000000001,Satisfactory,2.705526666666667,8.79967048189874,40.58290000000001
0.0,13.057692307692308,77.7102564102564,23.659679917398037,52.46501149856854,3.1840578213732575,123.14483503074108,3.0,11.478668982024686,45.03139813206927,36.608029286150085,5.603337400854179,0.9451621532829586,103.2829459801943,40.58290000000001,Satisfactory,2.705526666666667,8.79967048189874,40.58290000000001
0.0,13.057692307692308,77.71923076923076,23.659679917398037,52.46501149856854,3.1840578213732575,123.14483503074108,3.0,11.478668982024686,45.03139813206927,36.608029286150085,5.603337400854179,0.9451621532829586,103.2829459801943,40.58290000000001,Satisfactory,2.705526666666667,8.79967048189874,40.58290000000001
0.0,13.057692307692308,77.72820512820513,23.659679917398037,52.46501149856854,3.1840578213732575,123.14483503074108,3.0,11.478668982024686,45.03139813206927,36.608029286150085,5.603337400854179,0.9451621532829586,103.2829459801943,40.58290000000001,Satisfactory,2.705526666666667,8.79967048189874,40.58290000000001
0.0,13.057692307692308,77.73717948717949,23.659679917398037,52.46501149856854,3.1840578213732575,123.14483503074108,3.0,11.478668982024686,45.03139813206927,36.608029286150085,5.603337400854179,0.9451621532829586,103.2829459801943,40.58290000000001,Satisfactory,2.705526666666667,8.79967048189874,40.58290000000001
0.0,13.057692307692308,77.74615384615385,23.659679917398037,52.46501149856854,3.1840578213732575,123.14483503074108,3.0,11.478668982024686,45.03139813206927,36.608029286150085,5.603337400854179,0.9451621532829586,103.2829459801943,40.58290000000001,Satisfactory,2.705526666666667,8.79967048189874,40.58290000000001
0.0,13.057692307692308,77.7551282051282,23.659679917398037,52.46501149856854,3.1840578213732575,123.14483503074108,3.0,11.478668982024686,45.03139813206927,36.608029286150085,5.603337400854179,0.9451621532829586,103.2829459801943,40.58290000000001,Satisfactory,2.705526666666667,8.79967048189874,40.58290000000001
0.0,13.057692307692308,77.76410256410256,23.659679917398037,52.46501149856854,3.1840578213732575,123.14483503074108,3.0,11.478668982024686,45.03139813206927,36.608029286150085,5.603337400854179,0.9451621532829586,103.2829459801943,40.58290000000001,Satisfactory,2.705526666666667,8.79967048189874,40.58290000000001
0.0,13.057692307692308,77.77307692307691,23.659679917398037,52.46501149856854,3.1840578213732575,123.14483503074108,3.0,11.478668982024686,45.03139813206927,36.608029286150085,5.603337400854179,0.9451621532829586,103.2829459801943,40.58290000000001,Satisfactory,2.705526666666667,8.79967048189874,40.58290000000001
0.0,13.057692307692308,77.78205128205128,23.659679917398037,52.46501149856854,3.1840578213732575,123.14483503074108,3.0,11.478668982024686,45.03139813206927,36.608029286150085,5.603337400854179,0.9451621532829586,103.2829459801943,40.58290000000001,Satisfactory,2.705526666666667,8.79967048189874,40.58290000000001
0.0,13.057692307692308,77.79102564102564,23.659679917398037,52.46501149856854,3.1840578213732575,123.14483503074108,3.0,11.478668982024686,45.03139813206927,36.608029286150085,5.603337400854179,0.9451621532829586,103.2829459801943,40.58290000000001,Satisfactory,2.705526666666667,8.79967048189874,40.58290000000001
0.0,13.057692307692308,77.8,23.659679917398037,52.46501149856854,3.1840578213732575,123.14483503074108,3.0,11.478668982024686,45.03139813206927,36.608029286150085,5.603337400854179,0.9451621532829586,103.2829459801943,40.58290000000001,Satisfactory,2.705526666666667,8.79967048189874,40.58290000000001
0.0,13.067948717948719,77.45,23.659679917398037,52.46501149856854,3.1840578213732575,123.14483503074108,3.0,11.478668982024686,45.03139813206927,36.608029286150085,5.603337400854179,0.9451621532829586,103.2829459801943,39.926100000000005,Satisfactory,2.6617400000000004,8.531661842220423,39.926100000000005
0.0,13.067948717948719,77.45897435897436,23.659679917398037,52.46501149856854,3.1840578213732575,123.14483503074108,3.0,11.478668982024686,45.03139813206927,36.608029286150085,5.603337400854179,0.9451621532829586,103.2829459801943,39.926100000000005,Satisfactory,2.6617400000000004,8.531661842220423,39.926100000000005
0.0,13.067948717948719,77.46794871794872,23.659679917398037,52.46501149856854,3.1840578213732575,123.14483503074108,3.0,11.478668982024686,45.03139813206927,36.608029286150085,5.603337400854179,0.9451621532829586,103.2829459801943,39.926100000000005,Satisfactory,2.6617400000000004,8.531661842220423,39.926100000000005
0.0,13.067948717948719,77.47692307692309,23.659679917398037,52.46501149856854,3.1840578213732575,123.14483503074108,3.0,11.478668982024686,45.03139813206927,36.608029286150085,5.603337400854179,0.9451621532829586,103.2829459801943,39.926100000000005,Satisfactory,2.6617400000000004,8.531661842220423,39.926100000000005
0.0,13.067948717948719,77.48589743589744,23.659679917398037,52.46501149856854,3.1840578213732575,123.14483503074108,3.0,11.478668982024686,45.03139813206927,36.608029286150085,5.603337400854179,0.9451621532829586,103.2829459801943,39.926100000000005,Satisfactory,2.6617400000000004,8.531661842220423,39.926100000000005
0.0,13.067948717948719,77.4948717948718,23.659679917398037,52.46501149856854,3.1840578213732575,123.14483503074108,3.0,11.478668982024686,45.03139813206927,36.608029286150085,5.603337400854179,0.9451621532829586,103.2829459801943,39.926100000000005,Satisfactory,2.6617400000000004,8.531661842220423,39.926100000000005
0.0,13.067948717948719,77.50384615384615,23.659679917398037,52.46501149856854,3.1840578213732575,123.14483503074108,3.0,11.478668982024686,45.03139813206927,36.608029286150085,5.603337400854179,0.9451621532829586,103.2829459801943,39.926100000000005,Satisfactory,2.6617400000000004,8.531661842220423,39.926100000000005
0.0,13.067948717948719,77.51282051282051,23.659679917398037,52.46501149856854,3.1840578213732575,123.14483503074108,3.0,11.478668982024686,45.03139813206927,36.608029286150085,5.603337400854179,0.9451621532829586,103.2829459801943,39.926100000000005,Satisfactory,2.6617400000000004,8.531661842220423,39.926100000000005
0.0,13.067948717948719,77.52179487179487,23.659679917398037,52.46501149856854,3.1840578213732575,123.14483503074108,3.0,11.478668982024686,45.03139813206927,36.608029286150085,5.603337400854179,0.9451621532829586,103.2829459801943,39.926100000000005,Satisfactory,2.6617400000000004,8.531661842220423,39.926100000000005
0.0,13.067948717948719,77.53076923076924,23.659679917398037,52.46501149856854,3.1840578213732575,123.14483503074108,3.0,11.478668982024686,45.03139813206927,36.608029286150085,5.603337400854179,0.9451621532829586,103.2829459801943,39.926100000000005,Satisfactory,2.6617400000000004,8.531661842220423,39.926100000000005
0.0,13.067948717948719,77.5397435897436,23.659679917398037,52.46501149856854,3.1840578213732575,123.14483503074108,3.0,11.478668982024686,45.03139813206927,36.608029286150085,5.603337400854179,0.9451621532829586,103.2829459801943,39.926100000000005,Satisfactory,2.6617400000000004,8.531661842220423,39.926100000000005
0.0,13.067948717948719,77.54871794871795,23.659679917398037,52.46501149856854,3.1840578213732575,123.14483503074108,3.0,11.478668982024686,45.03139813206927,36.608029286150085,5.603337400854179,0.9451621532829586,103.2829459801943,39.926100000000005,Satisfactory,2.6617400000000004,8.531661842220423,39.926100000000005
0.0,13.067948717948719,77.5576923076923,23.659679917398037,52.46501149856854,3.1840578213732575,123.14483503074108,3.0,11.478668982024686,45.03139813206927,36.608029286150085,5.603337400854179,0.9451621532829586,103.2829459801943,39.926100000000005,Satisfactory,2.6617400000000004,8.531661842220423,39.926100000000005
0.0,13.067948717948719,77.56666666666666,23.659679917398037,52.46501149856854,3.1840578213732575,123.14483503074108,3.0,11.478668982024686,45.03139813206927,36.608029286150085,5.603337400854179,0.9451621532829586,103.2829459801943,39.926100000000005,Satisfactory,2.6617400000000004,8.531661842220423,39.926100000000005
0.0,13.067948717948719,77.57564102564103,23.659679917398037,52.46501149856854,3.1840578213732575,123.14483503074108,3.0,11.478668982024686,45.03139813206927,36.608029286150085,5.603337400854179,0.9451621532829586,103.2829459801943,39.926100000000005,Satisfactory,2.6617400000000004,8.531661842220423,39.926100000000005
0.0,13.067948717948719,77.58461538461539,23.659679917398037,52.46501149856854,3.1840578213732575,123.14483503074108,3.0,11.478668982024686,45.03139813206927,36.608029286150085,5.603337400854179,0.9451621532829586,103.2829459801943,40.11600000000001,Satisfactory,2.6744000000000003,8.540775257551271,40.11600000000001
0.0,13.067948717948719,77.59358974358975,23.659679917398037,52.46501149856854,3.1840578213732575,123.14483503074108,3.0,11.478668982024686,45.03139813206927,36.608029286150085,5.603337400854179,0.9451621532829586,103.2829459801943,40.67230000000001,Satisfactory,2.711486666666667,8.845739749167391,40.67230000000001
0.0,13.067948717948719,77.6025641025641,23.659679917398037,52.46501149856854,3.1840578213732575,123.14483503074108,3.0,11.478668982024686,45.03139813206927,36.608029286150085,5.603337400854179,0.9451621532829586,103.2829459801943,40.67230000000001,Satisfactory,2.711486666666667,8.845739749167391,40.67230000000001
0.0,13.067948717948719,77.61153846153846,23.659679917398037,52.46501149856854,3.1840578213732575,123.14483503074108,3.0,11.478668982024686,45.03139813206927,36.608029286150085,5.603337400854179,0.9451621532829586,103.2829459801943,40.67230000000001,Satisfactory,2.711486666666667,8.845739749167391,40.67230000000001
0.0,13.067948717948719,77.62051282051281,23.659679917398037,52.46501149856854,3.1840578213732575,123.14483503074108,3.0,11.478668982024686,45.03139813206927,36.608029286150085,5.603337400854179,0.9451621532829586,103.2829459801943,40.67230000000001,Satisfactory,2.711486666666667,8.845739749167391,40.67230000000001
0.0,13.067948717948719,77.62948717948719,23.659679917398037,52.46501149856854,3.1840578213732575,123.14483503074108,3.0,11.478668982024686,45.03139813206927,36.608029286150085,5.603337400854179,0.9451621532829586,103.2829459801943,40.67230000000001,Satisfactory,2.711486666666667,8.845739749167391,40.67230000000001
0.0,13.067948717948719,77.63846153846154,23.659679917398037,52.46501149856854,3.1840578213732575,123.14483503074108,3.0,11.478668982024686,45.03139813206927,36.608029286150085,5.603337400854179,0.9451621532829586,103.2829459801943,40.569,Satisfactory,2.7046,8.80573557404491,40.56900000000001
0.0,13.067948717948719,77.6474358974359,23.659679917398037,52.46501149856854,3.1840578213732575,123.14483503074108,3.0,11.478668982024686,45.03139813206927,36.608029286150085,5.603337400854179,0.9451621532829586,103.2829459801943,40.569,Satisfactory,2.7046,8.80573557404491,40.56900000000001
0.0,13.067948717948719,77.65641025641025,23.659679917398037,52.46501149856854,3.1840578213732575,123.14483503074108,3.0,11.478668982024686,45.03139813206927,36.608029286150085,5.603337400854179,0.9451621532829586,103.2829459801943,40.569,Satisfactory,2.7046,8.80573557404491,40.56900000000001
0.0,13.067948717948719,77.66538461538461,23.659679917398037,52.46501149856854,3.1840578213732575,123.14483503074108,3.0,11.478668982024686,45.03139813206927,36.608029286150085,5.603337400854179,0.9451621532829586,103.2829459801943,40.569,Satisfactory,2.7046,8.80573557404491,40.56900000000001
0.0,13.067948717948719,77.67435897435897,23.659679917398037,52.46501149856854,3.1840578213732575,123.14483503074108,3.0,11.478668982024686,45.03139813206927,36.608029286150085,5.603337400854179,0.9451621532829586,103.2829459801943,40.58290000000001,Satisfactory,2.705526666666667,8.79967048189874,40.58290000000001
0.0,13.067948717948719,77.68333333333334,23.659679917398037,52.46501149856854,3.1840578213732575,123.14483503074108,3.0,11.478668982024686,45.03139813206927,36.608029286150085,5.603337400854179,0.9451621532829586,103.2829459801943,40.58290000000001,Satisfactory,2.705526666666667,8.79967048189874,40.58290000000001
0.0,13.067948717948719,77.6923076923077,23.659679917398037,52.46501149856854,3.1840578213732575,123.14483503074108,3.0,11.478668982024686,45.03139813206927,36.608029286150085,5.603337400854179,0.9451621532829586,103.2829459801943,40.58290000000001,Satisfactory,2.705526666666667,8.79967048189874,40.58290000000001
0.0,13.067948717948719,77.70128205128205,23.659679917398037,52.46501149856854,3.1840578213732575,123.14483503074108,3.0,11.478668982024686,45.03139813206927,36.608029286150085,5.603337400854179,0.9451621532829586,103.2829459801943,40.58290000000001,Satisfactory,2.705526666666667,8.79967048189874,40.58290000000001
0.0,13.067948717948719,77.7102564102564,23.659679917398037,52.46501149856854,3.1840578213732575,123.14483503074108,3.0,11.478668982024686,45.03139813206927,36.608029286150085,5.603337400854179,0.9451621532829586,103.2829459801943,40.58290000000001,Satisfactory,2.705526666666667,8.79967048189874,40.58290000000001
0.0,13.067948717948719,77.71923076923076,23.659679917398037,52.46501149856854,3.1840578213732575,123.14483503074108,3.0,11.478668982024686,45.03139813206927,36.608029286150085,5.603337400854179,0.9451621532829586,103.2829459801943,40.58290000000001,Satisfactory,2.705526666666667,8.79967048189874,40.58290000000001
0.0,13.067948717948719,77.72820512820513,23.659679917398037,52.46501149856854,3.1840578213732575,123.14483503074108,3.0,11.478668982024686,45.03139813206927,36.608029286150085,5.603337400854179,0.9451621532829586,103.2829459801943,40.58290000000001,Satisfactory,2.705526666666667,8.79967048189874,40.58290000000001
0.0,13.067948717948719,77.73717948717949,23.659679917398037,52.46501149856854,3.1840578213732575,123.14483503074108,3.0,11.478668982024686,45.03139813206927,36.608029286150085,5.603337400854179,0.9451621532829586,103.2829459801943,40.58290000000001,Satisfactory,2.705526666666667,8.79967048189874,40.58290000000001
0.0,13.067948717948719,77.74615384615385,23.659679917398037,52.46501149856854,3.1840578213732575,123.14483503074108,3.0,11.478668982024686,45.03139813206927,36.608029286150085,5.603337400854179,0.9451621532829586,103.2829459801943,40.58290000000001,Satisfactory,2.705526666666667,8.79967048189874,40.58290000000001
0.0,13.067948717948719,77.7551282051282,23.659679917398037,52.46501149856854,3.1840578213732575,123.14483503074108,3.0,11.478668982024686,45.03139813206927,36.608029286150085,5.603337400854179,0.9451621532829586,103.2829459801943,40.58290000000001,Satisfactory,2.705526666666667,8.79967048189874,40.58290000000001
0.0,13.067948717948719,77.76410256410256,23.659679917398037,52.46501149856854,3.1840578213732575,123.14483503074108,3.0,11.478668982024686,45.03139813206927,36.608029286150085,5.603337400854179,0.9451621532829586,103.2829459801943,40.58290000000001,Satisfactory,2.705526666666667,8.79967048189874,40.58290000000001
0.0,13.067948717948719,77.77307692307691,23.659679917398037,52.46501149856854,3.1840578213732575,123.14483503074108,3.0,11.478668982024686,45.03139813206927,36.608029286150085,5.603337400854179,0.9451621532829586,103.2829459801943,40.58290000000001,Satisfactory,2.705526666666667,8.79967048189874,40.58290000000001
0.0,13.067948717948719,77.78205128205128,23.659679917398037,52.46501149856854,3.1840578213732575,123.14483503074108,3.0,11.478668982024686,45.03139813206927,36.608029286150085,5.603337400854179,0.9451621532829586,103.2829459801943,40.58290000000001,Satisfactory,2.705526666666667,8.79967048189874,40.58290000000001
0.0,13.067948717948719,77.79102564102564,23.659679917398037,52.46501149856854,3.1840578213732575,123.14483503074108,3.0,11.478668982024686,45.03139813206927,36.608029286150085,5.603337400854179,0.9451621532829586,103.2829459801943,40.58290000000001,Satisfactory,2.705526666666667,8.79967048189874,40.58290000000001
0.0,13.067948717948719,77.8,23.659679917398037,52.46501149856854,3.1840578213732575,123.14483503074108,3.0,11.478668982024686,45.03139813206927,36.608029286150085,5.603337400854179,0.9451621532829586,103.2829459801943,40.58290000000001,Satisfactory,2.705526666666667,8.79967048189874,40.58290000000001
0.0,13.078205128205129,77.45,23.659679917398037,52.46501149856854,3.1840578213732575,123.14483503074108,3.0,11.478668982024686,45.03139813206927,36.608029286150085,5.603337400854179,0.9451621532829586,103.2829459801943,39.926100000000005,Satisfactory,2.6617400000000004,8.531661842220423,39.926100000000005
0.0,13.078205128205129,77.45897435897436,23.659679917398037,52.46501149856854,3.1840578213732575,123.14483503074108,3.0,11.478668982024686,45.03139813206927,36.608029286150085,5.603337400854179,0.9451621532829586,103.2829459801943,39.926100000000005,Satisfactory,2.6617400000000004,8.531661842220423,39.926100000000005
0.0,13.078205128205129,77.46794871794872,23.659679917398037,52.46501149856854,3.1840578213732575,123.14483503074108,3.0,11.478668982024686,45.03139813206927,36.608029286150085,5.603337400854179,0.9451621532829586,103.2829459801943,39.926100000000005,Satisfactory,2.6617400000000004,8.531661842220423,39.926100000000005
0.0,13.078205128205129,77.47692307692309,23.659679917398037,52.46501149856854,3.1840578213732575,123.14483503074108,3.0,11.478668982024686,45.03139813206927,36.608029286150085,5.603337400854179,0.9451621532829586,103.2829459801943,39.926100000000005,Satisfactory,2.6617400000000004,8.531661842220423,39.926100000000005
0.0,13.078205128205129,77.48589743589744,23.659679917398037,52.46501149856854,3.1840578213732575,123.14483503074108,3.0,11.478668982024686,45.03139813206927,36.608029286150085,5.603337400854179,0.9451621532829586,103.2829459801943,39.926100000000005,Satisfactory,2.6617400000000004,8.531661842220423,39.926100000000005
0.0,13.078205128205129,77.4948717948718,23.659679917398037,52.46501149856854,3.1840578213732575,123.14483503074108,3.0,11.478668982024686,45.03139813206927,36.608029286150085,5.603337400854179,0.9451621532829586,103.2829459801943,39.926100000000005,Satisfactory,2.6617400000000004,8.531661842220423,39.926100000000005
0.0,13.078205128205129,77.50384615384615,23.659679917398037,52.46501149856854,3.1840578213732575,123.14483503074108,3.0,11.478668982024686,45.03139813206927,36.608029286150085,5.603337400854179,0.9451621532829586,103.2829459801943,39.926100000000005,Satisfactory,2.6617400000000004,8.531661842220423,39.926100000000005
0.0,13.078205128205129,77.51282051282051,23.659679917398037,52.46501149856854,3.1840578213732575,123.14483503074108,3.0,11.478668982024686,45.03139813206927,36.608029286150085,5.603337400854179,0.9451621532829586,103.2829459801943,39.926100000000005,Satisfactory,2.6617400000000004,8.531661842220423,39.926100000000005
0.0,13.078205128205129,77.52179487179487,23.659679917398037,52.46501149856854,3.1840578213732575,123.14483503074108,3.0,11.478668982024686,45.03139813206927,36.608029286150085,5.603337400854179,0.9451621532829586,103.2829459801943,39.926100000000005,Satisfactory,2.6617400000000004,8.531661842220423,39.926100000000005
0.0,13.078205128205129,77.53076923076924,23.659679917398037,52.46501149856854,3.1840578213732575,123.14483503074108,3.0,11.478668982024686,45.03139813206927,36.608029286150085,5.603337400854179,0.9451621532829586,103.2829459801943,39.926100000000005,Satisfactory,2.6617400000000004,8.531661842220423,39.926100000000005
0.0,13.078205128205129,77.5397435897436,23.659679917398037,52.46501149856854,3.1840578213732575,123.14483503074108,3.0,11.478668982024686,45.03139813206927,36.608029286150085,5.603337400854179,0.9451621532829586,103.2829459801943,39.926100000000005,Satisfactory,2.6617400000000004,8.531661842220423,39.926100000000005
0.0,13.078205128205129,77.54871794871795,23.659679917398037,52.46501149856854,3.1840578213732575,123.14483503074108,3.0,11.478668982024686,45.03139813206927,36.608029286150085,5.603337400854179,0.9451621532829586,103.2829459801943,39.926100000000005,Satisfactory,2.6617400000000004,8.531661842220423,39.926100000000005
0.0,13.078205128205129,77.5576923076923,23.659679917398037,52.46501149856854,3.1840578213732575,123.14483503074108,3.0,11.478668982024686,45.03139813206927,36.608029286150085,5.603337400854179,0.9451621532829586,103.2829459801943,39.926100000000005,Satisfactory,2.6617400000000004,8.531661842220423,39.926100000000005
0.0,13.078205128205129,77.56666666666666,23.659679917398037,52.46501149856854,3.1840578213732575,123.14483503074108,3.0,11.478668982024686,45.03139813206927,36.608029286150085,5.603337400854179,0.9451621532829586,103.2829459801943,39.926100000000005,Satisfactory,2.6617400000000004,8.531661842220423,39.926100000000005
0.0,13.078205128205129,77.57564102564103,23.659679917398037,52.46501149856854,3.1840578213732575,123.14483503074108,3.0,11.478668982024686,45.03139813206927,36.608029286150085,5.603337400854179,0.9451621532829586,103.2829459801943,39.926100000000005,Satisfactory,2.6617400000000004,8.531661842220423,39.926100000000005
0.0,13.078205128205129,77.58461538461539,23.659679917398037,52.46501149856854,3.1840578213732575,123.14483503074108,3.0,11.478668982024686,45.03139813206927,36.608029286150085,5.603337400854179,0.9451621532829586,103.2829459801943,40.11600000000001,Satisfactory,2.6744000000000003,8.540775257551271,40.11600000000001
0.0,13.078205128205129,77.59358974358975,23.659679917398037,52.46501149856854,3.1840578213732575,123.14483503074108,3.0,11.478668982024686,45.03139813206927,36.608029286150085,5.603337400854179,0.9451621532829586,103.2829459801943,40.67230000000001,Satisfactory,2.711486666666667,8.845739749167391,40.67230000000001
0.0,13.078205128205129,77.6025641025641,23.659679917398037,52.46501149856854,3.1840578213732575,123.14483503074108,3.0,11.478668982024686,45.03139813206927,36.608029286150085,5.603337400854179,0.9451621532829586,103.2829459801943,40.67230000000001,Satisfactory,2.711486666666667,8.845739749167391,40.67230000000001
0.0,13.078205128205129,77.61153846153846,23.659679917398037,52.46501149856854,3.1840578213732575,123.14483503074108,3.0,11.478668982024686,45.03139813206927,36.608029286150085,5.603337400854179,0.9451621532829586,103.2829459801943,40.67230000000001,Satisfactory,2.711486666666667,8.845739749167391,40.67230000000001
0.0,13.078205128205129,77.62051282051281,23.659679917398037,52.46501149856854,3.1840578213732575,123.14483503074108,3.0,11.478668982024686,45.03139813206927,36.608029286150085,5.603337400854179,0.9451621532829586,103.2829459801943,40.67230000000001,Satisfactory,2.711486666666667,8.845739749167391,40.67230000000001
0.0,13.078205128205129,77.62948717948719,23.659679917398037,52.46501149856854,3.1840578213732575,123.14483503074108,3.0,11.478668982024686,45.03139813206927,36.608029286150085,5.603337400854179,0.9451621532829586,103.2829459801943,40.67230000000001,Satisfactory,2.711486666666667,8.845739749167391,40.67230000000001
0.0,13.078205128205129,77.63846153846154,23.659679917398037,52.46501149856854,3.1840578213732575,123.14483503074108,3.0,11.478668982024686,45.03139813206927,36.608029286150085,5.603337400854179,0.9451621532829586,103.2829459801943,40.569,Satisfactory,2.7046,8.80573557404491,40.56900000000001
0.0,13.078205128205129,77.6474358974359,23.659679917398037,52.46501149856854,3.1840578213732575,123.14483503074108,3.0,11.478668982024686,45.03139813206927,36.608029286150085,5.603337400854179,0.9451621532829586,103.2829459801943,40.569,Satisfactory,2.7046,8.80573557404491,40.56900000000001
0.0,13.078205128205129,77.65641025641025,23.659679917398037,52.46501149856854,3.1840578213732575,123.14483503074108,3.0,11.478668982024686,45.03139813206927,36.608029286150085,5.603337400854179,0.9451621532829586,103.2829459801943,40.569,Satisfactory,2.7046,8.80573557404491,40.56900000000001
0.0,13.078205128205129,77.66538461538461,23.659679917398037,52.46501149856854,3.1840578213732575,123.14483503074108,3.0,11.478668982024686,45.03139813206927,36.608029286150085,5.603337400854179,0.9451621532829586,103.2829459801943,40.569,Satisfactory,2.7046,8.80573557404491,40.56900000000001
0.0,13.078205128205129,77.67435897435897,23.659679917398037,52.46501149856854,3.1840578213732575,123.14483503074108,3.0,11.478668982024686,45.03139813206927,36.608029286150085,5.603337400854179,0.9451621532829586,103.2829459801943,40.58290000000001,Satisfactory,2.705526666666667,8.79967048189874,40.58290000000001
0.0,13.078205128205129,77.68333333333334,23.659679917398037,52.46501149856854,3.1840578213732575,123.14483503074108,3.0,11.478668982024686,45.03139813206927,36.608029286150085,5.603337400854179,0.9451621532829586,103.2829459801943,40.58290000000001,Satisfactory,2.705526666666667,8.79967048189874,40.58290000000001
0.0,13.078205128205129,77.6923076923077,23.659679917398037,52.46501149856854,3.1840578213732575,123.14483503074108,3.0,11.478668982024686,45.03139813206927,36.608029286150085,5.603337400854179,0.9451621532829586,103.2829459801943,40.58290000000001,Satisfactory,2.705526666666667,8.79967048189874,40.58290000000001
0.0,13.078205128205129,77.70128205128205,23.659679917398037,52.46501149856854,3.1840578213732575,123.14483503074108,3.0,11.478668982024686,45.03139813206927,36.608029286150085,5.603337400854179,0.9451621532829586,103.2829459801943,40.58290000000001,Satisfactory,2.705526666666667,8.79967048189874,40.58290000000001
0.0,13.078205128205129,77.7102564102564,23.659679917398037,52.46501149856854,3.1840578213732575,123.14483503074108,3.0,11.478668982024686,45.03139813206927,36.608029286150085,5.603337400854179,0.9451621532829586,103.2829459801943,40.58290000000001,Satisfactory,2.705526666666667,8.79967048189874,40.58290000000001
0.0,13.078205128205129,77.71923076923076,23.659679917398037,52.46501149856854,3.1840578213732575,123.14483503074108,3.0,11.478668982024686,45.03139813206927,36.608029286150085,5.603337400854179,0.9451621532829586,103.2829459801943,40.58290000000001,Satisfactory,2.705526666666667,8.79967048189874,40.58290000000001
0.0,13.078205128205129,77.72820512820513,23.659679917398037,52.46501149856854,3.1840578213732575,123.14483503074108,3.0,11.478668982024686,45.03139813206927,36.608029286150085,5.603337400854179,0.9451621532829586,103.2829459801943,40.58290000000001,Satisfactory,2.705526666666667,8.79967048189874,40.58290000000001
0.0,13.078205128205129,77.73717948717949,23.659679917398037,52.46501149856854,3.1840578213732575,123.14483503074108,3.0,11.478668982024686,45.03139813206927,36.608029286150085,5.603337400854179,0.9451621532829586,103.2829459801943,40.58290000000001,Satisfactory,2.705526666666667,8.79967048189874,40.58290000000001
0.0,13.078205128205129,77.74615384615385,23.659679917398037,52.46501149856854,3.1840578213732575,123.14483503074108,3.0,11.478668982024686,45.03139813206927,36.608029286150085,5.603337400854179,0.9451621532829586,103.2829459801943,40.58290000000001,Satisfactory,2.705526666666667,8.79967048189874,40.58290000000001
0.0,13.078205128205129,77.7551282051282,23.659679917398037,52.46501149856854,3.1840578213732575,123.14483503074108,3.0,11.478668982024686,45.03139813206927,36.608029286150085,5.603337400854179,0.9451621532829586,103.2829459801943,40.58290000000001,Satisfactory,2.705526666666667,8.79967048189874,40.58290000000001
0.0,13.078205128205129,77.76410256410256,23.659679917398037,52.46501149856854,3.1840578213732575,123.14483503074108,3.0,11.478668982024686,45.03139813206927,36.608029286150085,5.603337400854179,0.9451621532829586,103.2829459801943,40.58290000000001,Satisfactory,2.705526666666667,8.79967048189874,40.58290000000001
0.0,13.078205128205129,77.77307692307691,23.659679917398037,52.46501149856854,3.1840578213732575,123.14483503074108,3.0,11.478668982024686,45.03139813206927,36.608029286150085,5.603337400854179,0.9451621532829586,103.2829459801943,40.58290000000001,Satisfactory,2.705526666666667,8.79967048189874,40.58290000000001
0.0,13.078205128205129,77.78205128205128,23.659679917398037,52.46501149856854,3.1840578213732575,123.14483503074108,3.0,11.478668982024686,45.03139813206927,36.608029286150085,5.603337400854179,0.9451621532829586,103.2829459801943,40.58290000000001,Satisfactory,2.705526666666667,8.79967048189874,40.58290000000001
0.0,13.078205128205129,77.79102564102564,23.659679917398037,52.46501149856854,3.1840578213732575,123.14483503074108,3.0,11.478668982024686,45.03139813206927,36.608029286150085,5.603337400854179,0.9451621532829586,103.2829459801943,40.58290000000001,Satisfactory,2.705526666666667,8.79967048189874,40.58290000000001
0.0,13.078205128205129,77.8,23.659679917398037,52.46501149856854,3.1840578213732575,123.14483503074108,3.0,11.478668982024686,45.03139813206927,36.608029286150085,5.603337400854179,0.9451621532829586,103.2829459801943,40.58290000000001,Satisfactory,2.705526666666667,8.79967048189874,40.58290000000001
0.0,13.088461538461539,77.45,23.659679917398037,52.46501149856854,3.1840578213732575,123.14483503074108,3.0,11.478668982024686,45.03139813206927,36.608029286150085,5.603337400854179,0.9451621532829586,103.2829459801943,39.926100000000005,Satisfactory,2.6617400000000004,8.531661842220423,39.926100000000005
0.0,13.088461538461539,77.45897435897436,23.659679917398037,52.46501149856854,3.1840578213732575,123.14483503074108,3.0,11.478668982024686,45.03139813206927,36.608029286150085,5.603337400854179,0.9451621532829586,103.2829459801943,39.926100000000005,Satisfactory,2.6617400000000004,8.531661842220423,39.926100000000005
0.0,13.088461538461539,77.46794871794872,23.659679917398037,52.46501149856854,3.1840578213732575,123.14483503074108,3.0,11.478668982024686,45.03139813206927,36.608029286150085,5.603337400854179,0.9451621532829586,103.2829459801943,39.926100000000005,Satisfactory,2.6617400000000004,8.531661842220423,39.926100000000005
0.0,13.088461538461539,77.47692307692309,23.659679917398037,52.46501149856854,3.1840578213732575,123.14483503074108,3.0,11.478668982024686,45.03139813206927,36.608029286150085,5.603337400854179,0.9451621532829586,103.2829459801943,39.926100000000005,Satisfactory,2.6617400000000004,8.531661842220423,39.926100000000005
0.0,13.088461538461539,77.48589743589744,23.659679917398037,52.46501149856854,3.1840578213732575,123.14483503074108,3.0,11.478668982024686,45.03139813206927,36.608029286150085,5.603337400854179,0.9451621532829586,103.2829459801943,39.926100000000005,Satisfactory,2.6617400000000004,8.531661842220423,39.926100000000005
0.0,13.088461538461539,77.4948717948718,23.659679917398037,52.46501149856854,3.1840578213732575,123.14483503074108,3.0,11.478668982024686,45.03139813206927,36.608029286150085,5.603337400854179,0.9451621532829586,103.2829459801943,39.926100000000005,Satisfactory,2.6617400000000004,8.531661842220423,39.926100000000005
0.0,13.088461538461539,77.50384615384615,23.659679917398037,52.46501149856854,3.1840578213732575,123.14483503074108,3.0,11.478668982024686,45.03139813206927,36.608029286150085,5.603337400854179,0.9451621532829586,103.2829459801943,39.926100000000005,Satisfactory,2.6617400000000004,8.531661842220423,39.926100000000005
0.0,13.088461538461539,77.51282051282051,23.659679917398037,52.46501149856854,3.1840578213732575,123.14483503074108,3.0,11.478668982024686,45.03139813206927,36.608029286150085,5.603337400854179,0.9451621532829586,103.2829459801943,39.926100000000005,Satisfactory,2.6617400000000004,8.531661842220423,39.926100000000005
0.0,13.088461538461539,77.52179487179487,23.659679917398037,52.46501149856854,3.1840578213732575,123.14483503074108,3.0,11.478668982024686,45.03139813206927,36.608029286150085,5.603337400854179,0.9451621532829586,103.2829459801943,39.926100000000005,Satisfactory,2.6617400000000004,8.531661842220423,39.926100000000005
0.0,13.088461538461539,77.53076923076924,23.659679917398037,52.46501149856854,3.1840578213732575,123.14483503074108,3.0,11.478668982024686,45.03139813206927,36.608029286150085,5.603337400854179,0.9451621532829586,103.2829459801943,39.926100000000005,Satisfactory,2.6617400000000004,8.531661842220423,39.926100000000005
0.0,13.088461538461539,77.5397435897436,23.659679917398037,52.46501149856854,3.1840578213732575,123.14483503074108,3.0,11.478668982024686,45.03139813206927,36.608029286150085,5.603337400854179,0.9451621532829586,103.2829459801943,39.926100000000005,Satisfactory,2.6617400000000004,8.531661842220423,39.926100000000005
0.0,13.088461538461539,77.54871794871795,23.659679917398037,52.46501149856854,3.1840578213732575,123.14483503074108,3.0,11.478668982024686,45.03139813206927,36.608029286150085,5.603337400854179,0.9451621532829586,103.2829459801943,39.926100000000005,Satisfactory,2.6617400000000004,8.531661842220423,39.926100000000005
0.0,13.088461538461539,77.5576923076923,23.659679917398037,52.46501149856854,3.1840578213732575,123.14483503074108,3.0,11.478668982024686,45.03139813206927,36.608029286150085,5.603337400854179,0.9451621532829586,103.2829459801943,39.926100000000005,Satisfactory,2.6617400000000004,8.531661842220423,39.926100000000005
0.0,13.088461538461539,77.56666666666666,23.659679917398037,52.46501149856854,3.1840578213732575,123.14483503074108,3.0,11.478668982024686,45.03139813206927,36.608029286150085,5.603337400854179,0.9451621532829586,103.2829459801943,39.926100000000005,Satisfactory,2.6617400000000004,8.531661842220423,39.926100000000005
0.0,13.088461538461539,77.57564102564103,23.659679917398037,52.46501149856854,3.1840578213732575,123.14483503074108,3.0,11.478668982024686,45.03139813206927,36.608029286150085,5.603337400854179,0.9451621532829586,103.2829459801943,39.926100000000005,Satisfactory,2.6617400000000004,8.531661842220423,39.926100000000005
0.0,13.088461538461539,77.58461538461539,23.659679917398037,52.46501149856854,3.1840578213732575,123.14483503074108,3.0,11.478668982024686,45.03139813206927,36.608029286150085,5.603337400854179,0.9451621532829586,103.2829459801943,40.11600000000001,Satisfactory,2.6744000000000003,8.540775257551271,40.11600000000001
0.0,13.088461538461539,77.59358974358975,23.659679917398037,52.46501149856854,3.1840578213732575,123.14483503074108,3.0,11.478668982024686,45.03139813206927,36.608029286150085,5.603337400854179,0.9451621532829586,103.2829459801943,40.67230000000001,Satisfactory,2.711486666666667,8.845739749167391,40.67230000000001
0.0,13.088461538461539,77.6025641025641,23.659679917398037,52.46501149856854,3.1840578213732575,123.14483503074108,3.0,11.478668982024686,45.03139813206927,36.608029286150085,5.603337400854179,0.9451621532829586,103.2829459801943,40.67230000000001,Satisfactory,2.711486666666667,8.845739749167391,40.67230000000001
0.0,13.088461538461539,77.61153846153846,23.659679917398037,52.46501149856854,3.1840578213732575,123.14483503074108,3.0,11.478668982024686,45.03139813206927,36.608029286150085,5.603337400854179,0.9451621532829586,103.2829459801943,40.67230000000001,Satisfactory,2.711486666666667,8.845739749167391,40.67230000000001
0.0,13.088461538461539,77.62051282051281,23.659679917398037,52.46501149856854,3.1840578213732575,123.14483503074108,3.0,11.478668982024686,45.03139813206927,36.608029286150085,5.603337400854179,0.9451621532829586,103.2829459801943,40.67230000000001,Satisfactory,2.711486666666667,8.845739749167391,40.67230000000001
0.0,13.088461538461539,77.62948717948719,23.659679917398037,52.46501149856854,3.1840578213732575,123.14483503074108,3.0,11.478668982024686,45.03139813206927,36.608029286150085,5.603337400854179,0.9451621532829586,103.2829459801943,40.67230000000001,Satisfactory,2.711486666666667,8.845739749167391,40.67230000000001
0.0,13.088461538461539,77.63846153846154,23.659679917398037,52.46501149856854,3.1840578213732575,123.14483503074108,3.0,11.478668982024686,45.03139813206927,36.608029286150085,5.603337400854179,0.9451621532829586,103.2829459801943,40.569,Satisfactory,2.7046,8.80573557404491,40.56900000000001
0.0,13.088461538461539,77.6474358974359,23.659679917398037,52.46501149856854,3.1840578213732575,123.14483503074108,3.0,11.478668982024686,45.03139813206927,36.608029286150085,5.603337400854179,0.9451621532829586,103.2829459801943,40.569,Satisfactory,2.7046,8.80573557404491,40.56900000000001
0.0,13.088461538461539,77.65641025641025,23.659679917398037,52.46501149856854,3.1840578213732575,123.14483503074108,3.0,11.478668982024686,45.03139813206927,36.608029286150085,5.603337400854179,0.9451621532829586,103.2829459801943,40.569,Satisfactory,2.7046,8.80573557404491,40.56900000000001
0.0,13.088461538461539,77.66538461538461,23.659679917398037,52.46501149856854,3.1840578213732575,123.14483503074108,3.0,11.478668982024686,45.03139813206927,36.608029286150085,5.603337400854179,0.9451621532829586,103.2829459801943,40.569,Satisfactory,2.7046,8.80573557404491,40.56900000000001
0.0,13.088461538461539,77.67435897435897,23.659679917398037,52.46501149856854,3.1840578213732575,123.14483503074108,3.0,11.478668982024686,45.03139813206927,36.608029286150085,5.603337400854179,0.9451621532829586,103.2829459801943,40.58290000000001,Satisfactory,2.705526666666667,8.79967048189874,40.58290000000001
0.0,13.088461538461539,77.68333333333334,23.659679917398037,52.46501149856854,3.1840578213732575,123.14483503074108,3.0,11.478668982024686,45.03139813206927,36.608029286150085,5.603337400854179,0.9451621532829586,103.2829459801943,40.58290000000001,Satisfactory,2.705526666666667,8.79967048189874,40.58290000000001
0.0,13.088461538461539,77.6923076923077,23.659679917398037,52.46501149856854,3.1840578213732575,123.14483503074108,3.0,11.478668982024686,45.03139813206927,36.608029286150085,5.603337400854179,0.9451621532829586,103.2829459801943,40.58290000000001,Satisfactory,2.705526666666667,8.79967048189874,40.58290000000001
0.0,13.088461538461539,77.70128205128205,23.659679917398037,52.46501149856854,3.1840578213732575,123.14483503074108,3.0,11.478668982024686,45.03139813206927,36.608029286150085,5.603337400854179,0.9451621532829586,103.2829459801943,40.58290000000001,Satisfactory,2.705526666666667,8.79967048189874,40.58290000000001
0.0,13.088461538461539,77.7102564102564,23.659679917398037,52.46501149856854,3.1840578213732575,123.14483503074108,3.0,11.478668982024686,45.03139813206927,36.608029286150085,5.603337400854179,0.9451621532829586,103.2829459801943,40.58290000000001,Satisfactory,2.705526666666667,8.79967048189874,40.58290000000001
0.0,13.088461538461539,77.71923076923076,23.659679917398037,52.46501149856854,3.1840578213732575,123.14483503074108,3.0,11.478668982024686,45.03139813206927,36.608029286150085,5.603337400854179,0.9451621532829586,103.2829459801943,40.58290000000001,Satisfactory,2.705526666666667,8.79967048189874,40.58290000000001
0.0,13.088461538461539,77.72820512820513,23.659679917398037,52.46501149856854,3.1840578213732575,123.14483503074108,3.0,11.478668982024686,45.03139813206927,36.608029286150085,5.603337400854179,0.9451621532829586,103.2829459801943,40.58290000000001,Satisfactory,2.705526666666667,8.79967048189874,40.58290000000001
0.0,13.088461538461539,77.73717948717949,23.659679917398037,52.46501149856854,3.1840578213732575,123.14483503074108,3.0,11.478668982024686,45.03139813206927,36.608029286150085,5.603337400854179,0.9451621532829586,103.2829459801943,40.58290000000001,Satisfactory,2.705526666666667,8.79967048189874,40.58290000000001
0.0,13.088461538461539,77.74615384615385,23.659679917398037,52.46501149856854,3.1840578213732575,123.14483503074108,3.0,11.478668982024686,45.03139813206927,36.608029286150085,5.603337400854179,0.9451621532829586,103.2829459801943,40.58290000000001,Satisfactory,2.705526666666667,8.79967048189874,40.58290000000001
0.0,13.088461538461539,77.7551282051282,23.659679917398037,52.46501149856854,3.1840578213732575,123.14483503074108,3.0,11.478668982024686,45.03139813206927,36.608029286150085,5.603337400854179,0.9451621532829586,103.2829459801943,40.58290000000001,Satisfactory,2.705526666666667,8.79967048189874,40.58290000000001
0.0,13.088461538461539,77.76410256410256,23.659679917398037,52.46501149856854,3.1840578213732575,123.14483503074108,3.0,11.478668982024686,45.03139813206927,36.608029286150085,5.603337400854179,0.9451621532829586,103.2829459801943,40.58290000000001,Satisfactory,2.705526666666667,8.79967048189874,40.58290000000001
0.0,13.088461538461539,77.77307692307691,23.659679917398037,52.46501149856854,3.1840578213732575,123.14483503074108,3.0,11.478668982024686,45.03139813206927,36.608029286150085,5.603337400854179,0.9451621532829586,103.2829459801943,40.58290000000001,Satisfactory,2.705526666666667,8.79967048189874,40.58290000000001
0.0,13.088461538461539,77.78205128205128,23.659679917398037,52.46501149856854,3.1840578213732575,123.14483503074108,3.0,11.478668982024686,45.03139813206927,36.608029286150085,5.603337400854179,0.9451621532829586,103.2829459801943,40.58290000000001,Satisfactory,2.705526666666667,8.79967048189874,40.58290000000001
0.0,13.088461538461539,77.79102564102564,23.659679917398037,52.46501149856854,3.1840578213732575,123.14483503074108,3.0,11.478668982024686,45.03139813206927,36.608029286150085,5.603337400854179,0.9451621532829586,103.2829459801943,40.58290000000001,Satisfactory,2.705526666666667,8.79967048189874,40.58290000000001
0.0,13.088461538461539,77.8,23.659679917398037,52.46501149856854,3.1840578213732575,123.14483503074108,3.0,11.478668982024686,45.03139813206927,36.608029286150085,5.603337400854179,0.9451621532829586,103.2829459801943,40.58290000000001,Satisfactory,2.705526666666667,8.79967048189874,40.58290000000001
0.0,13.09871794871795,77.45,23.659679917398037,52.46501149856854,3.1840578213732575,123.14483503074108,3.0,11.478668982024686,45.03139813206927,36.608029286150085,5.603337400854179,0.9451621532829586,103.2829459801943,39.926100000000005,Satisfactory,2.6617400000000004,8.531661842220423,39.926100000000005
0.0,13.09871794871795,77.45897435897436,23.659679917398037,52.46501149856854,3.1840578213732575,123.14483503074108,3.0,11.478668982024686,45.03139813206927,36.608029286150085,5.603337400854179,0.9451621532829586,103.2829459801943,39.926100000000005,Satisfactory,2.6617400000000004,8.531661842220423,39.926100000000005
0.0,13.09871794871795,77.46794871794872,23.659679917398037,52.46501149856854,3.1840578213732575,123.14483503074108,3.0,11.478668982024686,45.03139813206927,36.608029286150085,5.603337400854179,0.9451621532829586,103.2829459801943,39.926100000000005,Satisfactory,2.6617400000000004,8.531661842220423,39.926100000000005
0.0,13.09871794871795,77.47692307692309,23.659679917398037,52.46501149856854,3.1840578213732575,123.14483503074108,3.0,11.478668982024686,45.03139813206927,36.608029286150085,5.603337400854179,0.9451621532829586,103.2829459801943,39.926100000000005,Satisfactory,2.6617400000000004,8.531661842220423,39.926100000000005
0.0,13.09871794871795,77.48589743589744,23.659679917398037,52.46501149856854,3.1840578213732575,123.14483503074108,3.0,11.478668982024686,45.03139813206927,36.608029286150085,5.603337400854179,0.9451621532829586,103.2829459801943,39.926100000000005,Satisfactory,2.6617400000000004,8.531661842220423,39.926100000000005
0.0,13.09871794871795,77.4948717948718,23.659679917398037,52.46501149856854,3.1840578213732575,123.14483503074108,3.0,11.478668982024686,45.03139813206927,36.608029286150085,5.603337400854179,0.9451621532829586,103.2829459801943,39.926100000000005,Satisfactory,2.6617400000000004,8.531661842220423,39.926100000000005
0.0,13.09871794871795,77.50384615384615,23.659679917398037,52.46501149856854,3.1840578213732575,123.14483503074108,3.0,11.478668982024686,45.03139813206927,36.608029286150085,5.603337400854179,0.9451621532829586,103.2829459801943,39.926100000000005,Satisfactory,2.6617400000000004,8.531661842220423,39.926100000000005
0.0,13.09871794871795,77.51282051282051,23.659679917398037,52.46501149856854,3.1840578213732575,123.14483503074108,3.0,11.478668982024686,45.03139813206927,36.608029286150085,5.603337400854179,0.9451621532829586,103.2829459801943,39.926100000000005,Satisfactory,2.6617400000000004,8.531661842220423,39.926100000000005
0.0,13.09871794871795,77.52179487179487,23.659679917398037,52.46501149856854,3.1840578213732575,123.14483503074108,3.0,11.478668982024686,45.03139813206927,36.608029286150085,5.603337400854179,0.9451621532829586,103.2829459801943,39.926100000000005,Satisfactory,2.6617400000000004,8.531661842220423,39.926100000000005
0.0,13.09871794871795,77.53076923076924,23.659679917398037,52.46501149856854,3.1840578213732575,123.14483503074108,3.0,11.478668982024686,45.03139813206927,36.608029286150085,5.603337400854179,0.9451621532829586,103.2829459801943,39.926100000000005,Satisfactory,2.6617400000000004,8.531661842220423,39.926100000000005
0.0,13.09871794871795,77.5397435897436,23.659679917398037,52.46501149856854,3.1840578213732575,123.14483503074108,3.0,11.478668982024686,45.03139813206927,36.608029286150085,5.603337400854179,0.9451621532829586,103.2829459801943,39.926100000000005,Satisfactory,2.6617400000000004,8.531661842220423,39.926100000000005
0.0,13.09871794871795,77.54871794871795,23.659679917398037,52.46501149856854,3.1840578213732575,123.14483503074108,3.0,11.478668982024686,45.03139813206927,36.608029286150085,5.603337400854179,0.9451621532829586,103.2829459801943,39.926100000000005,Satisfactory,2.6617400000000004,8.531661842220423,39.926100000000005
0.0,13.09871794871795,77.5576923076923,23.659679917398037,52.46501149856854,3.1840578213732575,123.14483503074108,3.0,11.478668982024686,45.03139813206927,36.608029286150085,5.603337400854179,0.9451621532829586,103.2829459801943,39.926100000000005,Satisfactory,2.6617400000000004,8.531661842220423,39.926100000000005
0.0,13.09871794871795,77.56666666666666,23.659679917398037,52.46501149856854,3.1840578213732575,123.14483503074108,3.0,11.478668982024686,45.03139813206927,36.608029286150085,5.603337400854179,0.9451621532829586,103.2829459801943,39.926100000000005,Satisfactory,2.6617400000000004,8.531661842220423,39.926100000000005
0.0,13.09871794871795,77.57564102564103,23.659679917398037,52.46501149856854,3.1840578213732575,123.14483503074108,3.0,11.478668982024686,45.03139813206927,36.608029286150085,5.603337400854179,0.9451621532829586,103.2829459801943,39.926100000000005,Satisfactory,2.6617400000000004,8.531661842220423,39.926100000000005
0.0,13.09871794871795,77.58461538461539,23.659679917398037,52.46501149856854,3.1840578213732575,123.14483503074108,3.0,11.478668982024686,45.03139813206927,36.608029286150085,5.603337400854179,0.9451621532829586,103.2829459801943,40.11600000000001,Satisfactory,2.6744000000000003,8.540775257551271,40.11600000000001
0.0,13.09871794871795,77.59358974358975,23.659679917398037,52.46501149856854,3.1840578213732575,123.14483503074108,3.0,11.478668982024686,45.03139813206927,36.608029286150085,5.603337400854179,0.9451621532829586,103.2829459801943,40.67230000000001,Satisfactory,2.711486666666667,8.845739749167391,40.67230000000001
0.0,13.09871794871795,77.6025641025641,23.659679917398037,52.46501149856854,3.1840578213732575,123.14483503074108,3.0,11.478668982024686,45.03139813206927,36.608029286150085,5.603337400854179,0.9451621532829586,103.2829459801943,40.67230000000001,Satisfactory,2.711486666666667,8.845739749167391,40.67230000000001
0.0,13.09871794871795,77.61153846153846,23.659679917398037,52.46501149856854,3.1840578213732575,123.14483503074108,3.0,11.478668982024686,45.03139813206927,36.608029286150085,5.603337400854179,0.9451621532829586,103.2829459801943,40.67230000000001,Satisfactory,2.711486666666667,8.845739749167391,40.67230000000001
0.0,13.09871794871795,77.62051282051281,23.659679917398037,52.46501149856854,3.1840578213732575,123.14483503074108,3.0,11.478668982024686,45.03139813206927,36.608029286150085,5.603337400854179,0.9451621532829586,103.2829459801943,40.67230000000001,Satisfactory,2.711486666666667,8.845739749167391,40.67230000000001
0.0,13.09871794871795,77.62948717948719,23.659679917398037,52.46501149856854,3.1840578213732575,123.14483503074108,3.0,11.478668982024686,45.03139813206927,36.608029286150085,5.603337400854179,0.9451621532829586,103.2829459801943,40.67230000000001,Satisfactory,2.711486666666667,8.845739749167391,40.67230000000001
0.0,13.09871794871795,77.63846153846154,23.659679917398037,52.46501149856854,3.1840578213732575,123.14483503074108,3.0,11.478668982024686,45.03139813206927,36.608029286150085,5.603337400854179,0.9451621532829586,103.2829459801943,40.569,Satisfactory,2.7046,8.80573557404491,40.56900000000001
0.0,13.09871794871795,77.6474358974359,23.659679917398037,52.46501149856854,3.1840578213732575,123.14483503074108,3.0,11.478668982024686,45.03139813206927,36.608029286150085,5.603337400854179,0.9451621532829586,103.2829459801943,40.569,Satisfactory,2.7046,8.80573557404491,40.56900000000001
0.0,13.09871794871795,77.65641025641025,23.659679917398037,52.46501149856854,3.1840578213732575,123.14483503074108,3.0,11.478668982024686,45.03139813206927,36.608029286150085,5.603337400854179,0.9451621532829586,103.2829459801943,40.569,Satisfactory,2.7046,8.80573557404491,40.56900000000001
0.0,13.09871794871795,77.66538461538461,23.659679917398037,52.46501149856854,3.1840578213732575,123.14483503074108,3.0,11.478668982024686,45.03139813206927,36.608029286150085,5.603337400854179,0.9451621532829586,103.2829459801943,40.569,Satisfactory,2.7046,8.80573557404491,40.56900000000001
0.0,13.09871794871795,77.67435897435897,23.659679917398037,52.46501149856854,3.1840578213732575,123.14483503074108,3.0,11.478668982024686,45.03139813206927,36.608029286150085,5.603337400854179,0.9451621532829586,103.2829459801943,40.58290000000001,Satisfactory,2.705526666666667,8.79967048189874,40.58290000000001
0.0,13.09871794871795,77.68333333333334,23.659679917398037,52.46501149856854,3.1840578213732575,123.14483503074108,3.0,11.478668982024686,45.03139813206927,36.608029286150085,5.603337400854179,0.9451621532829586,103.2829459801943,40.58290000000001,Satisfactory,2.705526666666667,8.79967048189874,40.58290000000001
0.0,13.09871794871795,77.6923076923077,23.659679917398037,52.46501149856854,3.1840578213732575,123.14483503074108,3.0,11.478668982024686,45.03139813206927,36.608029286150085,5.603337400854179,0.9451621532829586,103.2829459801943,40.58290000000001,Satisfactory,2.705526666666667,8.79967048189874,40.58290000000001
0.0,13.09871794871795,77.70128205128205,23.659679917398037,52.46501149856854,3.1840578213732575,123.14483503074108,3.0,11.478668982024686,45.03139813206927,36.608029286150085,5.603337400854179,0.9451621532829586,103.2829459801943,40.58290000000001,Satisfactory,2.705526666666667,8.79967048189874,40.58290000000001
0.0,13.09871794871795,77.7102564102564,23.659679917398037,52.46501149856854,3.1840578213732575,123.14483503074108,3.0,11.478668982024686,45.03139813206927,36.608029286150085,5.603337400854179,0.9451621532829586,103.2829459801943,40.58290000000001,Satisfactory,2.705526666666667,8.79967048189874,40.58290000000001
0.0,13.09871794871795,77.71923076923076,23.659679917398037,52.46501149856854,3.1840578213732575,123.14483503074108,3.0,11.478668982024686,45.03139813206927,36.608029286150085,5.603337400854179,0.9451621532829586,103.2829459801943,40.58290000000001,Satisfactory,2.705526666666667,8.79967048189874,40.58290000000001
0.0,13.09871794871795,77.72820512820513,23.659679917398037,52.46501149856854,3.1840578213732575,123.14483503074108,3.0,11.478668982024686,45.03139813206927,36.608029286150085,5.603337400854179,0.9451621532829586,103.2829459801943,40.58290000000001,Satisfactory,2.705526666666667,8.79967048189874,40.58290000000001
0.0,13.09871794871795,77.73717948717949,23.659679917398037,52.46501149856854,3.1840578213732575,123.14483503074108,3.0,11.478668982024686,45.03139813206927,36.608029286150085,5.603337400854179,0.9451621532829586,103.2829459801943,40.58290000000001,Satisfactory,2.705526666666667,8.79967048189874,40.58290000000001
0.0,13.09871794871795,77.74615384615385,23.659679917398037,52.46501149856854,3.1840578213732575,123.14483503074108,3.0,11.478668982024686,45.03139813206927,36.608029286150085,5.603337400854179,0.9451621532829586,103.2829459801943,40.58290000000001,Satisfactory,2.705526666666667,8.79967048189874,40.58290000000001
0.0,13.09871794871795,77.7551282051282,23.659679917398037,52.46501149856854,3.1840578213732575,123.14483503074108,3.0,11.478668982024686,45.03139813206927,36.608029286150085,5.603337400854179,0.9451621532829586,103.2829459801943,40.58290000000001,Satisfactory,2.705526666666667,8.79967048189874,40.58290000000001
0.0,13.09871794871795,77.76410256410256,23.659679917398037,52.46501149856854,3.1840578213732575,123.14483503074108,3.0,11.478668982024686,45.03139813206927,36.608029286150085,5.603337400854179,0.9451621532829586,103.2829459801943,40.58290000000001,Satisfactory,2.705526666666667,8.79967048189874,40.58290000000001
0.0,13.09871794871795,77.77307692307691,23.659679917398037,52.46501149856854,3.1840578213732575,123.14483503074108,3.0,11.478668982024686,45.03139813206927,36.608029286150085,5.603337400854179,0.9451621532829586,103.2829459801943,40.58290000000001,Satisfactory,2.705526666666667,8.79967048189874,40.58290000000001
0.0,13.09871794871795,77.78205128205128,23.659679917398037,52.46501149856854,3.1840578213732575,123.14483503074108,3.0,11.478668982024686,45.03139813206927,36.608029286150085,5.603337400854179,0.9451621532829586,103.2829459801943,40.58290000000001,Satisfactory,2.705526666666667,8.79967048189874,40.58290000000001
0.0,13.09871794871795,77.79102564102564,23.659679917398037,52.46501149856854,3.1840578213732575,123.14483503074108,3.0,11.478668982024686,45.03139813206927,36.608029286150085,5.603337400854179,0.9451621532829586,103.2829459801943,40.58290000000001,Satisfactory,2.705526666666667,8.79967048189874,40.58290000000001
0.0,13.09871794871795,77.8,23.659679917398037,52.46501149856854,3.1840578213732575,123.14483503074108,3.0,11.478668982024686,45.03139813206927,36.608029286150085,5.603337400854179,0.9451621532829586,103.2829459801943,40.58290000000001,Satisfactory,2.705526666666667,8.79967048189874,40.58290000000001
0.0,13.10897435897436,77.45,23.659679917398037,52.46501149856854,3.1840578213732575,123.14483503074108,3.0,11.478668982024686,45.03139813206927,36.608029286150085,5.603337400854179,0.9451621532829586,103.2829459801943,39.926100000000005,Satisfactory,2.6617400000000004,8.531661842220423,39.926100000000005
0.0,13.10897435897436,77.45897435897436,23.659679917398037,52.46501149856854,3.1840578213732575,123.14483503074108,3.0,11.478668982024686,45.03139813206927,36.608029286150085,5.603337400854179,0.9451621532829586,103.2829459801943,39.926100000000005,Satisfactory,2.6617400000000004,8.531661842220423,39.926100000000005
0.0,13.10897435897436,77.46794871794872,23.659679917398037,52.46501149856854,3.1840578213732575,123.14483503074108,3.0,11.478668982024686,45.03139813206927,36.608029286150085,5.603337400854179,0.9451621532829586,103.2829459801943,39.926100000000005,Satisfactory,2.6617400000000004,8.531661842220423,39.926100000000005
0.0,13.10897435897436,77.47692307692309,23.659679917398037,52.46501149856854,3.1840578213732575,123.14483503074108,3.0,11.478668982024686,45.03139813206927,36.608029286150085,5.603337400854179,0.9451621532829586,103.2829459801943,39.926100000000005,Satisfactory,2.6617400000000004,8.531661842220423,39.926100000000005
0.0,13.10897435897436,77.48589743589744,23.659679917398037,52.46501149856854,3.1840578213732575,123.14483503074108,3.0,11.478668982024686,45.03139813206927,36.608029286150085,5.603337400854179,0.9451621532829586,103.2829459801943,39.926100000000005,Satisfactory,2.6617400000000004,8.531661842220423,39.926100000000005
0.0,13.10897435897436,77.4948717948718,23.659679917398037,52.46501149856854,3.1840578213732575,123.14483503074108,3.0,11.478668982024686,45.03139813206927,36.608029286150085,5.603337400854179,0.9451621532829586,103.2829459801943,39.926100000000005,Satisfactory,2.6617400000000004,8.531661842220423,39.926100000000005
0.0,13.10897435897436,77.50384615384615,23.659679917398037,52.46501149856854,3.1840578213732575,123.14483503074108,3.0,11.478668982024686,45.03139813206927,36.608029286150085,5.603337400854179,0.9451621532829586,103.2829459801943,39.926100000000005,Satisfactory,2.6617400000000004,8.531661842220423,39.926100000000005
0.0,13.10897435897436,77.51282051282051,23.659679917398037,52.46501149856854,3.1840578213732575,123.14483503074108,3.0,11.478668982024686,45.03139813206927,36.608029286150085,5.603337400854179,0.9451621532829586,103.2829459801943,39.926100000000005,Satisfactory,2.6617400000000004,8.531661842220423,39.926100000000005
0.0,13.10897435897436,77.52179487179487,23.659679917398037,52.46501149856854,3.1840578213732575,123.14483503074108,3.0,11.478668982024686,45.03139813206927,36.608029286150085,5.603337400854179,0.9451621532829586,103.2829459801943,39.926100000000005,Satisfactory,2.6617400000000004,8.531661842220423,39.926100000000005
0.0,13.10897435897436,77.53076923076924,23.659679917398037,52.46501149856854,3.1840578213732575,123.14483503074108,3.0,11.478668982024686,45.03139813206927,36.608029286150085,5.603337400854179,0.9451621532829586,103.2829459801943,39.926100000000005,Satisfactory,2.6617400000000004,8.531661842220423,39.926100000000005
0.0,13.10897435897436,77.5397435897436,23.659679917398037,52.46501149856854,3.1840578213732575,123.14483503074108,3.0,11.478668982024686,45.03139813206927,36.608029286150085,5.603337400854179,0.9451621532829586,103.2829459801943,39.926100000000005,Satisfactory,2.6617400000000004,8.531661842220423,39.926100000000005
0.0,13.10897435897436,77.54871794871795,23.659679917398037,52.46501149856854,3.1840578213732575,123.14483503074108,3.0,11.478668982024686,45.03139813206927,36.608029286150085,5.603337400854179,0.9451621532829586,103.2829459801943,39.926100000000005,Satisfactory,2.6617400000000004,8.531661842220423,39.926100000000005
0.0,13.10897435897436,77.5576923076923,23.659679917398037,52.46501149856854,3.1840578213732575,123.14483503074108,3.0,11.478668982024686,45.03139813206927,36.608029286150085,5.603337400854179,0.9451621532829586,103.2829459801943,39.926100000000005,Satisfactory,2.6617400000000004,8.531661842220423,39.926100000000005
0.0,13.10897435897436,77.56666666666666,23.659679917398037,52.46501149856854,3.1840578213732575,123.14483503074108,3.0,11.478668982024686,45.03139813206927,36.608029286150085,5.603337400854179,0.9451621532829586,103.2829459801943,39.926100000000005,Satisfactory,2.6617400000000004,8.531661842220423,39.926100000000005
0.0,13.10897435897436,77.57564102564103,23.659679917398037,52.46501149856854,3.1840578213732575,123.14483503074108,3.0,11.478668982024686,45.03139813206927,36.608029286150085,5.603337400854179,0.9451621532829586,103.2829459801943,39.926100000000005,Satisfactory,2.6617400000000004,8.531661842220423,39.926100000000005
0.0,13.10897435897436,77.58461538461539,23.659679917398037,52.46501149856854,3.1840578213732575,123.14483503074108,3.0,11.478668982024686,45.03139813206927,36.608029286150085,5.603337400854179,0.9451621532829586,103.2829459801943,40.11600000000001,Satisfactory,2.6744000000000003,8.540775257551271,40.11600000000001
0.0,13.10897435897436,77.59358974358975,23.659679917398037,52.46501149856854,3.1840578213732575,123.14483503074108,3.0,11.478668982024686,45.03139813206927,36.608029286150085,5.603337400854179,0.9451621532829586,103.2829459801943,40.67230000000001,Satisfactory,2.711486666666667,8.845739749167391,40.67230000000001
0.0,13.10897435897436,77.6025641025641,23.659679917398037,52.46501149856854,3.1840578213732575,123.14483503074108,3.0,11.478668982024686,45.03139813206927,36.608029286150085,5.603337400854179,0.9451621532829586,103.2829459801943,40.67230000000001,Satisfactory,2.711486666666667,8.845739749167391,40.67230000000001
0.0,13.10897435897436,77.61153846153846,23.659679917398037,52.46501149856854,3.1840578213732575,123.14483503074108,3.0,11.478668982024686,45.03139813206927,36.608029286150085,5.603337400854179,0.9451621532829586,103.2829459801943,40.67230000000001,Satisfactory,2.711486666666667,8.845739749167391,40.67230000000001
0.0,13.10897435897436,77.62051282051281,23.659679917398037,52.46501149856854,3.1840578213732575,123.14483503074108,3.0,11.478668982024686,45.03139813206927,36.608029286150085,5.603337400854179,0.9451621532829586,103.2829459801943,40.67230000000001,Satisfactory,2.711486666666667,8.845739749167391,40.67230000000001
0.0,13.10897435897436,77.62948717948719,23.659679917398037,52.46501149856854,3.1840578213732575,123.14483503074108,3.0,11.478668982024686,45.03139813206927,36.608029286150085,5.603337400854179,0.9451621532829586,103.2829459801943,40.67230000000001,Satisfactory,2.711486666666667,8.845739749167391,40.67230000000001
0.0,13.10897435897436,77.63846153846154,23.659679917398037,52.46501149856854,3.1840578213732575,123.14483503074108,3.0,11.478668982024686,45.03139813206927,36.608029286150085,5.603337400854179,0.9451621532829586,103.2829459801943,40.569,Satisfactory,2.7046,8.80573557404491,40.56900000000001
0.0,13.10897435897436,77.6474358974359,23.659679917398037,52.46501149856854,3.1840578213732575,123.14483503074108,3.0,11.478668982024686,45.03139813206927,36.608029286150085,5.603337400854179,0.9451621532829586,103.2829459801943,40.569,Satisfactory,2.7046,8.80573557404491,40.56900000000001
0.0,13.10897435897436,77.65641025641025,23.659679917398037,52.46501149856854,3.1840578213732575,123.14483503074108,3.0,11.478668982024686,45.03139813206927,36.608029286150085,5.603337400854179,0.9451621532829586,103.2829459801943,40.569,Satisfactory,2.7046,8.80573557404491,40.56900000000001
0.0,13.10897435897436,77.66538461538461,23.659679917398037,52.46501149856854,3.1840578213732575,123.14483503074108,3.0,11.478668982024686,45.03139813206927,36.608029286150085,5.603337400854179,0.9451621532829586,103.2829459801943,40.569,Satisfactory,2.7046,8.80573557404491,40.56900000000001
0.0,13.10897435897436,77.67435897435897,23.659679917398037,52.46501149856854,3.1840578213732575,123.14483503074108,3.0,11.478668982024686,45.03139813206927,36.608029286150085,5.603337400854179,0.9451621532829586,103.2829459801943,40.58290000000001,Satisfactory,2.705526666666667,8.79967048189874,40.58290000000001
0.0,13.10897435897436,77.68333333333334,23.659679917398037,52.46501149856854,3.1840578213732575,123.14483503074108,3.0,11.478668982024686,45.03139813206927,36.608029286150085,5.603337400854179,0.9451621532829586,103.2829459801943,40.58290000000001,Satisfactory,2.705526666666667,8.79967048189874,40.58290000000001
0.0,13.10897435897436,77.6923076923077,23.659679917398037,52.46501149856854,3.1840578213732575,123.14483503074108,3.0,11.478668982024686,45.03139813206927,36.608029286150085,5.603337400854179,0.9451621532829586,103.2829459801943,40.58290000000001,Satisfactory,2.705526666666667,8.79967048189874,40.58290000000001
0.0,13.10897435897436,77.70128205128205,23.659679917398037,52.46501149856854,3.1840578213732575,123.14483503074108,3.0,11.478668982024686,45.03139813206927,36.608029286150085,5.603337400854179,0.9451621532829586,103.2829459801943,40.58290000000001,Satisfactory,2.705526666666667,8.79967048189874,40.58290000000001
0.0,13.10897435897436,77.7102564102564,23.659679917398037,52.46501149856854,3.1840578213732575,123.14483503074108,3.0,11.478668982024686,45.03139813206927,36.608029286150085,5.603337400854179,0.9451621532829586,103.2829459801943,40.58290000000001,Satisfactory,2.705526666666667,8.79967048189874,40.58290000000001
0.0,13.10897435897436,77.71923076923076,23.659679917398037,52.46501149856854,3.1840578213732575,123.14483503074108,3.0,11.478668982024686,45.03139813206927,36.608029286150085,5.603337400854179,0.9451621532829586,103.2829459801943,40.58290000000001,Satisfactory,2.705526666666667,8.79967048189874,40.58290000000001
0.0,13.10897435897436,77.72820512820513,23.659679917398037,52.46501149856854,3.1840578213732575,123.14483503074108,3.0,11.478668982024686,45.03139813206927,36.608029286150085,5.603337400854179,0.9451621532829586,103.2829459801943,40.58290000000001,Satisfactory,2.705526666666667,8.79967048189874,40.58290000000001
0.0,13.10897435897436,77.73717948717949,23.659679917398037,52.46501149856854,3.1840578213732575,123.14483503074108,3.0,11.478668982024686,45.03139813206927,36.608029286150085,5.603337400854179,0.9451621532829586,103.2829459801943,40.58290000000001,Satisfactory,2.705526666666667,8.79967048189874,40.58290000000001
0.0,13.10897435897436,77.74615384615385,23.659679917398037,52.46501149856854,3.1840578213732575,123.14483503074108,3.0,11.478668982024686,45.03139813206927,36.608029286150085,5.603337400854179,0.9451621532829586,103.2829459801943,40.58290000000001,Satisfactory,2.705526666666667,8.79967048189874,40.58290000000001
0.0,13.10897435897436,77.7551282051282,23.659679917398037,52.46501149856854,3.1840578213732575,123.14483503074108,3.0,11.478668982024686,45.03139813206927,36.608029286150085,5.603337400854179,0.9451621532829586,103.2829459801943,40.58290000000001,Satisfactory,2.705526666666667,8.79967048189874,40.58290000000001
0.0,13.10897435897436,77.76410256410256,23.659679917398037,52.46501149856854,3.1840578213732575,123.14483503074108,3.0,11.478668982024686,45.03139813206927,36.608029286150085,5.603337400854179,0.9451621532829586,103.2829459801943,40.58290000000001,Satisfactory,2.705526666666667,8.79967048189874,40.58290000000001
0.0,13.10897435897436,77.77307692307691,23.659679917398037,52.46501149856854,3.1840578213732575,123.14483503074108,3.0,11.478668982024686,45.03139813206927,36.608029286150085,5.603337400854179,0.9451621532829586,103.2829459801943,40.58290000000001,Satisfactory,2.705526666666667,8.79967048189874,40.58290000000001
0.0,13.10897435897436,77.78205128205128,23.659679917398037,52.46501149856854,3.1840578213732575,123.14483503074108,3.0,11.478668982024686,45.03139813206927,36.608029286150085,5.603337400854179,0.9451621532829586,103.2829459801943,40.58290000000001,Satisfactory,2.705526666666667,8.79967048189874,40.58290000000001
0.0,13.10897435897436,77.79102564102564,23.659679917398037,52.46501149856854,3.1840578213732575,123.14483503074108,3.0,11.478668982024686,45.03139813206927,36.608029286150085,5.603337400854179,0.9451621532829586,103.2829459801943,40.58290000000001,Satisfactory,2.705526666666667,8.79967048189874,40.58290000000001
0.0,13.10897435897436,77.8,23.659679917398037,52.46501149856854,3.1840578213732575,123.14483503074108,3.0,11.478668982024686,45.03139813206927,36.608029286150085,5.603337400854179,0.9451621532829586,103.2829459801943,40.58290000000001,Satisfactory,2.705526666666667,8.79967048189874,40.58290000000001
0.0,13.11923076923077,77.45,23.659679917398037,52.46501149856854,3.1840578213732575,123.14483503074108,3.0,11.478668982024686,45.03139813206927,36.608029286150085,5.603337400854179,0.9451621532829586,103.2829459801943,39.926100000000005,Satisfactory,2.6617400000000004,8.531661842220423,39.926100000000005
0.0,13.11923076923077,77.45897435897436,23.659679917398037,52.46501149856854,3.1840578213732575,123.14483503074108,3.0,11.478668982024686,45.03139813206927,36.608029286150085,5.603337400854179,0.9451621532829586,103.2829459801943,39.926100000000005,Satisfactory,2.6617400000000004,8.531661842220423,39.926100000000005
0.0,13.11923076923077,77.46794871794872,23.659679917398037,52.46501149856854,3.1840578213732575,123.14483503074108,3.0,11.478668982024686,45.03139813206927,36.608029286150085,5.603337400854179,0.9451621532829586,103.2829459801943,39.926100000000005,Satisfactory,2.6617400000000004,8.531661842220423,39.926100000000005
0.0,13.11923076923077,77.47692307692309,23.659679917398037,52.46501149856854,3.1840578213732575,123.14483503074108,3.0,11.478668982024686,45.03139813206927,36.608029286150085,5.603337400854179,0.9451621532829586,103.2829459801943,39.926100000000005,Satisfactory,2.6617400000000004,8.531661842220423,39.926100000000005
0.0,13.11923076923077,77.48589743589744,23.659679917398037,52.46501149856854,3.1840578213732575,123.14483503074108,3.0,11.478668982024686,45.03139813206927,36.608029286150085,5.603337400854179,0.9451621532829586,103.2829459801943,39.926100000000005,Satisfactory,2.6617400000000004,8.531661842220423,39.926100000000005
0.0,13.11923076923077,77.4948717948718,23.659679917398037,52.46501149856854,3.1840578213732575,123.14483503074108,3.0,11.478668982024686,45.03139813206927,36.608029286150085,5.603337400854179,0.9451621532829586,103.2829459801943,39.926100000000005,Satisfactory,2.6617400000000004,8.531661842220423,39.926100000000005
0.0,13.11923076923077,77.50384615384615,23.659679917398037,52.46501149856854,3.1840578213732575,123.14483503074108,3.0,11.478668982024686,45.03139813206927,36.608029286150085,5.603337400854179,0.9451621532829586,103.2829459801943,39.926100000000005,Satisfactory,2.6617400000000004,8.531661842220423,39.926100000000005
0.0,13.11923076923077,77.51282051282051,23.659679917398037,52.46501149856854,3.1840578213732575,123.14483503074108,3.0,11.478668982024686,45.03139813206927,36.608029286150085,5.603337400854179,0.9451621532829586,103.2829459801943,39.926100000000005,Satisfactory,2.6617400000000004,8.531661842220423,39.926100000000005
0.0,13.11923076923077,77.52179487179487,23.659679917398037,52.46501149856854,3.1840578213732575,123.14483503074108,3.0,11.478668982024686,45.03139813206927,36.608029286150085,5.603337400854179,0.9451621532829586,103.2829459801943,39.926100000000005,Satisfactory,2.6617400000000004,8.531661842220423,39.926100000000005
0.0,13.11923076923077,77.53076923076924,23.659679917398037,52.46501149856854,3.1840578213732575,123.14483503074108,3.0,11.478668982024686,45.03139813206927,36.608029286150085,5.603337400854179,0.9451621532829586,103.2829459801943,39.926100000000005,Satisfactory,2.6617400000000004,8.531661842220423,39.926100000000005
0.0,13.11923076923077,77.5397435897436,23.659679917398037,52.46501149856854,3.1840578213732575,123.14483503074108,3.0,11.478668982024686,45.03139813206927,36.608029286150085,5.603337400854179,0.9451621532829586,103.2829459801943,39.926100000000005,Satisfactory,2.6617400000000004,8.531661842220423,39.926100000000005
0.0,13.11923076923077,77.54871794871795,23.659679917398037,52.46501149856854,3.1840578213732575,123.14483503074108,3.0,11.478668982024686,45.03139813206927,36.608029286150085,5.603337400854179,0.9451621532829586,103.2829459801943,39.926100000000005,Satisfactory,2.6617400000000004,8.531661842220423,39.926100000000005
0.0,13.11923076923077,77.5576923076923,23.659679917398037,52.46501149856854,3.1840578213732575,123.14483503074108,3.0,11.478668982024686,45.03139813206927,36.608029286150085,5.603337400854179,0.9451621532829586,103.2829459801943,39.926100000000005,Satisfactory,2.6617400000000004,8.531661842220423,39.926100000000005
0.0,13.11923076923077,77.56666666666666,23.659679917398037,52.46501149856854,3.1840578213732575,123.14483503074108,3.0,11.478668982024686,45.03139813206927,36.608029286150085,5.603337400854179,0.9451621532829586,103.2829459801943,39.926100000000005,Satisfactory,2.6617400000000004,8.531661842220423,39.926100000000005
0.0,13.11923076923077,77.57564102564103,23.659679917398037,52.46501149856854,3.1840578213732575,123.14483503074108,3.0,11.478668982024686,45.03139813206927,36.608029286150085,5.603337400854179,0.9451621532829586,103.2829459801943,39.926100000000005,Satisfactory,2.6617400000000004,8.531661842220423,39.926100000000005
0.0,13.11923076923077,77.58461538461539,23.659679917398037,52.46501149856854,3.1840578213732575,123.14483503074108,3.0,11.478668982024686,45.03139813206927,36.608029286150085,5.603337400854179,0.9451621532829586,103.2829459801943,40.11600000000001,Satisfactory,2.6744000000000003,8.540775257551271,40.11600000000001
0.0,13.11923076923077,77.59358974358975,23.659679917398037,52.46501149856854,3.1840578213732575,123.14483503074108,3.0,11.478668982024686,45.03139813206927,36.608029286150085,5.603337400854179,0.9451621532829586,103.2829459801943,40.67230000000001,Satisfactory,2.711486666666667,8.845739749167391,40.67230000000001
0.0,13.11923076923077,77.6025641025641,23.659679917398037,52.46501149856854,3.1840578213732575,123.14483503074108,3.0,11.478668982024686,45.03139813206927,36.608029286150085,5.603337400854179,0.9451621532829586,103.2829459801943,40.67230000000001,Satisfactory,2.711486666666667,8.845739749167391,40.67230000000001
0.0,13.11923076923077,77.61153846153846,23.659679917398037,52.46501149856854,3.1840578213732575,123.14483503074108,3.0,11.478668982024686,45.03139813206927,36.608029286150085,5.603337400854179,0.9451621532829586,103.2829459801943,40.67230000000001,Satisfactory,2.711486666666667,8.845739749167391,40.67230000000001
0.0,13.11923076923077,77.62051282051281,23.659679917398037,52.46501149856854,3.1840578213732575,123.14483503074108,3.0,11.478668982024686,45.03139813206927,36.608029286150085,5.603337400854179,0.9451621532829586,103.2829459801943,40.67230000000001,Satisfactory,2.711486666666667,8.845739749167391,40.67230000000001
0.0,13.11923076923077,77.62948717948719,23.659679917398037,52.46501149856854,3.1840578213732575,123.14483503074108,3.0,11.478668982024686,45.03139813206927,36.608029286150085,5.603337400854179,0.9451621532829586,103.2829459801943,40.67230000000001,Satisfactory,2.711486666666667,8.845739749167391,40.67230000000001
0.0,13.11923076923077,77.63846153846154,23.659679917398037,52.46501149856854,3.1840578213732575,123.14483503074108,3.0,11.478668982024686,45.03139813206927,36.608029286150085,5.603337400854179,0.9451621532829586,103.2829459801943,40.569,Satisfactory,2.7046,8.80573557404491,40.56900000000001
0.0,13.11923076923077,77.6474358974359,23.659679917398037,52.46501149856854,3.1840578213732575,123.14483503074108,3.0,11.478668982024686,45.03139813206927,36.608029286150085,5.603337400854179,0.9451621532829586,103.2829459801943,40.569,Satisfactory,2.7046,8.80573557404491,40.56900000000001
0.0,13.11923076923077,77.65641025641025,23.659679917398037,52.46501149856854,3.1840578213732575,123.14483503074108,3.0,11.478668982024686,45.03139813206927,36.608029286150085,5.603337400854179,0.9451621532829586,103.2829459801943,40.569,Satisfactory,2.7046,8.80573557404491,40.56900000000001
0.0,13.11923076923077,77.66538461538461,23.659679917398037,52.46501149856854,3.1840578213732575,123.14483503074108,3.0,11.478668982024686,45.03139813206927,36.608029286150085,5.603337400854179,0.9451621532829586,103.2829459801943,40.569,Satisfactory,2.7046,8.80573557404491,40.56900000000001
0.0,13.11923076923077,77.67435897435897,23.659679917398037,52.46501149856854,3.1840578213732575,123.14483503074108,3.0,11.478668982024686,45.03139813206927,36.608029286150085,5.603337400854179,0.9451621532829586,103.2829459801943,40.58290000000001,Satisfactory,2.705526666666667,8.79967048189874,40.58290000000001
0.0,13.11923076923077,77.68333333333334,23.659679917398037,52.46501149856854,3.1840578213732575,123.14483503074108,3.0,11.478668982024686,45.03139813206927,36.608029286150085,5.603337400854179,0.9451621532829586,103.2829459801943,40.58290000000001,Satisfactory,2.705526666666667,8.79967048189874,40.58290000000001
0.0,13.11923076923077,77.6923076923077,23.659679917398037,52.46501149856854,3.1840578213732575,123.14483503074108,3.0,11.478668982024686,45.03139813206927,36.608029286150085,5.603337400854179,0.9451621532829586,103.2829459801943,40.58290000000001,Satisfactory,2.705526666666667,8.79967048189874,40.58290000000001
0.0,13.11923076923077,77.70128205128205,23.659679917398037,52.46501149856854,3.1840578213732575,123.14483503074108,3.0,11.478668982024686,45.03139813206927,36.608029286150085,5.603337400854179,0.9451621532829586,103.2829459801943,40.58290000000001,Satisfactory,2.705526666666667,8.79967048189874,40.58290000000001
0.0,13.11923076923077,77.7102564102564,23.659679917398037,52.46501149856854,3.1840578213732575,123.14483503074108,3.0,11.478668982024686,45.03139813206927,36.608029286150085,5.603337400854179,0.9451621532829586,103.2829459801943,40.58290000000001,Satisfactory,2.705526666666667,8.79967048189874,40.58290000000001
0.0,13.11923076923077,77.71923076923076,23.659679917398037,52.46501149856854,3.1840578213732575,123.14483503074108,3.0,11.478668982024686,45.03139813206927,36.608029286150085,5.603337400854179,0.9451621532829586,103.2829459801943,40.58290000000001,Satisfactory,2.705526666666667,8.79967048189874,40.58290000000001
0.0,13.11923076923077,77.72820512820513,23.659679917398037,52.46501149856854,3.1840578213732575,123.14483503074108,3.0,11.478668982024686,45.03139813206927,36.608029286150085,5.603337400854179,0.9451621532829586,103.2829459801943,40.58290000000001,Satisfactory,2.705526666666667,8.79967048189874,40.58290000000001
0.0,13.11923076923077,77.73717948717949,23.659679917398037,52.46501149856854,3.1840578213732575,123.14483503074108,3.0,11.478668982024686,45.03139813206927,36.608029286150085,5.603337400854179,0.9451621532829586,103.2829459801943,40.58290000000001,Satisfactory,2.705526666666667,8.79967048189874,40.58290000000001
0.0,13.11923076923077,77.74615384615385,23.659679917398037,52.46501149856854,3.1840578213732575,123.14483503074108,3.0,11.478668982024686,45.03139813206927,36.608029286150085,5.603337400854179,0.9451621532829586,103.2829459801943,40.58290000000001,Satisfactory,2.705526666666667,8.79967048189874,40.58290000000001
0.0,13.11923076923077,77.7551282051282,23.659679917398037,52.46501149856854,3.1840578213732575,123.14483503074108,3.0,11.478668982024686,45.03139813206927,36.608029286150085,5.603337400854179,0.9451621532829586,103.2829459801943,40.58290000000001,Satisfactory,2.705526666666667,8.79967048189874,40.58290000000001
0.0,13.11923076923077,77.76410256410256,23.659679917398037,52.46501149856854,3.1840578213732575,123.14483503074108,3.0,11.478668982024686,45.03139813206927,36.608029286150085,5.603337400854179,0.9451621532829586,103.2829459801943,40.58290000000001,Satisfactory,2.705526666666667,8.79967048189874,40.58290000000001
0.0,13.11923076923077,77.77307692307691,23.659679917398037,52.46501149856854,3.1840578213732575,123.14483503074108,3.0,11.478668982024686,45.03139813206927,36.608029286150085,5.603337400854179,0.9451621532829586,103.2829459801943,40.58290000000001,Satisfactory,2.705526666666667,8.79967048189874,40.58290000000001
0.0,13.11923076923077,77.78205128205128,23.659679917398037,52.46501149856854,3.1840578213732575,123.14483503074108,3.0,11.478668982024686,45.03139813206927,36.608029286150085,5.603337400854179,0.9451621532829586,103.2829459801943,40.58290000000001,Satisfactory,2.705526666666667,8.79967048189874,40.58290000000001
0.0,13.11923076923077,77.79102564102564,23.659679917398037,52.46501149856854,3.1840578213732575,123.14483503074108,3.0,11.478668982024686,45.03139813206927,36.608029286150085,5.603337400854179,0.9451621532829586,103.2829459801943,40.58290000000001,Satisfactory,2.705526666666667,8.79967048189874,40.58290000000001
0.0,13.11923076923077,77.8,23.659679917398037,52.46501149856854,3.1840578213732575,123.14483503074108,3.0,11.478668982024686,45.03139813206927,36.608029286150085,5.603337400854179,0.9451621532829586,103.2829459801943,40.58290000000001,Satisfactory,2.705526666666667,8.79967048189874,40.58290000000001
0.0,13.12948717948718,77.45,23.659679917398037,52.46501149856854,3.1840578213732575,123.14483503074108,3.0,11.478668982024686,45.03139813206927,36.608029286150085,5.603337400854179,0.9451621532829586,103.2829459801943,39.926100000000005,Satisfactory,2.6617400000000004,8.531661842220423,39.926100000000005
0.0,13.12948717948718,77.45897435897436,23.659679917398037,52.46501149856854,3.1840578213732575,123.14483503074108,3.0,11.478668982024686,45.03139813206927,36.608029286150085,5.603337400854179,0.9451621532829586,103.2829459801943,39.926100000000005,Satisfactory,2.6617400000000004,8.531661842220423,39.926100000000005
0.0,13.12948717948718,77.46794871794872,23.659679917398037,52.46501149856854,3.1840578213732575,123.14483503074108,3.0,11.478668982024686,45.03139813206927,36.608029286150085,5.603337400854179,0.9451621532829586,103.2829459801943,39.926100000000005,Satisfactory,2.6617400000000004,8.531661842220423,39.926100000000005
0.0,13.12948717948718,77.47692307692309,23.659679917398037,52.46501149856854,3.1840578213732575,123.14483503074108,3.0,11.478668982024686,45.03139813206927,36.608029286150085,5.603337400854179,0.9451621532829586,103.2829459801943,39.926100000000005,Satisfactory,2.6617400000000004,8.531661842220423,39.926100000000005
0.0,13.12948717948718,77.48589743589744,23.659679917398037,52.46501149856854,3.1840578213732575,123.14483503074108,3.0,11.478668982024686,45.03139813206927,36.608029286150085,5.603337400854179,0.9451621532829586,103.2829459801943,39.926100000000005,Satisfactory,2.6617400000000004,8.531661842220423,39.926100000000005
0.0,13.12948717948718,77.4948717948718,23.659679917398037,52.46501149856854,3.1840578213732575,123.14483503074108,3.0,11.478668982024686,45.03139813206927,36.608029286150085,5.603337400854179,0.9451621532829586,103.2829459801943,39.926100000000005,Satisfactory,2.6617400000000004,8.531661842220423,39.926100000000005
0.0,13.12948717948718,77.50384615384615,23.659679917398037,52.46501149856854,3.1840578213732575,123.14483503074108,3.0,11.478668982024686,45.03139813206927,36.608029286150085,5.603337400854179,0.9451621532829586,103.2829459801943,39.926100000000005,Satisfactory,2.6617400000000004,8.531661842220423,39.926100000000005
0.0,13.12948717948718,77.51282051282051,23.659679917398037,52.46501149856854,3.1840578213732575,123.14483503074108,3.0,11.478668982024686,45.03139813206927,36.608029286150085,5.603337400854179,0.9451621532829586,103.2829459801943,39.926100000000005,Satisfactory,2.6617400000000004,8.531661842220423,39.926100000000005
0.0,13.12948717948718,77.52179487179487,23.659679917398037,52.46501149856854,3.1840578213732575,123.14483503074108,3.0,11.478668982024686,45.03139813206927,36.608029286150085,5.603337400854179,0.9451621532829586,103.2829459801943,39.926100000000005,Satisfactory,2.6617400000000004,8.531661842220423,39.926100000000005
0.0,13.12948717948718,77.53076923076924,23.659679917398037,52.46501149856854,3.1840578213732575,123.14483503074108,3.0,11.478668982024686,45.03139813206927,36.608029286150085,5.603337400854179,0.9451621532829586,103.2829459801943,39.926100000000005,Satisfactory,2.6617400000000004,8.531661842220423,39.926100000000005
0.0,13.12948717948718,77.5397435897436,23.659679917398037,52.46501149856854,3.1840578213732575,123.14483503074108,3.0,11.478668982024686,45.03139813206927,36.608029286150085,5.603337400854179,0.9451621532829586,103.2829459801943,39.926100000000005,Satisfactory,2.6617400000000004,8.531661842220423,39.926100000000005
0.0,13.12948717948718,77.54871794871795,23.659679917398037,52.46501149856854,3.1840578213732575,123.14483503074108,3.0,11.478668982024686,45.03139813206927,36.608029286150085,5.603337400854179,0.9451621532829586,103.2829459801943,39.926100000000005,Satisfactory,2.6617400000000004,8.531661842220423,39.926100000000005
0.0,13.12948717948718,77.5576923076923,23.659679917398037,52.46501149856854,3.1840578213732575,123.14483503074108,3.0,11.478668982024686,45.03139813206927,36.608029286150085,5.603337400854179,0.9451621532829586,103.2829459801943,39.926100000000005,Satisfactory,2.6617400000000004,8.531661842220423,39.926100000000005
0.0,13.12948717948718,77.56666666666666,23.659679917398037,52.46501149856854,3.1840578213732575,123.14483503074108,3.0,11.478668982024686,45.03139813206927,36.608029286150085,5.603337400854179,0.9451621532829586,103.2829459801943,39.926100000000005,Satisfactory,2.6617400000000004,8.531661842220423,39.926100000000005
0.0,13.12948717948718,77.57564102564103,23.659679917398037,52.46501149856854,3.1840578213732575,123.14483503074108,3.0,11.478668982024686,45.03139813206927,36.608029286150085,5.603337400854179,0.9451621532829586,103.2829459801943,39.926100000000005,Satisfactory,2.6617400000000004,8.531661842220423,39.926100000000005
0.0,13.12948717948718,77.58461538461539,23.659679917398037,52.46501149856854,3.1840578213732575,123.14483503074108,3.0,11.478668982024686,45.03139813206927,36.608029286150085,5.603337400854179,0.9451621532829586,103.2829459801943,40.11600000000001,Satisfactory,2.6744000000000003,8.540775257551271,40.11600000000001
0.0,13.12948717948718,77.59358974358975,23.659679917398037,52.46501149856854,3.1840578213732575,123.14483503074108,3.0,11.478668982024686,45.03139813206927,36.608029286150085,5.603337400854179,0.9451621532829586,103.2829459801943,40.67230000000001,Satisfactory,2.711486666666667,8.845739749167391,40.67230000000001
0.0,13.12948717948718,77.6025641025641,23.659679917398037,52.46501149856854,3.1840578213732575,123.14483503074108,3.0,11.478668982024686,45.03139813206927,36.608029286150085,5.603337400854179,0.9451621532829586,103.2829459801943,40.67230000000001,Satisfactory,2.711486666666667,8.845739749167391,40.67230000000001
0.0,13.12948717948718,77.61153846153846,23.659679917398037,52.46501149856854,3.1840578213732575,123.14483503074108,3.0,11.478668982024686,45.03139813206927,36.608029286150085,5.603337400854179,0.9451621532829586,103.2829459801943,40.67230000000001,Satisfactory,2.711486666666667,8.845739749167391,40.67230000000001
0.0,13.12948717948718,77.62051282051281,23.659679917398037,52.46501149856854,3.1840578213732575,123.14483503074108,3.0,11.478668982024686,45.03139813206927,36.608029286150085,5.603337400854179,0.9451621532829586,103.2829459801943,40.67230000000001,Satisfactory,2.711486666666667,8.845739749167391,40.67230000000001
0.0,13.12948717948718,77.62948717948719,23.659679917398037,52.46501149856854,3.1840578213732575,123.14483503074108,3.0,11.478668982024686,45.03139813206927,36.608029286150085,5.603337400854179,0.9451621532829586,103.2829459801943,40.67230000000001,Satisfactory,2.711486666666667,8.845739749167391,40.67230000000001
0.0,13.12948717948718,77.63846153846154,23.659679917398037,52.46501149856854,3.1840578213732575,123.14483503074108,3.0,11.478668982024686,45.03139813206927,36.608029286150085,5.603337400854179,0.9451621532829586,103.2829459801943,40.569,Satisfactory,2.7046,8.80573557404491,40.56900000000001
0.0,13.12948717948718,77.6474358974359,23.659679917398037,52.46501149856854,3.1840578213732575,123.14483503074108,3.0,11.478668982024686,45.03139813206927,36.608029286150085,5.603337400854179,0.9451621532829586,103.2829459801943,40.569,Satisfactory,2.7046,8.80573557404491,40.56900000000001
0.0,13.12948717948718,77.65641025641025,23.659679917398037,52.46501149856854,3.1840578213732575,123.14483503074108,3.0,11.478668982024686,45.03139813206927,36.608029286150085,5.603337400854179,0.9451621532829586,103.2829459801943,40.569,Satisfactory,2.7046,8.80573557404491,40.56900000000001
0.0,13.12948717948718,77.66538461538461,23.659679917398037,52.46501149856854,3.1840578213732575,123.14483503074108,3.0,11.478668982024686,45.03139813206927,36.608029286150085,5.603337400854179,0.9451621532829586,103.2829459801943,40.569,Satisfactory,2.7046,8.80573557404491,40.56900000000001
0.0,13.12948717948718,77.67435897435897,23.659679917398037,52.46501149856854,3.1840578213732575,123.14483503074108,3.0,11.478668982024686,45.03139813206927,36.608029286150085,5.603337400854179,0.9451621532829586,103.2829459801943,40.58290000000001,Satisfactory,2.705526666666667,8.79967048189874,40.58290000000001
0.0,13.12948717948718,77.68333333333334,23.659679917398037,52.46501149856854,3.1840578213732575,123.14483503074108,3.0,11.478668982024686,45.03139813206927,36.608029286150085,5.603337400854179,0.9451621532829586,103.2829459801943,40.58290000000001,Satisfactory,2.705526666666667,8.79967048189874,40.58290000000001
0.0,13.12948717948718,77.6923076923077,23.659679917398037,52.46501149856854,3.1840578213732575,123.14483503074108,3.0,11.478668982024686,45.03139813206927,36.608029286150085,5.603337400854179,0.9451621532829586,103.2829459801943,40.58290000000001,Satisfactory,2.705526666666667,8.79967048189874,40.58290000000001
0.0,13.12948717948718,77.70128205128205,23.659679917398037,52.46501149856854,3.1840578213732575,123.14483503074108,3.0,11.478668982024686,45.03139813206927,36.608029286150085,5.603337400854179,0.9451621532829586,103.2829459801943,40.58290000000001,Satisfactory,2.705526666666667,8.79967048189874,40.58290000000001
0.0,13.12948717948718,77.7102564102564,23.659679917398037,52.46501149856854,3.1840578213732575,123.14483503074108,3.0,11.478668982024686,45.03139813206927,36.608029286150085,5.603337400854179,0.9451621532829586,103.2829459801943,40.58290000000001,Satisfactory,2.705526666666667,8.79967048189874,40.58290000000001
0.0,13.12948717948718,77.71923076923076,23.659679917398037,52.46501149856854,3.1840578213732575,123.14483503074108,3.0,11.478668982024686,45.03139813206927,36.608029286150085,5.603337400854179,0.9451621532829586,103.2829459801943,40.58290000000001,Satisfactory,2.705526666666667,8.79967048189874,40.58290000000001
0.0,13.12948717948718,77.72820512820513,23.659679917398037,52.46501149856854,3.1840578213732575,123.14483503074108,3.0,11.478668982024686,45.03139813206927,36.608029286150085,5.603337400854179,0.9451621532829586,103.2829459801943,40.58290000000001,Satisfactory,2.705526666666667,8.79967048189874,40.58290000000001
0.0,13.12948717948718,77.73717948717949,23.659679917398037,52.46501149856854,3.1840578213732575,123.14483503074108,3.0,11.478668982024686,45.03139813206927,36.608029286150085,5.603337400854179,0.9451621532829586,103.2829459801943,40.58290000000001,Satisfactory,2.705526666666667,8.79967048189874,40.58290000000001
0.0,13.12948717948718,77.74615384615385,23.659679917398037,52.46501149856854,3.1840578213732575,123.14483503074108,3.0,11.478668982024686,45.03139813206927,36.608029286150085,5.603337400854179,0.9451621532829586,103.2829459801943,40.58290000000001,Satisfactory,2.705526666666667,8.79967048189874,40.58290000000001
0.0,13.12948717948718,77.7551282051282,23.659679917398037,52.46501149856854,3.1840578213732575,123.14483503074108,3.0,11.478668982024686,45.03139813206927,36.608029286150085,5.603337400854179,0.9451621532829586,103.2829459801943,40.58290000000001,Satisfactory,2.705526666666667,8.79967048189874,40.58290000000001
0.0,13.12948717948718,77.76410256410256,23.659679917398037,52.46501149856854,3.1840578213732575,123.14483503074108,3.0,11.478668982024686,45.03139813206927,36.608029286150085,5.603337400854179,0.9451621532829586,103.2829459801943,40.58290000000001,Satisfactory,2.705526666666667,8.79967048189874,40.58290000000001
0.0,13.12948717948718,77.77307692307691,23.659679917398037,52.46501149856854,3.1840578213732575,123.14483503074108,3.0,11.478668982024686,45.03139813206927,36.608029286150085,5.603337400854179,0.9451621532829586,103.2829459801943,40.58290000000001,Satisfactory,2.705526666666667,8.79967048189874,40.58290000000001
0.0,13.12948717948718,77.78205128205128,23.659679917398037,52.46501149856854,3.1840578213732575,123.14483503074108,3.0,11.478668982024686,45.03139813206927,36.608029286150085,5.603337400854179,0.9451621532829586,103.2829459801943,40.58290000000001,Satisfactory,2.705526666666667,8.79967048189874,40.58290000000001
0.0,13.12948717948718,77.79102564102564,23.659679917398037,52.46501149856854,3.1840578213732575,123.14483503074108,3.0,11.478668982024686,45.03139813206927,36.608029286150085,5.603337400854179,0.9451621532829586,103.2829459801943,40.58290000000001,Satisfactory,2.705526666666667,8.79967048189874,40.58290000000001
0.0,13.12948717948718,77.8,23.659679917398037,52.46501149856854,3.1840578213732575,123.14483503074108,3.0,11.478668982024686,45.03139813206927,36.608029286150085,5.603337400854179,0.9451621532829586,103.2829459801943,40.58290000000001,Satisfactory,2.705526666666667,8.79967048189874,40.58290000000001
0.0,13.13974358974359,77.45,23.659679917398037,52.46501149856854,3.1840578213732575,123.14483503074108,3.0,11.478668982024686,45.03139813206927,36.608029286150085,5.603337400854179,0.9451621532829586,103.2829459801943,39.926100000000005,Satisfactory,2.6617400000000004,8.531661842220423,39.926100000000005
0.0,13.13974358974359,77.45897435897436,23.659679917398037,52.46501149856854,3.1840578213732575,123.14483503074108,3.0,11.478668982024686,45.03139813206927,36.608029286150085,5.603337400854179,0.9451621532829586,103.2829459801943,39.926100000000005,Satisfactory,2.6617400000000004,8.531661842220423,39.926100000000005
0.0,13.13974358974359,77.46794871794872,23.659679917398037,52.46501149856854,3.1840578213732575,123.14483503074108,3.0,11.478668982024686,45.03139813206927,36.608029286150085,5.603337400854179,0.9451621532829586,103.2829459801943,39.926100000000005,Satisfactory,2.6617400000000004,8.531661842220423,39.926100000000005
0.0,13.13974358974359,77.47692307692309,23.659679917398037,52.46501149856854,3.1840578213732575,123.14483503074108,3.0,11.478668982024686,45.03139813206927,36.608029286150085,5.603337400854179,0.9451621532829586,103.2829459801943,39.926100000000005,Satisfactory,2.6617400000000004,8.531661842220423,39.926100000000005
0.0,13.13974358974359,77.48589743589744,23.659679917398037,52.46501149856854,3.1840578213732575,123.14483503074108,3.0,11.478668982024686,45.03139813206927,36.608029286150085,5.603337400854179,0.9451621532829586,103.2829459801943,39.926100000000005,Satisfactory,2.6617400000000004,8.531661842220423,39.926100000000005
0.0,13.13974358974359,77.4948717948718,23.659679917398037,52.46501149856854,3.1840578213732575,123.14483503074108,3.0,11.478668982024686,45.03139813206927,36.608029286150085,5.603337400854179,0.9451621532829586,103.2829459801943,39.926100000000005,Satisfactory,2.6617400000000004,8.531661842220423,39.926100000000005
0.0,13.13974358974359,77.50384615384615,23.659679917398037,52.46501149856854,3.1840578213732575,123.14483503074108,3.0,11.478668982024686,45.03139813206927,36.608029286150085,5.603337400854179,0.9451621532829586,103.2829459801943,39.926100000000005,Satisfactory,2.6617400000000004,8.531661842220423,39.926100000000005
0.0,13.13974358974359,77.51282051282051,23.659679917398037,52.46501149856854,3.1840578213732575,123.14483503074108,3.0,11.478668982024686,45.03139813206927,36.608029286150085,5.603337400854179,0.9451621532829586,103.2829459801943,39.926100000000005,Satisfactory,2.6617400000000004,8.531661842220423,39.926100000000005
0.0,13.13974358974359,77.52179487179487,23.659679917398037,52.46501149856854,3.1840578213732575,123.14483503074108,3.0,11.478668982024686,45.03139813206927,36.608029286150085,5.603337400854179,0.9451621532829586,103.2829459801943,39.926100000000005,Satisfactory,2.6617400000000004,8.531661842220423,39.926100000000005
0.0,13.13974358974359,77.53076923076924,23.659679917398037,52.46501149856854,3.1840578213732575,123.14483503074108,3.0,11.478668982024686,45.03139813206927,36.608029286150085,5.603337400854179,0.9451621532829586,103.2829459801943,39.926100000000005,Satisfactory,2.6617400000000004,8.531661842220423,39.926100000000005
0.0,13.13974358974359,77.5397435897436,23.659679917398037,52.46501149856854,3.1840578213732575,123.14483503074108,3.0,11.478668982024686,45.03139813206927,36.608029286150085,5.603337400854179,0.9451621532829586,103.2829459801943,39.926100000000005,Satisfactory,2.6617400000000004,8.531661842220423,39.926100000000005
0.0,13.13974358974359,77.54871794871795,23.659679917398037,52.46501149856854,3.1840578213732575,123.14483503074108,3.0,11.478668982024686,45.03139813206927,36.608029286150085,5.603337400854179,0.9451621532829586,103.2829459801943,39.926100000000005,Satisfactory,2.6617400000000004,8.531661842220423,39.926100000000005
0.0,13.13974358974359,77.5576923076923,23.659679917398037,52.46501149856854,3.1840578213732575,123.14483503074108,3.0,11.478668982024686,45.03139813206927,36.608029286150085,5.603337400854179,0.9451621532829586,103.2829459801943,39.926100000000005,Satisfactory,2.6617400000000004,8.531661842220423,39.926100000000005
0.0,13.13974358974359,77.56666666666666,23.659679917398037,52.46501149856854,3.1840578213732575,123.14483503074108,3.0,11.478668982024686,45.03139813206927,36.608029286150085,5.603337400854179,0.9451621532829586,103.2829459801943,39.926100000000005,Satisfactory,2.6617400000000004,8.531661842220423,39.926100000000005
0.0,13.13974358974359,77.57564102564103,23.659679917398037,52.46501149856854,3.1840578213732575,123.14483503074108,3.0,11.478668982024686,45.03139813206927,36.608029286150085,5.603337400854179,0.9451621532829586,103.2829459801943,39.926100000000005,Satisfactory,2.6617400000000004,8.531661842220423,39.926100000000005
0.0,13.13974358974359,77.58461538461539,23.659679917398037,52.46501149856854,3.1840578213732575,123.14483503074108,3.0,11.478668982024686,45.03139813206927,36.608029286150085,5.603337400854179,0.9451621532829586,103.2829459801943,40.11600000000001,Satisfactory,2.6744000000000003,8.540775257551271,40.11600000000001
0.0,13.13974358974359,77.59358974358975,23.659679917398037,52.46501149856854,3.1840578213732575,123.14483503074108,3.0,11.478668982024686,45.03139813206927,36.608029286150085,5.603337400854179,0.9451621532829586,103.2829459801943,40.67230000000001,Satisfactory,2.711486666666667,8.845739749167391,40.67230000000001
0.0,13.13974358974359,77.6025641025641,23.659679917398037,52.46501149856854,3.1840578213732575,123.14483503074108,3.0,11.478668982024686,45.03139813206927,36.608029286150085,5.603337400854179,0.9451621532829586,103.2829459801943,40.67230000000001,Satisfactory,2.711486666666667,8.845739749167391,40.67230000000001
0.0,13.13974358974359,77.61153846153846,23.659679917398037,52.46501149856854,3.1840578213732575,123.14483503074108,3.0,11.478668982024686,45.03139813206927,36.608029286150085,5.603337400854179,0.9451621532829586,103.2829459801943,40.67230000000001,Satisfactory,2.711486666666667,8.845739749167391,40.67230000000001
0.0,13.13974358974359,77.62051282051281,23.659679917398037,52.46501149856854,3.1840578213732575,123.14483503074108,3.0,11.478668982024686,45.03139813206927,36.608029286150085,5.603337400854179,0.9451621532829586,103.2829459801943,40.67230000000001,Satisfactory,2.711486666666667,8.845739749167391,40.67230000000001
0.0,13.13974358974359,77.62948717948719,23.659679917398037,52.46501149856854,3.1840578213732575,123.14483503074108,3.0,11.478668982024686,45.03139813206927,36.608029286150085,5.603337400854179,0.9451621532829586,103.2829459801943,40.67230000000001,Satisfactory,2.711486666666667,8.845739749167391,40.67230000000001
0.0,13.13974358974359,77.63846153846154,23.659679917398037,52.46501149856854,3.1840578213732575,123.14483503074108,3.0,11.478668982024686,45.03139813206927,36.608029286150085,5.603337400854179,0.9451621532829586,103.2829459801943,40.569,Satisfactory,2.7046,8.80573557404491,40.56900000000001
0.0,13.13974358974359,77.6474358974359,23.659679917398037,52.46501149856854,3.1840578213732575,123.14483503074108,3.0,11.478668982024686,45.03139813206927,36.608029286150085,5.603337400854179,0.9451621532829586,103.2829459801943,40.569,Satisfactory,2.7046,8.80573557404491,40.56900000000001
0.0,13.13974358974359,77.65641025641025,23.659679917398037,52.46501149856854,3.1840578213732575,123.14483503074108,3.0,11.478668982024686,45.03139813206927,36.608029286150085,5.603337400854179,0.9451621532829586,103.2829459801943,40.569,Satisfactory,2.7046,8.80573557404491,40.56900000000001
0.0,13.13974358974359,77.66538461538461,23.659679917398037,52.46501149856854,3.1840578213732575,123.14483503074108,3.0,11.478668982024686,45.03139813206927,36.608029286150085,5.603337400854179,0.9451621532829586,103.2829459801943,40.569,Satisfactory,2.7046,8.80573557404491,40.56900000000001
0.0,13.13974358974359,77.67435897435897,23.659679917398037,52.46501149856854,3.1840578213732575,123.14483503074108,3.0,11.478668982024686,45.03139813206927,36.608029286150085,5.603337400854179,0.9451621532829586,103.2829459801943,40.58290000000001,Satisfactory,2.705526666666667,8.79967048189874,40.58290000000001
0.0,13.13974358974359,77.68333333333334,23.659679917398037,52.46501149856854,3.1840578213732575,123.14483503074108,3.0,11.478668982024686,45.03139813206927,36.608029286150085,5.603337400854179,0.9451621532829586,103.2829459801943,40.58290000000001,Satisfactory,2.705526666666667,8.79967048189874,40.58290000000001
0.0,13.13974358974359,77.6923076923077,23.659679917398037,52.46501149856854,3.1840578213732575,123.14483503074108,3.0,11.478668982024686,45.03139813206927,36.608029286150085,5.603337400854179,0.9451621532829586,103.2829459801943,40.58290000000001,Satisfactory,2.705526666666667,8.79967048189874,40.58290000000001
0.0,13.13974358974359,77.70128205128205,23.659679917398037,52.46501149856854,3.1840578213732575,123.14483503074108,3.0,11.478668982024686,45.03139813206927,36.608029286150085,5.603337400854179,0.9451621532829586,103.2829459801943,40.58290000000001,Satisfactory,2.705526666666667,8.79967048189874,40.58290000000001
0.0,13.13974358974359,77.7102564102564,23.659679917398037,52.46501149856854,3.1840578213732575,123.14483503074108,3.0,11.478668982024686,45.03139813206927,36.608029286150085,5.603337400854179,0.9451621532829586,103.2829459801943,40.58290000000001,Satisfactory,2.705526666666667,8.79967048189874,40.58290000000001
0.0,13.13974358974359,77.71923076923076,23.659679917398037,52.46501149856854,3.1840578213732575,123.14483503074108,3.0,11.478668982024686,45.03139813206927,36.608029286150085,5.603337400854179,0.9451621532829586,103.2829459801943,40.58290000000001,Satisfactory,2.705526666666667,8.79967048189874,40.58290000000001
0.0,13.13974358974359,77.72820512820513,23.659679917398037,52.46501149856854,3.1840578213732575,123.14483503074108,3.0,11.478668982024686,45.03139813206927,36.608029286150085,5.603337400854179,0.9451621532829586,103.2829459801943,40.58290000000001,Satisfactory,2.705526666666667,8.79967048189874,40.58290000000001
0.0,13.13974358974359,77.73717948717949,23.659679917398037,52.46501149856854,3.1840578213732575,123.14483503074108,3.0,11.478668982024686,45.03139813206927,36.608029286150085,5.603337400854179,0.9451621532829586,103.2829459801943,40.58290000000001,Satisfactory,2.705526666666667,8.79967048189874,40.58290000000001
0.0,13.13974358974359,77.74615384615385,23.659679917398037,52.46501149856854,3.1840578213732575,123.14483503074108,3.0,11.478668982024686,45.03139813206927,36.608029286150085,5.603337400854179,0.9451621532829586,103.2829459801943,40.58290000000001,Satisfactory,2.705526666666667,8.79967048189874,40.58290000000001
0.0,13.13974358974359,77.7551282051282,23.659679917398037,52.46501149856854,3.1840578213732575,123.14483503074108,3.0,11.478668982024686,45.03139813206927,36.608029286150085,5.603337400854179,0.9451621532829586,103.2829459801943,40.58290000000001,Satisfactory,2.705526666666667,8.79967048189874,40.58290000000001
0.0,13.13974358974359,77.76410256410256,23.659679917398037,52.46501149856854,3.1840578213732575,123.14483503074108,3.0,11.478668982024686,45.03139813206927,36.608029286150085,5.603337400854179,0.9451621532829586,103.2829459801943,40.58290000000001,Satisfactory,2.705526666666667,8.79967048189874,40.58290000000001
0.0,13.13974358974359,77.77307692307691,23.659679917398037,52.46501149856854,3.1840578213732575,123.14483503074108,3.0,11.478668982024686,45.03139813206927,36.608029286150085,5.603337400854179,0.9451621532829586,103.2829459801943,40.58290000000001,Satisfactory,2.705526666666667,8.79967048189874,40.58290000000001
0.0,13.13974358974359,77.78205128205128,23.659679917398037,52.46501149856854,3.1840578213732575,123.14483503074108,3.0,11.478668982024686,45.03139813206927,36.608029286150085,5.603337400854179,0.9451621532829586,103.2829459801943,40.58290000000001,Satisfactory,2.705526666666667,8.79967048189874,40.58290000000001
0.0,13.13974358974359,77.79102564102564,23.659679917398037,52.46501149856854,3.1840578213732575,123.14483503074108,3.0,11.478668982024686,45.03139813206927,36.608029286150085,5.603337400854179,0.9451621532829586,103.2829459801943,40.58290000000001,Satisfactory,2.705526666666667,8.79967048189874,40.58290000000001
0.0,13.13974358974359,77.8,23.659679917398037,52.46501149856854,3.1840578213732575,123.14483503074108,3.0,11.478668982024686,45.03139813206927,36.608029286150085,5.603337400854179,0.9451621532829586,103.2829459801943,40.58290000000001,Satisfactory,2.705526666666667,8.79967048189874,40.58290000000001
0.0,13.15,77.45,23.659679917398037,52.46501149856854,3.1840578213732575,123.14483503074108,3.0,11.478668982024686,45.03139813206927,36.608029286150085,5.603337400854179,0.9451621532829586,103.2829459801943,39.926100000000005,Satisfactory,2.6617400000000004,8.531661842220423,39.926100000000005
0.0,13.15,77.45897435897436,23.659679917398037,52.46501149856854,3.1840578213732575,123.14483503074108,3.0,11.478668982024686,45.03139813206927,36.608029286150085,5.603337400854179,0.9451621532829586,103.2829459801943,39.926100000000005,Satisfactory,2.6617400000000004,8.531661842220423,39.926100000000005
0.0,13.15,77.46794871794872,23.659679917398037,52.46501149856854,3.1840578213732575,123.14483503074108,3.0,11.478668982024686,45.03139813206927,36.608029286150085,5.603337400854179,0.9451621532829586,103.2829459801943,39.926100000000005,Satisfactory,2.6617400000000004,8.531661842220423,39.926100000000005
0.0,13.15,77.47692307692309,23.659679917398037,52.46501149856854,3.1840578213732575,123.14483503074108,3.0,11.478668982024686,45.03139813206927,36.608029286150085,5.603337400854179,0.9451621532829586,103.2829459801943,39.926100000000005,Satisfactory,2.6617400000000004,8.531661842220423,39.926100000000005
0.0,13.15,77.48589743589744,23.659679917398037,52.46501149856854,3.1840578213732575,123.14483503074108,3.0,11.478668982024686,45.03139813206927,36.608029286150085,5.603337400854179,0.9451621532829586,103.2829459801943,39.926100000000005,Satisfactory,2.6617400000000004,8.531661842220423,39.926100000000005
0.0,13.15,77.4948717948718,23.659679917398037,52.46501149856854,3.1840578213732575,123.14483503074108,3.0,11.478668982024686,45.03139813206927,36.608029286150085,5.603337400854179,0.9451621532829586,103.2829459801943,39.926100000000005,Satisfactory,2.6617400000000004,8.531661842220423,39.926100000000005
0.0,13.15,77.50384615384615,23.659679917398037,52.46501149856854,3.1840578213732575,123.14483503074108,3.0,11.478668982024686,45.03139813206927,36.608029286150085,5.603337400854179,0.9451621532829586,103.2829459801943,39.926100000000005,Satisfactory,2.6617400000000004,8.531661842220423,39.926100000000005
0.0,13.15,77.51282051282051,23.659679917398037,52.46501149856854,3.1840578213732575,123.14483503074108,3.0,11.478668982024686,45.03139813206927,36.608029286150085,5.603337400854179,0.9451621532829586,103.2829459801943,39.926100000000005,Satisfactory,2.6617400000000004,8.531661842220423,39.926100000000005
0.0,13.15,77.52179487179487,23.659679917398037,52.46501149856854,3.1840578213732575,123.14483503074108,3.0,11.478668982024686,45.03139813206927,36.608029286150085,5.603337400854179,0.9451621532829586,103.2829459801943,39.926100000000005,Satisfactory,2.6617400000000004,8.531661842220423,39.926100000000005
0.0,13.15,77.53076923076924,23.659679917398037,52.46501149856854,3.1840578213732575,123.14483503074108,3.0,11.478668982024686,45.03139813206927,36.608029286150085,5.603337400854179,0.9451621532829586,103.2829459801943,39.926100000000005,Satisfactory,2.6617400000000004,8.531661842220423,39.926100000000005
0.0,13.15,77.5397435897436,23.659679917398037,52.46501149856854,3.1840578213732575,123.14483503074108,3.0,11.478668982024686,45.03139813206927,36.608029286150085,5.603337400854179,0.9451621532829586,103.2829459801943,39.926100000000005,Satisfactory,2.6617400000000004,8.531661842220423,39.926100000000005
0.0,13.15,77.54871794871795,23.659679917398037,52.46501149856854,3.1840578213732575,123.14483503074108,3.0,11.478668982024686,45.03139813206927,36.608029286150085,5.603337400854179,0.9451621532829586,103.2829459801943,39.926100000000005,Satisfactory,2.6617400000000004,8.531661842220423,39.926100000000005
0.0,13.15,77.5576923076923,23.659679917398037,52.46501149856854,3.1840578213732575,123.14483503074108,3.0,11.478668982024686,45.03139813206927,36.608029286150085,5.603337400854179,0.9451621532829586,103.2829459801943,39.926100000000005,Satisfactory,2.6617400000000004,8.531661842220423,39.926100000000005
0.0,13.15,77.56666666666666,23.659679917398037,52.46501149856854,3.1840578213732575,123.14483503074108,3.0,11.478668982024686,45.03139813206927,36.608029286150085,5.603337400854179,0.9451621532829586,103.2829459801943,39.926100000000005,Satisfactory,2.6617400000000004,8.531661842220423,39.926100000000005
0.0,13.15,77.57564102564103,23.659679917398037,52.46501149856854,3.1840578213732575,123.14483503074108,3.0,11.478668982024686,45.03139813206927,36.608029286150085,5.603337400854179,0.9451621532829586,103.2829459801943,39.926100000000005,Satisfactory,2.6617400000000004,8.531661842220423,39.926100000000005
0.0,13.15,77.58461538461539,23.659679917398037,52.46501149856854,3.1840578213732575,123.14483503074108,3.0,11.478668982024686,45.03139813206927,36.608029286150085,5.603337400854179,0.9451621532829586,103.2829459801943,40.11600000000001,Satisfactory,2.6744000000000003,8.540775257551271,40.11600000000001
0.0,13.15,77.59358974358975,23.659679917398037,52.46501149856854,3.1840578213732575,123.14483503074108,3.0,11.478668982024686,45.03139813206927,36.608029286150085,5.603337400854179,0.9451621532829586,103.2829459801943,40.67230000000001,Satisfactory,2.711486666666667,8.845739749167391,40.67230000000001
0.0,13.15,77.6025641025641,23.659679917398037,52.46501149856854,3.1840578213732575,123.14483503074108,3.0,11.478668982024686,45.03139813206927,36.608029286150085,5.603337400854179,0.9451621532829586,103.2829459801943,40.67230000000001,Satisfactory,2.711486666666667,8.845739749167391,40.67230000000001
0.0,13.15,77.61153846153846,23.659679917398037,52.46501149856854,3.1840578213732575,123.14483503074108,3.0,11.478668982024686,45.03139813206927,36.608029286150085,5.603337400854179,0.9451621532829586,103.2829459801943,40.67230000000001,Satisfactory,2.711486666666667,8.845739749167391,40.67230000000001
0.0,13.15,77.62051282051281,23.659679917398037,52.46501149856854,3.1840578213732575,123.14483503074108,3.0,11.478668982024686,45.03139813206927,36.608029286150085,5.603337400854179,0.9451621532829586,103.2829459801943,40.67230000000001,Satisfactory,2.711486666666667,8.845739749167391,40.67230000000001
0.0,13.15,77.62948717948719,23.659679917398037,52.46501149856854,3.1840578213732575,123.14483503074108,3.0,11.478668982024686,45.03139813206927,36.608029286150085,5.603337400854179,0.9451621532829586,103.2829459801943,40.67230000000001,Satisfactory,2.711486666666667,8.845739749167391,40.67230000000001
0.0,13.15,77.63846153846154,23.659679917398037,52.46501149856854,3.1840578213732575,123.14483503074108,3.0,11.478668982024686,45.03139813206927,36.608029286150085,5.603337400854179,0.9451621532829586,103.2829459801943,40.569,Satisfactory,2.7046,8.80573557404491,40.56900000000001
0.0,13.15,77.6474358974359,23.659679917398037,52.46501149856854,3.1840578213732575,123.14483503074108,3.0,11.478668982024686,45.03139813206927,36.608029286150085,5.603337400854179,0.9451621532829586,103.2829459801943,40.569,Satisfactory,2.7046,8.80573557404491,40.56900000000001
0.0,13.15,77.65641025641025,23.659679917398037,52.46501149856854,3.1840578213732575,123.14483503074108,3.0,11.478668982024686,45.03139813206927,36.608029286150085,5.603337400854179,0.9451621532829586,103.2829459801943,40.569,Satisfactory,2.7046,8.80573557404491,40.56900000000001
0.0,13.15,77.66538461538461,23.659679917398037,52.46501149856854,3.1840578213732575,123.14483503074108,3.0,11.478668982024686,45.03139813206927,36.608029286150085,5.603337400854179,0.9451621532829586,103.2829459801943,40.569,Satisfactory,2.7046,8.80573557404491,40.56900000000001
0.0,13.15,77.67435897435897,23.659679917398037,52.46501149856854,3.1840578213732575,123.14483503074108,3.0,11.478668982024686,45.03139813206927,36.608029286150085,5.603337400854179,0.9451621532829586,103.2829459801943,40.58290000000001,Satisfactory,2.705526666666667,8.79967048189874,40.58290000000001
0.0,13.15,77.68333333333334,23.659679917398037,52.46501149856854,3.1840578213732575,123.14483503074108,3.0,11.478668982024686,45.03139813206927,36.608029286150085,5.603337400854179,0.9451621532829586,103.2829459801943,40.58290000000001,Satisfactory,2.705526666666667,8.79967048189874,40.58290000000001
0.0,13.15,77.6923076923077,23.659679917398037,52.46501149856854,3.1840578213732575,123.14483503074108,3.0,11.478668982024686,45.03139813206927,36.608029286150085,5.603337400854179,0.9451621532829586,103.2829459801943,40.58290000000001,Satisfactory,2.705526666666667,8.79967048189874,40.58290000000001
0.0,13.15,77.70128205128205,23.659679917398037,52.46501149856854,3.1840578213732575,123.14483503074108,3.0,11.478668982024686,45.03139813206927,36.608029286150085,5.603337400854179,0.9451621532829586,103.2829459801943,40.58290000000001,Satisfactory,2.705526666666667,8.79967048189874,40.58290000000001
0.0,13.15,77.7102564102564,23.659679917398037,52.46501149856854,3.1840578213732575,123.14483503074108,3.0,11.478668982024686,45.03139813206927,36.608029286150085,5.603337400854179,0.9451621532829586,103.2829459801943,40.58290000000001,Satisfactory,2.705526666666667,8.79967048189874,40.58290000000001
0.0,13.15,77.71923076923076,23.659679917398037,52.46501149856854,3.1840578213732575,123.14483503074108,3.0,11.478668982024686,45.03139813206927,36.608029286150085,5.603337400854179,0.9451621532829586,103.2829459801943,40.58290000000001,Satisfactory,2.705526666666667,8.79967048189874,40.58290000000001
0.0,13.15,77.72820512820513,23.659679917398037,52.46501149856854,3.1840578213732575,123.14483503074108,3.0,11.478668982024686,45.03139813206927,36.608029286150085,5.603337400854179,0.9451621532829586,103.2829459801943,40.58290000000001,Satisfactory,2.705526666666667,8.79967048189874,40.58290000000001
0.0,13.15,77.73717948717949,23.659679917398037,52.46501149856854,3.1840578213732575,123.14483503074108,3.0,11.478668982024686,45.03139813206927,36.608029286150085,5.603337400854179,0.9451621532829586,103.2829459801943,40.58290000000001,Satisfactory,2.705526666666667,8.79967048189874,40.58290000000001
0.0,13.15,77.74615384615385,23.659679917398037,52.46501149856854,3.1840578213732575,123.14483503074108,3.0,11.478668982024686,45.03139813206927,36.608029286150085,5.603337400854179,0.9451621532829586,103.2829459801943,40.58290000000001,Satisfactory,2.705526666666667,8.79967048189874,40.58290000000001
0.0,13.15,77.7551282051282,23.659679917398037,52.46501149856854,3.1840578213732575,123.14483503074108,3.0,11.478668982024686,45.03139813206927,36.608029286150085,5.603337400854179,0.9451621532829586,103.2829459801943,40.58290000000001,Satisfactory,2.705526666666667,8.79967048189874,40.58290000000001
0.0,13.15,77.76410256410256,23.659679917398037,52.46501149856854,3.1840578213732575,123.14483503074108,3.0,11.478668982024686,45.03139813206927,36.608029286150085,5.603337400854179,0.9451621532829586,103.2829459801943,40.58290000000001,Satisfactory,2.705526666666667,8.79967048189874,40.58290000000001
0.0,13.15,77.77307692307691,23.659679917398037,52.46501149856854,3.1840578213732575,123.14483503074108,3.0,11.478668982024686,45.03139813206927,36.608029286150085,5.603337400854179,0.9451621532829586,103.2829459801943,40.58290000000001,Satisfactory,2.705526666666667,8.79967048189874,40.58290000000001
0.0,13.15,77.78205128205128,23.659679917398037,52.46501149856854,3.1840578213732575,123.14483503074108,3.0,11.478668982024686,45.03139813206927,36.608029286150085,5.603337400854179,0.9451621532829586,103.2829459801943,40.58290000000001,Satisfactory,2.705526666666667,8.79967048189874,40.58290000000001
0.0,13.15,77.79102564102564,23.659679917398037,52.46501149856854,3.1840578213732575,123.14483503074108,3.0,11.478668982024686,45.03139813206927,36.608029286150085,5.603337400854179,0.9451621532829586,103.2829459801943,40.58290000000001,Satisfactory,2.705526666666667,8.79967048189874,40.58290000000001
0.0,13.15,77.8,23.659679917398037,52.46501149856854,3.1840578213732575,123.14483503074108,3.0,11.478668982024686,45.03139813206927,36.608029286150085,5.603337400854179,0.9451621532829586,103.2829459801943,40.58290000000001,Satisfactory,2.705526666666667,8.79967048189874,40.58290000000001
