city_encoded,lat,lon,temperature,humidity,wind_speed,wind_deg,road_density,hour,day_of_year,NO2,SO2,CO,PM10,predicted_pm25,aqi_category,who_exceedance,rf_std,rf_mean
1.0,12.85,80.1,26.124953798268653,74.48176247446746,3.4164259313296372,122.5902635930357,3.0,11.533070712965666,45.16277599455306,14.860749927049897,12.294078883377102,0.8973431572804201,94.30114787084698,47.1496,Satisfactory,3.1433066666666667,26.48039482031943,47.1496
1.0,12.85,80.10641025641026,26.124953798268653,74.48176247446746,3.4164259313296372,122.5902635930357,3.0,11.533070712965666,45.16277599455306,14.860749927049897,12.294078883377102,0.8973431572804201,94.30114787084698,47.1496,Satisfactory,3.1433066666666667,26.48039482031943,47.1496
1.0,12.85,80.1128205128205,26.124953798268653,74.48176247446746,3.4164259313296372,122.5902635930357,3.0,11.533070712965666,45.16277599455306,14.860749927049897,12.294078883377102,0.8973431572804201,94.30114787084698,47.1496,Satisfactory,3.1433066666666667,26.48039482031943,47.1496
1.0,12.85,80.11923076923077,26.124953798268653,74.48176247446746,3.4164259313296372,122.5902635930357,3.0,11.533070712965666,45.16277599455306,14.860749927049897,12.294078883377102,0.8973431572804201,94.30114787084698,47.1496,Satisfactory,3.1433066666666667,26.48039482031943,47.1496
1.0,12.85,80.12564102564102,26.124953798268653,74.48176247446746,3.4164259313296372,122.5902635930357,3.0,11.533070712965666,45.16277599455306,14.860749927049897,12.294078883377102,0.8973431572804201,94.30114787084698,47.1496,Satisfactory,3.1433066666666667,26.48039482031943,47.1496
1.0,12.85,80.13205128205128,26.124953798268653,74.48176247446746,3.4164259313296372,122.5902635930357,3.0,11.533070712965666,45.16277599455306,14.860749927049897,12.294078883377102,0.8973431572804201,94.30114787084698,48.81199999999999,Satisfactory,3.254133333333333,29.842337073359392,48.81199999999999
1.0,12.85,80.13846153846153,26.124953798268653,74.48176247446746,3.4164259313296372,122.5902635930357,3.0,11.533070712965666,45.16277599455306,14.860749927049897,12.294078883377102,0.8973431572804201,94.30114787084698,48.81199999999999,Satisfactory,3.254133333333333,29.842337073359392,48.81199999999999
1.0,12.85,80.14487179487179,26.124953798268653,74.48176247446746,3.4164259313296372,122.5902635930357,3.0,11.533070712965666,45.16277599455306,14.860749927049897,12.294078883377102,0.8973431572804201,94.30114787084698,48.81199999999999,Satisfactory,3.254133333333333,29.842337073359392,48.81199999999999
1.0,12.85,80.15128205128205,26.124953798268653,74.48176247446746,3.4164259313296372,122.5902635930357,3.0,11.533070712965666,45.16277599455306,14.860749927049897,12.294078883377102,0.8973431572804201,94.30114787084698,48.81199999999999,Satisfactory,3.254133333333333,29.842337073359392,48.81199999999999
1.0,12.85,80.1576923076923,26.124953798268653,74.48176247446746,3.4164259313296372,122.5902635930357,3.0,11.533070712965666,45.16277599455306,14.860749927049897,12.294078883377102,0.8973431572804201,94.30114787084698,48.81199999999999,Satisfactory,3.254133333333333,29.842337073359392,48.81199999999999
1.0,12.85,80.16410256410256,26.124953798268653,74.48176247446746,3.4164259313296372,122.5902635930357,3.0,11.533070712965666,45.16277599455306,14.860749927049897,12.294078883377102,0.8973431572804201,94.30114787084698,48.81199999999999,Satisfactory,3.254133333333333,29.842337073359392,48.81199999999999
1.0,12.85,80.17051282051281,26.124953798268653,74.48176247446746,3.4164259313296372,122.5902635930357,3.0,11.533070712965666,45.16277599455306,14.860749927049897,12.294078883377102,0.8973431572804201,94.30114787084698,48.97699999999999,Satisfactory,3.2651333333333326,29.916034112161316,48.97699999999999
1.0,12.85,80.17692307692307,26.124953798268653,74.48176247446746,3.4164259313296372,122.5902635930357,3.0,11.533070712965666,45.16277599455306,14.860749927049897,12.294078883377102,0.8973431572804201,94.30114787084698,48.97699999999999,Satisfactory,3.2651333333333326,29.916034112161316,48.97699999999999
1.0,12.85,80.18333333333332,26.124953798268653,74.48176247446746,3.4164259313296372,122.5902635930357,3.0,11.533070712965666,45.16277599455306,14.860749927049897,12.294078883377102,0.8973431572804201,94.30114787084698,48.88789999999999,Satisfactory,3.2591933333333327,29.911194235436334,48.88789999999999
1.0,12.85,80.18974358974359,26.124953798268653,74.48176247446746,3.4164259313296372,122.5902635930357,3.0,11.533070712965666,45.16277599455306,14.860749927049897,12.294078883377102,0.8973431572804201,94.30114787084698,48.88789999999999,Satisfactory,3.2591933333333327,29.911194235436334,48.88789999999999
1.0,12.85,80.19615384615383,26.124953798268653,74.48176247446746,3.4164259313296372,122.5902635930357,3.0,11.533070712965666,45.16277599455306,14.860749927049897,12.294078883377102,0.8973431572804201,94.30114787084698,48.88789999999999,Satisfactory,3.2591933333333327,29.911194235436334,48.88789999999999
1.0,12.85,80.2025641025641,26.124953798268653,74.48176247446746,3.4164259313296372,122.5902635930357,3.0,11.533070712965666,45.16277599455306,14.860749927049897,12.294078883377102,0.8973431572804201,94.30114787084698,48.9323,Satisfactory,3.262153333333333,29.925648592971214,48.932299999999984
1.0,12.85,80.20897435897436,26.124953798268653,74.48176247446746,3.4164259313296372,122.5902635930357,3.0,11.533070712965666,45.16277599455306,14.860749927049897,12.294078883377102,0.8973431572804201,94.30114787084698,49.0308,Satisfactory,3.26872,29.76166529883703,49.03079999999999
1.0,12.85,80.21538461538461,26.124953798268653,74.48176247446746,3.4164259313296372,122.5902635930357,3.0,11.533070712965666,45.16277599455306,14.860749927049897,12.294078883377102,0.8973431572804201,94.30114787084698,49.0308,Satisfactory,3.26872,29.76166529883703,49.03079999999999
1.0,12.85,80.22179487179487,26.124953798268653,74.48176247446746,3.4164259313296372,122.5902635930357,3.0,11.533070712965666,45.16277599455306,14.860749927049897,12.294078883377102,0.8973431572804201,94.30114787084698,49.0308,Satisfactory,3.26872,29.76166529883703,49.03079999999999
1.0,12.85,80.22820512820512,26.124953798268653,74.48176247446746,3.4164259313296372,122.5902635930357,3.0,11.533070712965666,45.16277599455306,14.860749927049897,12.294078883377102,0.8973431572804201,94.30114787084698,49.0308,Satisfactory,3.26872,29.76166529883703,49.03079999999999
1.0,12.85,80.23461538461538,26.124953798268653,74.48176247446746,3.4164259313296372,122.5902635930357,3.0,11.533070712965666,45.16277599455306,14.860749927049897,12.294078883377102,0.8973431572804201,94.30114787084698,49.0308,Satisfactory,3.26872,29.76166529883703,49.03079999999999
1.0,12.85,80.24102564102563,26.124953798268653,74.48176247446746,3.4164259313296372,122.5902635930357,3.0,11.533070712965666,45.16277599455306,14.860749927049897,12.294078883377102,0.8973431572804201,94.30114787084698,49.0308,Satisfactory,3.26872,29.76166529883703,49.03079999999999
1.0,12.85,80.24743589743589,26.124953798268653,74.48176247446746,3.4164259313296372,122.5902635930357,3.0,11.533070712965666,45.16277599455306,14.860749927049897,12.294078883377102,0.8973431572804201,94.30114787084698,48.9338,Satisfactory,3.2622533333333332,29.54601589994834,48.93379999999999
1.0,12.85,80.25384615384615,26.124953798268653,74.48176247446746,3.4164259313296372,122.5902635930357,3.0,11.533070712965666,45.16277599455306,14.860749927049897,12.294078883377102,0.8973431572804201,94.30114787084698,49.06040000000001,Satisfactory,3.270693333333334,30.20649585503092,49.0604
1.0,12.85,80.2602564102564,26.124953798268653,74.48176247446746,3.4164259313296372,122.5902635930357,3.0,11.533070712965666,45.16277599455306,14.860749927049897,12.294078883377102,0.8973431572804201,94.30114787084698,49.06040000000001,Satisfactory,3.270693333333334,30.20649585503092,49.0604
1.0,12.85,80.26666666666667,26.124953798268653,74.48176247446746,3.4164259313296372,122.5902635930357,3.0,11.533070712965666,45.16277599455306,14.860749927049897,12.294078883377102,0.8973431572804201,94.30114787084698,49.06040000000001,Satisfactory,3.270693333333334,30.20649585503092,49.0604
1.0,12.85,80.27307692307691,26.124953798268653,74.48176247446746,3.4164259313296372,122.5902635930357,3.0,11.533070712965666,45.16277599455306,14.860749927049897,12.294078883377102,0.8973431572804201,94.30114787084698,49.06040000000001,Satisfactory,3.270693333333334,30.20649585503092,49.0604
1.0,12.85,80.27948717948718,26.124953798268653,74.48176247446746,3.4164259313296372,122.5902635930357,3.0,11.533070712965666,45.16277599455306,14.860749927049897,12.294078883377102,0.8973431572804201,94.30114787084698,49.06040000000001,Satisfactory,3.270693333333334,30.20649585503092,49.0604
1.0,12.85,80.28589743589743,26.124953798268653,74.48176247446746,3.4164259313296372,122.5902635930357,3.0,11.533070712965666,45.16277599455306,14.860749927049897,12.294078883377102,0.8973431572804201,94.30114787084698,49.06040000000001,Satisfactory,3.270693333333334,30.20649585503092,49.0604
1.0,12.85,80.29230769230769,26.124953798268653,74.48176247446746,3.4164259313296372,122.5902635930357,3.0,11.533070712965666,45.16277599455306,14.860749927049897,12.294078883377102,0.8973431572804201,94.30114787084698,49.06040000000001,Satisfactory,3.270693333333334,30.20649585503092,49.0604
1.0,12.85,80.29871794871794,26.124953798268653,74.48176247446746,3.4164259313296372,122.5902635930357,3.0,11.533070712965666,45.16277599455306,14.860749927049897,12.294078883377102,0.8973431572804201,94.30114787084698,49.06040000000001,Satisfactory,3.270693333333334,30.20649585503092,49.0604
1.0,12.85,80.3051282051282,26.124953798268653,74.48176247446746,3.4164259313296372,122.5902635930357,3.0,11.533070712965666,45.16277599455306,14.860749927049897,12.294078883377102,0.8973431572804201,94.30114787084698,49.06040000000001,Satisfactory,3.270693333333334,30.20649585503092,49.0604
1.0,12.85,80.31153846153846,26.124953798268653,74.48176247446746,3.4164259313296372,122.5902635930357,3.0,11.533070712965666,45.16277599455306,14.860749927049897,12.294078883377102,0.8973431572804201,94.30114787084698,49.06040000000001,Satisfactory,3.270693333333334,30.20649585503092,49.0604
1.0,12.85,80.31794871794871,26.124953798268653,74.48176247446746,3.4164259313296372,122.5902635930357,3.0,11.533070712965666,45.16277599455306,14.860749927049897,12.294078883377102,0.8973431572804201,94.30114787084698,49.06040000000001,Satisfactory,3.270693333333334,30.20649585503092,49.0604
1.0,12.85,80.32435897435897,26.124953798268653,74.48176247446746,3.4164259313296372,122.5902635930357,3.0,11.533070712965666,45.16277599455306,14.860749927049897,12.294078883377102,0.8973431572804201,94.30114787084698,49.06040000000001,Satisfactory,3.270693333333334,30.20649585503092,49.0604
1.0,12.85,80.33076923076922,26.124953798268653,74.48176247446746,3.4164259313296372,122.5902635930357,3.0,11.533070712965666,45.16277599455306,14.860749927049897,12.294078883377102,0.8973431572804201,94.30114787084698,49.06040000000001,Satisfactory,3.270693333333334,30.20649585503092,49.0604
1.0,12.85,80.33717948717948,26.124953798268653,74.48176247446746,3.4164259313296372,122.5902635930357,3.0,11.533070712965666,45.16277599455306,14.860749927049897,12.294078883377102,0.8973431572804201,94.30114787084698,49.06040000000001,Satisfactory,3.270693333333334,30.20649585503092,49.0604
1.0,12.85,80.34358974358973,26.124953798268653,74.48176247446746,3.4164259313296372,122.5902635930357,3.0,11.533070712965666,45.16277599455306,14.860749927049897,12.294078883377102,0.8973431572804201,94.30114787084698,49.06040000000001,Satisfactory,3.270693333333334,30.20649585503092,49.0604
1.0,12.85,80.35,26.124953798268653,74.48176247446746,3.4164259313296372,122.5902635930357,3.0,11.533070712965666,45.16277599455306,14.860749927049897,12.294078883377102,0.8973431572804201,94.30114787084698,49.06040000000001,Satisfactory,3.270693333333334,30.20649585503092,49.0604
1.0,12.85897435897436,80.1,26.124953798268653,74.48176247446746,3.4164259313296372,122.5902635930357,3.0,11.533070712965666,45.16277599455306,14.860749927049897,12.294078883377102,0.8973431572804201,94.30114787084698,47.1496,Satisfactory,3.1433066666666667,26.48039482031943,47.1496
1.0,12.85897435897436,80.10641025641026,26.124953798268653,74.48176247446746,3.4164259313296372,122.5902635930357,3.0,11.533070712965666,45.16277599455306,14.860749927049897,12.294078883377102,0.8973431572804201,94.30114787084698,47.1496,Satisfactory,3.1433066666666667,26.48039482031943,47.1496
1.0,12.85897435897436,80.1128205128205,26.124953798268653,74.48176247446746,3.4164259313296372,122.5902635930357,3.0,11.533070712965666,45.16277599455306,14.860749927049897,12.294078883377102,0.8973431572804201,94.30114787084698,47.1496,Satisfactory,3.1433066666666667,26.48039482031943,47.1496
1.0,12.85897435897436,80.11923076923077,26.124953798268653,74.48176247446746,3.4164259313296372,122.5902635930357,3.0,11.533070712965666,45.16277599455306,14.860749927049897,12.294078883377102,0.8973431572804201,94.30114787084698,47.1496,Satisfactory,3.1433066666666667,26.48039482031943,47.1496
1.0,12.85897435897436,80.12564102564102,26.124953798268653,74.48176247446746,3.4164259313296372,122.5902635930357,3.0,11.533070712965666,45.16277599455306,14.860749927049897,12.294078883377102,0.8973431572804201,94.30114787084698,47.1496,Satisfactory,3.1433066666666667,26.48039482031943,47.1496
1.0,12.85897435897436,80.13205128205128,26.124953798268653,74.48176247446746,3.4164259313296372,122.5902635930357,3.0,11.533070712965666,45.16277599455306,14.860749927049897,12.294078883377102,0.8973431572804201,94.30114787084698,48.81199999999999,Satisfactory,3.254133333333333,29.842337073359392,48.81199999999999
1.0,12.85897435897436,80.13846153846153,26.124953798268653,74.48176247446746,3.4164259313296372,122.5902635930357,3.0,11.533070712965666,45.16277599455306,14.860749927049897,12.294078883377102,0.8973431572804201,94.30114787084698,48.81199999999999,Satisfactory,3.254133333333333,29.842337073359392,48.81199999999999
1.0,12.85897435897436,80.14487179487179,26.124953798268653,74.48176247446746,3.4164259313296372,122.5902635930357,3.0,11.533070712965666,45.16277599455306,14.860749927049897,12.294078883377102,0.8973431572804201,94.30114787084698,48.81199999999999,Satisfactory,3.254133333333333,29.842337073359392,48.81199999999999
1.0,12.85897435897436,80.15128205128205,26.124953798268653,74.48176247446746,3.4164259313296372,122.5902635930357,3.0,11.533070712965666,45.16277599455306,14.860749927049897,12.294078883377102,0.8973431572804201,94.30114787084698,48.81199999999999,Satisfactory,3.254133333333333,29.842337073359392,48.81199999999999
1.0,12.85897435897436,80.1576923076923,26.124953798268653,74.48176247446746,3.4164259313296372,122.5902635930357,3.0,11.533070712965666,45.16277599455306,14.860749927049897,12.294078883377102,0.8973431572804201,94.30114787084698,48.81199999999999,Satisfactory,3.254133333333333,29.842337073359392,48.81199999999999
1.0,12.85897435897436,80.16410256410256,26.124953798268653,74.48176247446746,3.4164259313296372,122.5902635930357,3.0,11.533070712965666,45.16277599455306,14.860749927049897,12.294078883377102,0.8973431572804201,94.30114787084698,48.81199999999999,Satisfactory,3.254133333333333,29.842337073359392,48.81199999999999
1.0,12.85897435897436,80.17051282051281,26.124953798268653,74.48176247446746,3.4164259313296372,122.5902635930357,3.0,11.533070712965666,45.16277599455306,14.860749927049897,12.294078883377102,0.8973431572804201,94.30114787084698,48.97699999999999,Satisfactory,3.2651333333333326,29.916034112161316,48.97699999999999
1.0,12.85897435897436,80.17692307692307,26.124953798268653,74.48176247446746,3.4164259313296372,122.5902635930357,3.0,11.533070712965666,45.16277599455306,14.860749927049897,12.294078883377102,0.8973431572804201,94.30114787084698,48.97699999999999,Satisfactory,3.2651333333333326,29.916034112161316,48.97699999999999
1.0,12.85897435897436,80.18333333333332,26.124953798268653,74.48176247446746,3.4164259313296372,122.5902635930357,3.0,11.533070712965666,45.16277599455306,14.860749927049897,12.294078883377102,0.8973431572804201,94.30114787084698,48.88789999999999,Satisfactory,3.2591933333333327,29.911194235436334,48.88789999999999
1.0,12.85897435897436,80.18974358974359,26.124953798268653,74.48176247446746,3.4164259313296372,122.5902635930357,3.0,11.533070712965666,45.16277599455306,14.860749927049897,12.294078883377102,0.8973431572804201,94.30114787084698,48.88789999999999,Satisfactory,3.2591933333333327,29.911194235436334,48.88789999999999
1.0,12.85897435897436,80.19615384615383,26.124953798268653,74.48176247446746,3.4164259313296372,122.5902635930357,3.0,11.533070712965666,45.16277599455306,14.860749927049897,12.294078883377102,0.8973431572804201,94.30114787084698,48.88789999999999,Satisfactory,3.2591933333333327,29.911194235436334,48.88789999999999
1.0,12.85897435897436,80.2025641025641,26.124953798268653,74.48176247446746,3.4164259313296372,122.5902635930357,3.0,11.533070712965666,45.16277599455306,14.860749927049897,12.294078883377102,0.8973431572804201,94.30114787084698,48.9323,Satisfactory,3.262153333333333,29.925648592971214,48.932299999999984
1.0,12.85897435897436,80.20897435897436,26.124953798268653,74.48176247446746,3.4164259313296372,122.5902635930357,3.0,11.533070712965666,45.16277599455306,14.860749927049897,12.294078883377102,0.8973431572804201,94.30114787084698,49.0308,Satisfactory,3.26872,29.76166529883703,49.03079999999999
1.0,12.85897435897436,80.21538461538461,26.124953798268653,74.48176247446746,3.4164259313296372,122.5902635930357,3.0,11.533070712965666,45.16277599455306,14.860749927049897,12.294078883377102,0.8973431572804201,94.30114787084698,49.0308,Satisfactory,3.26872,29.76166529883703,49.03079999999999
1.0,12.85897435897436,80.22179487179487,26.124953798268653,74.48176247446746,3.4164259313296372,122.5902635930357,3.0,11.533070712965666,45.16277599455306,14.860749927049897,12.294078883377102,0.8973431572804201,94.30114787084698,49.0308,Satisfactory,3.26872,29.76166529883703,49.03079999999999
1.0,12.85897435897436,80.22820512820512,26.124953798268653,74.48176247446746,3.4164259313296372,122.5902635930357,3.0,11.533070712965666,45.16277599455306,14.860749927049897,12.294078883377102,0.8973431572804201,94.30114787084698,49.0308,Satisfactory,3.26872,29.76166529883703,49.03079999999999
1.0,12.85897435897436,80.23461538461538,26.124953798268653,74.48176247446746,3.4164259313296372,122.5902635930357,3.0,11.533070712965666,45.16277599455306,14.860749927049897,12.294078883377102,0.8973431572804201,94.30114787084698,49.0308,Satisfactory,3.26872,29.76166529883703,49.03079999999999
1.0,12.85897435897436,80.24102564102563,26.124953798268653,74.48176247446746,3.4164259313296372,122.5902635930357,3.0,11.533070712965666,45.16277599455306,14.860749927049897,12.294078883377102,0.8973431572804201,94.30114787084698,49.0308,Satisfactory,3.26872,29.76166529883703,49.03079999999999
1.0,12.85897435897436,80.24743589743589,26.124953798268653,74.48176247446746,3.4164259313296372,122.5902635930357,3.0,11.533070712965666,45.16277599455306,14.860749927049897,12.294078883377102,0.8973431572804201,94.30114787084698,48.9338,Satisfactory,3.2622533333333332,29.54601589994834,48.93379999999999
1.0,12.85897435897436,80.25384615384615,26.124953798268653,74.48176247446746,3.4164259313296372,122.5902635930357,3.0,11.533070712965666,45.16277599455306,14.860749927049897,12.294078883377102,0.8973431572804201,94.30114787084698,49.06040000000001,Satisfactory,3.270693333333334,30.20649585503092,49.0604
1.0,12.85897435897436,80.2602564102564,26.124953798268653,74.48176247446746,3.4164259313296372,122.5902635930357,3.0,11.533070712965666,45.16277599455306,14.860749927049897,12.294078883377102,0.8973431572804201,94.30114787084698,49.06040000000001,Satisfactory,3.270693333333334,30.20649585503092,49.0604
1.0,12.85897435897436,80.26666666666667,26.124953798268653,74.48176247446746,3.4164259313296372,122.5902635930357,3.0,11.533070712965666,45.16277599455306,14.860749927049897,12.294078883377102,0.8973431572804201,94.30114787084698,49.06040000000001,Satisfactory,3.270693333333334,30.20649585503092,49.0604
1.0,12.85897435897436,80.27307692307691,26.124953798268653,74.48176247446746,3.4164259313296372,122.5902635930357,3.0,11.533070712965666,45.16277599455306,14.860749927049897,12.294078883377102,0.8973431572804201,94.30114787084698,49.06040000000001,Satisfactory,3.270693333333334,30.20649585503092,49.0604
1.0,12.85897435897436,80.27948717948718,26.124953798268653,74.48176247446746,3.4164259313296372,122.5902635930357,3.0,11.533070712965666,45.16277599455306,14.860749927049897,12.294078883377102,0.8973431572804201,94.30114787084698,49.06040000000001,Satisfactory,3.270693333333334,30.20649585503092,49.0604
1.0,12.85897435897436,80.28589743589743,26.124953798268653,74.48176247446746,3.4164259313296372,122.5902635930357,3.0,11.533070712965666,45.16277599455306,14.860749927049897,12.294078883377102,0.8973431572804201,94.30114787084698,49.06040000000001,Satisfactory,3.270693333333334,30.20649585503092,49.0604
1.0,12.85897435897436,80.29230769230769,26.124953798268653,74.48176247446746,3.4164259313296372,122.5902635930357,3.0,11.533070712965666,45.16277599455306,14.860749927049897,12.294078883377102,0.8973431572804201,94.30114787084698,49.06040000000001,Satisfactory,3.270693333333334,30.20649585503092,49.0604
1.0,12.85897435897436,80.29871794871794,26.124953798268653,74.48176247446746,3.4164259313296372,122.5902635930357,3.0,11.533070712965666,45.16277599455306,14.860749927049897,12.294078883377102,0.8973431572804201,94.30114787084698,49.06040000000001,Satisfactory,3.270693333333334,30.20649585503092,49.0604
1.0,12.85897435897436,80.3051282051282,26.124953798268653,74.48176247446746,3.4164259313296372,122.5902635930357,3.0,11.533070712965666,45.16277599455306,14.860749927049897,12.294078883377102,0.8973431572804201,94.30114787084698,49.06040000000001,Satisfactory,3.270693333333334,30.20649585503092,49.0604
1.0,12.85897435897436,80.31153846153846,26.124953798268653,74.48176247446746,3.4164259313296372,122.5902635930357,3.0,11.533070712965666,45.16277599455306,14.860749927049897,12.294078883377102,0.8973431572804201,94.30114787084698,49.06040000000001,Satisfactory,3.270693333333334,30.20649585503092,49.0604
1.0,12.85897435897436,80.31794871794871,26.124953798268653,74.48176247446746,3.4164259313296372,122.5902635930357,3.0,11.533070712965666,45.16277599455306,14.860749927049897,12.294078883377102,0.8973431572804201,94.30114787084698,49.06040000000001,Satisfactory,3.270693333333334,30.20649585503092,49.0604
1.0,12.85897435897436,80.32435897435897,26.124953798268653,74.48176247446746,3.4164259313296372,122.5902635930357,3.0,11.533070712965666,45.16277599455306,14.860749927049897,12.294078883377102,0.8973431572804201,94.30114787084698,49.06040000000001,Satisfactory,3.270693333333334,30.20649585503092,49.0604
1.0,12.85897435897436,80.33076923076922,26.124953798268653,74.48176247446746,3.4164259313296372,122.5902635930357,3.0,11.533070712965666,45.16277599455306,14.860749927049897,12.294078883377102,0.8973431572804201,94.30114787084698,49.06040000000001,Satisfactory,3.270693333333334,30.20649585503092,49.0604
1.0,12.85897435897436,80.33717948717948,26.124953798268653,74.48176247446746,3.4164259313296372,122.5902635930357,3.0,11.533070712965666,45.16277599455306,14.860749927049897,12.294078883377102,0.8973431572804201,94.30114787084698,49.06040000000001,Satisfactory,3.270693333333334,30.20649585503092,49.0604
1.0,12.85897435897436,80.34358974358973,26.124953798268653,74.48176247446746,3.4164259313296372,122.5902635930357,3.0,11.533070712965666,45.16277599455306,14.860749927049897,12.294078883377102,0.8973431572804201,94.30114787084698,49.06040000000001,Satisfactory,3.270693333333334,30.20649585503092,49.0604
1.0,12.85897435897436,80.35,26.124953798268653,74.48176247446746,3.4164259313296372,122.5902635930357,3.0,11.533070712965666,45.16277599455306,14.860749927049897,12.294078883377102,0.8973431572804201,94.30114787084698,49.06040000000001,Satisfactory,3.270693333333334,30.20649585503092,49.0604
1.0,12.867948717948718,80.1,26.124953798268653,74.48176247446746,3.4164259313296372,122.5902635930357,3.0,11.533070712965666,45.16277599455306,14.860749927049897,12.294078883377102,0.8973431572804201,94.30114787084698,47.3319,Satisfactory,3.1554599999999997,26.455491063104457,47.3319
1.0,12.867948717948718,80.10641025641026,26.124953798268653,74.48176247446746,3.4164259313296372,122.5902635930357,3.0,11.533070712965666,45.16277599455306,14.860749927049897,12.294078883377102,0.8973431572804201,94.30114787084698,47.3319,Satisfactory,3.1554599999999997,26.455491063104457,47.3319
1.0,12.867948717948718,80.1128205128205,26.124953798268653,74.48176247446746,3.4164259313296372,122.5902635930357,3.0,11.533070712965666,45.16277599455306,14.860749927049897,12.294078883377102,0.8973431572804201,94.30114787084698,47.3319,Satisfactory,3.1554599999999997,26.455491063104457,47.3319
1.0,12.867948717948718,80.11923076923077,26.124953798268653,74.48176247446746,3.4164259313296372,122.5902635930357,3.0,11.533070712965666,45.16277599455306,14.860749927049897,12.294078883377102,0.8973431572804201,94.30114787084698,47.3319,Satisfactory,3.1554599999999997,26.455491063104457,47.3319
1.0,12.867948717948718,80.12564102564102,26.124953798268653,74.48176247446746,3.4164259313296372,122.5902635930357,3.0,11.533070712965666,45.16277599455306,14.860749927049897,12.294078883377102,0.8973431572804201,94.30114787084698,47.3319,Satisfactory,3.1554599999999997,26.455491063104457,47.3319
1.0,12.867948717948718,80.13205128205128,26.124953798268653,74.48176247446746,3.4164259313296372,122.5902635930357,3.0,11.533070712965666,45.16277599455306,14.860749927049897,12.294078883377102,0.8973431572804201,94.30114787084698,48.81199999999999,Satisfactory,3.254133333333333,29.842337073359392,48.81199999999999
1.0,12.867948717948718,80.13846153846153,26.124953798268653,74.48176247446746,3.4164259313296372,122.5902635930357,3.0,11.533070712965666,45.16277599455306,14.860749927049897,12.294078883377102,0.8973431572804201,94.30114787084698,48.81199999999999,Satisfactory,3.254133333333333,29.842337073359392,48.81199999999999
1.0,12.867948717948718,80.14487179487179,26.124953798268653,74.48176247446746,3.4164259313296372,122.5902635930357,3.0,11.533070712965666,45.16277599455306,14.860749927049897,12.294078883377102,0.8973431572804201,94.30114787084698,48.81199999999999,Satisfactory,3.254133333333333,29.842337073359392,48.81199999999999
1.0,12.867948717948718,80.15128205128205,26.124953798268653,74.48176247446746,3.4164259313296372,122.5902635930357,3.0,11.533070712965666,45.16277599455306,14.860749927049897,12.294078883377102,0.8973431572804201,94.30114787084698,48.81199999999999,Satisfactory,3.254133333333333,29.842337073359392,48.81199999999999
1.0,12.867948717948718,80.1576923076923,26.124953798268653,74.48176247446746,3.4164259313296372,122.5902635930357,3.0,11.533070712965666,45.16277599455306,14.860749927049897,12.294078883377102,0.8973431572804201,94.30114787084698,48.81199999999999,Satisfactory,3.254133333333333,29.842337073359392,48.81199999999999
1.0,12.867948717948718,80.16410256410256,26.124953798268653,74.48176247446746,3.4164259313296372,122.5902635930357,3.0,11.533070712965666,45.16277599455306,14.860749927049897,12.294078883377102,0.8973431572804201,94.30114787084698,48.81199999999999,Satisfactory,3.254133333333333,29.842337073359392,48.81199999999999
1.0,12.867948717948718,80.17051282051281,26.124953798268653,74.48176247446746,3.4164259313296372,122.5902635930357,3.0,11.533070712965666,45.16277599455306,14.860749927049897,12.294078883377102,0.8973431572804201,94.30114787084698,48.97699999999999,Satisfactory,3.2651333333333326,29.916034112161316,48.97699999999999
1.0,12.867948717948718,80.17692307692307,26.124953798268653,74.48176247446746,3.4164259313296372,122.5902635930357,3.0,11.533070712965666,45.16277599455306,14.860749927049897,12.294078883377102,0.8973431572804201,94.30114787084698,48.97699999999999,Satisfactory,3.2651333333333326,29.916034112161316,48.97699999999999
1.0,12.867948717948718,80.18333333333332,26.124953798268653,74.48176247446746,3.4164259313296372,122.5902635930357,3.0,11.533070712965666,45.16277599455306,14.860749927049897,12.294078883377102,0.8973431572804201,94.30114787084698,48.88789999999999,Satisfactory,3.2591933333333327,29.911194235436334,48.88789999999999
1.0,12.867948717948718,80.18974358974359,26.124953798268653,74.48176247446746,3.4164259313296372,122.5902635930357,3.0,11.533070712965666,45.16277599455306,14.860749927049897,12.294078883377102,0.8973431572804201,94.30114787084698,48.88789999999999,Satisfactory,3.2591933333333327,29.911194235436334,48.88789999999999
1.0,12.867948717948718,80.19615384615383,26.124953798268653,74.48176247446746,3.4164259313296372,122.5902635930357,3.0,11.533070712965666,45.16277599455306,14.860749927049897,12.294078883377102,0.8973431572804201,94.30114787084698,48.88789999999999,Satisfactory,3.2591933333333327,29.911194235436334,48.88789999999999
1.0,12.867948717948718,80.2025641025641,26.124953798268653,74.48176247446746,3.4164259313296372,122.5902635930357,3.0,11.533070712965666,45.16277599455306,14.860749927049897,12.294078883377102,0.8973431572804201,94.30114787084698,48.9323,Satisfactory,3.262153333333333,29.925648592971214,48.932299999999984
1.0,12.867948717948718,80.20897435897436,26.124953798268653,74.48176247446746,3.4164259313296372,122.5902635930357,3.0,11.533070712965666,45.16277599455306,14.860749927049897,12.294078883377102,0.8973431572804201,94.30114787084698,49.0308,Satisfactory,3.26872,29.76166529883703,49.03079999999999
1.0,12.867948717948718,80.21538461538461,26.124953798268653,74.48176247446746,3.4164259313296372,122.5902635930357,3.0,11.533070712965666,45.16277599455306,14.860749927049897,12.294078883377102,0.8973431572804201,94.30114787084698,49.0308,Satisfactory,3.26872,29.76166529883703,49.03079999999999
1.0,12.867948717948718,80.22179487179487,26.124953798268653,74.48176247446746,3.4164259313296372,122.5902635930357,3.0,11.533070712965666,45.16277599455306,14.860749927049897,12.294078883377102,0.8973431572804201,94.30114787084698,49.0308,Satisfactory,3.26872,29.76166529883703,49.03079999999999
1.0,12.867948717948718,80.22820512820512,26.124953798268653,74.48176247446746,3.4164259313296372,122.5902635930357,3.0,11.533070712965666,45.16277599455306,14.860749927049897,12.294078883377102,0.8973431572804201,94.30114787084698,49.0308,Satisfactory,3.26872,29.76166529883703,49.03079999999999
1.0,12.867948717948718,80.23461538461538,26.124953798268653,74.48176247446746,3.4164259313296372,122.5902635930357,3.0,11.533070712965666,45.16277599455306,14.860749927049897,12.294078883377102,0.8973431572804201,94.30114787084698,49.0308,Satisfactory,3.26872,29.76166529883703,49.03079999999999
1.0,12.867948717948718,80.24102564102563,26.124953798268653,74.48176247446746,3.4164259313296372,122.5902635930357,3.0,11.533070712965666,45.16277599455306,14.860749927049897,12.294078883377102,0.8973431572804201,94.30114787084698,49.0308,Satisfactory,3.26872,29.76166529883703,49.03079999999999
1.0,12.867948717948718,80.24743589743589,26.124953798268653,74.48176247446746,3.4164259313296372,122.5902635930357,3.0,11.533070712965666,45.16277599455306,14.860749927049897,12.294078883377102,0.8973431572804201,94.30114787084698,48.9338,Satisfactory,3.2622533333333332,29.54601589994834,48.93379999999999
1.0,12.867948717948718,80.25384615384615,26.124953798268653,74.48176247446746,3.4164259313296372,122.5902635930357,3.0,11.533070712965666,45.16277599455306,14.860749927049897,12.294078883377102,0.8973431572804201,94.30114787084698,49.06040000000001,Satisfactory,3.270693333333334,30.20649585503092,49.0604
1.0,12.867948717948718,80.2602564102564,26.124953798268653,74.48176247446746,3.4164259313296372,122.5902635930357,3.0,11.533070712965666,45.16277599455306,14.860749927049897,12.294078883377102,0.8973431572804201,94.30114787084698,49.06040000000001,Satisfactory,3.270693333333334,30.20649585503092,49.0604
1.0,12.867948717948718,80.26666666666667,26.124953798268653,74.48176247446746,3.4164259313296372,122.5902635930357,3.0,11.533070712965666,45.16277599455306,14.860749927049897,12.294078883377102,0.8973431572804201,94.30114787084698,49.06040000000001,Satisfactory,3.270693333333334,30.20649585503092,49.0604
1.0,12.867948717948718,80.27307692307691,26.124953798268653,74.48176247446746,3.4164259313296372,122.5902635930357,3.0,11.533070712965666,45.16277599455306,14.860749927049897,12.294078883377102,0.8973431572804201,94.30114787084698,49.06040000000001,Satisfactory,3.270693333333334,30.20649585503092,49.0604
1.0,12.867948717948718,80.27948717948718,26.124953798268653,74.48176247446746,3.4164259313296372,122.5902635930357,3.0,11.533070712965666,45.16277599455306,14.860749927049897,12.294078883377102,0.8973431572804201,94.30114787084698,49.06040000000001,Satisfactory,3.270693333333334,30.20649585503092,49.0604
1.0,12.867948717948718,80.28589743589743,26.124953798268653,74.48176247446746,3.4164259313296372,122.5902635930357,3.0,11.533070712965666,45.16277599455306,14.860749927049897,12.294078883377102,0.8973431572804201,94.30114787084698,49.06040000000001,Satisfactory,3.270693333333334,30.20649585503092,49.0604
1.0,12.867948717948718,80.29230769230769,26.124953798268653,74.48176247446746,3.4164259313296372,122.5902635930357,3.0,11.533070712965666,45.16277599455306,14.860749927049897,12.294078883377102,0.8973431572804201,94.30114787084698,49.06040000000001,Satisfactory,3.270693333333334,30.20649585503092,49.0604
1.0,12.867948717948718,80.29871794871794,26.124953798268653,74.48176247446746,3.4164259313296372,122.5902635930357,3.0,11.533070712965666,45.16277599455306,14.860749927049897,12.294078883377102,0.8973431572804201,94.30114787084698,49.06040000000001,Satisfactory,3.270693333333334,30.20649585503092,49.0604
1.0,12.867948717948718,80.3051282051282,26.124953798268653,74.48176247446746,3.4164259313296372,122.5902635930357,3.0,11.533070712965666,45.16277599455306,14.860749927049897,12.294078883377102,0.8973431572804201,94.30114787084698,49.06040000000001,Satisfactory,3.270693333333334,30.20649585503092,49.0604
1.0,12.867948717948718,80.31153846153846,26.124953798268653,74.48176247446746,3.4164259313296372,122.5902635930357,3.0,11.533070712965666,45.16277599455306,14.860749927049897,12.294078883377102,0.8973431572804201,94.30114787084698,49.06040000000001,Satisfactory,3.270693333333334,30.20649585503092,49.0604
1.0,12.867948717948718,80.31794871794871,26.124953798268653,74.48176247446746,3.4164259313296372,122.5902635930357,3.0,11.533070712965666,45.16277599455306,14.860749927049897,12.294078883377102,0.8973431572804201,94.30114787084698,49.06040000000001,Satisfactory,3.270693333333334,30.20649585503092,49.0604
1.0,12.867948717948718,80.32435897435897,26.124953798268653,74.48176247446746,3.4164259313296372,122.5902635930357,3.0,11.533070712965666,45.16277599455306,14.860749927049897,12.294078883377102,0.8973431572804201,94.30114787084698,49.06040000000001,Satisfactory,3.270693333333334,30.20649585503092,49.0604
1.0,12.867948717948718,80.33076923076922,26.124953798268653,74.48176247446746,3.4164259313296372,122.5902635930357,3.0,11.533070712965666,45.16277599455306,14.860749927049897,12.294078883377102,0.8973431572804201,94.30114787084698,49.06040000000001,Satisfactory,3.270693333333334,30.20649585503092,49.0604
1.0,12.867948717948718,80.33717948717948,26.124953798268653,74.48176247446746,3.4164259313296372,122.5902635930357,3.0,11.533070712965666,45.16277599455306,14.860749927049897,12.294078883377102,0.8973431572804201,94.30114787084698,49.06040000000001,Satisfactory,3.270693333333334,30.20649585503092,49.0604
1.0,12.867948717948718,80.34358974358973,26.124953798268653,74.48176247446746,3.4164259313296372,122.5902635930357,3.0,11.533070712965666,45.16277599455306,14.860749927049897,12.294078883377102,0.8973431572804201,94.30114787084698,49.06040000000001,Satisfactory,3.270693333333334,30.20649585503092,49.0604
1.0,12.867948717948718,80.35,26.124953798268653,74.48176247446746,3.4164259313296372,122.5902635930357,3.0,11.533070712965666,45.16277599455306,14.860749927049897,12.294078883377102,0.8973431572804201,94.30114787084698,49.06040000000001,Satisfactory,3.270693333333334,30.20649585503092,49.0604
1.0,12.876923076923077,80.1,26.124953798268653,74.48176247446746,3.4164259313296372,122.5902635930357,3.0,11.533070712965666,45.16277599455306,14.860749927049897,12.294078883377102,0.8973431572804201,94.30114787084698,47.3319,Satisfactory,3.1554599999999997,26.455491063104457,47.3319
1.0,12.876923076923077,80.10641025641026,26.124953798268653,74.48176247446746,3.4164259313296372,122.5902635930357,3.0,11.533070712965666,45.16277599455306,14.860749927049897,12.294078883377102,0.8973431572804201,94.30114787084698,47.3319,Satisfactory,3.1554599999999997,26.455491063104457,47.3319
1.0,12.876923076923077,80.1128205128205,26.124953798268653,74.48176247446746,3.4164259313296372,122.5902635930357,3.0,11.533070712965666,45.16277599455306,14.860749927049897,12.294078883377102,0.8973431572804201,94.30114787084698,47.3319,Satisfactory,3.1554599999999997,26.455491063104457,47.3319
1.0,12.876923076923077,80.11923076923077,26.124953798268653,74.48176247446746,3.4164259313296372,122.5902635930357,3.0,11.533070712965666,45.16277599455306,14.860749927049897,12.294078883377102,0.8973431572804201,94.30114787084698,47.3319,Satisfactory,3.1554599999999997,26.455491063104457,47.3319
1.0,12.876923076923077,80.12564102564102,26.124953798268653,74.48176247446746,3.4164259313296372,122.5902635930357,3.0,11.533070712965666,45.16277599455306,14.860749927049897,12.294078883377102,0.8973431572804201,94.30114787084698,47.3319,Satisfactory,3.1554599999999997,26.455491063104457,47.3319
1.0,12.876923076923077,80.13205128205128,26.124953798268653,74.48176247446746,3.4164259313296372,122.5902635930357,3.0,11.533070712965666,45.16277599455306,14.860749927049897,12.294078883377102,0.8973431572804201,94.30114787084698,48.81199999999999,Satisfactory,3.254133333333333,29.842337073359392,48.81199999999999
1.0,12.876923076923077,80.13846153846153,26.124953798268653,74.48176247446746,3.4164259313296372,122.5902635930357,3.0,11.533070712965666,45.16277599455306,14.860749927049897,12.294078883377102,0.8973431572804201,94.30114787084698,48.81199999999999,Satisfactory,3.254133333333333,29.842337073359392,48.81199999999999
1.0,12.876923076923077,80.14487179487179,26.124953798268653,74.48176247446746,3.4164259313296372,122.5902635930357,3.0,11.533070712965666,45.16277599455306,14.860749927049897,12.294078883377102,0.8973431572804201,94.30114787084698,48.81199999999999,Satisfactory,3.254133333333333,29.842337073359392,48.81199999999999
1.0,12.876923076923077,80.15128205128205,26.124953798268653,74.48176247446746,3.4164259313296372,122.5902635930357,3.0,11.533070712965666,45.16277599455306,14.860749927049897,12.294078883377102,0.8973431572804201,94.30114787084698,48.81199999999999,Satisfactory,3.254133333333333,29.842337073359392,48.81199999999999
1.0,12.876923076923077,80.1576923076923,26.124953798268653,74.48176247446746,3.4164259313296372,122.5902635930357,3.0,11.533070712965666,45.16277599455306,14.860749927049897,12.294078883377102,0.8973431572804201,94.30114787084698,48.81199999999999,Satisfactory,3.254133333333333,29.842337073359392,48.81199999999999
1.0,12.876923076923077,80.16410256410256,26.124953798268653,74.48176247446746,3.4164259313296372,122.5902635930357,3.0,11.533070712965666,45.16277599455306,14.860749927049897,12.294078883377102,0.8973431572804201,94.30114787084698,48.81199999999999,Satisfactory,3.254133333333333,29.842337073359392,48.81199999999999
1.0,12.876923076923077,80.17051282051281,26.124953798268653,74.48176247446746,3.4164259313296372,122.5902635930357,3.0,11.533070712965666,45.16277599455306,14.860749927049897,12.294078883377102,0.8973431572804201,94.30114787084698,48.97699999999999,Satisfactory,3.2651333333333326,29.916034112161316,48.97699999999999
1.0,12.876923076923077,80.17692307692307,26.124953798268653,74.48176247446746,3.4164259313296372,122.5902635930357,3.0,11.533070712965666,45.16277599455306,14.860749927049897,12.294078883377102,0.8973431572804201,94.30114787084698,48.97699999999999,Satisfactory,3.2651333333333326,29.916034112161316,48.97699999999999
1.0,12.876923076923077,80.18333333333332,26.124953798268653,74.48176247446746,3.4164259313296372,122.5902635930357,3.0,11.533070712965666,45.16277599455306,14.860749927049897,12.294078883377102,0.8973431572804201,94.30114787084698,48.88789999999999,Satisfactory,3.2591933333333327,29.911194235436334,48.88789999999999
1.0,12.876923076923077,80.18974358974359,26.124953798268653,74.48176247446746,3.4164259313296372,122.5902635930357,3.0,11.533070712965666,45.16277599455306,14.860749927049897,12.294078883377102,0.8973431572804201,94.30114787084698,48.88789999999999,Satisfactory,3.2591933333333327,29.911194235436334,48.88789999999999
1.0,12.876923076923077,80.19615384615383,26.124953798268653,74.48176247446746,3.4164259313296372,122.5902635930357,3.0,11.533070712965666,45.16277599455306,14.860749927049897,12.294078883377102,0.8973431572804201,94.30114787084698,48.88789999999999,Satisfactory,3.2591933333333327,29.911194235436334,48.88789999999999
1.0,12.876923076923077,80.2025641025641,26.124953798268653,74.48176247446746,3.4164259313296372,122.5902635930357,3.0,11.533070712965666,45.16277599455306,14.860749927049897,12.294078883377102,0.8973431572804201,94.30114787084698,48.9323,Satisfactory,3.262153333333333,29.925648592971214,48.932299999999984
1.0,12.876923076923077,80.20897435897436,26.124953798268653,74.48176247446746,3.4164259313296372,122.5902635930357,3.0,11.533070712965666,45.16277599455306,14.860749927049897,12.294078883377102,0.8973431572804201,94.30114787084698,49.0308,Satisfactory,3.26872,29.76166529883703,49.03079999999999
1.0,12.876923076923077,80.21538461538461,26.124953798268653,74.48176247446746,3.4164259313296372,122.5902635930357,3.0,11.533070712965666,45.16277599455306,14.860749927049897,12.294078883377102,0.8973431572804201,94.30114787084698,49.0308,Satisfactory,3.26872,29.76166529883703,49.03079999999999
1.0,12.876923076923077,80.22179487179487,26.124953798268653,74.48176247446746,3.4164259313296372,122.5902635930357,3.0,11.533070712965666,45.16277599455306,14.860749927049897,12.294078883377102,0.8973431572804201,94.30114787084698,49.0308,Satisfactory,3.26872,29.76166529883703,49.03079999999999
1.0,12.876923076923077,80.22820512820512,26.124953798268653,74.48176247446746,3.4164259313296372,122.5902635930357,3.0,11.533070712965666,45.16277599455306,14.860749927049897,12.294078883377102,0.8973431572804201,94.30114787084698,49.0308,Satisfactory,3.26872,29.76166529883703,49.03079999999999
1.0,12.876923076923077,80.23461538461538,26.124953798268653,74.48176247446746,3.4164259313296372,122.5902635930357,3.0,11.533070712965666,45.16277599455306,14.860749927049897,12.294078883377102,0.8973431572804201,94.30114787084698,49.0308,Satisfactory,3.26872,29.76166529883703,49.03079999999999
1.0,12.876923076923077,80.24102564102563,26.124953798268653,74.48176247446746,3.4164259313296372,122.5902635930357,3.0,11.533070712965666,45.16277599455306,14.860749927049897,12.294078883377102,0.8973431572804201,94.30114787084698,49.0308,Satisfactory,3.26872,29.76166529883703,49.03079999999999
1.0,12.876923076923077,80.24743589743589,26.124953798268653,74.48176247446746,3.4164259313296372,122.5902635930357,3.0,11.533070712965666,45.16277599455306,14.860749927049897,12.294078883377102,0.8973431572804201,94.30114787084698,48.9338,Satisfactory,3.2622533333333332,29.54601589994834,48.93379999999999
1.0,12.876923076923077,80.25384615384615,26.124953798268653,74.48176247446746,3.4164259313296372,122.5902635930357,3.0,11.533070712965666,45.16277599455306,14.860749927049897,12.294078883377102,0.8973431572804201,94.30114787084698,49.06040000000001,Satisfactory,3.270693333333334,30.20649585503092,49.0604
1.0,12.876923076923077,80.2602564102564,26.124953798268653,74.48176247446746,3.4164259313296372,122.5902635930357,3.0,11.533070712965666,45.16277599455306,14.860749927049897,12.294078883377102,0.8973431572804201,94.30114787084698,49.06040000000001,Satisfactory,3.270693333333334,30.20649585503092,49.0604
1.0,12.876923076923077,80.26666666666667,26.124953798268653,74.48176247446746,3.4164259313296372,122.5902635930357,3.0,11.533070712965666,45.16277599455306,14.860749927049897,12.294078883377102,0.8973431572804201,94.30114787084698,49.06040000000001,Satisfactory,3.270693333333334,30.20649585503092,49.0604
1.0,12.876923076923077,80.27307692307691,26.124953798268653,74.48176247446746,3.4164259313296372,122.5902635930357,3.0,11.533070712965666,45.16277599455306,14.860749927049897,12.294078883377102,0.8973431572804201,94.30114787084698,49.06040000000001,Satisfactory,3.270693333333334,30.20649585503092,49.0604
1.0,12.876923076923077,80.27948717948718,26.124953798268653,74.48176247446746,3.4164259313296372,122.5902635930357,3.0,11.533070712965666,45.16277599455306,14.860749927049897,12.294078883377102,0.8973431572804201,94.30114787084698,49.06040000000001,Satisfactory,3.270693333333334,30.20649585503092,49.0604
1.0,12.876923076923077,80.28589743589743,26.124953798268653,74.48176247446746,3.4164259313296372,122.5902635930357,3.0,11.533070712965666,45.16277599455306,14.860749927049897,12.294078883377102,0.8973431572804201,94.30114787084698,49.06040000000001,Satisfactory,3.270693333333334,30.20649585503092,49.0604
1.0,12.876923076923077,80.29230769230769,26.124953798268653,74.48176247446746,3.4164259313296372,122.5902635930357,3.0,11.533070712965666,45.16277599455306,14.860749927049897,12.294078883377102,0.8973431572804201,94.30114787084698,49.06040000000001,Satisfactory,3.270693333333334,30.20649585503092,49.0604
1.0,12.876923076923077,80.29871794871794,26.124953798268653,74.48176247446746,3.4164259313296372,122.5902635930357,3.0,11.533070712965666,45.16277599455306,14.860749927049897,12.294078883377102,0.8973431572804201,94.30114787084698,49.06040000000001,Satisfactory,3.270693333333334,30.20649585503092,49.0604
1.0,12.876923076923077,80.3051282051282,26.124953798268653,74.48176247446746,3.4164259313296372,122.5902635930357,3.0,11.533070712965666,45.16277599455306,14.860749927049897,12.294078883377102,0.8973431572804201,94.30114787084698,49.06040000000001,Satisfactory,3.270693333333334,30.20649585503092,49.0604
1.0,12.876923076923077,80.31153846153846,26.124953798268653,74.48176247446746,3.4164259313296372,122.5902635930357,3.0,11.533070712965666,45.16277599455306,14.860749927049897,12.294078883377102,0.8973431572804201,94.30114787084698,49.06040000000001,Satisfactory,3.270693333333334,30.20649585503092,49.0604
1.0,12.876923076923077,80.31794871794871,26.124953798268653,74.48176247446746,3.4164259313296372,122.5902635930357,3.0,11.533070712965666,45.16277599455306,14.860749927049897,12.294078883377102,0.8973431572804201,94.30114787084698,49.06040000000001,Satisfactory,3.270693333333334,30.20649585503092,49.0604
1.0,12.876923076923077,80.32435897435897,26.124953798268653,74.48176247446746,3.4164259313296372,122.5902635930357,3.0,11.533070712965666,45.16277599455306,14.860749927049897,12.294078883377102,0.8973431572804201,94.30114787084698,49.06040000000001,Satisfactory,3.270693333333334,30.20649585503092,49.0604
1.0,12.876923076923077,80.33076923076922,26.124953798268653,74.48176247446746,3.4164259313296372,122.5902635930357,3.0,11.533070712965666,45.16277599455306,14.860749927049897,12.294078883377102,0.8973431572804201,94.30114787084698,49.06040000000001,Satisfactory,3.270693333333334,30.20649585503092,49.0604
1.0,12.876923076923077,80.33717948717948,26.124953798268653,74.48176247446746,3.4164259313296372,122.5902635930357,3.0,11.533070712965666,45.16277599455306,14.860749927049897,12.294078883377102,0.8973431572804201,94.30114787084698,49.06040000000001,Satisfactory,3.270693333333334,30.20649585503092,49.0604
1.0,12.876923076923077,80.34358974358973,26.124953798268653,74.48176247446746,3.4164259313296372,122.5902635930357,3.0,11.533070712965666,45.16277599455306,14.860749927049897,12.294078883377102,0.8973431572804201,94.30114787084698,49.06040000000001,Satisfactory,3.270693333333334,30.20649585503092,49.0604
1.0,12.876923076923077,80.35,26.124953798268653,74.48176247446746,3.4164259313296372,122.5902635930357,3.0,11.533070712965666,45.16277599455306,14.860749927049897,12.294078883377102,0.8973431572804201,94.30114787084698,49.06040000000001,Satisfactory,3.270693333333334,30.20649585503092,49.0604
1.0,12.885897435897435,80.1,26.124953798268653,74.48176247446746,3.4164259313296372,122.5902635930357,3.0,11.533070712965666,45.16277599455306,14.860749927049897,12.294078883377102,0.8973431572804201,94.30114787084698,47.3319,Satisfactory,3.1554599999999997,26.455491063104457,47.3319
1.0,12.885897435897435,80.10641025641026,26.124953798268653,74.48176247446746,3.4164259313296372,122.5902635930357,3.0,11.533070712965666,45.16277599455306,14.860749927049897,12.294078883377102,0.8973431572804201,94.30114787084698,47.3319,Satisfactory,3.1554599999999997,26.455491063104457,47.3319
1.0,12.885897435897435,80.1128205128205,26.124953798268653,74.48176247446746,3.4164259313296372,122.5902635930357,3.0,11.533070712965666,45.16277599455306,14.860749927049897,12.294078883377102,0.8973431572804201,94.30114787084698,47.3319,Satisfactory,3.1554599999999997,26.455491063104457,47.3319
1.0,12.885897435897435,80.11923076923077,26.124953798268653,74.48176247446746,3.4164259313296372,122.5902635930357,3.0,11.533070712965666,45.16277599455306,14.860749927049897,12.294078883377102,0.8973431572804201,94.30114787084698,47.3319,Satisfactory,3.1554599999999997,26.455491063104457,47.3319
1.0,12.885897435897435,80.12564102564102,26.124953798268653,74.48176247446746,3.4164259313296372,122.5902635930357,3.0,11.533070712965666,45.16277599455306,14.860749927049897,12.294078883377102,0.8973431572804201,94.30114787084698,47.3319,Satisfactory,3.1554599999999997,26.455491063104457,47.3319
1.0,12.885897435897435,80.13205128205128,26.124953798268653,74.48176247446746,3.4164259313296372,122.5902635930357,3.0,11.533070712965666,45.16277599455306,14.860749927049897,12.294078883377102,0.8973431572804201,94.30114787084698,48.81199999999999,Satisfactory,3.254133333333333,29.842337073359392,48.81199999999999
1.0,12.885897435897435,80.13846153846153,26.124953798268653,74.48176247446746,3.4164259313296372,122.5902635930357,3.0,11.533070712965666,45.16277599455306,14.860749927049897,12.294078883377102,0.8973431572804201,94.30114787084698,48.81199999999999,Satisfactory,3.254133333333333,29.842337073359392,48.81199999999999
1.0,12.885897435897435,80.14487179487179,26.124953798268653,74.48176247446746,3.4164259313296372,122.5902635930357,3.0,11.533070712965666,45.16277599455306,14.860749927049897,12.294078883377102,0.8973431572804201,94.30114787084698,48.81199999999999,Satisfactory,3.254133333333333,29.842337073359392,48.81199999999999
1.0,12.885897435897435,80.15128205128205,26.124953798268653,74.48176247446746,3.4164259313296372,122.5902635930357,3.0,11.533070712965666,45.16277599455306,14.860749927049897,12.294078883377102,0.8973431572804201,94.30114787084698,48.81199999999999,Satisfactory,3.254133333333333,29.842337073359392,48.81199999999999
1.0,12.885897435897435,80.1576923076923,26.124953798268653,74.48176247446746,3.4164259313296372,122.5902635930357,3.0,11.533070712965666,45.16277599455306,14.860749927049897,12.294078883377102,0.8973431572804201,94.30114787084698,48.81199999999999,Satisfactory,3.254133333333333,29.842337073359392,48.81199999999999
1.0,12.885897435897435,80.16410256410256,26.124953798268653,74.48176247446746,3.4164259313296372,122.5902635930357,3.0,11.533070712965666,45.16277599455306,14.860749927049897,12.294078883377102,0.8973431572804201,94.30114787084698,48.81199999999999,Satisfactory,3.254133333333333,29.842337073359392,48.81199999999999
1.0,12.885897435897435,80.17051282051281,26.124953798268653,74.48176247446746,3.4164259313296372,122.5902635930357,3.0,11.533070712965666,45.16277599455306,14.860749927049897,12.294078883377102,0.8973431572804201,94.30114787084698,48.97699999999999,Satisfactory,3.2651333333333326,29.916034112161316,48.97699999999999
1.0,12.885897435897435,80.17692307692307,26.124953798268653,74.48176247446746,3.4164259313296372,122.5902635930357,3.0,11.533070712965666,45.16277599455306,14.860749927049897,12.294078883377102,0.8973431572804201,94.30114787084698,48.97699999999999,Satisfactory,3.2651333333333326,29.916034112161316,48.97699999999999
1.0,12.885897435897435,80.18333333333332,26.124953798268653,74.48176247446746,3.4164259313296372,122.5902635930357,3.0,11.533070712965666,45.16277599455306,14.860749927049897,12.294078883377102,0.8973431572804201,94.30114787084698,48.88789999999999,Satisfactory,3.2591933333333327,29.911194235436334,48.88789999999999
1.0,12.885897435897435,80.18974358974359,26.124953798268653,74.48176247446746,3.4164259313296372,122.5902635930357,3.0,11.533070712965666,45.16277599455306,14.860749927049897,12.294078883377102,0.8973431572804201,94.30114787084698,48.88789999999999,Satisfactory,3.2591933333333327,29.911194235436334,48.88789999999999
1.0,12.885897435897435,80.19615384615383,26.124953798268653,74.48176247446746,3.4164259313296372,122.5902635930357,3.0,11.533070712965666,45.16277599455306,14.860749927049897,12.294078883377102,0.8973431572804201,94.30114787084698,48.88789999999999,Satisfactory,3.2591933333333327,29.911194235436334,48.88789999999999
1.0,12.885897435897435,80.2025641025641,26.124953798268653,74.48176247446746,3.4164259313296372,122.5902635930357,3.0,11.533070712965666,45.16277599455306,14.860749927049897,12.294078883377102,0.8973431572804201,94.30114787084698,48.9323,Satisfactory,3.262153333333333,29.925648592971214,48.932299999999984
1.0,12.885897435897435,80.20897435897436,26.124953798268653,74.48176247446746,3.4164259313296372,122.5902635930357,3.0,11.533070712965666,45.16277599455306,14.860749927049897,12.294078883377102,0.8973431572804201,94.30114787084698,49.0308,Satisfactory,3.26872,29.76166529883703,49.03079999999999
1.0,12.885897435897435,80.21538461538461,26.124953798268653,74.48176247446746,3.4164259313296372,122.5902635930357,3.0,11.533070712965666,45.16277599455306,14.860749927049897,12.294078883377102,0.8973431572804201,94.30114787084698,49.0308,Satisfactory,3.26872,29.76166529883703,49.03079999999999
1.0,12.885897435897435,80.22179487179487,26.124953798268653,74.48176247446746,3.4164259313296372,122.5902635930357,3.0,11.533070712965666,45.16277599455306,14.860749927049897,12.294078883377102,0.8973431572804201,94.30114787084698,49.0308,Satisfactory,3.26872,29.76166529883703,49.03079999999999
1.0,12.885897435897435,80.22820512820512,26.124953798268653,74.48176247446746,3.4164259313296372,122.5902635930357,3.0,11.533070712965666,45.16277599455306,14.860749927049897,12.294078883377102,0.8973431572804201,94.30114787084698,49.0308,Satisfactory,3.26872,29.76166529883703,49.03079999999999
1.0,12.885897435897435,80.23461538461538,26.124953798268653,74.48176247446746,3.4164259313296372,122.5902635930357,3.0,11.533070712965666,45.16277599455306,14.860749927049897,12.294078883377102,0.8973431572804201,94.30114787084698,49.0308,Satisfactory,3.26872,29.76166529883703,49.03079999999999
1.0,12.885897435897435,80.24102564102563,26.124953798268653,74.48176247446746,3.4164259313296372,122.5902635930357,3.0,11.533070712965666,45.16277599455306,14.860749927049897,12.294078883377102,0.8973431572804201,94.30114787084698,49.0308,Satisfactory,3.26872,29.76166529883703,49.03079999999999
1.0,12.885897435897435,80.24743589743589,26.124953798268653,74.48176247446746,3.4164259313296372,122.5902635930357,3.0,11.533070712965666,45.16277599455306,14.860749927049897,12.294078883377102,0.8973431572804201,94.30114787084698,48.9338,Satisfactory,3.2622533333333332,29.54601589994834,48.93379999999999
1.0,12.885897435897435,80.25384615384615,26.124953798268653,74.48176247446746,3.4164259313296372,122.5902635930357,3.0,11.533070712965666,45.16277599455306,14.860749927049897,12.294078883377102,0.8973431572804201,94.30114787084698,49.06040000000001,Satisfactory,3.270693333333334,30.20649585503092,49.0604
1.0,12.885897435897435,80.2602564102564,26.124953798268653,74.48176247446746,3.4164259313296372,122.5902635930357,3.0,11.533070712965666,45.16277599455306,14.860749927049897,12.294078883377102,0.8973431572804201,94.30114787084698,49.06040000000001,Satisfactory,3.270693333333334,30.20649585503092,49.0604
1.0,12.885897435897435,80.26666666666667,26.124953798268653,74.48176247446746,3.4164259313296372,122.5902635930357,3.0,11.533070712965666,45.16277599455306,14.860749927049897,12.294078883377102,0.8973431572804201,94.30114787084698,49.06040000000001,Satisfactory,3.270693333333334,30.20649585503092,49.0604
1.0,12.885897435897435,80.27307692307691,26.124953798268653,74.48176247446746,3.4164259313296372,122.5902635930357,3.0,11.533070712965666,45.16277599455306,14.860749927049897,12.294078883377102,0.8973431572804201,94.30114787084698,49.06040000000001,Satisfactory,3.270693333333334,30.20649585503092,49.0604
1.0,12.885897435897435,80.27948717948718,26.124953798268653,74.48176247446746,3.4164259313296372,122.5902635930357,3.0,11.533070712965666,45.16277599455306,14.860749927049897,12.294078883377102,0.8973431572804201,94.30114787084698,49.06040000000001,Satisfactory,3.270693333333334,30.20649585503092,49.0604
1.0,12.885897435897435,80.28589743589743,26.124953798268653,74.48176247446746,3.4164259313296372,122.5902635930357,3.0,11.533070712965666,45.16277599455306,14.860749927049897,12.294078883377102,0.8973431572804201,94.30114787084698,49.06040000000001,Satisfactory,3.270693333333334,30.20649585503092,49.0604
1.0,12.885897435897435,80.29230769230769,26.124953798268653,74.48176247446746,3.4164259313296372,122.5902635930357,3.0,11.533070712965666,45.16277599455306,14.860749927049897,12.294078883377102,0.8973431572804201,94.30114787084698,49.06040000000001,Satisfactory,3.270693333333334,30.20649585503092,49.0604
1.0,12.885897435897435,80.29871794871794,26.124953798268653,74.48176247446746,3.4164259313296372,122.5902635930357,3.0,11.533070712965666,45.16277599455306,14.860749927049897,12.294078883377102,0.8973431572804201,94.30114787084698,49.06040000000001,Satisfactory,3.270693333333334,30.20649585503092,49.0604
1.0,12.885897435897435,80.3051282051282,26.124953798268653,74.48176247446746,3.4164259313296372,122.5902635930357,3.0,11.533070712965666,45.16277599455306,14.860749927049897,12.294078883377102,0.8973431572804201,94.30114787084698,49.06040000000001,Satisfactory,3.270693333333334,30.20649585503092,49.0604
1.0,12.885897435897435,80.31153846153846,26.124953798268653,74.48176247446746,3.4164259313296372,122.5902635930357,3.0,11.533070712965666,45.16277599455306,14.860749927049897,12.294078883377102,0.8973431572804201,94.30114787084698,49.06040000000001,Satisfactory,3.270693333333334,30.20649585503092,49.0604
1.0,12.885897435897435,80.31794871794871,26.124953798268653,74.48176247446746,3.4164259313296372,122.5902635930357,3.0,11.533070712965666,45.16277599455306,14.860749927049897,12.294078883377102,0.8973431572804201,94.30114787084698,49.06040000000001,Satisfactory,3.270693333333334,30.20649585503092,49.0604
1.0,12.885897435897435,80.32435897435897,26.124953798268653,74.48176247446746,3.4164259313296372,122.5902635930357,3.0,11.533070712965666,45.16277599455306,14.860749927049897,12.294078883377102,0.8973431572804201,94.30114787084698,49.06040000000001,Satisfactory,3.270693333333334,30.20649585503092,49.0604
1.0,12.885897435897435,80.33076923076922,26.124953798268653,74.48176247446746,3.4164259313296372,122.5902635930357,3.0,11.533070712965666,45.16277599455306,14.860749927049897,12.294078883377102,0.8973431572804201,94.30114787084698,49.06040000000001,Satisfactory,3.270693333333334,30.20649585503092,49.0604
1.0,12.885897435897435,80.33717948717948,26.124953798268653,74.48176247446746,3.4164259313296372,122.5902635930357,3.0,11.533070712965666,45.16277599455306,14.860749927049897,12.294078883377102,0.8973431572804201,94.30114787084698,49.06040000000001,Satisfactory,3.270693333333334,30.20649585503092,49.0604
1.0,12.885897435897435,80.34358974358973,26.124953798268653,74.48176247446746,3.4164259313296372,122.5902635930357,3.0,11.533070712965666,45.16277599455306,14.860749927049897,12.294078883377102,0.8973431572804201,94.30114787084698,49.06040000000001,Satisfactory,3.270693333333334,30.20649585503092,49.0604
1.0,12.885897435897435,80.35,26.124953798268653,74.48176247446746,3.4164259313296372,122.5902635930357,3.0,11.533070712965666,45.16277599455306,14.860749927049897,12.294078883377102,0.8973431572804201,94.30114787084698,49.06040000000001,Satisfactory,3.270693333333334,30.20649585503092,49.0604
1.0,12.894871794871795,80.1,26.124953798268653,74.48176247446746,3.4164259313296372,122.5902635930357,3.0,11.533070712965666,45.16277599455306,14.860749927049897,12.294078883377102,0.8973431572804201,94.30114787084698,47.3319,Satisfactory,3.1554599999999997,26.455491063104457,47.3319
1.0,12.894871794871795,80.10641025641026,26.124953798268653,74.48176247446746,3.4164259313296372,122.5902635930357,3.0,11.533070712965666,45.16277599455306,14.860749927049897,12.294078883377102,0.8973431572804201,94.30114787084698,47.3319,Satisfactory,3.1554599999999997,26.455491063104457,47.3319
1.0,12.894871794871795,80.1128205128205,26.124953798268653,74.48176247446746,3.4164259313296372,122.5902635930357,3.0,11.533070712965666,45.16277599455306,14.860749927049897,12.294078883377102,0.8973431572804201,94.30114787084698,47.3319,Satisfactory,3.1554599999999997,26.455491063104457,47.3319
1.0,12.894871794871795,80.11923076923077,26.124953798268653,74.48176247446746,3.4164259313296372,122.5902635930357,3.0,11.533070712965666,45.16277599455306,14.860749927049897,12.294078883377102,0.8973431572804201,94.30114787084698,47.3319,Satisfactory,3.1554599999999997,26.455491063104457,47.3319
1.0,12.894871794871795,80.12564102564102,26.124953798268653,74.48176247446746,3.4164259313296372,122.5902635930357,3.0,11.533070712965666,45.16277599455306,14.860749927049897,12.294078883377102,0.8973431572804201,94.30114787084698,47.3319,Satisfactory,3.1554599999999997,26.455491063104457,47.3319
1.0,12.894871794871795,80.13205128205128,26.124953798268653,74.48176247446746,3.4164259313296372,122.5902635930357,3.0,11.533070712965666,45.16277599455306,14.860749927049897,12.294078883377102,0.8973431572804201,94.30114787084698,48.81199999999999,Satisfactory,3.254133333333333,29.842337073359392,48.81199999999999
1.0,12.894871794871795,80.13846153846153,26.124953798268653,74.48176247446746,3.4164259313296372,122.5902635930357,3.0,11.533070712965666,45.16277599455306,14.860749927049897,12.294078883377102,0.8973431572804201,94.30114787084698,48.81199999999999,Satisfactory,3.254133333333333,29.842337073359392,48.81199999999999
1.0,12.894871794871795,80.14487179487179,26.124953798268653,74.48176247446746,3.4164259313296372,122.5902635930357,3.0,11.533070712965666,45.16277599455306,14.860749927049897,12.294078883377102,0.8973431572804201,94.30114787084698,48.81199999999999,Satisfactory,3.254133333333333,29.842337073359392,48.81199999999999
1.0,12.894871794871795,80.15128205128205,26.124953798268653,74.48176247446746,3.4164259313296372,122.5902635930357,3.0,11.533070712965666,45.16277599455306,14.860749927049897,12.294078883377102,0.8973431572804201,94.30114787084698,48.81199999999999,Satisfactory,3.254133333333333,29.842337073359392,48.81199999999999
1.0,12.894871794871795,80.1576923076923,26.124953798268653,74.48176247446746,3.4164259313296372,122.5902635930357,3.0,11.533070712965666,45.16277599455306,14.860749927049897,12.294078883377102,0.8973431572804201,94.30114787084698,48.81199999999999,Satisfactory,3.254133333333333,29.842337073359392,48.81199999999999
1.0,12.894871794871795,80.16410256410256,26.124953798268653,74.48176247446746,3.4164259313296372,122.5902635930357,3.0,11.533070712965666,45.16277599455306,14.860749927049897,12.294078883377102,0.8973431572804201,94.30114787084698,48.81199999999999,Satisfactory,3.254133333333333,29.842337073359392,48.81199999999999
1.0,12.894871794871795,80.17051282051281,26.124953798268653,74.48176247446746,3.4164259313296372,122.5902635930357,3.0,11.533070712965666,45.16277599455306,14.860749927049897,12.294078883377102,0.8973431572804201,94.30114787084698,48.97699999999999,Satisfactory,3.2651333333333326,29.916034112161316,48.97699999999999
1.0,12.894871794871795,80.17692307692307,26.124953798268653,74.48176247446746,3.4164259313296372,122.5902635930357,3.0,11.533070712965666,45.16277599455306,14.860749927049897,12.294078883377102,0.8973431572804201,94.30114787084698,48.97699999999999,Satisfactory,3.2651333333333326,29.916034112161316,48.97699999999999
1.0,12.894871794871795,80.18333333333332,26.124953798268653,74.48176247446746,3.4164259313296372,122.5902635930357,3.0,11.533070712965666,45.16277599455306,14.860749927049897,12.294078883377102,0.8973431572804201,94.30114787084698,48.88789999999999,Satisfactory,3.2591933333333327,29.911194235436334,48.88789999999999
1.0,12.894871794871795,80.18974358974359,26.124953798268653,74.48176247446746,3.4164259313296372,122.5902635930357,3.0,11.533070712965666,45.16277599455306,14.860749927049897,12.294078883377102,0.8973431572804201,94.30114787084698,48.88789999999999,Satisfactory,3.2591933333333327,29.911194235436334,48.88789999999999
1.0,12.894871794871795,80.19615384615383,26.124953798268653,74.48176247446746,3.4164259313296372,122.5902635930357,3.0,11.533070712965666,45.16277599455306,14.860749927049897,12.294078883377102,0.8973431572804201,94.30114787084698,48.88789999999999,Satisfactory,3.2591933333333327,29.911194235436334,48.88789999999999
1.0,12.894871794871795,80.2025641025641,26.124953798268653,74.48176247446746,3.4164259313296372,122.5902635930357,3.0,11.533070712965666,45.16277599455306,14.860749927049897,12.294078883377102,0.8973431572804201,94.30114787084698,48.9323,Satisfactory,3.262153333333333,29.925648592971214,48.932299999999984
1.0,12.894871794871795,80.20897435897436,26.124953798268653,74.48176247446746,3.4164259313296372,122.5902635930357,3.0,11.533070712965666,45.16277599455306,14.860749927049897,12.294078883377102,0.8973431572804201,94.30114787084698,49.0308,Satisfactory,3.26872,29.76166529883703,49.03079999999999
1.0,12.894871794871795,80.21538461538461,26.124953798268653,74.48176247446746,3.4164259313296372,122.5902635930357,3.0,11.533070712965666,45.16277599455306,14.860749927049897,12.294078883377102,0.8973431572804201,94.30114787084698,49.0308,Satisfactory,3.26872,29.76166529883703,49.03079999999999
1.0,12.894871794871795,80.22179487179487,26.124953798268653,74.48176247446746,3.4164259313296372,122.5902635930357,3.0,11.533070712965666,45.16277599455306,14.860749927049897,12.294078883377102,0.8973431572804201,94.30114787084698,49.0308,Satisfactory,3.26872,29.76166529883703,49.03079999999999
1.0,12.894871794871795,80.22820512820512,26.124953798268653,74.48176247446746,3.4164259313296372,122.5902635930357,3.0,11.533070712965666,45.16277599455306,14.860749927049897,12.294078883377102,0.8973431572804201,94.30114787084698,49.0308,Satisfactory,3.26872,29.76166529883703,49.03079999999999
1.0,12.894871794871795,80.23461538461538,26.124953798268653,74.48176247446746,3.4164259313296372,122.5902635930357,3.0,11.533070712965666,45.16277599455306,14.860749927049897,12.294078883377102,0.8973431572804201,94.30114787084698,49.0308,Satisfactory,3.26872,29.76166529883703,49.03079999999999
1.0,12.894871794871795,80.24102564102563,26.124953798268653,74.48176247446746,3.4164259313296372,122.5902635930357,3.0,11.533070712965666,45.16277599455306,14.860749927049897,12.294078883377102,0.8973431572804201,94.30114787084698,49.0308,Satisfactory,3.26872,29.76166529883703,49.03079999999999
1.0,12.894871794871795,80.24743589743589,26.124953798268653,74.48176247446746,3.4164259313296372,122.5902635930357,3.0,11.533070712965666,45.16277599455306,14.860749927049897,12.294078883377102,0.8973431572804201,94.30114787084698,48.9338,Satisfactory,3.2622533333333332,29.54601589994834,48.93379999999999
1.0,12.894871794871795,80.25384615384615,26.124953798268653,74.48176247446746,3.4164259313296372,122.5902635930357,3.0,11.533070712965666,45.16277599455306,14.860749927049897,12.294078883377102,0.8973431572804201,94.30114787084698,49.06040000000001,Satisfactory,3.270693333333334,30.20649585503092,49.0604
1.0,12.894871794871795,80.2602564102564,26.124953798268653,74.48176247446746,3.4164259313296372,122.5902635930357,3.0,11.533070712965666,45.16277599455306,14.860749927049897,12.294078883377102,0.8973431572804201,94.30114787084698,49.06040000000001,Satisfactory,3.270693333333334,30.20649585503092,49.0604
1.0,12.894871794871795,80.26666666666667,26.124953798268653,74.48176247446746,3.4164259313296372,122.5902635930357,3.0,11.533070712965666,45.16277599455306,14.860749927049897,12.294078883377102,0.8973431572804201,94.30114787084698,49.06040000000001,Satisfactory,3.270693333333334,30.20649585503092,49.0604
1.0,12.894871794871795,80.27307692307691,26.124953798268653,74.48176247446746,3.4164259313296372,122.5902635930357,3.0,11.533070712965666,45.16277599455306,14.860749927049897,12.294078883377102,0.8973431572804201,94.30114787084698,49.06040000000001,Satisfactory,3.270693333333334,30.20649585503092,49.0604
1.0,12.894871794871795,80.27948717948718,26.124953798268653,74.48176247446746,3.4164259313296372,122.5902635930357,3.0,11.533070712965666,45.16277599455306,14.860749927049897,12.294078883377102,0.8973431572804201,94.30114787084698,49.06040000000001,Satisfactory,3.270693333333334,30.20649585503092,49.0604
1.0,12.894871794871795,80.28589743589743,26.124953798268653,74.48176247446746,3.4164259313296372,122.5902635930357,3.0,11.533070712965666,45.16277599455306,14.860749927049897,12.294078883377102,0.8973431572804201,94.30114787084698,49.06040000000001,Satisfactory,3.270693333333334,30.20649585503092,49.0604
1.0,12.894871794871795,80.29230769230769,26.124953798268653,74.48176247446746,3.4164259313296372,122.5902635930357,3.0,11.533070712965666,45.16277599455306,14.860749927049897,12.294078883377102,0.8973431572804201,94.30114787084698,49.06040000000001,Satisfactory,3.270693333333334,30.20649585503092,49.0604
1.0,12.894871794871795,80.29871794871794,26.124953798268653,74.48176247446746,3.4164259313296372,122.5902635930357,3.0,11.533070712965666,45.16277599455306,14.860749927049897,12.294078883377102,0.8973431572804201,94.30114787084698,49.06040000000001,Satisfactory,3.270693333333334,30.20649585503092,49.0604
1.0,12.894871794871795,80.3051282051282,26.124953798268653,74.48176247446746,3.4164259313296372,122.5902635930357,3.0,11.533070712965666,45.16277599455306,14.860749927049897,12.294078883377102,0.8973431572804201,94.30114787084698,49.06040000000001,Satisfactory,3.270693333333334,30.20649585503092,49.0604
1.0,12.894871794871795,80.31153846153846,26.124953798268653,74.48176247446746,3.4164259313296372,122.5902635930357,3.0,11.533070712965666,45.16277599455306,14.860749927049897,12.294078883377102,0.8973431572804201,94.30114787084698,49.06040000000001,Satisfactory,3.270693333333334,30.20649585503092,49.0604
1.0,12.894871794871795,80.31794871794871,26.124953798268653,74.48176247446746,3.4164259313296372,122.5902635930357,3.0,11.533070712965666,45.16277599455306,14.860749927049897,12.294078883377102,0.8973431572804201,94.30114787084698,49.06040000000001,Satisfactory,3.270693333333334,30.20649585503092,49.0604
1.0,12.894871794871795,80.32435897435897,26.124953798268653,74.48176247446746,3.4164259313296372,122.5902635930357,3.0,11.533070712965666,45.16277599455306,14.860749927049897,12.294078883377102,0.8973431572804201,94.30114787084698,49.06040000000001,Satisfactory,3.270693333333334,30.20649585503092,49.0604
1.0,12.894871794871795,80.33076923076922,26.124953798268653,74.48176247446746,3.4164259313296372,122.5902635930357,3.0,11.533070712965666,45.16277599455306,14.860749927049897,12.294078883377102,0.8973431572804201,94.30114787084698,49.06040000000001,Satisfactory,3.270693333333334,30.20649585503092,49.0604
1.0,12.894871794871795,80.33717948717948,26.124953798268653,74.48176247446746,3.4164259313296372,122.5902635930357,3.0,11.533070712965666,45.16277599455306,14.860749927049897,12.294078883377102,0.8973431572804201,94.30114787084698,49.06040000000001,Satisfactory,3.270693333333334,30.20649585503092,49.0604
1.0,12.894871794871795,80.34358974358973,26.124953798268653,74.48176247446746,3.4164259313296372,122.5902635930357,3.0,11.533070712965666,45.16277599455306,14.860749927049897,12.294078883377102,0.8973431572804201,94.30114787084698,49.06040000000001,Satisfactory,3.270693333333334,30.20649585503092,49.0604
1.0,12.894871794871795,80.35,26.124953798268653,74.48176247446746,3.4164259313296372,122.5902635930357,3.0,11.533070712965666,45.16277599455306,14.860749927049897,12.294078883377102,0.8973431572804201,94.30114787084698,49.06040000000001,Satisfactory,3.270693333333334,30.20649585503092,49.0604
1.0,12.903846153846153,80.1,26.124953798268653,74.48176247446746,3.4164259313296372,122.5902635930357,3.0,11.533070712965666,45.16277599455306,14.860749927049897,12.294078883377102,0.8973431572804201,94.30114787084698,47.3319,Satisfactory,3.1554599999999997,26.455491063104457,47.3319
1.0,12.903846153846153,80.10641025641026,26.124953798268653,74.48176247446746,3.4164259313296372,122.5902635930357,3.0,11.533070712965666,45.16277599455306,14.860749927049897,12.294078883377102,0.8973431572804201,94.30114787084698,47.3319,Satisfactory,3.1554599999999997,26.455491063104457,47.3319
1.0,12.903846153846153,80.1128205128205,26.124953798268653,74.48176247446746,3.4164259313296372,122.5902635930357,3.0,11.533070712965666,45.16277599455306,14.860749927049897,12.294078883377102,0.8973431572804201,94.30114787084698,47.3319,Satisfactory,3.1554599999999997,26.455491063104457,47.3319
1.0,12.903846153846153,80.11923076923077,26.124953798268653,74.48176247446746,3.4164259313296372,122.5902635930357,3.0,11.533070712965666,45.16277599455306,14.860749927049897,12.294078883377102,0.8973431572804201,94.30114787084698,47.3319,Satisfactory,3.1554599999999997,26.455491063104457,47.3319
1.0,12.903846153846153,80.12564102564102,26.124953798268653,74.48176247446746,3.4164259313296372,122.5902635930357,3.0,11.533070712965666,45.16277599455306,14.860749927049897,12.294078883377102,0.8973431572804201,94.30114787084698,47.3319,Satisfactory,3.1554599999999997,26.455491063104457,47.3319
1.0,12.903846153846153,80.13205128205128,26.124953798268653,74.48176247446746,3.4164259313296372,122.5902635930357,3.0,11.533070712965666,45.16277599455306,14.860749927049897,12.294078883377102,0.8973431572804201,94.30114787084698,48.81199999999999,Satisfactory,3.254133333333333,29.842337073359392,48.81199999999999
1.0,12.903846153846153,80.13846153846153,26.124953798268653,74.48176247446746,3.4164259313296372,122.5902635930357,3.0,11.533070712965666,45.16277599455306,14.860749927049897,12.294078883377102,0.8973431572804201,94.30114787084698,48.81199999999999,Satisfactory,3.254133333333333,29.842337073359392,48.81199999999999
1.0,12.903846153846153,80.14487179487179,26.124953798268653,74.48176247446746,3.4164259313296372,122.5902635930357,3.0,11.533070712965666,45.16277599455306,14.860749927049897,12.294078883377102,0.8973431572804201,94.30114787084698,48.81199999999999,Satisfactory,3.254133333333333,29.842337073359392,48.81199999999999
1.0,12.903846153846153,80.15128205128205,26.124953798268653,74.48176247446746,3.4164259313296372,122.5902635930357,3.0,11.533070712965666,45.16277599455306,14.860749927049897,12.294078883377102,0.8973431572804201,94.30114787084698,48.81199999999999,Satisfactory,3.254133333333333,29.842337073359392,48.81199999999999
1.0,12.903846153846153,80.1576923076923,26.124953798268653,74.48176247446746,3.4164259313296372,122.5902635930357,3.0,11.533070712965666,45.16277599455306,14.860749927049897,12.294078883377102,0.8973431572804201,94.30114787084698,48.81199999999999,Satisfactory,3.254133333333333,29.842337073359392,48.81199999999999
1.0,12.903846153846153,80.16410256410256,26.124953798268653,74.48176247446746,3.4164259313296372,122.5902635930357,3.0,11.533070712965666,45.16277599455306,14.860749927049897,12.294078883377102,0.8973431572804201,94.30114787084698,48.81199999999999,Satisfactory,3.254133333333333,29.842337073359392,48.81199999999999
1.0,12.903846153846153,80.17051282051281,26.124953798268653,74.48176247446746,3.4164259313296372,122.5902635930357,3.0,11.533070712965666,45.16277599455306,14.860749927049897,12.294078883377102,0.8973431572804201,94.30114787084698,48.97699999999999,Satisfactory,3.2651333333333326,29.916034112161316,48.97699999999999
1.0,12.903846153846153,80.17692307692307,26.124953798268653,74.48176247446746,3.4164259313296372,122.5902635930357,3.0,11.533070712965666,45.16277599455306,14.860749927049897,12.294078883377102,0.8973431572804201,94.30114787084698,48.97699999999999,Satisfactory,3.2651333333333326,29.916034112161316,48.97699999999999
1.0,12.903846153846153,80.18333333333332,26.124953798268653,74.48176247446746,3.4164259313296372,122.5902635930357,3.0,11.533070712965666,45.16277599455306,14.860749927049897,12.294078883377102,0.8973431572804201,94.30114787084698,48.88789999999999,Satisfactory,3.2591933333333327,29.911194235436334,48.88789999999999
1.0,12.903846153846153,80.18974358974359,26.124953798268653,74.48176247446746,3.4164259313296372,122.5902635930357,3.0,11.533070712965666,45.16277599455306,14.860749927049897,12.294078883377102,0.8973431572804201,94.30114787084698,48.88789999999999,Satisfactory,3.2591933333333327,29.911194235436334,48.88789999999999
1.0,12.903846153846153,80.19615384615383,26.124953798268653,74.48176247446746,3.4164259313296372,122.5902635930357,3.0,11.533070712965666,45.16277599455306,14.860749927049897,12.294078883377102,0.8973431572804201,94.30114787084698,48.88789999999999,Satisfactory,3.2591933333333327,29.911194235436334,48.88789999999999
1.0,12.903846153846153,80.2025641025641,26.124953798268653,74.48176247446746,3.4164259313296372,122.5902635930357,3.0,11.533070712965666,45.16277599455306,14.860749927049897,12.294078883377102,0.8973431572804201,94.30114787084698,48.9323,Satisfactory,3.262153333333333,29.925648592971214,48.932299999999984
1.0,12.903846153846153,80.20897435897436,26.124953798268653,74.48176247446746,3.4164259313296372,122.5902635930357,3.0,11.533070712965666,45.16277599455306,14.860749927049897,12.294078883377102,0.8973431572804201,94.30114787084698,49.0308,Satisfactory,3.26872,29.76166529883703,49.03079999999999
1.0,12.903846153846153,80.21538461538461,26.124953798268653,74.48176247446746,3.4164259313296372,122.5902635930357,3.0,11.533070712965666,45.16277599455306,14.860749927049897,12.294078883377102,0.8973431572804201,94.30114787084698,49.0308,Satisfactory,3.26872,29.76166529883703,49.03079999999999
1.0,12.903846153846153,80.22179487179487,26.124953798268653,74.48176247446746,3.4164259313296372,122.5902635930357,3.0,11.533070712965666,45.16277599455306,14.860749927049897,12.294078883377102,0.8973431572804201,94.30114787084698,49.0308,Satisfactory,3.26872,29.76166529883703,49.03079999999999
1.0,12.903846153846153,80.22820512820512,26.124953798268653,74.48176247446746,3.4164259313296372,122.5902635930357,3.0,11.533070712965666,45.16277599455306,14.860749927049897,12.294078883377102,0.8973431572804201,94.30114787084698,49.0308,Satisfactory,3.26872,29.76166529883703,49.03079999999999
1.0,12.903846153846153,80.23461538461538,26.124953798268653,74.48176247446746,3.4164259313296372,122.5902635930357,3.0,11.533070712965666,45.16277599455306,14.860749927049897,12.294078883377102,0.8973431572804201,94.30114787084698,49.0308,Satisfactory,3.26872,29.76166529883703,49.03079999999999
1.0,12.903846153846153,80.24102564102563,26.124953798268653,74.48176247446746,3.4164259313296372,122.5902635930357,3.0,11.533070712965666,45.16277599455306,14.860749927049897,12.294078883377102,0.8973431572804201,94.30114787084698,49.0308,Satisfactory,3.26872,29.76166529883703,49.03079999999999
1.0,12.903846153846153,80.24743589743589,26.124953798268653,74.48176247446746,3.4164259313296372,122.5902635930357,3.0,11.533070712965666,45.16277599455306,14.860749927049897,12.294078883377102,0.8973431572804201,94.30114787084698,48.9338,Satisfactory,3.2622533333333332,29.54601589994834,48.93379999999999
1.0,12.903846153846153,80.25384615384615,26.124953798268653,74.48176247446746,3.4164259313296372,122.5902635930357,3.0,11.533070712965666,45.16277599455306,14.860749927049897,12.294078883377102,0.8973431572804201,94.30114787084698,49.06040000000001,Satisfactory,3.270693333333334,30.20649585503092,49.0604
1.0,12.903846153846153,80.2602564102564,26.124953798268653,74.48176247446746,3.4164259313296372,122.5902635930357,3.0,11.533070712965666,45.16277599455306,14.860749927049897,12.294078883377102,0.8973431572804201,94.30114787084698,49.06040000000001,Satisfactory,3.270693333333334,30.20649585503092,49.0604
1.0,12.903846153846153,80.26666666666667,26.124953798268653,74.48176247446746,3.4164259313296372,122.5902635930357,3.0,11.533070712965666,45.16277599455306,14.860749927049897,12.294078883377102,0.8973431572804201,94.30114787084698,49.06040000000001,Satisfactory,3.270693333333334,30.20649585503092,49.0604
1.0,12.903846153846153,80.27307692307691,26.124953798268653,74.48176247446746,3.4164259313296372,122.5902635930357,3.0,11.533070712965666,45.16277599455306,14.860749927049897,12.294078883377102,0.8973431572804201,94.30114787084698,49.06040000000001,Satisfactory,3.270693333333334,30.20649585503092,49.0604
1.0,12.903846153846153,80.27948717948718,26.124953798268653,74.48176247446746,3.4164259313296372,122.5902635930357,3.0,11.533070712965666,45.16277599455306,14.860749927049897,12.294078883377102,0.8973431572804201,94.30114787084698,49.06040000000001,Satisfactory,3.270693333333334,30.20649585503092,49.0604
1.0,12.903846153846153,80.28589743589743,26.124953798268653,74.48176247446746,3.4164259313296372,122.5902635930357,3.0,11.533070712965666,45.16277599455306,14.860749927049897,12.294078883377102,0.8973431572804201,94.30114787084698,49.06040000000001,Satisfactory,3.270693333333334,30.20649585503092,49.0604
1.0,12.903846153846153,80.29230769230769,26.124953798268653,74.48176247446746,3.4164259313296372,122.5902635930357,3.0,11.533070712965666,45.16277599455306,14.860749927049897,12.294078883377102,0.8973431572804201,94.30114787084698,49.06040000000001,Satisfactory,3.270693333333334,30.20649585503092,49.0604
1.0,12.903846153846153,80.29871794871794,26.124953798268653,74.48176247446746,3.4164259313296372,122.5902635930357,3.0,11.533070712965666,45.16277599455306,14.860749927049897,12.294078883377102,0.8973431572804201,94.30114787084698,49.06040000000001,Satisfactory,3.270693333333334,30.20649585503092,49.0604
1.0,12.903846153846153,80.3051282051282,26.124953798268653,74.48176247446746,3.4164259313296372,122.5902635930357,3.0,11.533070712965666,45.16277599455306,14.860749927049897,12.294078883377102,0.8973431572804201,94.30114787084698,49.06040000000001,Satisfactory,3.270693333333334,30.20649585503092,49.0604
1.0,12.903846153846153,80.31153846153846,26.124953798268653,74.48176247446746,3.4164259313296372,122.5902635930357,3.0,11.533070712965666,45.16277599455306,14.860749927049897,12.294078883377102,0.8973431572804201,94.30114787084698,49.06040000000001,Satisfactory,3.270693333333334,30.20649585503092,49.0604
1.0,12.903846153846153,80.31794871794871,26.124953798268653,74.48176247446746,3.4164259313296372,122.5902635930357,3.0,11.533070712965666,45.16277599455306,14.860749927049897,12.294078883377102,0.8973431572804201,94.30114787084698,49.06040000000001,Satisfactory,3.270693333333334,30.20649585503092,49.0604
1.0,12.903846153846153,80.32435897435897,26.124953798268653,74.48176247446746,3.4164259313296372,122.5902635930357,3.0,11.533070712965666,45.16277599455306,14.860749927049897,12.294078883377102,0.8973431572804201,94.30114787084698,49.06040000000001,Satisfactory,3.270693333333334,30.20649585503092,49.0604
1.0,12.903846153846153,80.33076923076922,26.124953798268653,74.48176247446746,3.4164259313296372,122.5902635930357,3.0,11.533070712965666,45.16277599455306,14.860749927049897,12.294078883377102,0.8973431572804201,94.30114787084698,49.06040000000001,Satisfactory,3.270693333333334,30.20649585503092,49.0604
1.0,12.903846153846153,80.33717948717948,26.124953798268653,74.48176247446746,3.4164259313296372,122.5902635930357,3.0,11.533070712965666,45.16277599455306,14.860749927049897,12.294078883377102,0.8973431572804201,94.30114787084698,49.06040000000001,Satisfactory,3.270693333333334,30.20649585503092,49.0604
1.0,12.903846153846153,80.34358974358973,26.124953798268653,74.48176247446746,3.4164259313296372,122.5902635930357,3.0,11.533070712965666,45.16277599455306,14.860749927049897,12.294078883377102,0.8973431572804201,94.30114787084698,49.06040000000001,Satisfactory,3.270693333333334,30.20649585503092,49.0604
1.0,12.903846153846153,80.35,26.124953798268653,74.48176247446746,3.4164259313296372,122.5902635930357,3.0,11.533070712965666,45.16277599455306,14.860749927049897,12.294078883377102,0.8973431572804201,94.30114787084698,49.06040000000001,Satisfactory,3.270693333333334,30.20649585503092,49.0604
1.0,12.912820512820513,80.1,26.124953798268653,74.48176247446746,3.4164259313296372,122.5902635930357,3.0,11.533070712965666,45.16277599455306,14.860749927049897,12.294078883377102,0.8973431572804201,94.30114787084698,47.3319,Satisfactory,3.1554599999999997,26.455491063104457,47.3319
1.0,12.912820512820513,80.10641025641026,26.124953798268653,74.48176247446746,3.4164259313296372,122.5902635930357,3.0,11.533070712965666,45.16277599455306,14.860749927049897,12.294078883377102,0.8973431572804201,94.30114787084698,47.3319,Satisfactory,3.1554599999999997,26.455491063104457,47.3319
1.0,12.912820512820513,80.1128205128205,26.124953798268653,74.48176247446746,3.4164259313296372,122.5902635930357,3.0,11.533070712965666,45.16277599455306,14.860749927049897,12.294078883377102,0.8973431572804201,94.30114787084698,47.3319,Satisfactory,3.1554599999999997,26.455491063104457,47.3319
1.0,12.912820512820513,80.11923076923077,26.124953798268653,74.48176247446746,3.4164259313296372,122.5902635930357,3.0,11.533070712965666,45.16277599455306,14.860749927049897,12.294078883377102,0.8973431572804201,94.30114787084698,47.3319,Satisfactory,3.1554599999999997,26.455491063104457,47.3319
1.0,12.912820512820513,80.12564102564102,26.124953798268653,74.48176247446746,3.4164259313296372,122.5902635930357,3.0,11.533070712965666,45.16277599455306,14.860749927049897,12.294078883377102,0.8973431572804201,94.30114787084698,47.3319,Satisfactory,3.1554599999999997,26.455491063104457,47.3319
1.0,12.912820512820513,80.13205128205128,26.124953798268653,74.48176247446746,3.4164259313296372,122.5902635930357,3.0,11.533070712965666,45.16277599455306,14.860749927049897,12.294078883377102,0.8973431572804201,94.30114787084698,48.81199999999999,Satisfactory,3.254133333333333,29.842337073359392,48.81199999999999
1.0,12.912820512820513,80.13846153846153,26.124953798268653,74.48176247446746,3.4164259313296372,122.5902635930357,3.0,11.533070712965666,45.16277599455306,14.860749927049897,12.294078883377102,0.8973431572804201,94.30114787084698,48.81199999999999,Satisfactory,3.254133333333333,29.842337073359392,48.81199999999999
1.0,12.912820512820513,80.14487179487179,26.124953798268653,74.48176247446746,3.4164259313296372,122.5902635930357,3.0,11.533070712965666,45.16277599455306,14.860749927049897,12.294078883377102,0.8973431572804201,94.30114787084698,48.81199999999999,Satisfactory,3.254133333333333,29.842337073359392,48.81199999999999
1.0,12.912820512820513,80.15128205128205,26.124953798268653,74.48176247446746,3.4164259313296372,122.5902635930357,3.0,11.533070712965666,45.16277599455306,14.860749927049897,12.294078883377102,0.8973431572804201,94.30114787084698,48.81199999999999,Satisfactory,3.254133333333333,29.842337073359392,48.81199999999999
1.0,12.912820512820513,80.1576923076923,26.124953798268653,74.48176247446746,3.4164259313296372,122.5902635930357,3.0,11.533070712965666,45.16277599455306,14.860749927049897,12.294078883377102,0.8973431572804201,94.30114787084698,48.81199999999999,Satisfactory,3.254133333333333,29.842337073359392,48.81199999999999
1.0,12.912820512820513,80.16410256410256,26.124953798268653,74.48176247446746,3.4164259313296372,122.5902635930357,3.0,11.533070712965666,45.16277599455306,14.860749927049897,12.294078883377102,0.8973431572804201,94.30114787084698,48.81199999999999,Satisfactory,3.254133333333333,29.842337073359392,48.81199999999999
1.0,12.912820512820513,80.17051282051281,26.124953798268653,74.48176247446746,3.4164259313296372,122.5902635930357,3.0,11.533070712965666,45.16277599455306,14.860749927049897,12.294078883377102,0.8973431572804201,94.30114787084698,48.97699999999999,Satisfactory,3.2651333333333326,29.916034112161316,48.97699999999999
1.0,12.912820512820513,80.17692307692307,26.124953798268653,74.48176247446746,3.4164259313296372,122.5902635930357,3.0,11.533070712965666,45.16277599455306,14.860749927049897,12.294078883377102,0.8973431572804201,94.30114787084698,48.97699999999999,Satisfactory,3.2651333333333326,29.916034112161316,48.97699999999999
1.0,12.912820512820513,80.18333333333332,26.124953798268653,74.48176247446746,3.4164259313296372,122.5902635930357,3.0,11.533070712965666,45.16277599455306,14.860749927049897,12.294078883377102,0.8973431572804201,94.30114787084698,48.88789999999999,Satisfactory,3.2591933333333327,29.911194235436334,48.88789999999999
1.0,12.912820512820513,80.18974358974359,26.124953798268653,74.48176247446746,3.4164259313296372,122.5902635930357,3.0,11.533070712965666,45.16277599455306,14.860749927049897,12.294078883377102,0.8973431572804201,94.30114787084698,48.88789999999999,Satisfactory,3.2591933333333327,29.911194235436334,48.88789999999999
1.0,12.912820512820513,80.19615384615383,26.124953798268653,74.48176247446746,3.4164259313296372,122.5902635930357,3.0,11.533070712965666,45.16277599455306,14.860749927049897,12.294078883377102,0.8973431572804201,94.30114787084698,48.88789999999999,Satisfactory,3.2591933333333327,29.911194235436334,48.88789999999999
1.0,12.912820512820513,80.2025641025641,26.124953798268653,74.48176247446746,3.4164259313296372,122.5902635930357,3.0,11.533070712965666,45.16277599455306,14.860749927049897,12.294078883377102,0.8973431572804201,94.30114787084698,48.9323,Satisfactory,3.262153333333333,29.925648592971214,48.932299999999984
1.0,12.912820512820513,80.20897435897436,26.124953798268653,74.48176247446746,3.4164259313296372,122.5902635930357,3.0,11.533070712965666,45.16277599455306,14.860749927049897,12.294078883377102,0.8973431572804201,94.30114787084698,49.0308,Satisfactory,3.26872,29.76166529883703,49.03079999999999
1.0,12.912820512820513,80.21538461538461,26.124953798268653,74.48176247446746,3.4164259313296372,122.5902635930357,3.0,11.533070712965666,45.16277599455306,14.860749927049897,12.294078883377102,0.8973431572804201,94.30114787084698,49.0308,Satisfactory,3.26872,29.76166529883703,49.03079999999999
1.0,12.912820512820513,80.22179487179487,26.124953798268653,74.48176247446746,3.4164259313296372,122.5902635930357,3.0,11.533070712965666,45.16277599455306,14.860749927049897,12.294078883377102,0.8973431572804201,94.30114787084698,49.0308,Satisfactory,3.26872,29.76166529883703,49.03079999999999
1.0,12.912820512820513,80.22820512820512,26.124953798268653,74.48176247446746,3.4164259313296372,122.5902635930357,3.0,11.533070712965666,45.16277599455306,14.860749927049897,12.294078883377102,0.8973431572804201,94.30114787084698,49.0308,Satisfactory,3.26872,29.76166529883703,49.03079999999999
1.0,12.912820512820513,80.23461538461538,26.124953798268653,74.48176247446746,3.4164259313296372,122.5902635930357,3.0,11.533070712965666,45.16277599455306,14.860749927049897,12.294078883377102,0.8973431572804201,94.30114787084698,49.0308,Satisfactory,3.26872,29.76166529883703,49.03079999999999
1.0,12.912820512820513,80.24102564102563,26.124953798268653,74.48176247446746,3.4164259313296372,122.5902635930357,3.0,11.533070712965666,45.16277599455306,14.860749927049897,12.294078883377102,0.8973431572804201,94.30114787084698,49.0308,Satisfactory,3.26872,29.76166529883703,49.03079999999999
1.0,12.912820512820513,80.24743589743589,26.124953798268653,74.48176247446746,3.4164259313296372,122.5902635930357,3.0,11.533070712965666,45.16277599455306,14.860749927049897,12.294078883377102,0.8973431572804201,94.30114787084698,48.9338,Satisfactory,3.2622533333333332,29.54601589994834,48.93379999999999
1.0,12.912820512820513,80.25384615384615,26.124953798268653,74.48176247446746,3.4164259313296372,122.5902635930357,3.0,11.533070712965666,45.16277599455306,14.860749927049897,12.294078883377102,0.8973431572804201,94.30114787084698,49.06040000000001,Satisfactory,3.270693333333334,30.20649585503092,49.0604
1.0,12.912820512820513,80.2602564102564,26.124953798268653,74.48176247446746,3.4164259313296372,122.5902635930357,3.0,11.533070712965666,45.16277599455306,14.860749927049897,12.294078883377102,0.8973431572804201,94.30114787084698,49.06040000000001,Satisfactory,3.270693333333334,30.20649585503092,49.0604
1.0,12.912820512820513,80.26666666666667,26.124953798268653,74.48176247446746,3.4164259313296372,122.5902635930357,3.0,11.533070712965666,45.16277599455306,14.860749927049897,12.294078883377102,0.8973431572804201,94.30114787084698,49.06040000000001,Satisfactory,3.270693333333334,30.20649585503092,49.0604
1.0,12.912820512820513,80.27307692307691,26.124953798268653,74.48176247446746,3.4164259313296372,122.5902635930357,3.0,11.533070712965666,45.16277599455306,14.860749927049897,12.294078883377102,0.8973431572804201,94.30114787084698,49.06040000000001,Satisfactory,3.270693333333334,30.20649585503092,49.0604
1.0,12.912820512820513,80.27948717948718,26.124953798268653,74.48176247446746,3.4164259313296372,122.5902635930357,3.0,11.533070712965666,45.16277599455306,14.860749927049897,12.294078883377102,0.8973431572804201,94.30114787084698,49.06040000000001,Satisfactory,3.270693333333334,30.20649585503092,49.0604
1.0,12.912820512820513,80.28589743589743,26.124953798268653,74.48176247446746,3.4164259313296372,122.5902635930357,3.0,11.533070712965666,45.16277599455306,14.860749927049897,12.294078883377102,0.8973431572804201,94.30114787084698,49.06040000000001,Satisfactory,3.270693333333334,30.20649585503092,49.0604
1.0,12.912820512820513,80.29230769230769,26.124953798268653,74.48176247446746,3.4164259313296372,122.5902635930357,3.0,11.533070712965666,45.16277599455306,14.860749927049897,12.294078883377102,0.8973431572804201,94.30114787084698,49.06040000000001,Satisfactory,3.270693333333334,30.20649585503092,49.0604
1.0,12.912820512820513,80.29871794871794,26.124953798268653,74.48176247446746,3.4164259313296372,122.5902635930357,3.0,11.533070712965666,45.16277599455306,14.860749927049897,12.294078883377102,0.8973431572804201,94.30114787084698,49.06040000000001,Satisfactory,3.270693333333334,30.20649585503092,49.0604
1.0,12.912820512820513,80.3051282051282,26.124953798268653,74.48176247446746,3.4164259313296372,122.5902635930357,3.0,11.533070712965666,45.16277599455306,14.860749927049897,12.294078883377102,0.8973431572804201,94.30114787084698,49.06040000000001,Satisfactory,3.270693333333334,30.20649585503092,49.0604
1.0,12.912820512820513,80.31153846153846,26.124953798268653,74.48176247446746,3.4164259313296372,122.5902635930357,3.0,11.533070712965666,45.16277599455306,14.860749927049897,12.294078883377102,0.8973431572804201,94.30114787084698,49.06040000000001,Satisfactory,3.270693333333334,30.20649585503092,49.0604
1.0,12.912820512820513,80.31794871794871,26.124953798268653,74.48176247446746,3.4164259313296372,122.5902635930357,3.0,11.533070712965666,45.16277599455306,14.860749927049897,12.294078883377102,0.8973431572804201,94.30114787084698,49.06040000000001,Satisfactory,3.270693333333334,30.20649585503092,49.0604
1.0,12.912820512820513,80.32435897435897,26.124953798268653,74.48176247446746,3.4164259313296372,122.5902635930357,3.0,11.533070712965666,45.16277599455306,14.860749927049897,12.294078883377102,0.8973431572804201,94.30114787084698,49.06040000000001,Satisfactory,3.270693333333334,30.20649585503092,49.0604
1.0,12.912820512820513,80.33076923076922,26.124953798268653,74.48176247446746,3.4164259313296372,122.5902635930357,3.0,11.533070712965666,45.16277599455306,14.860749927049897,12.294078883377102,0.8973431572804201,94.30114787084698,49.06040000000001,Satisfactory,3.270693333333334,30.20649585503092,49.0604
1.0,12.912820512820513,80.33717948717948,26.124953798268653,74.48176247446746,3.4164259313296372,122.5902635930357,3.0,11.533070712965666,45.16277599455306,14.860749927049897,12.294078883377102,0.8973431572804201,94.30114787084698,49.06040000000001,Satisfactory,3.270693333333334,30.20649585503092,49.0604
1.0,12.912820512820513,80.34358974358973,26.124953798268653,74.48176247446746,3.4164259313296372,122.5902635930357,3.0,11.533070712965666,45.16277599455306,14.860749927049897,12.294078883377102,0.8973431572804201,94.30114787084698,49.06040000000001,Satisfactory,3.270693333333334,30.20649585503092,49.0604
1.0,12.912820512820513,80.35,26.124953798268653,74.48176247446746,3.4164259313296372,122.5902635930357,3.0,11.533070712965666,45.16277599455306,14.860749927049897,12.294078883377102,0.8973431572804201,94.30114787084698,49.06040000000001,Satisfactory,3.270693333333334,30.20649585503092,49.0604
1.0,12.921794871794871,80.1,26.124953798268653,74.48176247446746,3.4164259313296372,122.5902635930357,3.0,11.533070712965666,45.16277599455306,14.860749927049897,12.294078883377102,0.8973431572804201,94.30114787084698,47.3319,Satisfactory,3.1554599999999997,26.455491063104457,47.3319
1.0,12.921794871794871,80.10641025641026,26.124953798268653,74.48176247446746,3.4164259313296372,122.5902635930357,3.0,11.533070712965666,45.16277599455306,14.860749927049897,12.294078883377102,0.8973431572804201,94.30114787084698,47.3319,Satisfactory,3.1554599999999997,26.455491063104457,47.3319
1.0,12.921794871794871,80.1128205128205,26.124953798268653,74.48176247446746,3.4164259313296372,122.5902635930357,3.0,11.533070712965666,45.16277599455306,14.860749927049897,12.294078883377102,0.8973431572804201,94.30114787084698,47.3319,Satisfactory,3.1554599999999997,26.455491063104457,47.3319
1.0,12.921794871794871,80.11923076923077,26.124953798268653,74.48176247446746,3.4164259313296372,122.5902635930357,3.0,11.533070712965666,45.16277599455306,14.860749927049897,12.294078883377102,0.8973431572804201,94.30114787084698,47.3319,Satisfactory,3.1554599999999997,26.455491063104457,47.3319
1.0,12.921794871794871,80.12564102564102,26.124953798268653,74.48176247446746,3.4164259313296372,122.5902635930357,3.0,11.533070712965666,45.16277599455306,14.860749927049897,12.294078883377102,0.8973431572804201,94.30114787084698,47.3319,Satisfactory,3.1554599999999997,26.455491063104457,47.3319
1.0,12.921794871794871,80.13205128205128,26.124953798268653,74.48176247446746,3.4164259313296372,122.5902635930357,3.0,11.533070712965666,45.16277599455306,14.860749927049897,12.294078883377102,0.8973431572804201,94.30114787084698,48.81199999999999,Satisfactory,3.254133333333333,29.842337073359392,48.81199999999999
1.0,12.921794871794871,80.13846153846153,26.124953798268653,74.48176247446746,3.4164259313296372,122.5902635930357,3.0,11.533070712965666,45.16277599455306,14.860749927049897,12.294078883377102,0.8973431572804201,94.30114787084698,48.81199999999999,Satisfactory,3.254133333333333,29.842337073359392,48.81199999999999
1.0,12.921794871794871,80.14487179487179,26.124953798268653,74.48176247446746,3.4164259313296372,122.5902635930357,3.0,11.533070712965666,45.16277599455306,14.860749927049897,12.294078883377102,0.8973431572804201,94.30114787084698,48.81199999999999,Satisfactory,3.254133333333333,29.842337073359392,48.81199999999999
1.0,12.921794871794871,80.15128205128205,26.124953798268653,74.48176247446746,3.4164259313296372,122.5902635930357,3.0,11.533070712965666,45.16277599455306,14.860749927049897,12.294078883377102,0.8973431572804201,94.30114787084698,48.81199999999999,Satisfactory,3.254133333333333,29.842337073359392,48.81199999999999
1.0,12.921794871794871,80.1576923076923,26.124953798268653,74.48176247446746,3.4164259313296372,122.5902635930357,3.0,11.533070712965666,45.16277599455306,14.860749927049897,12.294078883377102,0.8973431572804201,94.30114787084698,48.81199999999999,Satisfactory,3.254133333333333,29.842337073359392,48.81199999999999
1.0,12.921794871794871,80.16410256410256,26.124953798268653,74.48176247446746,3.4164259313296372,122.5902635930357,3.0,11.533070712965666,45.16277599455306,14.860749927049897,12.294078883377102,0.8973431572804201,94.30114787084698,48.81199999999999,Satisfactory,3.254133333333333,29.842337073359392,48.81199999999999
1.0,12.921794871794871,80.17051282051281,26.124953798268653,74.48176247446746,3.4164259313296372,122.5902635930357,3.0,11.533070712965666,45.16277599455306,14.860749927049897,12.294078883377102,0.8973431572804201,94.30114787084698,48.97699999999999,Satisfactory,3.2651333333333326,29.916034112161316,48.97699999999999
1.0,12.921794871794871,80.17692307692307,26.124953798268653,74.48176247446746,3.4164259313296372,122.5902635930357,3.0,11.533070712965666,45.16277599455306,14.860749927049897,12.294078883377102,0.8973431572804201,94.30114787084698,48.97699999999999,Satisfactory,3.2651333333333326,29.916034112161316,48.97699999999999
1.0,12.921794871794871,80.18333333333332,26.124953798268653,74.48176247446746,3.4164259313296372,122.5902635930357,3.0,11.533070712965666,45.16277599455306,14.860749927049897,12.294078883377102,0.8973431572804201,94.30114787084698,48.88789999999999,Satisfactory,3.2591933333333327,29.911194235436334,48.88789999999999
1.0,12.921794871794871,80.18974358974359,26.124953798268653,74.48176247446746,3.4164259313296372,122.5902635930357,3.0,11.533070712965666,45.16277599455306,14.860749927049897,12.294078883377102,0.8973431572804201,94.30114787084698,48.88789999999999,Satisfactory,3.2591933333333327,29.911194235436334,48.88789999999999
1.0,12.921794871794871,80.19615384615383,26.124953798268653,74.48176247446746,3.4164259313296372,122.5902635930357,3.0,11.533070712965666,45.16277599455306,14.860749927049897,12.294078883377102,0.8973431572804201,94.30114787084698,48.88789999999999,Satisfactory,3.2591933333333327,29.911194235436334,48.88789999999999
1.0,12.921794871794871,80.2025641025641,26.124953798268653,74.48176247446746,3.4164259313296372,122.5902635930357,3.0,11.533070712965666,45.16277599455306,14.860749927049897,12.294078883377102,0.8973431572804201,94.30114787084698,48.9323,Satisfactory,3.262153333333333,29.925648592971214,48.932299999999984
1.0,12.921794871794871,80.20897435897436,26.124953798268653,74.48176247446746,3.4164259313296372,122.5902635930357,3.0,11.533070712965666,45.16277599455306,14.860749927049897,12.294078883377102,0.8973431572804201,94.30114787084698,49.0308,Satisfactory,3.26872,29.76166529883703,49.03079999999999
1.0,12.921794871794871,80.21538461538461,26.124953798268653,74.48176247446746,3.4164259313296372,122.5902635930357,3.0,11.533070712965666,45.16277599455306,14.860749927049897,12.294078883377102,0.8973431572804201,94.30114787084698,49.0308,Satisfactory,3.26872,29.76166529883703,49.03079999999999
1.0,12.921794871794871,80.22179487179487,26.124953798268653,74.48176247446746,3.4164259313296372,122.5902635930357,3.0,11.533070712965666,45.16277599455306,14.860749927049897,12.294078883377102,0.8973431572804201,94.30114787084698,49.0308,Satisfactory,3.26872,29.76166529883703,49.03079999999999
1.0,12.921794871794871,80.22820512820512,26.124953798268653,74.48176247446746,3.4164259313296372,122.5902635930357,3.0,11.533070712965666,45.16277599455306,14.860749927049897,12.294078883377102,0.8973431572804201,94.30114787084698,49.0308,Satisfactory,3.26872,29.76166529883703,49.03079999999999
1.0,12.921794871794871,80.23461538461538,26.124953798268653,74.48176247446746,3.4164259313296372,122.5902635930357,3.0,11.533070712965666,45.16277599455306,14.860749927049897,12.294078883377102,0.8973431572804201,94.30114787084698,49.0308,Satisfactory,3.26872,29.76166529883703,49.03079999999999
1.0,12.921794871794871,80.24102564102563,26.124953798268653,74.48176247446746,3.4164259313296372,122.5902635930357,3.0,11.533070712965666,45.16277599455306,14.860749927049897,12.294078883377102,0.8973431572804201,94.30114787084698,49.0308,Satisfactory,3.26872,29.76166529883703,49.03079999999999
1.0,12.921794871794871,80.24743589743589,26.124953798268653,74.48176247446746,3.4164259313296372,122.5902635930357,3.0,11.533070712965666,45.16277599455306,14.860749927049897,12.294078883377102,0.8973431572804201,94.30114787084698,48.9338,Satisfactory,3.2622533333333332,29.54601589994834,48.93379999999999
1.0,12.921794871794871,80.25384615384615,26.124953798268653,74.48176247446746,3.4164259313296372,122.5902635930357,3.0,11.533070712965666,45.16277599455306,14.860749927049897,12.294078883377102,0.8973431572804201,94.30114787084698,49.06040000000001,Satisfactory,3.270693333333334,30.20649585503092,49.0604
1.0,12.921794871794871,80.2602564102564,26.124953798268653,74.48176247446746,3.4164259313296372,122.5902635930357,3.0,11.533070712965666,45.16277599455306,14.860749927049897,12.294078883377102,0.8973431572804201,94.30114787084698,49.06040000000001,Satisfactory,3.270693333333334,30.20649585503092,49.0604
1.0,12.921794871794871,80.26666666666667,26.124953798268653,74.48176247446746,3.4164259313296372,122.5902635930357,3.0,11.533070712965666,45.16277599455306,14.860749927049897,12.294078883377102,0.8973431572804201,94.30114787084698,49.06040000000001,Satisfactory,3.270693333333334,30.20649585503092,49.0604
1.0,12.921794871794871,80.27307692307691,26.124953798268653,74.48176247446746,3.4164259313296372,122.5902635930357,3.0,11.533070712965666,45.16277599455306,14.860749927049897,12.294078883377102,0.8973431572804201,94.30114787084698,49.06040000000001,Satisfactory,3.270693333333334,30.20649585503092,49.0604
1.0,12.921794871794871,80.27948717948718,26.124953798268653,74.48176247446746,3.4164259313296372,122.5902635930357,3.0,11.533070712965666,45.16277599455306,14.860749927049897,12.294078883377102,0.8973431572804201,94.30114787084698,49.06040000000001,Satisfactory,3.270693333333334,30.20649585503092,49.0604
1.0,12.921794871794871,80.28589743589743,26.124953798268653,74.48176247446746,3.4164259313296372,122.5902635930357,3.0,11.533070712965666,45.16277599455306,14.860749927049897,12.294078883377102,0.8973431572804201,94.30114787084698,49.06040000000001,Satisfactory,3.270693333333334,30.20649585503092,49.0604
1.0,12.921794871794871,80.29230769230769,26.124953798268653,74.48176247446746,3.4164259313296372,122.5902635930357,3.0,11.533070712965666,45.16277599455306,14.860749927049897,12.294078883377102,0.8973431572804201,94.30114787084698,49.06040000000001,Satisfactory,3.270693333333334,30.20649585503092,49.0604
1.0,12.921794871794871,80.29871794871794,26.124953798268653,74.48176247446746,3.4164259313296372,122.5902635930357,3.0,11.533070712965666,45.16277599455306,14.860749927049897,12.294078883377102,0.8973431572804201,94.30114787084698,49.06040000000001,Satisfactory,3.270693333333334,30.20649585503092,49.0604
1.0,12.921794871794871,80.3051282051282,26.124953798268653,74.48176247446746,3.4164259313296372,122.5902635930357,3.0,11.533070712965666,45.16277599455306,14.860749927049897,12.294078883377102,0.8973431572804201,94.30114787084698,49.06040000000001,Satisfactory,3.270693333333334,30.20649585503092,49.0604
1.0,12.921794871794871,80.31153846153846,26.124953798268653,74.48176247446746,3.4164259313296372,122.5902635930357,3.0,11.533070712965666,45.16277599455306,14.860749927049897,12.294078883377102,0.8973431572804201,94.30114787084698,49.06040000000001,Satisfactory,3.270693333333334,30.20649585503092,49.0604
1.0,12.921794871794871,80.31794871794871,26.124953798268653,74.48176247446746,3.4164259313296372,122.5902635930357,3.0,11.533070712965666,45.16277599455306,14.860749927049897,12.294078883377102,0.8973431572804201,94.30114787084698,49.06040000000001,Satisfactory,3.270693333333334,30.20649585503092,49.0604
1.0,12.921794871794871,80.32435897435897,26.124953798268653,74.48176247446746,3.4164259313296372,122.5902635930357,3.0,11.533070712965666,45.16277599455306,14.860749927049897,12.294078883377102,0.8973431572804201,94.30114787084698,49.06040000000001,Satisfactory,3.270693333333334,30.20649585503092,49.0604
1.0,12.921794871794871,80.33076923076922,26.124953798268653,74.48176247446746,3.4164259313296372,122.5902635930357,3.0,11.533070712965666,45.16277599455306,14.860749927049897,12.294078883377102,0.8973431572804201,94.30114787084698,49.06040000000001,Satisfactory,3.270693333333334,30.20649585503092,49.0604
1.0,12.921794871794871,80.33717948717948,26.124953798268653,74.48176247446746,3.4164259313296372,122.5902635930357,3.0,11.533070712965666,45.16277599455306,14.860749927049897,12.294078883377102,0.8973431572804201,94.30114787084698,49.06040000000001,Satisfactory,3.270693333333334,30.20649585503092,49.0604
1.0,12.921794871794871,80.34358974358973,26.124953798268653,74.48176247446746,3.4164259313296372,122.5902635930357,3.0,11.533070712965666,45.16277599455306,14.860749927049897,12.294078883377102,0.8973431572804201,94.30114787084698,49.06040000000001,Satisfactory,3.270693333333334,30.20649585503092,49.0604
1.0,12.921794871794871,80.35,26.124953798268653,74.48176247446746,3.4164259313296372,122.5902635930357,3.0,11.533070712965666,45.16277599455306,14.860749927049897,12.294078883377102,0.8973431572804201,94.30114787084698,49.06040000000001,Satisfactory,3.270693333333334,30.20649585503092,49.0604
1.0,12.930769230769231,80.1,26.124953798268653,74.48176247446746,3.4164259313296372,122.5902635930357,3.0,11.533070712965666,45.16277599455306,14.860749927049897,12.294078883377102,0.8973431572804201,94.30114787084698,47.3319,Satisfactory,3.1554599999999997,26.455491063104457,47.3319
1.0,12.930769230769231,80.10641025641026,26.124953798268653,74.48176247446746,3.4164259313296372,122.5902635930357,3.0,11.533070712965666,45.16277599455306,14.860749927049897,12.294078883377102,0.8973431572804201,94.30114787084698,47.3319,Satisfactory,3.1554599999999997,26.455491063104457,47.3319
1.0,12.930769230769231,80.1128205128205,26.124953798268653,74.48176247446746,3.4164259313296372,122.5902635930357,3.0,11.533070712965666,45.16277599455306,14.860749927049897,12.294078883377102,0.8973431572804201,94.30114787084698,47.3319,Satisfactory,3.1554599999999997,26.455491063104457,47.3319
1.0,12.930769230769231,80.11923076923077,26.124953798268653,74.48176247446746,3.4164259313296372,122.5902635930357,3.0,11.533070712965666,45.16277599455306,14.860749927049897,12.294078883377102,0.8973431572804201,94.30114787084698,47.3319,Satisfactory,3.1554599999999997,26.455491063104457,47.3319
1.0,12.930769230769231,80.12564102564102,26.124953798268653,74.48176247446746,3.4164259313296372,122.5902635930357,3.0,11.533070712965666,45.16277599455306,14.860749927049897,12.294078883377102,0.8973431572804201,94.30114787084698,47.3319,Satisfactory,3.1554599999999997,26.455491063104457,47.3319
1.0,12.930769230769231,80.13205128205128,26.124953798268653,74.48176247446746,3.4164259313296372,122.5902635930357,3.0,11.533070712965666,45.16277599455306,14.860749927049897,12.294078883377102,0.8973431572804201,94.30114787084698,48.81199999999999,Satisfactory,3.254133333333333,29.842337073359392,48.81199999999999
1.0,12.930769230769231,80.13846153846153,26.124953798268653,74.48176247446746,3.4164259313296372,122.5902635930357,3.0,11.533070712965666,45.16277599455306,14.860749927049897,12.294078883377102,0.8973431572804201,94.30114787084698,48.81199999999999,Satisfactory,3.254133333333333,29.842337073359392,48.81199999999999
1.0,12.930769230769231,80.14487179487179,26.124953798268653,74.48176247446746,3.4164259313296372,122.5902635930357,3.0,11.533070712965666,45.16277599455306,14.860749927049897,12.294078883377102,0.8973431572804201,94.30114787084698,48.81199999999999,Satisfactory,3.254133333333333,29.842337073359392,48.81199999999999
1.0,12.930769230769231,80.15128205128205,26.124953798268653,74.48176247446746,3.4164259313296372,122.5902635930357,3.0,11.533070712965666,45.16277599455306,14.860749927049897,12.294078883377102,0.8973431572804201,94.30114787084698,48.81199999999999,Satisfactory,3.254133333333333,29.842337073359392,48.81199999999999
1.0,12.930769230769231,80.1576923076923,26.124953798268653,74.48176247446746,3.4164259313296372,122.5902635930357,3.0,11.533070712965666,45.16277599455306,14.860749927049897,12.294078883377102,0.8973431572804201,94.30114787084698,48.81199999999999,Satisfactory,3.254133333333333,29.842337073359392,48.81199999999999
1.0,12.930769230769231,80.16410256410256,26.124953798268653,74.48176247446746,3.4164259313296372,122.5902635930357,3.0,11.533070712965666,45.16277599455306,14.860749927049897,12.294078883377102,0.8973431572804201,94.30114787084698,48.81199999999999,Satisfactory,3.254133333333333,29.842337073359392,48.81199999999999
1.0,12.930769230769231,80.17051282051281,26.124953798268653,74.48176247446746,3.4164259313296372,122.5902635930357,3.0,11.533070712965666,45.16277599455306,14.860749927049897,12.294078883377102,0.8973431572804201,94.30114787084698,48.97699999999999,Satisfactory,3.2651333333333326,29.916034112161316,48.97699999999999
1.0,12.930769230769231,80.17692307692307,26.124953798268653,74.48176247446746,3.4164259313296372,122.5902635930357,3.0,11.533070712965666,45.16277599455306,14.860749927049897,12.294078883377102,0.8973431572804201,94.30114787084698,48.97699999999999,Satisfactory,3.2651333333333326,29.916034112161316,48.97699999999999
1.0,12.930769230769231,80.18333333333332,26.124953798268653,74.48176247446746,3.4164259313296372,122.5902635930357,3.0,11.533070712965666,45.16277599455306,14.860749927049897,12.294078883377102,0.8973431572804201,94.30114787084698,48.88789999999999,Satisfactory,3.2591933333333327,29.911194235436334,48.88789999999999
1.0,12.930769230769231,80.18974358974359,26.124953798268653,74.48176247446746,3.4164259313296372,122.5902635930357,3.0,11.533070712965666,45.16277599455306,14.860749927049897,12.294078883377102,0.8973431572804201,94.30114787084698,48.88789999999999,Satisfactory,3.2591933333333327,29.911194235436334,48.88789999999999
1.0,12.930769230769231,80.19615384615383,26.124953798268653,74.48176247446746,3.4164259313296372,122.5902635930357,3.0,11.533070712965666,45.16277599455306,14.860749927049897,12.294078883377102,0.8973431572804201,94.30114787084698,48.88789999999999,Satisfactory,3.2591933333333327,29.911194235436334,48.88789999999999
1.0,12.930769230769231,80.2025641025641,26.124953798268653,74.48176247446746,3.4164259313296372,122.5902635930357,3.0,11.533070712965666,45.16277599455306,14.860749927049897,12.294078883377102,0.8973431572804201,94.30114787084698,48.9323,Satisfactory,3.262153333333333,29.925648592971214,48.932299999999984
1.0,12.930769230769231,80.20897435897436,26.124953798268653,74.48176247446746,3.4164259313296372,122.5902635930357,3.0,11.533070712965666,45.16277599455306,14.860749927049897,12.294078883377102,0.8973431572804201,94.30114787084698,49.0308,Satisfactory,3.26872,29.76166529883703,49.03079999999999
1.0,12.930769230769231,80.21538461538461,26.124953798268653,74.48176247446746,3.4164259313296372,122.5902635930357,3.0,11.533070712965666,45.16277599455306,14.860749927049897,12.294078883377102,0.8973431572804201,94.30114787084698,49.0308,Satisfactory,3.26872,29.76166529883703,49.03079999999999
1.0,12.930769230769231,80.22179487179487,26.124953798268653,74.48176247446746,3.4164259313296372,122.5902635930357,3.0,11.533070712965666,45.16277599455306,14.860749927049897,12.294078883377102,0.8973431572804201,94.30114787084698,49.0308,Satisfactory,3.26872,29.76166529883703,49.03079999999999
1.0,12.930769230769231,80.22820512820512,26.124953798268653,74.48176247446746,3.4164259313296372,122.5902635930357,3.0,11.533070712965666,45.16277599455306,14.860749927049897,12.294078883377102,0.8973431572804201,94.30114787084698,49.0308,Satisfactory,3.26872,29.76166529883703,49.03079999999999
1.0,12.930769230769231,80.23461538461538,26.124953798268653,74.48176247446746,3.4164259313296372,122.5902635930357,3.0,11.533070712965666,45.16277599455306,14.860749927049897,12.294078883377102,0.8973431572804201,94.30114787084698,49.0308,Satisfactory,3.26872,29.76166529883703,49.03079999999999
1.0,12.930769230769231,80.24102564102563,26.124953798268653,74.48176247446746,3.4164259313296372,122.5902635930357,3.0,11.533070712965666,45.16277599455306,14.860749927049897,12.294078883377102,0.8973431572804201,94.30114787084698,49.0308,Satisfactory,3.26872,29.76166529883703,49.03079999999999
1.0,12.930769230769231,80.24743589743589,26.124953798268653,74.48176247446746,3.4164259313296372,122.5902635930357,3.0,11.533070712965666,45.16277599455306,14.860749927049897,12.294078883377102,0.8973431572804201,94.30114787084698,48.9338,Satisfactory,3.2622533333333332,29.54601589994834,48.93379999999999
1.0,12.930769230769231,80.25384615384615,26.124953798268653,74.48176247446746,3.4164259313296372,122.5902635930357,3.0,11.533070712965666,45.16277599455306,14.860749927049897,12.294078883377102,0.8973431572804201,94.30114787084698,49.06040000000001,Satisfactory,3.270693333333334,30.20649585503092,49.0604
1.0,12.930769230769231,80.2602564102564,26.124953798268653,74.48176247446746,3.4164259313296372,122.5902635930357,3.0,11.533070712965666,45.16277599455306,14.860749927049897,12.294078883377102,0.8973431572804201,94.30114787084698,49.06040000000001,Satisfactory,3.270693333333334,30.20649585503092,49.0604
1.0,12.930769230769231,80.26666666666667,26.124953798268653,74.48176247446746,3.4164259313296372,122.5902635930357,3.0,11.533070712965666,45.16277599455306,14.860749927049897,12.294078883377102,0.8973431572804201,94.30114787084698,49.06040000000001,Satisfactory,3.270693333333334,30.20649585503092,49.0604
1.0,12.930769230769231,80.27307692307691,26.124953798268653,74.48176247446746,3.4164259313296372,122.5902635930357,3.0,11.533070712965666,45.16277599455306,14.860749927049897,12.294078883377102,0.8973431572804201,94.30114787084698,49.06040000000001,Satisfactory,3.270693333333334,30.20649585503092,49.0604
1.0,12.930769230769231,80.27948717948718,26.124953798268653,74.48176247446746,3.4164259313296372,122.5902635930357,3.0,11.533070712965666,45.16277599455306,14.860749927049897,12.294078883377102,0.8973431572804201,94.30114787084698,49.06040000000001,Satisfactory,3.270693333333334,30.20649585503092,49.0604
1.0,12.930769230769231,80.28589743589743,26.124953798268653,74.48176247446746,3.4164259313296372,122.5902635930357,3.0,11.533070712965666,45.16277599455306,14.860749927049897,12.294078883377102,0.8973431572804201,94.30114787084698,49.06040000000001,Satisfactory,3.270693333333334,30.20649585503092,49.0604
1.0,12.930769230769231,80.29230769230769,26.124953798268653,74.48176247446746,3.4164259313296372,122.5902635930357,3.0,11.533070712965666,45.16277599455306,14.860749927049897,12.294078883377102,0.8973431572804201,94.30114787084698,49.06040000000001,Satisfactory,3.270693333333334,30.20649585503092,49.0604
1.0,12.930769230769231,80.29871794871794,26.124953798268653,74.48176247446746,3.4164259313296372,122.5902635930357,3.0,11.533070712965666,45.16277599455306,14.860749927049897,12.294078883377102,0.8973431572804201,94.30114787084698,49.06040000000001,Satisfactory,3.270693333333334,30.20649585503092,49.0604
1.0,12.930769230769231,80.3051282051282,26.124953798268653,74.48176247446746,3.4164259313296372,122.5902635930357,3.0,11.533070712965666,45.16277599455306,14.860749927049897,12.294078883377102,0.8973431572804201,94.30114787084698,49.06040000000001,Satisfactory,3.270693333333334,30.20649585503092,49.0604
1.0,12.930769230769231,80.31153846153846,26.124953798268653,74.48176247446746,3.4164259313296372,122.5902635930357,3.0,11.533070712965666,45.16277599455306,14.860749927049897,12.294078883377102,0.8973431572804201,94.30114787084698,49.06040000000001,Satisfactory,3.270693333333334,30.20649585503092,49.0604
1.0,12.930769230769231,80.31794871794871,26.124953798268653,74.48176247446746,3.4164259313296372,122.5902635930357,3.0,11.533070712965666,45.16277599455306,14.860749927049897,12.294078883377102,0.8973431572804201,94.30114787084698,49.06040000000001,Satisfactory,3.270693333333334,30.20649585503092,49.0604
1.0,12.930769230769231,80.32435897435897,26.124953798268653,74.48176247446746,3.4164259313296372,122.5902635930357,3.0,11.533070712965666,45.16277599455306,14.860749927049897,12.294078883377102,0.8973431572804201,94.30114787084698,49.06040000000001,Satisfactory,3.270693333333334,30.20649585503092,49.0604
1.0,12.930769230769231,80.33076923076922,26.124953798268653,74.48176247446746,3.4164259313296372,122.5902635930357,3.0,11.533070712965666,45.16277599455306,14.860749927049897,12.294078883377102,0.8973431572804201,94.30114787084698,49.06040000000001,Satisfactory,3.270693333333334,30.20649585503092,49.0604
1.0,12.930769230769231,80.33717948717948,26.124953798268653,74.48176247446746,3.4164259313296372,122.5902635930357,3.0,11.533070712965666,45.16277599455306,14.860749927049897,12.294078883377102,0.8973431572804201,94.30114787084698,49.06040000000001,Satisfactory,3.270693333333334,30.20649585503092,49.0604
1.0,12.930769230769231,80.34358974358973,26.124953798268653,74.48176247446746,3.4164259313296372,122.5902635930357,3.0,11.533070712965666,45.16277599455306,14.860749927049897,12.294078883377102,0.8973431572804201,94.30114787084698,49.06040000000001,Satisfactory,3.270693333333334,30.20649585503092,49.0604
1.0,12.930769230769231,80.35,26.124953798268653,74.48176247446746,3.4164259313296372,122.5902635930357,3.0,11.533070712965666,45.16277599455306,14.860749927049897,12.294078883377102,0.8973431572804201,94.30114787084698,49.06040000000001,Satisfactory,3.270693333333334,30.20649585503092,49.0604
1.0,12.939743589743589,80.1,26.124953798268653,74.48176247446746,3.4164259313296372,122.5902635930357,3.0,11.533070712965666,45.16277599455306,14.860749927049897,12.294078883377102,0.8973431572804201,94.30114787084698,47.3319,Satisfactory,3.1554599999999997,26.455491063104457,47.3319
1.0,12.939743589743589,80.10641025641026,26.124953798268653,74.48176247446746,3.4164259313296372,122.5902635930357,3.0,11.533070712965666,45.16277599455306,14.860749927049897,12.294078883377102,0.8973431572804201,94.30114787084698,47.3319,Satisfactory,3.1554599999999997,26.455491063104457,47.3319
1.0,12.939743589743589,80.1128205128205,26.124953798268653,74.48176247446746,3.4164259313296372,122.5902635930357,3.0,11.533070712965666,45.16277599455306,14.860749927049897,12.294078883377102,0.8973431572804201,94.30114787084698,47.3319,Satisfactory,3.1554599999999997,26.455491063104457,47.3319
1.0,12.939743589743589,80.11923076923077,26.124953798268653,74.48176247446746,3.4164259313296372,122.5902635930357,3.0,11.533070712965666,45.16277599455306,14.860749927049897,12.294078883377102,0.8973431572804201,94.30114787084698,47.3319,Satisfactory,3.1554599999999997,26.455491063104457,47.3319
1.0,12.939743589743589,80.12564102564102,26.124953798268653,74.48176247446746,3.4164259313296372,122.5902635930357,3.0,11.533070712965666,45.16277599455306,14.860749927049897,12.294078883377102,0.8973431572804201,94.30114787084698,47.3319,Satisfactory,3.1554599999999997,26.455491063104457,47.3319
1.0,12.939743589743589,80.13205128205128,26.124953798268653,74.48176247446746,3.4164259313296372,122.5902635930357,3.0,11.533070712965666,45.16277599455306,14.860749927049897,12.294078883377102,0.8973431572804201,94.30114787084698,48.81199999999999,Satisfactory,3.254133333333333,29.842337073359392,48.81199999999999
1.0,12.939743589743589,80.13846153846153,26.124953798268653,74.48176247446746,3.4164259313296372,122.5902635930357,3.0,11.533070712965666,45.16277599455306,14.860749927049897,12.294078883377102,0.8973431572804201,94.30114787084698,48.81199999999999,Satisfactory,3.254133333333333,29.842337073359392,48.81199999999999
1.0,12.939743589743589,80.14487179487179,26.124953798268653,74.48176247446746,3.4164259313296372,122.5902635930357,3.0,11.533070712965666,45.16277599455306,14.860749927049897,12.294078883377102,0.8973431572804201,94.30114787084698,48.81199999999999,Satisfactory,3.254133333333333,29.842337073359392,48.81199999999999
1.0,12.939743589743589,80.15128205128205,26.124953798268653,74.48176247446746,3.4164259313296372,122.5902635930357,3.0,11.533070712965666,45.16277599455306,14.860749927049897,12.294078883377102,0.8973431572804201,94.30114787084698,48.81199999999999,Satisfactory,3.254133333333333,29.842337073359392,48.81199999999999
1.0,12.939743589743589,80.1576923076923,26.124953798268653,74.48176247446746,3.4164259313296372,122.5902635930357,3.0,11.533070712965666,45.16277599455306,14.860749927049897,12.294078883377102,0.8973431572804201,94.30114787084698,48.81199999999999,Satisfactory,3.254133333333333,29.842337073359392,48.81199999999999
1.0,12.939743589743589,80.16410256410256,26.124953798268653,74.48176247446746,3.4164259313296372,122.5902635930357,3.0,11.533070712965666,45.16277599455306,14.860749927049897,12.294078883377102,0.8973431572804201,94.30114787084698,48.81199999999999,Satisfactory,3.254133333333333,29.842337073359392,48.81199999999999
1.0,12.939743589743589,80.17051282051281,26.124953798268653,74.48176247446746,3.4164259313296372,122.5902635930357,3.0,11.533070712965666,45.16277599455306,14.860749927049897,12.294078883377102,0.8973431572804201,94.30114787084698,48.97699999999999,Satisfactory,3.2651333333333326,29.916034112161316,48.97699999999999
1.0,12.939743589743589,80.17692307692307,26.124953798268653,74.48176247446746,3.4164259313296372,122.5902635930357,3.0,11.533070712965666,45.16277599455306,14.860749927049897,12.294078883377102,0.8973431572804201,94.30114787084698,48.97699999999999,Satisfactory,3.2651333333333326,29.916034112161316,48.97699999999999
1.0,12.939743589743589,80.18333333333332,26.124953798268653,74.48176247446746,3.4164259313296372,122.5902635930357,3.0,11.533070712965666,45.16277599455306,14.860749927049897,12.294078883377102,0.8973431572804201,94.30114787084698,48.88789999999999,Satisfactory,3.2591933333333327,29.911194235436334,48.88789999999999
1.0,12.939743589743589,80.18974358974359,26.124953798268653,74.48176247446746,3.4164259313296372,122.5902635930357,3.0,11.533070712965666,45.16277599455306,14.860749927049897,12.294078883377102,0.8973431572804201,94.30114787084698,48.88789999999999,Satisfactory,3.2591933333333327,29.911194235436334,48.88789999999999
1.0,12.939743589743589,80.19615384615383,26.124953798268653,74.48176247446746,3.4164259313296372,122.5902635930357,3.0,11.533070712965666,45.16277599455306,14.860749927049897,12.294078883377102,0.8973431572804201,94.30114787084698,48.88789999999999,Satisfactory,3.2591933333333327,29.911194235436334,48.88789999999999
1.0,12.939743589743589,80.2025641025641,26.124953798268653,74.48176247446746,3.4164259313296372,122.5902635930357,3.0,11.533070712965666,45.16277599455306,14.860749927049897,12.294078883377102,0.8973431572804201,94.30114787084698,48.9323,Satisfactory,3.262153333333333,29.925648592971214,48.932299999999984
1.0,12.939743589743589,80.20897435897436,26.124953798268653,74.48176247446746,3.4164259313296372,122.5902635930357,3.0,11.533070712965666,45.16277599455306,14.860749927049897,12.294078883377102,0.8973431572804201,94.30114787084698,49.0308,Satisfactory,3.26872,29.76166529883703,49.03079999999999
1.0,12.939743589743589,80.21538461538461,26.124953798268653,74.48176247446746,3.4164259313296372,122.5902635930357,3.0,11.533070712965666,45.16277599455306,14.860749927049897,12.294078883377102,0.8973431572804201,94.30114787084698,49.0308,Satisfactory,3.26872,29.76166529883703,49.03079999999999
1.0,12.939743589743589,80.22179487179487,26.124953798268653,74.48176247446746,3.4164259313296372,122.5902635930357,3.0,11.533070712965666,45.16277599455306,14.860749927049897,12.294078883377102,0.8973431572804201,94.30114787084698,49.0308,Satisfactory,3.26872,29.76166529883703,49.03079999999999
1.0,12.939743589743589,80.22820512820512,26.124953798268653,74.48176247446746,3.4164259313296372,122.5902635930357,3.0,11.533070712965666,45.16277599455306,14.860749927049897,12.294078883377102,0.8973431572804201,94.30114787084698,49.0308,Satisfactory,3.26872,29.76166529883703,49.03079999999999
1.0,12.939743589743589,80.23461538461538,26.124953798268653,74.48176247446746,3.4164259313296372,122.5902635930357,3.0,11.533070712965666,45.16277599455306,14.860749927049897,12.294078883377102,0.8973431572804201,94.30114787084698,49.0308,Satisfactory,3.26872,29.76166529883703,49.03079999999999
1.0,12.939743589743589,80.24102564102563,26.124953798268653,74.48176247446746,3.4164259313296372,122.5902635930357,3.0,11.533070712965666,45.16277599455306,14.860749927049897,12.294078883377102,0.8973431572804201,94.30114787084698,49.0308,Satisfactory,3.26872,29.76166529883703,49.03079999999999
1.0,12.939743589743589,80.24743589743589,26.124953798268653,74.48176247446746,3.4164259313296372,122.5902635930357,3.0,11.533070712965666,45.16277599455306,14.860749927049897,12.294078883377102,0.8973431572804201,94.30114787084698,48.9338,Satisfactory,3.2622533333333332,29.54601589994834,48.93379999999999
1.0,12.939743589743589,80.25384615384615,26.124953798268653,74.48176247446746,3.4164259313296372,122.5902635930357,3.0,11.533070712965666,45.16277599455306,14.860749927049897,12.294078883377102,0.8973431572804201,94.30114787084698,49.06040000000001,Satisfactory,3.270693333333334,30.20649585503092,49.0604
1.0,12.939743589743589,80.2602564102564,26.124953798268653,74.48176247446746,3.4164259313296372,122.5902635930357,3.0,11.533070712965666,45.16277599455306,14.860749927049897,12.294078883377102,0.8973431572804201,94.30114787084698,49.06040000000001,Satisfactory,3.270693333333334,30.20649585503092,49.0604
1.0,12.939743589743589,80.26666666666667,26.124953798268653,74.48176247446746,3.4164259313296372,122.5902635930357,3.0,11.533070712965666,45.16277599455306,14.860749927049897,12.294078883377102,0.8973431572804201,94.30114787084698,49.06040000000001,Satisfactory,3.270693333333334,30.20649585503092,49.0604
1.0,12.939743589743589,80.27307692307691,26.124953798268653,74.48176247446746,3.4164259313296372,122.5902635930357,3.0,11.533070712965666,45.16277599455306,14.860749927049897,12.294078883377102,0.8973431572804201,94.30114787084698,49.06040000000001,Satisfactory,3.270693333333334,30.20649585503092,49.0604
1.0,12.939743589743589,80.27948717948718,26.124953798268653,74.48176247446746,3.4164259313296372,122.5902635930357,3.0,11.533070712965666,45.16277599455306,14.860749927049897,12.294078883377102,0.8973431572804201,94.30114787084698,49.06040000000001,Satisfactory,3.270693333333334,30.20649585503092,49.0604
1.0,12.939743589743589,80.28589743589743,26.124953798268653,74.48176247446746,3.4164259313296372,122.5902635930357,3.0,11.533070712965666,45.16277599455306,14.860749927049897,12.294078883377102,0.8973431572804201,94.30114787084698,49.06040000000001,Satisfactory,3.270693333333334,30.20649585503092,49.0604
1.0,12.939743589743589,80.29230769230769,26.124953798268653,74.48176247446746,3.4164259313296372,122.5902635930357,3.0,11.533070712965666,45.16277599455306,14.860749927049897,12.294078883377102,0.8973431572804201,94.30114787084698,49.06040000000001,Satisfactory,3.270693333333334,30.20649585503092,49.0604
1.0,12.939743589743589,80.29871794871794,26.124953798268653,74.48176247446746,3.4164259313296372,122.5902635930357,3.0,11.533070712965666,45.16277599455306,14.860749927049897,12.294078883377102,0.8973431572804201,94.30114787084698,49.06040000000001,Satisfactory,3.270693333333334,30.20649585503092,49.0604
1.0,12.939743589743589,80.3051282051282,26.124953798268653,74.48176247446746,3.4164259313296372,122.5902635930357,3.0,11.533070712965666,45.16277599455306,14.860749927049897,12.294078883377102,0.8973431572804201,94.30114787084698,49.06040000000001,Satisfactory,3.270693333333334,30.20649585503092,49.0604
1.0,12.939743589743589,80.31153846153846,26.124953798268653,74.48176247446746,3.4164259313296372,122.5902635930357,3.0,11.533070712965666,45.16277599455306,14.860749927049897,12.294078883377102,0.8973431572804201,94.30114787084698,49.06040000000001,Satisfactory,3.270693333333334,30.20649585503092,49.0604
1.0,12.939743589743589,80.31794871794871,26.124953798268653,74.48176247446746,3.4164259313296372,122.5902635930357,3.0,11.533070712965666,45.16277599455306,14.860749927049897,12.294078883377102,0.8973431572804201,94.30114787084698,49.06040000000001,Satisfactory,3.270693333333334,30.20649585503092,49.0604
1.0,12.939743589743589,80.32435897435897,26.124953798268653,74.48176247446746,3.4164259313296372,122.5902635930357,3.0,11.533070712965666,45.16277599455306,14.860749927049897,12.294078883377102,0.8973431572804201,94.30114787084698,49.06040000000001,Satisfactory,3.270693333333334,30.20649585503092,49.0604
1.0,12.939743589743589,80.33076923076922,26.124953798268653,74.48176247446746,3.4164259313296372,122.5902635930357,3.0,11.533070712965666,45.16277599455306,14.860749927049897,12.294078883377102,0.8973431572804201,94.30114787084698,49.06040000000001,Satisfactory,3.270693333333334,30.20649585503092,49.0604
1.0,12.939743589743589,80.33717948717948,26.124953798268653,74.48176247446746,3.4164259313296372,122.5902635930357,3.0,11.533070712965666,45.16277599455306,14.860749927049897,12.294078883377102,0.8973431572804201,94.30114787084698,49.06040000000001,Satisfactory,3.270693333333334,30.20649585503092,49.0604
1.0,12.939743589743589,80.34358974358973,26.124953798268653,74.48176247446746,3.4164259313296372,122.5902635930357,3.0,11.533070712965666,45.16277599455306,14.860749927049897,12.294078883377102,0.8973431572804201,94.30114787084698,49.06040000000001,Satisfactory,3.270693333333334,30.20649585503092,49.0604
1.0,12.939743589743589,80.35,26.124953798268653,74.48176247446746,3.4164259313296372,122.5902635930357,3.0,11.533070712965666,45.16277599455306,14.860749927049897,12.294078883377102,0.8973431572804201,94.30114787084698,49.06040000000001,Satisfactory,3.270693333333334,30.20649585503092,49.0604
1.0,12.948717948717949,80.1,26.124953798268653,74.48176247446746,3.4164259313296372,122.5902635930357,3.0,11.533070712965666,45.16277599455306,14.860749927049897,12.294078883377102,0.8973431572804201,94.30114787084698,47.53579999999999,Satisfactory,3.1690533333333324,26.548595299186736,47.53579999999999
1.0,12.948717948717949,80.10641025641026,26.124953798268653,74.48176247446746,3.4164259313296372,122.5902635930357,3.0,11.533070712965666,45.16277599455306,14.860749927049897,12.294078883377102,0.8973431572804201,94.30114787084698,47.53579999999999,Satisfactory,3.1690533333333324,26.548595299186736,47.53579999999999
1.0,12.948717948717949,80.1128205128205,26.124953798268653,74.48176247446746,3.4164259313296372,122.5902635930357,3.0,11.533070712965666,45.16277599455306,14.860749927049897,12.294078883377102,0.8973431572804201,94.30114787084698,47.53579999999999,Satisfactory,3.1690533333333324,26.548595299186736,47.53579999999999
1.0,12.948717948717949,80.11923076923077,26.124953798268653,74.48176247446746,3.4164259313296372,122.5902635930357,3.0,11.533070712965666,45.16277599455306,14.860749927049897,12.294078883377102,0.8973431572804201,94.30114787084698,47.53579999999999,Satisfactory,3.1690533333333324,26.548595299186736,47.53579999999999
1.0,12.948717948717949,80.12564102564102,26.124953798268653,74.48176247446746,3.4164259313296372,122.5902635930357,3.0,11.533070712965666,45.16277599455306,14.860749927049897,12.294078883377102,0.8973431572804201,94.30114787084698,47.53579999999999,Satisfactory,3.1690533333333324,26.548595299186736,47.53579999999999
1.0,12.948717948717949,80.13205128205128,26.124953798268653,74.48176247446746,3.4164259313296372,122.5902635930357,3.0,11.533070712965666,45.16277599455306,14.860749927049897,12.294078883377102,0.8973431572804201,94.30114787084698,49.015899999999995,Satisfactory,3.2677266666666664,29.914819106757104,49.01589999999998
1.0,12.948717948717949,80.13846153846153,26.124953798268653,74.48176247446746,3.4164259313296372,122.5902635930357,3.0,11.533070712965666,45.16277599455306,14.860749927049897,12.294078883377102,0.8973431572804201,94.30114787084698,49.015899999999995,Satisfactory,3.2677266666666664,29.914819106757104,49.01589999999998
1.0,12.948717948717949,80.14487179487179,26.124953798268653,74.48176247446746,3.4164259313296372,122.5902635930357,3.0,11.533070712965666,45.16277599455306,14.860749927049897,12.294078883377102,0.8973431572804201,94.30114787084698,49.015899999999995,Satisfactory,3.2677266666666664,29.914819106757104,49.01589999999998
1.0,12.948717948717949,80.15128205128205,26.124953798268653,74.48176247446746,3.4164259313296372,122.5902635930357,3.0,11.533070712965666,45.16277599455306,14.860749927049897,12.294078883377102,0.8973431572804201,94.30114787084698,49.015899999999995,Satisfactory,3.2677266666666664,29.914819106757104,49.01589999999998
1.0,12.948717948717949,80.1576923076923,26.124953798268653,74.48176247446746,3.4164259313296372,122.5902635930357,3.0,11.533070712965666,45.16277599455306,14.860749927049897,12.294078883377102,0.8973431572804201,94.30114787084698,49.015899999999995,Satisfactory,3.2677266666666664,29.914819106757104,49.01589999999998
1.0,12.948717948717949,80.16410256410256,26.124953798268653,74.48176247446746,3.4164259313296372,122.5902635930357,3.0,11.533070712965666,45.16277599455306,14.860749927049897,12.294078883377102,0.8973431572804201,94.30114787084698,49.015899999999995,Satisfactory,3.2677266666666664,29.914819106757104,49.01589999999998
1.0,12.948717948717949,80.17051282051281,26.124953798268653,74.48176247446746,3.4164259313296372,122.5902635930357,3.0,11.533070712965666,45.16277599455306,14.860749927049897,12.294078883377102,0.8973431572804201,94.30114787084698,49.180899999999994,Satisfactory,3.278726666666666,29.987216112703763,49.18089999999998
1.0,12.948717948717949,80.17692307692307,26.124953798268653,74.48176247446746,3.4164259313296372,122.5902635930357,3.0,11.533070712965666,45.16277599455306,14.860749927049897,12.294078883377102,0.8973431572804201,94.30114787084698,49.180899999999994,Satisfactory,3.278726666666666,29.987216112703763,49.18089999999998
1.0,12.948717948717949,80.18333333333332,26.124953798268653,74.48176247446746,3.4164259313296372,122.5902635930357,3.0,11.533070712965666,45.16277599455306,14.860749927049897,12.294078883377102,0.8973431572804201,94.30114787084698,49.09179999999999,Satisfactory,3.2727866666666663,29.982993659072804,49.091799999999985
1.0,12.948717948717949,80.18974358974359,26.124953798268653,74.48176247446746,3.4164259313296372,122.5902635930357,3.0,11.533070712965666,45.16277599455306,14.860749927049897,12.294078883377102,0.8973431572804201,94.30114787084698,49.09179999999999,Satisfactory,3.2727866666666663,29.982993659072804,49.091799999999985
1.0,12.948717948717949,80.19615384615383,26.124953798268653,74.48176247446746,3.4164259313296372,122.5902635930357,3.0,11.533070712965666,45.16277599455306,14.860749927049897,12.294078883377102,0.8973431572804201,94.30114787084698,49.09179999999999,Satisfactory,3.2727866666666663,29.982993659072804,49.091799999999985
1.0,12.948717948717949,80.2025641025641,26.124953798268653,74.48176247446746,3.4164259313296372,122.5902635930357,3.0,11.533070712965666,45.16277599455306,14.860749927049897,12.294078883377102,0.8973431572804201,94.30114787084698,49.13619999999999,Satisfactory,3.2757466666666657,29.99711162028771,49.13619999999998
1.0,12.948717948717949,80.20897435897436,26.124953798268653,74.48176247446746,3.4164259313296372,122.5902635930357,3.0,11.533070712965666,45.16277599455306,14.860749927049897,12.294078883377102,0.8973431572804201,94.30114787084698,49.234700000000004,Satisfactory,3.2823133333333336,29.832847918192456,49.2347
1.0,12.948717948717949,80.21538461538461,26.124953798268653,74.48176247446746,3.4164259313296372,122.5902635930357,3.0,11.533070712965666,45.16277599455306,14.860749927049897,12.294078883377102,0.8973431572804201,94.30114787084698,49.234700000000004,Satisfactory,3.2823133333333336,29.832847918192456,49.2347
1.0,12.948717948717949,80.22179487179487,26.124953798268653,74.48176247446746,3.4164259313296372,122.5902635930357,3.0,11.533070712965666,45.16277599455306,14.860749927049897,12.294078883377102,0.8973431572804201,94.30114787084698,49.234700000000004,Satisfactory,3.2823133333333336,29.832847918192456,49.2347
1.0,12.948717948717949,80.22820512820512,26.124953798268653,74.48176247446746,3.4164259313296372,122.5902635930357,3.0,11.533070712965666,45.16277599455306,14.860749927049897,12.294078883377102,0.8973431572804201,94.30114787084698,49.234700000000004,Satisfactory,3.2823133333333336,29.832847918192456,49.2347
1.0,12.948717948717949,80.23461538461538,26.124953798268653,74.48176247446746,3.4164259313296372,122.5902635930357,3.0,11.533070712965666,45.16277599455306,14.860749927049897,12.294078883377102,0.8973431572804201,94.30114787084698,49.234700000000004,Satisfactory,3.2823133333333336,29.832847918192456,49.2347
1.0,12.948717948717949,80.24102564102563,26.124953798268653,74.48176247446746,3.4164259313296372,122.5902635930357,3.0,11.533070712965666,45.16277599455306,14.860749927049897,12.294078883377102,0.8973431572804201,94.30114787084698,49.234700000000004,Satisfactory,3.2823133333333336,29.832847918192456,49.2347
1.0,12.948717948717949,80.24743589743589,26.124953798268653,74.48176247446746,3.4164259313296372,122.5902635930357,3.0,11.533070712965666,45.16277599455306,14.860749927049897,12.294078883377102,0.8973431572804201,94.30114787084698,49.0625,Satisfactory,3.2708333333333335,29.652818563333902,49.06249999999999
1.0,12.948717948717949,80.25384615384615,26.124953798268653,74.48176247446746,3.4164259313296372,122.5902635930357,3.0,11.533070712965666,45.16277599455306,14.860749927049897,12.294078883377102,0.8973431572804201,94.30114787084698,49.18910000000001,Satisfactory,3.279273333333334,30.31043381725177,49.189099999999996
1.0,12.948717948717949,80.2602564102564,26.124953798268653,74.48176247446746,3.4164259313296372,122.5902635930357,3.0,11.533070712965666,45.16277599455306,14.860749927049897,12.294078883377102,0.8973431572804201,94.30114787084698,49.18910000000001,Satisfactory,3.279273333333334,30.31043381725177,49.189099999999996
1.0,12.948717948717949,80.26666666666667,26.124953798268653,74.48176247446746,3.4164259313296372,122.5902635930357,3.0,11.533070712965666,45.16277599455306,14.860749927049897,12.294078883377102,0.8973431572804201,94.30114787084698,49.18910000000001,Satisfactory,3.279273333333334,30.31043381725177,49.189099999999996
1.0,12.948717948717949,80.27307692307691,26.124953798268653,74.48176247446746,3.4164259313296372,122.5902635930357,3.0,11.533070712965666,45.16277599455306,14.860749927049897,12.294078883377102,0.8973431572804201,94.30114787084698,49.126900000000006,Satisfactory,3.275126666666667,30.252443494534454,49.1269
1.0,12.948717948717949,80.27948717948718,26.124953798268653,74.48176247446746,3.4164259313296372,122.5902635930357,3.0,11.533070712965666,45.16277599455306,14.860749927049897,12.294078883377102,0.8973431572804201,94.30114787084698,49.126900000000006,Satisfactory,3.275126666666667,30.252443494534454,49.1269
1.0,12.948717948717949,80.28589743589743,26.124953798268653,74.48176247446746,3.4164259313296372,122.5902635930357,3.0,11.533070712965666,45.16277599455306,14.860749927049897,12.294078883377102,0.8973431572804201,94.30114787084698,49.126900000000006,Satisfactory,3.275126666666667,30.252443494534454,49.1269
1.0,12.948717948717949,80.29230769230769,26.124953798268653,74.48176247446746,3.4164259313296372,122.5902635930357,3.0,11.533070712965666,45.16277599455306,14.860749927049897,12.294078883377102,0.8973431572804201,94.30114787084698,49.126900000000006,Satisfactory,3.275126666666667,30.252443494534454,49.1269
1.0,12.948717948717949,80.29871794871794,26.124953798268653,74.48176247446746,3.4164259313296372,122.5902635930357,3.0,11.533070712965666,45.16277599455306,14.860749927049897,12.294078883377102,0.8973431572804201,94.30114787084698,49.126900000000006,Satisfactory,3.275126666666667,30.252443494534454,49.1269
1.0,12.948717948717949,80.3051282051282,26.124953798268653,74.48176247446746,3.4164259313296372,122.5902635930357,3.0,11.533070712965666,45.16277599455306,14.860749927049897,12.294078883377102,0.8973431572804201,94.30114787084698,49.126900000000006,Satisfactory,3.275126666666667,30.252443494534454,49.1269
1.0,12.948717948717949,80.31153846153846,26.124953798268653,74.48176247446746,3.4164259313296372,122.5902635930357,3.0,11.533070712965666,45.16277599455306,14.860749927049897,12.294078883377102,0.8973431572804201,94.30114787084698,49.126900000000006,Satisfactory,3.275126666666667,30.252443494534454,49.1269
1.0,12.948717948717949,80.31794871794871,26.124953798268653,74.48176247446746,3.4164259313296372,122.5902635930357,3.0,11.533070712965666,45.16277599455306,14.860749927049897,12.294078883377102,0.8973431572804201,94.30114787084698,49.126900000000006,Satisfactory,3.275126666666667,30.252443494534454,49.1269
1.0,12.948717948717949,80.32435897435897,26.124953798268653,74.48176247446746,3.4164259313296372,122.5902635930357,3.0,11.533070712965666,45.16277599455306,14.860749927049897,12.294078883377102,0.8973431572804201,94.30114787084698,49.126900000000006,Satisfactory,3.275126666666667,30.252443494534454,49.1269
1.0,12.948717948717949,80.33076923076922,26.124953798268653,74.48176247446746,3.4164259313296372,122.5902635930357,3.0,11.533070712965666,45.16277599455306,14.860749927049897,12.294078883377102,0.8973431572804201,94.30114787084698,49.126900000000006,Satisfactory,3.275126666666667,30.252443494534454,49.1269
1.0,12.948717948717949,80.33717948717948,26.124953798268653,74.48176247446746,3.4164259313296372,122.5902635930357,3.0,11.533070712965666,45.16277599455306,14.860749927049897,12.294078883377102,0.8973431572804201,94.30114787084698,49.126900000000006,Satisfactory,3.275126666666667,30.252443494534454,49.1269
1.0,12.948717948717949,80.34358974358973,26.124953798268653,74.48176247446746,3.4164259313296372,122.5902635930357,3.0,11.533070712965666,45.16277599455306,14.860749927049897,12.294078883377102,0.8973431572804201,94.30114787084698,49.126900000000006,Satisfactory,3.275126666666667,30.252443494534454,49.1269
1.0,12.948717948717949,80.35,26.124953798268653,74.48176247446746,3.4164259313296372,122.5902635930357,3.0,11.533070712965666,45.16277599455306,14.860749927049897,12.294078883377102,0.8973431572804201,94.30114787084698,49.126900000000006,Satisfactory,3.275126666666667,30.252443494534454,49.1269
1.0,12.957692307692307,80.1,26.124953798268653,74.48176247446746,3.4164259313296372,122.5902635930357,3.0,11.533070712965666,45.16277599455306,14.860749927049897,12.294078883377102,0.8973431572804201,94.30114787084698,47.53579999999999,Satisfactory,3.1690533333333324,26.548595299186736,47.53579999999999
1.0,12.957692307692307,80.10641025641026,26.124953798268653,74.48176247446746,3.4164259313296372,122.5902635930357,3.0,11.533070712965666,45.16277599455306,14.860749927049897,12.294078883377102,0.8973431572804201,94.30114787084698,47.53579999999999,Satisfactory,3.1690533333333324,26.548595299186736,47.53579999999999
1.0,12.957692307692307,80.1128205128205,26.124953798268653,74.48176247446746,3.4164259313296372,122.5902635930357,3.0,11.533070712965666,45.16277599455306,14.860749927049897,12.294078883377102,0.8973431572804201,94.30114787084698,47.53579999999999,Satisfactory,3.1690533333333324,26.548595299186736,47.53579999999999
1.0,12.957692307692307,80.11923076923077,26.124953798268653,74.48176247446746,3.4164259313296372,122.5902635930357,3.0,11.533070712965666,45.16277599455306,14.860749927049897,12.294078883377102,0.8973431572804201,94.30114787084698,47.53579999999999,Satisfactory,3.1690533333333324,26.548595299186736,47.53579999999999
1.0,12.957692307692307,80.12564102564102,26.124953798268653,74.48176247446746,3.4164259313296372,122.5902635930357,3.0,11.533070712965666,45.16277599455306,14.860749927049897,12.294078883377102,0.8973431572804201,94.30114787084698,47.53579999999999,Satisfactory,3.1690533333333324,26.548595299186736,47.53579999999999
1.0,12.957692307692307,80.13205128205128,26.124953798268653,74.48176247446746,3.4164259313296372,122.5902635930357,3.0,11.533070712965666,45.16277599455306,14.860749927049897,12.294078883377102,0.8973431572804201,94.30114787084698,49.015899999999995,Satisfactory,3.2677266666666664,29.914819106757104,49.01589999999998
1.0,12.957692307692307,80.13846153846153,26.124953798268653,74.48176247446746,3.4164259313296372,122.5902635930357,3.0,11.533070712965666,45.16277599455306,14.860749927049897,12.294078883377102,0.8973431572804201,94.30114787084698,49.015899999999995,Satisfactory,3.2677266666666664,29.914819106757104,49.01589999999998
1.0,12.957692307692307,80.14487179487179,26.124953798268653,74.48176247446746,3.4164259313296372,122.5902635930357,3.0,11.533070712965666,45.16277599455306,14.860749927049897,12.294078883377102,0.8973431572804201,94.30114787084698,49.015899999999995,Satisfactory,3.2677266666666664,29.914819106757104,49.01589999999998
1.0,12.957692307692307,80.15128205128205,26.124953798268653,74.48176247446746,3.4164259313296372,122.5902635930357,3.0,11.533070712965666,45.16277599455306,14.860749927049897,12.294078883377102,0.8973431572804201,94.30114787084698,49.015899999999995,Satisfactory,3.2677266666666664,29.914819106757104,49.01589999999998
1.0,12.957692307692307,80.1576923076923,26.124953798268653,74.48176247446746,3.4164259313296372,122.5902635930357,3.0,11.533070712965666,45.16277599455306,14.860749927049897,12.294078883377102,0.8973431572804201,94.30114787084698,49.015899999999995,Satisfactory,3.2677266666666664,29.914819106757104,49.01589999999998
1.0,12.957692307692307,80.16410256410256,26.124953798268653,74.48176247446746,3.4164259313296372,122.5902635930357,3.0,11.533070712965666,45.16277599455306,14.860749927049897,12.294078883377102,0.8973431572804201,94.30114787084698,49.015899999999995,Satisfactory,3.2677266666666664,29.914819106757104,49.01589999999998
1.0,12.957692307692307,80.17051282051281,26.124953798268653,74.48176247446746,3.4164259313296372,122.5902635930357,3.0,11.533070712965666,45.16277599455306,14.860749927049897,12.294078883377102,0.8973431572804201,94.30114787084698,49.180899999999994,Satisfactory,3.278726666666666,29.987216112703763,49.18089999999998
1.0,12.957692307692307,80.17692307692307,26.124953798268653,74.48176247446746,3.4164259313296372,122.5902635930357,3.0,11.533070712965666,45.16277599455306,14.860749927049897,12.294078883377102,0.8973431572804201,94.30114787084698,49.180899999999994,Satisfactory,3.278726666666666,29.987216112703763,49.18089999999998
1.0,12.957692307692307,80.18333333333332,26.124953798268653,74.48176247446746,3.4164259313296372,122.5902635930357,3.0,11.533070712965666,45.16277599455306,14.860749927049897,12.294078883377102,0.8973431572804201,94.30114787084698,49.09179999999999,Satisfactory,3.2727866666666663,29.982993659072804,49.091799999999985
1.0,12.957692307692307,80.18974358974359,26.124953798268653,74.48176247446746,3.4164259313296372,122.5902635930357,3.0,11.533070712965666,45.16277599455306,14.860749927049897,12.294078883377102,0.8973431572804201,94.30114787084698,49.09179999999999,Satisfactory,3.2727866666666663,29.982993659072804,49.091799999999985
1.0,12.957692307692307,80.19615384615383,26.124953798268653,74.48176247446746,3.4164259313296372,122.5902635930357,3.0,11.533070712965666,45.16277599455306,14.860749927049897,12.294078883377102,0.8973431572804201,94.30114787084698,49.09179999999999,Satisfactory,3.2727866666666663,29.982993659072804,49.091799999999985
1.0,12.957692307692307,80.2025641025641,26.124953798268653,74.48176247446746,3.4164259313296372,122.5902635930357,3.0,11.533070712965666,45.16277599455306,14.860749927049897,12.294078883377102,0.8973431572804201,94.30114787084698,49.13619999999999,Satisfactory,3.2757466666666657,29.99711162028771,49.13619999999998
1.0,12.957692307692307,80.20897435897436,26.124953798268653,74.48176247446746,3.4164259313296372,122.5902635930357,3.0,11.533070712965666,45.16277599455306,14.860749927049897,12.294078883377102,0.8973431572804201,94.30114787084698,49.234700000000004,Satisfactory,3.2823133333333336,29.832847918192456,49.2347
1.0,12.957692307692307,80.21538461538461,26.124953798268653,74.48176247446746,3.4164259313296372,122.5902635930357,3.0,11.533070712965666,45.16277599455306,14.860749927049897,12.294078883377102,0.8973431572804201,94.30114787084698,49.234700000000004,Satisfactory,3.2823133333333336,29.832847918192456,49.2347
1.0,12.957692307692307,80.22179487179487,26.124953798268653,74.48176247446746,3.4164259313296372,122.5902635930357,3.0,11.533070712965666,45.16277599455306,14.860749927049897,12.294078883377102,0.8973431572804201,94.30114787084698,49.234700000000004,Satisfactory,3.2823133333333336,29.832847918192456,49.2347
1.0,12.957692307692307,80.22820512820512,26.124953798268653,74.48176247446746,3.4164259313296372,122.5902635930357,3.0,11.533070712965666,45.16277599455306,14.860749927049897,12.294078883377102,0.8973431572804201,94.30114787084698,49.234700000000004,Satisfactory,3.2823133333333336,29.832847918192456,49.2347
1.0,12.957692307692307,80.23461538461538,26.124953798268653,74.48176247446746,3.4164259313296372,122.5902635930357,3.0,11.533070712965666,45.16277599455306,14.860749927049897,12.294078883377102,0.8973431572804201,94.30114787084698,49.234700000000004,Satisfactory,3.2823133333333336,29.832847918192456,49.2347
1.0,12.957692307692307,80.24102564102563,26.124953798268653,74.48176247446746,3.4164259313296372,122.5902635930357,3.0,11.533070712965666,45.16277599455306,14.860749927049897,12.294078883377102,0.8973431572804201,94.30114787084698,49.234700000000004,Satisfactory,3.2823133333333336,29.832847918192456,49.2347
1.0,12.957692307692307,80.24743589743589,26.124953798268653,74.48176247446746,3.4164259313296372,122.5902635930357,3.0,11.533070712965666,45.16277599455306,14.860749927049897,12.294078883377102,0.8973431572804201,94.30114787084698,49.0625,Satisfactory,3.2708333333333335,29.652818563333902,49.06249999999999
1.0,12.957692307692307,80.25384615384615,26.124953798268653,74.48176247446746,3.4164259313296372,122.5902635930357,3.0,11.533070712965666,45.16277599455306,14.860749927049897,12.294078883377102,0.8973431572804201,94.30114787084698,49.18910000000001,Satisfactory,3.279273333333334,30.31043381725177,49.189099999999996
1.0,12.957692307692307,80.2602564102564,26.124953798268653,74.48176247446746,3.4164259313296372,122.5902635930357,3.0,11.533070712965666,45.16277599455306,14.860749927049897,12.294078883377102,0.8973431572804201,94.30114787084698,49.18910000000001,Satisfactory,3.279273333333334,30.31043381725177,49.189099999999996
1.0,12.957692307692307,80.26666666666667,26.124953798268653,74.48176247446746,3.4164259313296372,122.5902635930357,3.0,11.533070712965666,45.16277599455306,14.860749927049897,12.294078883377102,0.8973431572804201,94.30114787084698,49.18910000000001,Satisfactory,3.279273333333334,30.31043381725177,49.189099999999996
1.0,12.957692307692307,80.27307692307691,26.124953798268653,74.48176247446746,3.4164259313296372,122.5902635930357,3.0,11.533070712965666,45.16277599455306,14.860749927049897,12.294078883377102,0.8973431572804201,94.30114787084698,49.126900000000006,Satisfactory,3.275126666666667,30.252443494534454,49.1269
1.0,12.957692307692307,80.27948717948718,26.124953798268653,74.48176247446746,3.4164259313296372,122.5902635930357,3.0,11.533070712965666,45.16277599455306,14.860749927049897,12.294078883377102,0.8973431572804201,94.30114787084698,49.126900000000006,Satisfactory,3.275126666666667,30.252443494534454,49.1269
1.0,12.957692307692307,80.28589743589743,26.124953798268653,74.48176247446746,3.4164259313296372,122.5902635930357,3.0,11.533070712965666,45.16277599455306,14.860749927049897,12.294078883377102,0.8973431572804201,94.30114787084698,49.126900000000006,Satisfactory,3.275126666666667,30.252443494534454,49.1269
1.0,12.957692307692307,80.29230769230769,26.124953798268653,74.48176247446746,3.4164259313296372,122.5902635930357,3.0,11.533070712965666,45.16277599455306,14.860749927049897,12.294078883377102,0.8973431572804201,94.30114787084698,49.126900000000006,Satisfactory,3.275126666666667,30.252443494534454,49.1269
1.0,12.957692307692307,80.29871794871794,26.124953798268653,74.48176247446746,3.4164259313296372,122.5902635930357,3.0,11.533070712965666,45.16277599455306,14.860749927049897,12.294078883377102,0.8973431572804201,94.30114787084698,49.126900000000006,Satisfactory,3.275126666666667,30.252443494534454,49.1269
1.0,12.957692307692307,80.3051282051282,26.124953798268653,74.48176247446746,3.4164259313296372,122.5902635930357,3.0,11.533070712965666,45.16277599455306,14.860749927049897,12.294078883377102,0.8973431572804201,94.30114787084698,49.126900000000006,Satisfactory,3.275126666666667,30.252443494534454,49.1269
1.0,12.957692307692307,80.31153846153846,26.124953798268653,74.48176247446746,3.4164259313296372,122.5902635930357,3.0,11.533070712965666,45.16277599455306,14.860749927049897,12.294078883377102,0.8973431572804201,94.30114787084698,49.126900000000006,Satisfactory,3.275126666666667,30.252443494534454,49.1269
1.0,12.957692307692307,80.31794871794871,26.124953798268653,74.48176247446746,3.4164259313296372,122.5902635930357,3.0,11.533070712965666,45.16277599455306,14.860749927049897,12.294078883377102,0.8973431572804201,94.30114787084698,49.126900000000006,Satisfactory,3.275126666666667,30.252443494534454,49.1269
1.0,12.957692307692307,80.32435897435897,26.124953798268653,74.48176247446746,3.4164259313296372,122.5902635930357,3.0,11.533070712965666,45.16277599455306,14.860749927049897,12.294078883377102,0.8973431572804201,94.30114787084698,49.126900000000006,Satisfactory,3.275126666666667,30.252443494534454,49.1269
1.0,12.957692307692307,80.33076923076922,26.124953798268653,74.48176247446746,3.4164259313296372,122.5902635930357,3.0,11.533070712965666,45.16277599455306,14.860749927049897,12.294078883377102,0.8973431572804201,94.30114787084698,49.126900000000006,Satisfactory,3.275126666666667,30.252443494534454,49.1269
1.0,12.957692307692307,80.33717948717948,26.124953798268653,74.48176247446746,3.4164259313296372,122.5902635930357,3.0,11.533070712965666,45.16277599455306,14.860749927049897,12.294078883377102,0.8973431572804201,94.30114787084698,49.126900000000006,Satisfactory,3.275126666666667,30.252443494534454,49.1269
1.0,12.957692307692307,80.34358974358973,26.124953798268653,74.48176247446746,3.4164259313296372,122.5902635930357,3.0,11.533070712965666,45.16277599455306,14.860749927049897,12.294078883377102,0.8973431572804201,94.30114787084698,49.126900000000006,Satisfactory,3.275126666666667,30.252443494534454,49.1269
1.0,12.957692307692307,80.35,26.124953798268653,74.48176247446746,3.4164259313296372,122.5902635930357,3.0,11.533070712965666,45.16277599455306,14.860749927049897,12.294078883377102,0.8973431572804201,94.30114787084698,49.126900000000006,Satisfactory,3.275126666666667,30.252443494534454,49.1269
1.0,12.966666666666667,80.1,26.124953798268653,74.48176247446746,3.4164259313296372,122.5902635930357,3.0,11.533070712965666,45.16277599455306,14.860749927049897,12.294078883377102,0.8973431572804201,94.30114787084698,48.06679999999997,Satisfactory,3.2044533333333316,27.28460561855348,48.06679999999997
1.0,12.966666666666667,80.10641025641026,26.124953798268653,74.48176247446746,3.4164259313296372,122.5902635930357,3.0,11.533070712965666,45.16277599455306,14.860749927049897,12.294078883377102,0.8973431572804201,94.30114787084698,48.06679999999997,Satisfactory,3.2044533333333316,27.28460561855348,48.06679999999997
1.0,12.966666666666667,80.1128205128205,26.124953798268653,74.48176247446746,3.4164259313296372,122.5902635930357,3.0,11.533070712965666,45.16277599455306,14.860749927049897,12.294078883377102,0.8973431572804201,94.30114787084698,48.06679999999997,Satisfactory,3.2044533333333316,27.28460561855348,48.06679999999997
1.0,12.966666666666667,80.11923076923077,26.124953798268653,74.48176247446746,3.4164259313296372,122.5902635930357,3.0,11.533070712965666,45.16277599455306,14.860749927049897,12.294078883377102,0.8973431572804201,94.30114787084698,48.06679999999997,Satisfactory,3.2044533333333316,27.28460561855348,48.06679999999997
1.0,12.966666666666667,80.12564102564102,26.124953798268653,74.48176247446746,3.4164259313296372,122.5902635930357,3.0,11.533070712965666,45.16277599455306,14.860749927049897,12.294078883377102,0.8973431572804201,94.30114787084698,48.06679999999997,Satisfactory,3.2044533333333316,27.28460561855348,48.06679999999997
1.0,12.966666666666667,80.13205128205128,26.124953798268653,74.48176247446746,3.4164259313296372,122.5902635930357,3.0,11.533070712965666,45.16277599455306,14.860749927049897,12.294078883377102,0.8973431572804201,94.30114787084698,49.54689999999998,Satisfactory,3.303126666666665,30.54417010478432,49.54689999999998
1.0,12.966666666666667,80.13846153846153,26.124953798268653,74.48176247446746,3.4164259313296372,122.5902635930357,3.0,11.533070712965666,45.16277599455306,14.860749927049897,12.294078883377102,0.8973431572804201,94.30114787084698,49.54689999999998,Satisfactory,3.303126666666665,30.54417010478432,49.54689999999998
1.0,12.966666666666667,80.14487179487179,26.124953798268653,74.48176247446746,3.4164259313296372,122.5902635930357,3.0,11.533070712965666,45.16277599455306,14.860749927049897,12.294078883377102,0.8973431572804201,94.30114787084698,49.54689999999998,Satisfactory,3.303126666666665,30.54417010478432,49.54689999999998
1.0,12.966666666666667,80.15128205128205,26.124953798268653,74.48176247446746,3.4164259313296372,122.5902635930357,3.0,11.533070712965666,45.16277599455306,14.860749927049897,12.294078883377102,0.8973431572804201,94.30114787084698,49.54689999999998,Satisfactory,3.303126666666665,30.54417010478432,49.54689999999998
1.0,12.966666666666667,80.1576923076923,26.124953798268653,74.48176247446746,3.4164259313296372,122.5902635930357,3.0,11.533070712965666,45.16277599455306,14.860749927049897,12.294078883377102,0.8973431572804201,94.30114787084698,49.54689999999998,Satisfactory,3.303126666666665,30.54417010478432,49.54689999999998
1.0,12.966666666666667,80.16410256410256,26.124953798268653,74.48176247446746,3.4164259313296372,122.5902635930357,3.0,11.533070712965666,45.16277599455306,14.860749927049897,12.294078883377102,0.8973431572804201,94.30114787084698,49.54689999999998,Satisfactory,3.303126666666665,30.54417010478432,49.54689999999998
1.0,12.966666666666667,80.17051282051281,26.124953798268653,74.48176247446746,3.4164259313296372,122.5902635930357,3.0,11.533070712965666,45.16277599455306,14.860749927049897,12.294078883377102,0.8973431572804201,94.30114787084698,49.71189999999998,Satisfactory,3.3141266666666653,30.612216930336814,49.71189999999998
1.0,12.966666666666667,80.17692307692307,26.124953798268653,74.48176247446746,3.4164259313296372,122.5902635930357,3.0,11.533070712965666,45.16277599455306,14.860749927049897,12.294078883377102,0.8973431572804201,94.30114787084698,49.71189999999998,Satisfactory,3.3141266666666653,30.612216930336814,49.71189999999998
1.0,12.966666666666667,80.18333333333332,26.124953798268653,74.48176247446746,3.4164259313296372,122.5902635930357,3.0,11.533070712965666,45.16277599455306,14.860749927049897,12.294078883377102,0.8973431572804201,94.30114787084698,49.62279999999998,Satisfactory,3.308186666666665,30.609626396935983,49.62279999999998
1.0,12.966666666666667,80.18974358974359,26.124953798268653,74.48176247446746,3.4164259313296372,122.5902635930357,3.0,11.533070712965666,45.16277599455306,14.860749927049897,12.294078883377102,0.8973431572804201,94.30114787084698,49.62279999999998,Satisfactory,3.308186666666665,30.609626396935983,49.62279999999998
1.0,12.966666666666667,80.19615384615383,26.124953798268653,74.48176247446746,3.4164259313296372,122.5902635930357,3.0657563941496218,11.533070712965666,45.16277599455306,14.860749927049897,12.294078883377102,0.8973431572804201,94.30114787084698,49.62279999999998,Satisfactory,3.308186666666665,30.609626396935983,49.62279999999998
1.0,12.966666666666667,80.2025641025641,26.124953798268653,74.48176247446746,3.4164259313296372,122.5902635930357,3.188971313481712,11.533070712965666,45.16277599455306,14.860749927049897,12.294078883377102,0.8973431572804201,94.30114787084698,49.66719999999999,Satisfactory,3.311146666666666,30.62268558046469,49.66719999999997
1.0,12.966666666666667,80.20897435897436,26.124953798268653,74.48176247446746,3.4164259313296372,122.5902635930357,3.2752354012491116,11.533070712965666,45.16277599455306,14.860749927049897,12.294078883377102,0.8973431572804201,94.30114787084698,49.772299999999994,Satisfactory,3.318153333333333,30.38670027676583,49.772299999999994
1.0,12.966666666666667,80.21538461538461,26.124953798268653,74.48176247446746,3.4164259313296372,122.5902635930357,3.3231163103291808,11.533070712965666,45.16277599455306,14.860749927049897,12.294078883377102,0.8973431572804201,94.30114787084698,49.772299999999994,Satisfactory,3.318153333333333,30.38670027676583,49.772299999999994
1.0,12.966666666666667,80.22179487179487,26.124953798268653,74.48176247446746,3.4164259313296372,122.5902635930357,3.3317871615470143,11.533070712965666,45.16277599455306,14.860749927049897,12.294078883377102,0.8973431572804201,94.30114787084698,49.772299999999994,Satisfactory,3.318153333333333,30.38670027676583,49.772299999999994
1.0,12.966666666666667,80.22820512820512,26.124953798268653,74.48176247446746,3.4164259313296372,122.5902635930357,3.301095696372074,11.533070712965666,45.16277599455306,14.860749927049897,12.294078883377102,0.8973431572804201,94.30114787084698,49.772299999999994,Satisfactory,3.318153333333333,30.38670027676583,49.772299999999994
1.0,12.966666666666667,80.23461538461538,26.124953798268653,74.48176247446746,3.4164259313296372,122.5902635930357,3.2315773598156117,11.533070712965666,45.16277599455306,14.860749927049897,12.294078883377102,0.8973431572804201,94.30114787084698,49.772299999999994,Satisfactory,3.318153333333333,30.38670027676583,49.772299999999994
1.0,12.966666666666667,80.24102564102563,26.124953798268653,74.48176247446746,3.4164259313296372,122.5902635930357,3.1244097737072316,11.533070712965666,45.16277599455306,14.860749927049897,12.294078883377102,0.8973431572804201,94.30114787084698,49.772299999999994,Satisfactory,3.318153333333333,30.38670027676583,49.772299999999994
1.0,12.966666666666667,80.24743589743589,26.124953798268653,74.48176247446746,3.4164259313296372,122.5902635930357,3.0,11.533070712965666,45.16277599455306,14.860749927049897,12.294078883377102,0.8973431572804201,94.30114787084698,49.60009999999999,Satisfactory,3.306673333333333,30.21303587840851,49.60009999999999
1.0,12.966666666666667,80.25384615384615,26.124953798268653,74.48176247446746,3.4164259313296372,122.5902635930357,3.0,11.533070712965666,45.16277599455306,14.860749927049897,12.294078883377102,0.8973431572804201,94.30114787084698,49.7267,Satisfactory,3.3151133333333336,30.856509298849737,49.7267
1.0,12.966666666666667,80.2602564102564,26.124953798268653,74.48176247446746,3.4164259313296372,122.5902635930357,3.0,11.533070712965666,45.16277599455306,14.860749927049897,12.294078883377102,0.8973431572804201,94.30114787084698,49.7267,Satisfactory,3.3151133333333336,30.856509298849737,49.7267
1.0,12.966666666666667,80.26666666666667,26.124953798268653,74.48176247446746,3.4164259313296372,122.5902635930357,3.0,11.533070712965666,45.16277599455306,14.860749927049897,12.294078883377102,0.8973431572804201,94.30114787084698,49.7267,Satisfactory,3.3151133333333336,30.856509298849737,49.7267
1.0,12.966666666666667,80.27307692307691,26.124953798268653,74.48176247446746,3.4164259313296372,122.5902635930357,3.0,11.533070712965666,45.16277599455306,14.860749927049897,12.294078883377102,0.8973431572804201,94.30114787084698,49.6645,Satisfactory,3.3109666666666664,30.800632830349446,49.6645
1.0,12.966666666666667,80.27948717948718,26.124953798268653,74.48176247446746,3.4164259313296372,122.5902635930357,3.0,11.533070712965666,45.16277599455306,14.860749927049897,12.294078883377102,0.8973431572804201,94.30114787084698,49.6645,Satisfactory,3.3109666666666664,30.800632830349446,49.6645
1.0,12.966666666666667,80.28589743589743,26.124953798268653,74.48176247446746,3.4164259313296372,122.5902635930357,3.0,11.533070712965666,45.16277599455306,14.860749927049897,12.294078883377102,0.8973431572804201,94.30114787084698,49.6645,Satisfactory,3.3109666666666664,30.800632830349446,49.6645
1.0,12.966666666666667,80.29230769230769,26.124953798268653,74.48176247446746,3.4164259313296372,122.5902635930357,3.0,11.533070712965666,45.16277599455306,14.860749927049897,12.294078883377102,0.8973431572804201,94.30114787084698,49.6645,Satisfactory,3.3109666666666664,30.800632830349446,49.6645
1.0,12.966666666666667,80.29871794871794,26.124953798268653,74.48176247446746,3.4164259313296372,122.5902635930357,3.0,11.533070712965666,45.16277599455306,14.860749927049897,12.294078883377102,0.8973431572804201,94.30114787084698,49.6645,Satisfactory,3.3109666666666664,30.800632830349446,49.6645
1.0,12.966666666666667,80.3051282051282,26.124953798268653,74.48176247446746,3.4164259313296372,122.5902635930357,3.0,11.533070712965666,45.16277599455306,14.860749927049897,12.294078883377102,0.8973431572804201,94.30114787084698,49.6645,Satisfactory,3.3109666666666664,30.800632830349446,49.6645
1.0,12.966666666666667,80.31153846153846,26.124953798268653,74.48176247446746,3.4164259313296372,122.5902635930357,3.0,11.533070712965666,45.16277599455306,14.860749927049897,12.294078883377102,0.8973431572804201,94.30114787084698,49.6645,Satisfactory,3.3109666666666664,30.800632830349446,49.6645
1.0,12.966666666666667,80.31794871794871,26.124953798268653,74.48176247446746,3.4164259313296372,122.5902635930357,3.0,11.533070712965666,45.16277599455306,14.860749927049897,12.294078883377102,0.8973431572804201,94.30114787084698,49.6645,Satisfactory,3.3109666666666664,30.800632830349446,49.6645
1.0,12.966666666666667,80.32435897435897,26.124953798268653,74.48176247446746,3.4164259313296372,122.5902635930357,3.0,11.533070712965666,45.16277599455306,14.860749927049897,12.294078883377102,0.8973431572804201,94.30114787084698,49.6645,Satisfactory,3.3109666666666664,30.800632830349446,49.6645
1.0,12.966666666666667,80.33076923076922,26.124953798268653,74.48176247446746,3.4164259313296372,122.5902635930357,3.0,11.533070712965666,45.16277599455306,14.860749927049897,12.294078883377102,0.8973431572804201,94.30114787084698,49.6645,Satisfactory,3.3109666666666664,30.800632830349446,49.6645
1.0,12.966666666666667,80.33717948717948,26.124953798268653,74.48176247446746,3.4164259313296372,122.5902635930357,3.0,11.533070712965666,45.16277599455306,14.860749927049897,12.294078883377102,0.8973431572804201,94.30114787084698,49.6645,Satisfactory,3.3109666666666664,30.800632830349446,49.6645
1.0,12.966666666666667,80.34358974358973,26.124953798268653,74.48176247446746,3.4164259313296372,122.5902635930357,3.0,11.533070712965666,45.16277599455306,14.860749927049897,12.294078883377102,0.8973431572804201,94.30114787084698,49.6645,Satisfactory,3.3109666666666664,30.800632830349446,49.6645
1.0,12.966666666666667,80.35,26.124953798268653,74.48176247446746,3.4164259313296372,122.5902635930357,3.0,11.533070712965666,45.16277599455306,14.860749927049897,12.294078883377102,0.8973431572804201,94.30114787084698,49.6645,Satisfactory,3.3109666666666664,30.800632830349446,49.6645
1.0,12.975641025641025,80.1,26.124953798268653,74.48176247446746,3.4164259313296372,122.5902635930357,3.0,11.533070712965666,45.16277599455306,14.860749927049897,12.294078883377102,0.8973431572804201,94.30114787084698,48.09999999999998,Satisfactory,3.206666666666665,27.261253199367037,48.09999999999998
1.0,12.975641025641025,80.10641025641026,26.124953798268653,74.48176247446746,3.4164259313296372,122.5902635930357,3.0,11.533070712965666,45.16277599455306,14.860749927049897,12.294078883377102,0.8973431572804201,94.30114787084698,48.09999999999998,Satisfactory,3.206666666666665,27.261253199367037,48.09999999999998
1.0,12.975641025641025,80.1128205128205,26.124953798268653,74.48176247446746,3.4164259313296372,122.5902635930357,3.0,11.533070712965666,45.16277599455306,14.860749927049897,12.294078883377102,0.8973431572804201,94.30114787084698,48.09999999999998,Satisfactory,3.206666666666665,27.261253199367037,48.09999999999998
1.0,12.975641025641025,80.11923076923077,26.124953798268653,74.48176247446746,3.4164259313296372,122.5902635930357,3.0,11.533070712965666,45.16277599455306,14.860749927049897,12.294078883377102,0.8973431572804201,94.30114787084698,48.09999999999998,Satisfactory,3.206666666666665,27.261253199367037,48.09999999999998
1.0,12.975641025641025,80.12564102564102,26.124953798268653,74.48176247446746,3.4164259313296372,122.5902635930357,3.0,11.533070712965666,45.16277599455306,14.860749927049897,12.294078883377102,0.8973431572804201,94.30114787084698,48.09999999999998,Satisfactory,3.206666666666665,27.261253199367037,48.09999999999998
1.0,12.975641025641025,80.13205128205128,26.124953798268653,74.48176247446746,3.4164259313296372,122.5902635930357,3.0,11.533070712965666,45.16277599455306,14.860749927049897,12.294078883377102,0.8973431572804201,94.30114787084698,49.58009999999999,Satisfactory,3.3053399999999993,30.521701639816875,49.58009999999999
1.0,12.975641025641025,80.13846153846153,26.124953798268653,74.48176247446746,3.4164259313296372,122.5902635930357,3.0,11.533070712965666,45.16277599455306,14.860749927049897,12.294078883377102,0.8973431572804201,94.30114787084698,49.58009999999999,Satisfactory,3.3053399999999993,30.521701639816875,49.58009999999999
1.0,12.975641025641025,80.14487179487179,26.124953798268653,74.48176247446746,3.4164259313296372,122.5902635930357,3.0,11.533070712965666,45.16277599455306,14.860749927049897,12.294078883377102,0.8973431572804201,94.30114787084698,49.58009999999999,Satisfactory,3.3053399999999993,30.521701639816875,49.58009999999999
1.0,12.975641025641025,80.15128205128205,26.124953798268653,74.48176247446746,3.4164259313296372,122.5902635930357,3.0,11.533070712965666,45.16277599455306,14.860749927049897,12.294078883377102,0.8973431572804201,94.30114787084698,49.58009999999999,Satisfactory,3.3053399999999993,30.521701639816875,49.58009999999999
1.0,12.975641025641025,80.1576923076923,26.124953798268653,74.48176247446746,3.4164259313296372,122.5902635930357,3.0,11.533070712965666,45.16277599455306,14.860749927049897,12.294078883377102,0.8973431572804201,94.30114787084698,49.58009999999999,Satisfactory,3.3053399999999993,30.521701639816875,49.58009999999999
1.0,12.975641025641025,80.16410256410256,26.124953798268653,74.48176247446746,3.4164259313296372,122.5902635930357,3.0,11.533070712965666,45.16277599455306,14.860749927049897,12.294078883377102,0.8973431572804201,94.30114787084698,49.58009999999999,Satisfactory,3.3053399999999993,30.521701639816875,49.58009999999999
1.0,12.975641025641025,80.17051282051281,26.124953798268653,74.48176247446746,3.4164259313296372,122.5902635930357,3.0,11.533070712965666,45.16277599455306,14.860749927049897,12.294078883377102,0.8973431572804201,94.30114787084698,49.74509999999999,Satisfactory,3.316339999999999,30.589619366543285,49.74509999999999
1.0,12.975641025641025,80.17692307692307,26.124953798268653,74.48176247446746,3.4164259313296372,122.5902635930357,3.1251747975121456,11.533070712965666,45.16277599455306,14.860749927049897,12.294078883377102,0.8973431572804201,94.30114787084698,49.74509999999999,Satisfactory,3.316339999999999,30.589619366543285,49.74509999999999
1.0,12.975641025641025,80.18333333333332,26.124953798268653,74.48176247446746,3.4164259313296372,122.5902635930357,3.3673768629712333,11.533070712965666,45.16277599455306,14.860749927049897,12.294078883377102,0.8973431572804201,94.30114787084698,49.655999999999985,Satisfactory,3.310399999999999,30.587123630704472,49.655999999999985
1.0,12.975641025641025,80.18974358974359,26.124953798268653,74.48176247446746,3.4164259313296372,122.5902635930357,3.5776851877482176,11.533070712965666,45.16277599455306,14.860749927049897,12.294078883377102,0.8973431572804201,94.30114787084698,49.655999999999985,Satisfactory,3.310399999999999,30.587123630704472,49.655999999999985
1.0,12.975641025641025,80.19615384615383,26.124953798268653,74.48176247446746,3.4164259313296372,122.5902635930357,3.752877848622431,11.533070712965666,45.16277599455306,14.860749927049897,12.294078883377102,0.8973431572804201,94.30114787084698,49.655999999999985,Satisfactory,3.310399999999999,30.587123630704472,49.655999999999985
1.0,12.975641025641025,80.2025641025641,26.124953798268653,74.48176247446746,3.4164259313296372,122.5902635930357,3.8899335062922216,11.533070712965666,45.16277599455306,14.860749927049897,12.294078883377102,0.8973431572804201,94.30114787084698,49.70039999999999,Satisfactory,3.313359999999999,30.600144245411652,49.70039999999998
1.0,12.975641025641025,80.20897435897436,26.124953798268653,74.48176247446746,3.4164259313296372,122.5902635930357,3.986244127205641,11.533070712965666,45.16277599455306,14.860749927049897,12.294078883377102,0.8973431572804201,94.30114787084698,49.8055,Satisfactory,3.3203666666666667,30.36386883699111,49.8055
1.0,12.975641025641025,80.21538461538461,26.124953798268653,74.48176247446746,3.4164259313296372,122.5902635930357,4.039834180633255,11.533070712965666,45.16277599455306,14.860749927049897,12.294078883377102,0.8973431572804201,94.30114787084698,49.8055,Satisfactory,3.3203666666666667,30.36386883699111,49.8055
1.0,12.975641025641025,80.22179487179487,26.124953798268653,74.48176247446746,3.4164259313296372,122.5902635930357,4.049549323970102,11.533070712965666,45.16277599455306,14.860749927049897,12.294078883377102,0.8973431572804201,94.30114787084698,49.8055,Satisfactory,3.3203666666666667,30.36386883699111,49.8055
1.0,12.975641025641025,80.22820512820512,26.124953798268653,74.48176247446746,3.4164259313296372,122.5902635930357,4.015175887453317,11.533070712965666,45.16277599455306,14.860749927049897,12.294078883377102,0.8973431572804201,94.30114787084698,49.8055,Satisfactory,3.3203666666666667,30.36386883699111,49.8055
1.0,12.975641025641025,80.23461538461538,26.124953798268653,74.48176247446746,3.4164259313296372,122.5902635930357,3.937463746490578,11.533070712965666,45.16277599455306,14.860749927049897,12.294078883377102,0.8973431572804201,94.30114787084698,49.8055,Satisfactory,3.3203666666666667,30.36386883699111,49.8055
1.0,12.975641025641025,80.24102564102563,26.124953798268653,74.48176247446746,3.4164259313296372,122.5902635930357,3.8180470926374657,11.533070712965666,45.16277599455306,14.860749927049897,12.294078883377102,0.8973431572804201,94.30114787084698,49.8055,Satisfactory,3.3203666666666667,30.36386883699111,49.8055
1.0,12.975641025641025,80.24743589743589,26.124953798268653,74.48176247446746,3.4164259313296372,122.5902635930357,3.65928178915647,11.533070712965666,45.16277599455306,14.860749927049897,12.294078883377102,0.8973431572804201,94.30114787084698,49.6333,Satisfactory,3.3088866666666665,30.190262471697725,49.6333
1.0,12.975641025641025,80.25384615384615,26.124953798268653,74.48176247446746,3.4164259313296372,122.5902635930357,3.4640346645244913,11.533070712965666,45.16277599455306,14.860749927049897,12.294078883377102,0.8973431572804201,94.30114787084698,49.75990000000001,Satisfactory,3.317326666666667,30.83407483596678,49.75990000000001
1.0,12.975641025641025,80.2602564102564,26.124953798268653,74.48176247446746,3.4164259313296372,122.5902635930357,3.2354639434411423,11.533070712965666,45.16277599455306,14.860749927049897,12.294078883377102,0.8973431572804201,94.30114787084698,49.75990000000001,Satisfactory,3.317326666666667,30.83407483596678,49.75990000000001
1.0,12.975641025641025,80.26666666666667,26.124953798268653,74.48176247446746,3.4164259313296372,122.5902635930357,3.0,11.533070712965666,45.16277599455306,14.860749927049897,12.294078883377102,0.8973431572804201,94.30114787084698,49.75990000000001,Satisfactory,3.317326666666667,30.83407483596678,49.75990000000001
1.0,12.975641025641025,80.27307692307691,26.124953798268653,74.48176247446746,3.4164259313296372,122.5902635930357,3.0,11.533070712965666,45.16277599455306,14.860749927049897,12.294078883377102,0.8973431572804201,94.30114787084698,49.697700000000005,Satisfactory,3.3131800000000005,30.77822473291791,49.697700000000005
1.0,12.975641025641025,80.27948717948718,26.124953798268653,74.48176247446746,3.4164259313296372,122.5902635930357,3.0,11.533070712965666,45.16277599455306,14.860749927049897,12.294078883377102,0.8973431572804201,94.30114787084698,49.697700000000005,Satisfactory,3.3131800000000005,30.77822473291791,49.697700000000005
1.0,12.975641025641025,80.28589743589743,26.124953798268653,74.48176247446746,3.4164259313296372,122.5902635930357,3.0,11.533070712965666,45.16277599455306,14.860749927049897,12.294078883377102,0.8973431572804201,94.30114787084698,49.697700000000005,Satisfactory,3.3131800000000005,30.77822473291791,49.697700000000005
1.0,12.975641025641025,80.29230769230769,26.124953798268653,74.48176247446746,3.4164259313296372,122.5902635930357,3.0,11.533070712965666,45.16277599455306,14.860749927049897,12.294078883377102,0.8973431572804201,94.30114787084698,49.697700000000005,Satisfactory,3.3131800000000005,30.77822473291791,49.697700000000005
1.0,12.975641025641025,80.29871794871794,26.124953798268653,74.48176247446746,3.4164259313296372,122.5902635930357,3.0,11.533070712965666,45.16277599455306,14.860749927049897,12.294078883377102,0.8973431572804201,94.30114787084698,49.697700000000005,Satisfactory,3.3131800000000005,30.77822473291791,49.697700000000005
1.0,12.975641025641025,80.3051282051282,26.124953798268653,74.48176247446746,3.4164259313296372,122.5902635930357,3.0,11.533070712965666,45.16277599455306,14.860749927049897,12.294078883377102,0.8973431572804201,94.30114787084698,49.697700000000005,Satisfactory,3.3131800000000005,30.77822473291791,49.697700000000005
1.0,12.975641025641025,80.31153846153846,26.124953798268653,74.48176247446746,3.4164259313296372,122.5902635930357,3.0,11.533070712965666,45.16277599455306,14.860749927049897,12.294078883377102,0.8973431572804201,94.30114787084698,49.697700000000005,Satisfactory,3.3131800000000005,30.77822473291791,49.697700000000005
1.0,12.975641025641025,80.31794871794871,26.124953798268653,74.48176247446746,3.4164259313296372,122.5902635930357,3.0,11.533070712965666,45.16277599455306,14.860749927049897,12.294078883377102,0.8973431572804201,94.30114787084698,49.697700000000005,Satisfactory,3.3131800000000005,30.77822473291791,49.697700000000005
1.0,12.975641025641025,80.32435897435897,26.124953798268653,74.48176247446746,3.4164259313296372,122.5902635930357,3.0,11.533070712965666,45.16277599455306,14.860749927049897,12.294078883377102,0.8973431572804201,94.30114787084698,49.697700000000005,Satisfactory,3.3131800000000005,30.77822473291791,49.697700000000005
1.0,12.975641025641025,80.33076923076922,26.124953798268653,74.48176247446746,3.4164259313296372,122.5902635930357,3.0,11.533070712965666,45.16277599455306,14.860749927049897,12.294078883377102,0.8973431572804201,94.30114787084698,49.697700000000005,Satisfactory,3.3131800000000005,30.77822473291791,49.697700000000005
1.0,12.975641025641025,80.33717948717948,26.124953798268653,74.48176247446746,3.4164259313296372,122.5902635930357,3.0,11.533070712965666,45.16277599455306,14.860749927049897,12.294078883377102,0.8973431572804201,94.30114787084698,49.697700000000005,Satisfactory,3.3131800000000005,30.77822473291791,49.697700000000005
1.0,12.975641025641025,80.34358974358973,26.124953798268653,74.48176247446746,3.4164259313296372,122.5902635930357,3.0,11.533070712965666,45.16277599455306,14.860749927049897,12.294078883377102,0.8973431572804201,94.30114787084698,49.697700000000005,Satisfactory,3.3131800000000005,30.77822473291791,49.697700000000005
1.0,12.975641025641025,80.35,26.124953798268653,74.48176247446746,3.4164259313296372,122.5902635930357,3.0,11.533070712965666,45.16277599455306,14.860749927049897,12.294078883377102,0.8973431572804201,94.30114787084698,49.697700000000005,Satisfactory,3.3131800000000005,30.77822473291791,49.697700000000005
1.0,12.984615384615385,80.1,26.124953798268653,74.48176247446746,3.4164259313296372,122.5902635930357,3.0,11.533070712965666,45.16277599455306,14.860749927049897,12.294078883377102,0.8973431572804201,94.30114787084698,47.923799999999986,Satisfactory,3.194919999999999,26.970347560978887,47.923799999999986
1.0,12.984615384615385,80.10641025641026,26.124953798268653,74.48176247446746,3.4164259313296372,122.5902635930357,3.0,11.533070712965666,45.16277599455306,14.860749927049897,12.294078883377102,0.8973431572804201,94.30114787084698,47.923799999999986,Satisfactory,3.194919999999999,26.970347560978887,47.923799999999986
1.0,12.984615384615385,80.1128205128205,26.124953798268653,74.48176247446746,3.4164259313296372,122.5902635930357,3.0,11.533070712965666,45.16277599455306,14.860749927049897,12.294078883377102,0.8973431572804201,94.30114787084698,47.923799999999986,Satisfactory,3.194919999999999,26.970347560978887,47.923799999999986
1.0,12.984615384615385,80.11923076923077,26.124953798268653,74.48176247446746,3.4164259313296372,122.5902635930357,3.0,11.533070712965666,45.16277599455306,14.860749927049897,12.294078883377102,0.8973431572804201,94.30114787084698,47.923799999999986,Satisfactory,3.194919999999999,26.970347560978887,47.923799999999986
1.0,12.984615384615385,80.12564102564102,26.124953798268653,74.48176247446746,3.4164259313296372,122.5902635930357,3.0,11.533070712965666,45.16277599455306,14.860749927049897,12.294078883377102,0.8973431572804201,94.30114787084698,47.923799999999986,Satisfactory,3.194919999999999,26.970347560978887,47.923799999999986
1.0,12.984615384615385,80.13205128205128,26.124953798268653,74.48176247446746,3.4164259313296372,122.5902635930357,3.0,11.533070712965666,45.16277599455306,14.860749927049897,12.294078883377102,0.8973431572804201,94.30114787084698,49.403899999999986,Satisfactory,3.2935933333333325,30.27077104716694,49.403899999999986
1.0,12.984615384615385,80.13846153846153,26.124953798268653,74.48176247446746,3.4164259313296372,122.5902635930357,3.0,11.533070712965666,45.16277599455306,14.860749927049897,12.294078883377102,0.8973431572804201,94.30114787084698,49.403899999999986,Satisfactory,3.2935933333333325,30.27077104716694,49.403899999999986
1.0,12.984615384615385,80.14487179487179,26.124953798268653,74.48176247446746,3.4164259313296372,122.5902635930357,3.0,11.533070712965666,45.16277599455306,14.860749927049897,12.294078883377102,0.8973431572804201,94.30114787084698,49.403899999999986,Satisfactory,3.2935933333333325,30.27077104716694,49.403899999999986
1.0,12.984615384615385,80.15128205128205,26.124953798268653,74.48176247446746,3.4164259313296372,122.5902635930357,3.0,11.533070712965666,45.16277599455306,14.860749927049897,12.294078883377102,0.8973431572804201,94.30114787084698,49.403899999999986,Satisfactory,3.2935933333333325,30.27077104716694,49.403899999999986
1.0,12.984615384615385,80.1576923076923,26.124953798268653,74.48176247446746,3.4164259313296372,122.5902635930357,3.0,11.533070712965666,45.16277599455306,14.860749927049897,12.294078883377102,0.8973431572804201,94.30114787084698,49.403899999999986,Satisfactory,3.2935933333333325,30.27077104716694,49.403899999999986
1.0,12.984615384615385,80.16410256410256,26.124953798268653,74.48176247446746,3.4164259313296372,122.5902635930357,3.1182926449191983,11.533070712965666,45.16277599455306,14.860749927049897,12.294078883377102,0.8973431572804201,94.30114787084698,49.403899999999986,Satisfactory,3.2935933333333325,30.27077104716694,49.403899999999986
1.0,12.984615384615385,80.17051282051281,26.124953798268653,74.48176247446746,3.4164259313296372,122.5902635930357,3.43993714050057,11.533070712965666,45.16277599455306,14.860749927049897,12.294078883377102,0.8973431572804201,94.30114787084698,49.568899999999985,Satisfactory,3.304593333333332,30.340208763124885,49.568899999999985
1.0,12.984615384615385,80.17692307692307,26.124953798268653,74.48176247446746,3.4164259313296372,122.5902635930357,3.7360616959516335,11.533070712965666,45.16277599455306,14.860749927049897,12.294078883377102,0.8973431572804201,94.30114787084698,49.568899999999985,Satisfactory,3.304593333333332,30.340208763124885,49.568899999999985
1.0,12.984615384615385,80.18333333333332,26.124953798268653,74.48176247446746,3.4164259313296372,122.5902635930357,4.0028847609862055,11.533070712965666,45.16277599455306,14.860749927049897,12.294078883377102,0.8973431572804201,94.30114787084698,49.47979999999998,Satisfactory,3.2986533333333323,30.337175016141504,49.479799999999976
1.0,12.984615384615385,80.18974358974359,26.124953798268653,74.48176247446746,3.4164259313296372,122.5902635930357,4.236335448707064,11.533070712965666,45.16277599455306,14.860749927049897,12.294078883377102,0.8973431572804201,94.30114787084698,49.47979999999998,Satisfactory,3.2986533333333323,30.337175016141504,49.479799999999976
1.0,12.984615384615385,80.19615384615383,26.124953798268653,74.48176247446746,3.4164259313296372,122.5902635930357,4.432214382144867,11.533070712965666,45.16277599455306,14.860749927049897,12.294078883377102,0.8973431572804201,94.30114787084698,49.47979999999998,Satisfactory,3.2986533333333323,30.337175016141504,49.479799999999976
1.0,12.984615384615385,80.2025641025641,26.124953798268653,74.48176247446746,3.4164259313296372,122.5902635930357,4.586441644380967,11.533070712965666,45.16277599455306,14.860749927049897,12.294078883377102,0.8973431572804201,94.30114787084698,49.52419999999998,Satisfactory,3.3016133333333317,30.3505606267825,49.52419999999998
1.0,12.984615384615385,80.20897435897436,26.124953798268653,74.48176247446746,3.4164259313296372,122.5902635930357,4.695383028933115,11.533070712965666,45.16277599455306,14.860749927049897,12.294078883377102,0.8973431572804201,94.30114787084698,49.62929999999999,Satisfactory,3.3086199999999995,30.112941910580577,49.62929999999999
1.0,12.984615384615385,80.21538461538461,26.124953798268653,74.48176247446746,3.4164259313296372,122.5902635930357,4.756215287932787,11.533070712965666,45.16277599455306,14.860749927049897,12.294078883377102,0.8973431572804201,94.30114787084698,49.62929999999999,Satisfactory,3.3086199999999995,30.112941910580577,49.62929999999999
1.0,12.984615384615385,80.22179487179487,26.124953798268653,74.48176247446746,3.4164259313296372,122.5902635930357,4.767260300757657,11.533070712965666,45.16277599455306,14.860749927049897,12.294078883377102,0.8973431572804201,94.30114787084698,49.62929999999999,Satisfactory,3.3086199999999995,30.112941910580577,49.62929999999999
1.0,12.984615384615385,80.22820512820512,26.124953798268653,74.48176247446746,3.4164259313296372,122.5902635930357,4.728205128205161,11.533070712965666,45.16277599455306,14.860749927049897,12.294078883377102,0.8973431572804201,94.30114787084698,49.62929999999999,Satisfactory,3.3086199999999995,30.112941910580577,49.62929999999999
1.0,12.984615384615385,80.23461538461538,26.124953798268653,74.48176247446746,3.4164259313296372,122.5902635930357,4.640144839897423,11.533070712965666,45.16277599455306,14.860749927049897,12.294078883377102,0.8973431572804201,94.30114787084698,49.614399999999996,Satisfactory,3.3076266666666663,30.096310349277037,49.614399999999996
1.0,12.984615384615385,80.24102564102563,26.124953798268653,74.48176247446746,3.4164259313296372,122.5902635930357,4.505435116316283,11.533070712965666,45.16277599455306,14.860749927049897,12.294078883377102,0.8973431572804201,94.30114787084698,49.614399999999996,Satisfactory,3.3076266666666663,30.096310349277037,49.614399999999996
1.0,12.984615384615385,80.24743589743589,26.124953798268653,74.48176247446746,3.4164259313296372,122.5902635930357,4.3273983974295405,11.533070712965666,45.16277599455306,14.860749927049897,12.294078883377102,0.8973431572804201,94.30114787084698,49.4422,Satisfactory,3.2961466666666666,29.920051790730582,49.4422
1.0,12.984615384615385,80.25384615384615,26.124953798268653,74.48176247446746,3.4164259313296372,122.5902635930357,4.109962276971424,11.533070712965666,45.16277599455306,14.860749927049897,12.294078883377102,0.8973431572804201,94.30114787084698,49.5688,Satisfactory,3.304586666666667,30.57034688321348,49.5688
1.0,12.984615384615385,80.2602564102564,26.124953798268653,74.48176247446746,3.4164259313296372,122.5902635930357,3.857309256307378,11.533070712965666,45.16277599455306,14.860749927049897,12.294078883377102,0.8973431572804201,94.30114787084698,49.5688,Satisfactory,3.304586666666667,30.57034688321348,49.5688
1.0,12.984615384615385,80.26666666666667,26.124953798268653,74.48176247446746,3.4164259313296372,122.5902635930357,3.573591631141033,11.533070712965666,45.16277599455306,14.860749927049897,12.294078883377102,0.8973431572804201,94.30114787084698,49.5688,Satisfactory,3.304586666666667,30.57034688321348,49.5688
1.0,12.984615384615385,80.27307692307691,26.124953798268653,74.48176247446746,3.4164259313296372,122.5902635930357,3.262732806933922,11.533070712965666,45.16277599455306,14.860749927049897,12.294078883377102,0.8973431572804201,94.30114787084698,49.506600000000006,Satisfactory,3.3004400000000005,30.5136245379011,49.506600000000006
1.0,12.984615384615385,80.27948717948718,26.124953798268653,74.48176247446746,3.4164259313296372,122.5902635930357,3.0,11.533070712965666,45.16277599455306,14.860749927049897,12.294078883377102,0.8973431572804201,94.30114787084698,49.506600000000006,Satisfactory,3.3004400000000005,30.5136245379011,49.506600000000006
1.0,12.984615384615385,80.28589743589743,26.124953798268653,74.48176247446746,3.4164259313296372,122.5902635930357,3.0,11.533070712965666,45.16277599455306,14.860749927049897,12.294078883377102,0.8973431572804201,94.30114787084698,49.506600000000006,Satisfactory,3.3004400000000005,30.5136245379011,49.506600000000006
1.0,12.984615384615385,80.29230769230769,26.124953798268653,74.48176247446746,3.4164259313296372,122.5902635930357,3.0,11.533070712965666,45.16277599455306,14.860749927049897,12.294078883377102,0.8973431572804201,94.30114787084698,49.506600000000006,Satisfactory,3.3004400000000005,30.5136245379011,49.506600000000006
1.0,12.984615384615385,80.29871794871794,26.124953798268653,74.48176247446746,3.4164259313296372,122.5902635930357,3.0,11.533070712965666,45.16277599455306,14.860749927049897,12.294078883377102,0.8973431572804201,94.30114787084698,49.506600000000006,Satisfactory,3.3004400000000005,30.5136245379011,49.506600000000006
1.0,12.984615384615385,80.3051282051282,26.124953798268653,74.48176247446746,3.4164259313296372,122.5902635930357,3.0,11.533070712965666,45.16277599455306,14.860749927049897,12.294078883377102,0.8973431572804201,94.30114787084698,49.506600000000006,Satisfactory,3.3004400000000005,30.5136245379011,49.506600000000006
1.0,12.984615384615385,80.31153846153846,26.124953798268653,74.48176247446746,3.4164259313296372,122.5902635930357,3.0,11.533070712965666,45.16277599455306,14.860749927049897,12.294078883377102,0.8973431572804201,94.30114787084698,49.506600000000006,Satisfactory,3.3004400000000005,30.5136245379011,49.506600000000006
1.0,12.984615384615385,80.31794871794871,26.124953798268653,74.48176247446746,3.4164259313296372,122.5902635930357,3.0,11.533070712965666,45.16277599455306,14.860749927049897,12.294078883377102,0.8973431572804201,94.30114787084698,49.506600000000006,Satisfactory,3.3004400000000005,30.5136245379011,49.506600000000006
1.0,12.984615384615385,80.32435897435897,26.124953798268653,74.48176247446746,3.4164259313296372,122.5902635930357,3.0,11.533070712965666,45.16277599455306,14.860749927049897,12.294078883377102,0.8973431572804201,94.30114787084698,49.506600000000006,Satisfactory,3.3004400000000005,30.5136245379011,49.506600000000006
1.0,12.984615384615385,80.33076923076922,26.124953798268653,74.48176247446746,3.4164259313296372,122.5902635930357,3.0,11.533070712965666,45.16277599455306,14.860749927049897,12.294078883377102,0.8973431572804201,94.30114787084698,49.506600000000006,Satisfactory,3.3004400000000005,30.5136245379011,49.506600000000006
1.0,12.984615384615385,80.33717948717948,26.124953798268653,74.48176247446746,3.4164259313296372,122.5902635930357,3.0,11.533070712965666,45.16277599455306,14.860749927049897,12.294078883377102,0.8973431572804201,94.30114787084698,49.506600000000006,Satisfactory,3.3004400000000005,30.5136245379011,49.506600000000006
1.0,12.984615384615385,80.34358974358973,26.124953798268653,74.48176247446746,3.4164259313296372,122.5902635930357,3.0,11.533070712965666,45.16277599455306,14.860749927049897,12.294078883377102,0.8973431572804201,94.30114787084698,49.506600000000006,Satisfactory,3.3004400000000005,30.5136245379011,49.506600000000006
1.0,12.984615384615385,80.35,26.124953798268653,74.48176247446746,3.4164259313296372,122.5902635930357,3.0,11.533070712965666,45.16277599455306,14.860749927049897,12.294078883377102,0.8973431572804201,94.30114787084698,49.506600000000006,Satisfactory,3.3004400000000005,30.5136245379011,49.506600000000006
1.0,12.993589743589743,80.1,26.124953798268653,74.48176247446746,3.4164259313296372,122.5902635930357,3.0,11.533070712965666,45.16277599455306,14.860749927049897,12.294078883377102,0.8973431572804201,94.30114787084698,47.923799999999986,Satisfactory,3.194919999999999,26.970347560978887,47.923799999999986
1.0,12.993589743589743,80.10641025641026,26.124953798268653,74.48176247446746,3.4164259313296372,122.5902635930357,3.0,11.533070712965666,45.16277599455306,14.860749927049897,12.294078883377102,0.8973431572804201,94.30114787084698,47.923799999999986,Satisfactory,3.194919999999999,26.970347560978887,47.923799999999986
1.0,12.993589743589743,80.1128205128205,26.124953798268653,74.48176247446746,3.4164259313296372,122.5902635930357,3.0,11.533070712965666,45.16277599455306,14.860749927049897,12.294078883377102,0.8973431572804201,94.30114787084698,47.923799999999986,Satisfactory,3.194919999999999,26.970347560978887,47.923799999999986
1.0,12.993589743589743,80.11923076923077,26.124953798268653,74.48176247446746,3.4164259313296372,122.5902635930357,3.0,11.533070712965666,45.16277599455306,14.860749927049897,12.294078883377102,0.8973431572804201,94.30114787084698,47.923799999999986,Satisfactory,3.194919999999999,26.970347560978887,47.923799999999986
1.0,12.993589743589743,80.12564102564102,26.124953798268653,74.48176247446746,3.4164259313296372,122.5902635930357,3.0,11.533070712965666,45.16277599455306,14.860749927049897,12.294078883377102,0.8973431572804201,94.30114787084698,47.923799999999986,Satisfactory,3.194919999999999,26.970347560978887,47.923799999999986
1.0,12.993589743589743,80.13205128205128,26.124953798268653,74.48176247446746,3.4164259313296372,122.5902635930357,3.0,11.533070712965666,45.16277599455306,14.860749927049897,12.294078883377102,0.8973431572804201,94.30114787084698,49.403899999999986,Satisfactory,3.2935933333333325,30.27077104716694,49.403899999999986
1.0,12.993589743589743,80.13846153846153,26.124953798268653,74.48176247446746,3.4164259313296372,122.5902635930357,3.0,11.533070712965666,45.16277599455306,14.860749927049897,12.294078883377102,0.8973431572804201,94.30114787084698,49.403899999999986,Satisfactory,3.2935933333333325,30.27077104716694,49.403899999999986
1.0,12.993589743589743,80.14487179487179,26.124953798268653,74.48176247446746,3.4164259313296372,122.5902635930357,3.0,11.533070712965666,45.16277599455306,14.860749927049897,12.294078883377102,0.8973431572804201,94.30114787084698,49.403899999999986,Satisfactory,3.2935933333333325,30.27077104716694,49.403899999999986
1.0,12.993589743589743,80.15128205128205,26.124953798268653,74.48176247446746,3.4164259313296372,122.5902635930357,3.0,11.533070712965666,45.16277599455306,14.860749927049897,12.294078883377102,0.8973431572804201,94.30114787084698,49.403899999999986,Satisfactory,3.2935933333333325,30.27077104716694,49.403899999999986
1.0,12.993589743589743,80.1576923076923,26.124953798268653,74.48176247446746,3.4164259313296372,122.5902635930357,3.2760175852785265,11.533070712965666,45.16277599455306,14.860749927049897,12.294078883377102,0.8973431572804201,94.30114787084698,49.403899999999986,Satisfactory,3.2935933333333325,30.27077104716694,49.403899999999986
1.0,12.993589743589743,80.16410256410256,26.124953798268653,74.48176247446746,3.4164259313296372,122.5902635930357,3.646851303775013,11.533070712965666,45.16277599455306,14.860749927049897,12.294078883377102,0.8973431572804201,94.30114787084698,49.403899999999986,Satisfactory,3.2935933333333325,30.27077104716694,49.403899999999986
1.0,12.993589743589743,80.17051282051281,26.124953798268653,74.48176247446746,3.4164259313296372,122.5902635930357,3.9967486346184122,11.533070712965666,45.16277599455306,14.860749927049897,12.294078883377102,0.8973431572804201,94.30114787084698,49.568899999999985,Satisfactory,3.304593333333332,30.340208763124885,49.568899999999985
1.0,12.993589743589743,80.17692307692307,26.124953798268653,74.48176247446746,3.4164259313296372,122.5902635930357,4.321837857871934,11.533070712965666,45.16277599455306,14.860749927049897,12.294078883377102,0.8973431572804201,94.30114787084698,49.568899999999985,Satisfactory,3.304593333333332,30.340208763124885,49.568899999999985
1.0,12.993589743589743,80.18333333333332,26.124953798268653,74.48176247446746,3.4164259313296372,122.5902635930357,4.617621954434682,11.533070712965666,45.16277599455306,14.860749927049897,12.294078883377102,0.8973431572804201,94.30114787084698,49.47979999999998,Satisfactory,3.2986533333333323,30.337175016141504,49.479799999999976
1.0,12.993589743589743,80.18974358974359,26.124953798268653,74.48176247446746,3.4164259313296372,122.5902635930357,4.879020475026007,11.533070712965666,45.16277599455306,14.860749927049897,12.294078883377102,0.8973431572804201,94.30114787084698,49.47979999999998,Satisfactory,3.2986533333333323,30.337175016141504,49.479799999999976
1.0,12.993589743589743,80.19615384615383,26.124953798268653,74.48176247446746,3.4164259313296372,122.5902635930357,5.100526668940168,11.533070712965666,45.16277599455306,14.860749927049897,12.294078883377102,0.8973431572804201,94.30114787084698,49.47979999999998,Satisfactory,3.2986533333333323,30.337175016141504,49.479799999999976
1.0,12.993589743589743,80.2025641025641,26.124953798268653,74.48176247446746,3.4164259313296372,122.5902635930357,5.276524975712828,11.533070712965666,45.16277599455306,14.860749927049897,12.294078883377102,0.8973431572804201,94.30114787084698,49.52419999999998,Satisfactory,3.3016133333333317,30.3505606267825,49.52419999999998
1.0,12.993589743589743,80.20897435897436,26.124953798268653,74.48176247446746,3.4164259313296372,122.5902635930357,5.401786929131832,11.533070712965666,45.16277599455306,14.860749927049897,12.294078883377102,0.8973431572804201,94.30114787084698,49.62929999999999,Satisfactory,3.3086199999999995,30.112941910580577,49.62929999999999
1.0,12.993589743589743,80.21538461538461,26.124953798268653,74.48176247446746,3.4164259313296372,122.5902635930357,5.472099786669115,11.533070712965666,45.16277599455306,14.860749927049897,12.294078883377102,0.8973431572804201,94.30114787084698,49.62929999999999,Satisfactory,3.3086199999999995,30.112941910580577,49.62929999999999
1.0,12.993589743589743,80.22179487179487,26.124953798268653,74.48176247446746,3.4164259313296372,122.5902635930357,5.484895682777762,11.533070712965666,45.16277599455306,14.860749927049897,12.294078883377102,0.8973431572804201,94.30114787084698,49.62929999999999,Satisfactory,3.3086199999999995,30.112941910580577,49.62929999999999
1.0,12.993589743589743,80.22820512820512,26.124953798268653,74.48176247446746,3.4164259313296372,122.5902635930357,5.439690426554968,11.533070712965666,45.16277599455306,14.860749927049897,12.294078883377102,0.8973431572804201,94.30114787084698,49.62929999999999,Satisfactory,3.3086199999999995,30.112941910580577,49.62929999999999
1.0,12.993589743589743,80.23461538461538,26.124953798268653,74.48176247446746,3.4164259313296372,122.5902635930357,5.338171005640568,11.533070712965666,45.16277599455306,14.860749927049897,12.294078883377102,0.8973431572804201,94.30114787084698,49.614399999999996,Satisfactory,3.3076266666666663,30.096310349277037,49.614399999999996
1.0,12.993589743589743,80.24102564102563,26.124953798268653,74.48176247446746,3.4164259313296372,122.5902635930357,5.183897270989509,11.533070712965666,45.16277599455306,14.860749927049897,12.294078883377102,0.8973431572804201,94.30114787084698,49.614399999999996,Satisfactory,3.3076266666666663,30.096310349277037,49.614399999999996
1.0,12.993589743589743,80.24743589743589,26.124953798268653,74.48176247446746,3.4164259313296372,122.5902635930357,4.981732253370989,11.533070712965666,45.16277599455306,14.860749927049897,12.294078883377102,0.8973431572804201,94.30114787084698,49.4422,Satisfactory,3.2961466666666666,29.920051790730582,49.4422
1.0,12.993589743589743,80.25384615384615,26.124953798268653,74.48176247446746,3.4164259313296372,122.5902635930357,4.737192135934308,11.533070712965666,45.16277599455306,14.860749927049897,12.294078883377102,0.8973431572804201,94.30114787084698,49.5688,Satisfactory,3.304586666666667,30.57034688321348,49.5688
1.0,12.993589743589743,80.2602564102564,26.124953798268653,74.48176247446746,3.4164259313296372,122.5902635930357,4.455881331715645,11.533070712965666,45.16277599455306,14.860749927049897,12.294078883377102,0.8973431572804201,94.30114787084698,49.5688,Satisfactory,3.304586666666667,30.57034688321348,49.5688
1.0,12.993589743589743,80.26666666666667,26.124953798268653,74.48176247446746,3.4164259313296372,122.5902635930357,4.143095804205721,11.533070712965666,45.16277599455306,14.860749927049897,12.294078883377102,0.8973431572804201,94.30114787084698,49.5688,Satisfactory,3.304586666666667,30.57034688321348,49.5688
1.0,12.993589743589743,80.27307692307691,26.124953798268653,74.48176247446746,3.4164259313296372,122.5902635930357,3.803600120542855,11.533070712965666,45.16277599455306,14.860749927049897,12.294078883377102,0.8973431572804201,94.30114787084698,49.506600000000006,Satisfactory,3.3004400000000005,30.5136245379011,49.506600000000006
1.0,12.993589743589743,80.27948717948718,26.124953798268653,74.48176247446746,3.4164259313296372,122.5902635930357,3.4415408875019358,11.533070712965666,45.16277599455306,14.860749927049897,12.294078883377102,0.8973431572804201,94.30114787084698,49.506600000000006,Satisfactory,3.3004400000000005,30.5136245379011,49.506600000000006
1.0,12.993589743589743,80.28589743589743,26.124953798268653,74.48176247446746,3.4164259313296372,122.5902635930357,3.0604488508831276,11.533070712965666,45.16277599455306,14.860749927049897,12.294078883377102,0.8973431572804201,94.30114787084698,49.506600000000006,Satisfactory,3.3004400000000005,30.5136245379011,49.506600000000006
1.0,12.993589743589743,80.29230769230769,26.124953798268653,74.48176247446746,3.4164259313296372,122.5902635930357,3.0,11.533070712965666,45.16277599455306,14.860749927049897,12.294078883377102,0.8973431572804201,94.30114787084698,49.506600000000006,Satisfactory,3.3004400000000005,30.5136245379011,49.506600000000006
1.0,12.993589743589743,80.29871794871794,26.124953798268653,74.48176247446746,3.4164259313296372,122.5902635930357,3.0,11.533070712965666,45.16277599455306,14.860749927049897,12.294078883377102,0.8973431572804201,94.30114787084698,49.506600000000006,Satisfactory,3.3004400000000005,30.5136245379011,49.506600000000006
1.0,12.993589743589743,80.3051282051282,26.124953798268653,74.48176247446746,3.4164259313296372,122.5902635930357,3.0,11.533070712965666,45.16277599455306,14.860749927049897,12.294078883377102,0.8973431572804201,94.30114787084698,49.506600000000006,Satisfactory,3.3004400000000005,30.5136245379011,49.506600000000006
1.0,12.993589743589743,80.31153846153846,26.124953798268653,74.48176247446746,3.4164259313296372,122.5902635930357,3.0,11.533070712965666,45.16277599455306,14.860749927049897,12.294078883377102,0.8973431572804201,94.30114787084698,49.506600000000006,Satisfactory,3.3004400000000005,30.5136245379011,49.506600000000006
1.0,12.993589743589743,80.31794871794871,26.124953798268653,74.48176247446746,3.4164259313296372,122.5902635930357,3.0,11.533070712965666,45.16277599455306,14.860749927049897,12.294078883377102,0.8973431572804201,94.30114787084698,49.506600000000006,Satisfactory,3.3004400000000005,30.5136245379011,49.506600000000006
1.0,12.993589743589743,80.32435897435897,26.124953798268653,74.48176247446746,3.4164259313296372,122.5902635930357,3.0,11.533070712965666,45.16277599455306,14.860749927049897,12.294078883377102,0.8973431572804201,94.30114787084698,49.506600000000006,Satisfactory,3.3004400000000005,30.5136245379011,49.506600000000006
1.0,12.993589743589743,80.33076923076922,26.124953798268653,74.48176247446746,3.4164259313296372,122.5902635930357,3.0,11.533070712965666,45.16277599455306,14.860749927049897,12.294078883377102,0.8973431572804201,94.30114787084698,49.506600000000006,Satisfactory,3.3004400000000005,30.5136245379011,49.506600000000006
1.0,12.993589743589743,80.33717948717948,26.124953798268653,74.48176247446746,3.4164259313296372,122.5902635930357,3.0,11.533070712965666,45.16277599455306,14.860749927049897,12.294078883377102,0.8973431572804201,94.30114787084698,49.506600000000006,Satisfactory,3.3004400000000005,30.5136245379011,49.506600000000006
1.0,12.993589743589743,80.34358974358973,26.124953798268653,74.48176247446746,3.4164259313296372,122.5902635930357,3.0,11.533070712965666,45.16277599455306,14.860749927049897,12.294078883377102,0.8973431572804201,94.30114787084698,49.506600000000006,Satisfactory,3.3004400000000005,30.5136245379011,49.506600000000006
1.0,12.993589743589743,80.35,26.124953798268653,74.48176247446746,3.4164259313296372,122.5902635930357,3.0,11.533070712965666,45.16277599455306,14.860749927049897,12.294078883377102,0.8973431572804201,94.30114787084698,49.506600000000006,Satisfactory,3.3004400000000005,30.5136245379011,49.506600000000006
1.0,13.002564102564103,80.1,26.124953798268653,74.48176247446746,3.4164259313296372,122.5902635930357,3.0,11.533070712965666,45.16277599455306,14.860749927049897,12.294078883377102,0.8973431572804201,94.30114787084698,47.923799999999986,Satisfactory,3.194919999999999,26.970347560978887,47.923799999999986
1.0,13.002564102564103,80.10641025641026,26.124953798268653,74.48176247446746,3.4164259313296372,122.5902635930357,3.0,11.533070712965666,45.16277599455306,14.860749927049897,12.294078883377102,0.8973431572804201,94.30114787084698,47.923799999999986,Satisfactory,3.194919999999999,26.970347560978887,47.923799999999986
1.0,13.002564102564103,80.1128205128205,26.124953798268653,74.48176247446746,3.4164259313296372,122.5902635930357,3.0,11.533070712965666,45.16277599455306,14.860749927049897,12.294078883377102,0.8973431572804201,94.30114787084698,47.923799999999986,Satisfactory,3.194919999999999,26.970347560978887,47.923799999999986
1.0,13.002564102564103,80.11923076923077,26.124953798268653,74.48176247446746,3.4164259313296372,122.5902635930357,3.0,11.533070712965666,45.16277599455306,14.860749927049897,12.294078883377102,0.8973431572804201,94.30114787084698,47.923799999999986,Satisfactory,3.194919999999999,26.970347560978887,47.923799999999986
1.0,13.002564102564103,80.12564102564102,26.124953798268653,74.48176247446746,3.4164259313296372,122.5902635930357,3.0,11.533070712965666,45.16277599455306,14.860749927049897,12.294078883377102,0.8973431572804201,94.30114787084698,47.923799999999986,Satisfactory,3.194919999999999,26.970347560978887,47.923799999999986
1.0,13.002564102564103,80.13205128205128,26.124953798268653,74.48176247446746,3.4164259313296372,122.5902635930357,3.0,11.533070712965666,45.16277599455306,14.860749927049897,12.294078883377102,0.8973431572804201,94.30114787084698,49.403899999999986,Satisfactory,3.2935933333333325,30.27077104716694,49.403899999999986
1.0,13.002564102564103,80.13846153846153,26.124953798268653,74.48176247446746,3.4164259313296372,122.5902635930357,3.0,11.533070712965666,45.16277599455306,14.860749927049897,12.294078883377102,0.8973431572804201,94.30114787084698,49.403899999999986,Satisfactory,3.2935933333333325,30.27077104716694,49.403899999999986
1.0,13.002564102564103,80.14487179487179,26.124953798268653,74.48176247446746,3.4164259313296372,122.5902635930357,3.0,11.533070712965666,45.16277599455306,14.860749927049897,12.294078883377102,0.8973431572804201,94.30114787084698,49.403899999999986,Satisfactory,3.2935933333333325,30.27077104716694,49.403899999999986
1.0,13.002564102564103,80.15128205128205,26.124953798268653,74.48176247446746,3.4164259313296372,122.5902635930357,3.3199660640136974,11.533070712965666,45.16277599455306,14.860749927049897,12.294078883377102,0.8973431572804201,94.30114787084698,49.403899999999986,Satisfactory,3.2935933333333325,30.27077104716694,49.403899999999986
1.0,13.002564102564103,80.1576923076923,26.124953798268653,74.48176247446746,3.4164259313296372,122.5902635930357,3.735222073204607,11.533070712965666,45.16277599455306,14.860749927049897,12.294078883377102,0.8973431572804201,94.30114787084698,49.403899999999986,Satisfactory,3.2935933333333325,30.27077104716694,49.403899999999986
1.0,13.002564102564103,80.16410256410256,26.124953798268653,74.48176247446746,3.4164259313296372,122.5902635930357,4.135019069517409,11.533070712965666,45.16277599455306,14.860749927049897,12.294078883377102,0.8973431572804201,94.30114787084698,49.403899999999986,Satisfactory,3.2935933333333325,30.27077104716694,49.403899999999986
1.0,13.002564102564103,80.17051282051281,26.124953798268653,74.48176247446746,3.4164259313296372,122.5902635930357,4.515975026083937,11.533070712965666,45.16277599455306,14.860749927049897,12.294078883377102,0.8973431572804201,94.30114787084698,49.568899999999985,Satisfactory,3.304593333333332,30.340208763124885,49.568899999999985
1.0,13.002564102564103,80.17692307692307,26.124953798268653,74.48176247446746,3.4164259313296372,122.5902635930357,4.873887606492074,11.533070712965666,45.16277599455306,14.860749927049897,12.294078883377102,0.8973431572804201,94.30114787084698,49.568899999999985,Satisfactory,3.304593333333332,30.340208763124885,49.568899999999985
1.0,13.002564102564103,80.18333333333332,26.124953798268653,74.48176247446746,3.4164259313296372,122.5902635930357,5.203595473277644,11.533070712965666,45.16277599455306,14.860749927049897,12.294078883377102,0.8973431572804201,94.30114787084698,49.47979999999998,Satisfactory,3.2986533333333323,30.337175016141504,49.479799999999976
1.0,13.002564102564103,80.18974358974359,26.124953798268653,74.48176247446746,3.4164259313296372,122.5902635930357,5.498896329367425,11.533070712965666,45.16277599455306,14.860749927049897,12.294078883377102,0.8973431572804201,94.30114787084698,49.47979999999998,Satisfactory,3.2986533333333323,30.337175016141504,49.479799999999976
1.0,13.002564102564103,80.19615384615383,26.124953798268653,74.48176247446746,3.4164259313296372,122.5902635930357,5.75260763757977,11.533070712965666,45.16277599455306,14.860749927049897,12.294078883377102,0.8973431572804201,94.30114787084698,50.6857,Satisfactory,3.3790466666666665,31.033993499225968,50.6857
1.0,13.002564102564103,80.2025641025641,26.124953798268653,74.48176247446746,3.4164259313296372,122.5902635930357,5.956892375456241,11.533070712965666,45.16277599455306,14.860749927049897,12.294078883377102,0.8973431572804201,94.30114787084698,50.7594,Satisfactory,3.38396,31.04505232142475,50.7594
1.0,13.002564102564103,80.20897435897436,26.124953798268653,74.48176247446746,3.4164259313296372,122.5902635930357,6.103967864136379,11.533070712965666,45.16277599455306,14.860749927049897,12.294078883377102,0.8973431572804201,94.30114787084698,50.80830000000001,Satisfactory,3.3872200000000006,30.594736444525882,50.80830000000001
1.0,13.002564102564103,80.21538461538461,26.124953798268653,74.48176247446746,3.4164259313296372,122.5902635930357,6.187207938995223,11.533070712965666,45.16277599455306,14.860749927049897,12.294078883377102,0.8973431572804201,94.30114787084698,50.80830000000001,Satisfactory,3.3872200000000006,30.594736444525882,50.80830000000001
1.0,13.002564102564103,80.22179487179487,26.124953798268653,74.48176247446746,3.4164259313296372,122.5902635930357,6.202412614043217,11.533070712965666,45.16277599455306,14.860749927049897,12.294078883377102,0.8973431572804201,94.30114787084698,50.856500000000004,Satisfactory,3.3904333333333336,30.582047785424706,50.856500000000004
1.0,13.002564102564103,80.22820512820512,26.124953798268653,74.48176247446746,3.4164259313296372,122.5902635930357,6.148775991423818,11.533070712965666,45.16277599455306,14.860749927049897,12.294078883377102,0.8973431572804201,94.30114787084698,50.856500000000004,Satisfactory,3.3904333333333336,30.582047785424706,50.856500000000004
1.0,13.002564102564103,80.23461538461538,26.124953798268653,74.48176247446746,3.4164259313296372,122.5902635930357,6.029086688023844,11.533070712965666,45.16277599455306,14.860749927049897,12.294078883377102,0.8973431572804201,94.30114787084698,50.82180000000001,Satisfactory,3.3881200000000007,30.581178897485294,50.8218
1.0,13.002564102564103,80.24102564102563,26.124953798268653,74.48176247446746,3.4164259313296372,122.5902635930357,5.849054510721505,11.533070712965666,45.16277599455306,14.860749927049897,12.294078883377102,0.8973431572804201,94.30114787084698,50.82180000000001,Satisfactory,3.3881200000000007,30.581178897485294,50.8218
1.0,13.002564102564103,80.24743589743589,26.124953798268653,74.48176247446746,3.4164259313296372,122.5902635930357,5.616107422000834,11.533070712965666,45.16277599455306,14.860749927049897,12.294078883377102,0.8973431572804201,94.30114787084698,50.53390000000001,Satisfactory,3.3689266666666673,30.457093554539963,50.5339
1.0,13.002564102564103,80.25384615384615,26.124953798268653,74.48176247446746,3.4164259313296372,122.5902635930357,5.338171005640503,11.533070712965666,45.16277599455306,14.860749927049897,12.294078883377102,0.8973431572804201,94.30114787084698,49.5688,Satisfactory,3.304586666666667,30.57034688321348,49.5688
1.0,13.002564102564103,80.2602564102564,26.124953798268653,74.48176247446746,3.4164259313296372,122.5902635930357,5.022776399778863,11.533070712965666,45.16277599455306,14.860749927049897,12.294078883377102,0.8973431572804201,94.30114787084698,49.5688,Satisfactory,3.304586666666667,30.57034688321348,49.5688
1.0,13.002564102564103,80.26666666666667,26.124953798268653,74.48176247446746,3.4164259313296372,122.5902635930357,4.67657725544065,11.533070712965666,45.16277599455306,14.860749927049897,12.294078883377102,0.8973431572804201,94.30114787084698,49.5688,Satisfactory,3.304586666666667,30.57034688321348,49.5688
1.0,13.002564102564103,80.27307692307691,26.124953798268653,74.48176247446746,3.4164259313296372,122.5902635930357,4.305188815709893,11.533070712965666,45.16277599455306,14.860749927049897,12.294078883377102,0.8973431572804201,94.30114787084698,49.506600000000006,Satisfactory,3.3004400000000005,30.5136245379011,49.506600000000006
1.0,13.002564102564103,80.27948717948718,26.124953798268653,74.48176247446746,3.4164259313296372,122.5902635930357,3.913220154392958,11.533070712965666,45.16277599455306,14.860749927049897,12.294078883377102,0.8973431572804201,94.30114787084698,49.506600000000006,Satisfactory,3.3004400000000005,30.5136245379011,49.506600000000006
1.0,13.002564102564103,80.28589743589743,26.124953798268653,74.48176247446746,3.4164259313296372,122.5902635930357,3.504395862601502,11.533070712965666,45.16277599455306,14.860749927049897,12.294078883377102,0.8973431572804201,94.30114787084698,49.506600000000006,Satisfactory,3.3004400000000005,30.5136245379011,49.506600000000006
1.0,13.002564102564103,80.29230769230769,26.124953798268653,74.48176247446746,3.4164259313296372,122.5902635930357,3.0817034547918,11.533070712965666,45.16277599455306,14.860749927049897,12.294078883377102,0.8973431572804201,94.30114787084698,49.506600000000006,Satisfactory,3.3004400000000005,30.5136245379011,49.506600000000006
1.0,13.002564102564103,80.29871794871794,26.124953798268653,74.48176247446746,3.4164259313296372,122.5902635930357,3.0,11.533070712965666,45.16277599455306,14.860749927049897,12.294078883377102,0.8973431572804201,94.30114787084698,49.506600000000006,Satisfactory,3.3004400000000005,30.5136245379011,49.506600000000006
1.0,13.002564102564103,80.3051282051282,26.124953798268653,74.48176247446746,3.4164259313296372,122.5902635930357,3.0,11.533070712965666,45.16277599455306,14.860749927049897,12.294078883377102,0.8973431572804201,94.30114787084698,49.506600000000006,Satisfactory,3.3004400000000005,30.5136245379011,49.506600000000006
1.0,13.002564102564103,80.31153846153846,26.124953798268653,74.48176247446746,3.4164259313296372,122.5902635930357,3.0,11.533070712965666,45.16277599455306,14.860749927049897,12.294078883377102,0.8973431572804201,94.30114787084698,49.506600000000006,Satisfactory,3.3004400000000005,30.5136245379011,49.506600000000006
1.0,13.002564102564103,80.31794871794871,26.124953798268653,74.48176247446746,3.4164259313296372,122.5902635930357,3.0,11.533070712965666,45.16277599455306,14.860749927049897,12.294078883377102,0.8973431572804201,94.30114787084698,49.506600000000006,Satisfactory,3.3004400000000005,30.5136245379011,49.506600000000006
1.0,13.002564102564103,80.32435897435897,26.124953798268653,74.48176247446746,3.4164259313296372,122.5902635930357,3.0,11.533070712965666,45.16277599455306,14.860749927049897,12.294078883377102,0.8973431572804201,94.30114787084698,49.506600000000006,Satisfactory,3.3004400000000005,30.5136245379011,49.506600000000006
1.0,13.002564102564103,80.33076923076922,26.124953798268653,74.48176247446746,3.4164259313296372,122.5902635930357,3.0,11.533070712965666,45.16277599455306,14.860749927049897,12.294078883377102,0.8973431572804201,94.30114787084698,49.506600000000006,Satisfactory,3.3004400000000005,30.5136245379011,49.506600000000006
1.0,13.002564102564103,80.33717948717948,26.124953798268653,74.48176247446746,3.4164259313296372,122.5902635930357,3.0,11.533070712965666,45.16277599455306,14.860749927049897,12.294078883377102,0.8973431572804201,94.30114787084698,49.506600000000006,Satisfactory,3.3004400000000005,30.5136245379011,49.506600000000006
1.0,13.002564102564103,80.34358974358973,26.124953798268653,74.48176247446746,3.4164259313296372,122.5902635930357,3.0,11.533070712965666,45.16277599455306,14.860749927049897,12.294078883377102,0.8973431572804201,94.30114787084698,49.506600000000006,Satisfactory,3.3004400000000005,30.5136245379011,49.506600000000006
1.0,13.002564102564103,80.35,26.124953798268653,74.48176247446746,3.4164259313296372,122.5902635930357,3.0,11.533070712965666,45.16277599455306,14.860749927049897,12.294078883377102,0.8973431572804201,94.30114787084698,49.506600000000006,Satisfactory,3.3004400000000005,30.5136245379011,49.506600000000006
1.0,13.01153846153846,80.1,26.124953798268653,74.48176247446746,3.4164259313296372,122.5902635930357,3.0,11.533070712965666,45.16277599455306,14.860749927049897,12.294078883377102,0.8973431572804201,94.30114787084698,47.923799999999986,Satisfactory,3.194919999999999,26.970347560978887,47.923799999999986
1.0,13.01153846153846,80.10641025641026,26.124953798268653,74.48176247446746,3.4164259313296372,122.5902635930357,3.0,11.533070712965666,45.16277599455306,14.860749927049897,12.294078883377102,0.8973431572804201,94.30114787084698,47.923799999999986,Satisfactory,3.194919999999999,26.970347560978887,47.923799999999986
1.0,13.01153846153846,80.1128205128205,26.124953798268653,74.48176247446746,3.4164259313296372,122.5902635930357,3.0,11.533070712965666,45.16277599455306,14.860749927049897,12.294078883377102,0.8973431572804201,94.30114787084698,47.923799999999986,Satisfactory,3.194919999999999,26.970347560978887,47.923799999999986
1.0,13.01153846153846,80.11923076923077,26.124953798268653,74.48176247446746,3.4164259313296372,122.5902635930357,3.0,11.533070712965666,45.16277599455306,14.860749927049897,12.294078883377102,0.8973431572804201,94.30114787084698,47.923799999999986,Satisfactory,3.194919999999999,26.970347560978887,47.923799999999986
1.0,13.01153846153846,80.12564102564102,26.124953798268653,74.48176247446746,3.4164259313296372,122.5902635930357,3.0,11.533070712965666,45.16277599455306,14.860749927049897,12.294078883377102,0.8973431572804201,94.30114787084698,47.923799999999986,Satisfactory,3.194919999999999,26.970347560978887,47.923799999999986
1.0,13.01153846153846,80.13205128205128,26.124953798268653,74.48176247446746,3.4164259313296372,122.5902635930357,3.0,11.533070712965666,45.16277599455306,14.860749927049897,12.294078883377102,0.8973431572804201,94.30114787084698,49.403899999999986,Satisfactory,3.2935933333333325,30.27077104716694,49.403899999999986
1.0,13.01153846153846,80.13846153846153,26.124953798268653,74.48176247446746,3.4164259313296372,122.5902635930357,3.0,11.533070712965666,45.16277599455306,14.860749927049897,12.294078883377102,0.8973431572804201,94.30114787084698,49.403899999999986,Satisfactory,3.2935933333333325,30.27077104716694,49.403899999999986
1.0,13.01153846153846,80.14487179487179,26.124953798268653,74.48176247446746,3.4164259313296372,122.5902635930357,3.247916044780358,11.533070712965666,45.16277599455306,14.860749927049897,12.294078883377102,0.8973431572804201,94.30114787084698,49.403899999999986,Satisfactory,3.2935933333333325,30.27077104716694,49.403899999999986
1.0,13.01153846153846,80.15128205128205,26.124953798268653,74.48176247446746,3.4164259313296372,122.5902635930357,3.7000589631555023,11.533070712965666,45.16277599455306,14.860749927049897,12.294078883377102,0.8973431572804201,94.30114787084698,49.403899999999986,Satisfactory,3.2935933333333325,30.27077104716694,49.403899999999986
1.0,13.01153846153846,80.1576923076923,26.124953798268653,74.48176247446746,3.4164259313296372,122.5902635930357,4.142197839304279,11.533070712965666,45.16277599455306,14.860749927049897,12.294078883377102,0.8973431572804201,94.30114787084698,49.403899999999986,Satisfactory,3.2935933333333325,30.27077104716694,49.403899999999986
1.0,13.01153846153846,80.16410256410256,26.124953798268653,74.48176247446746,3.4164259313296372,122.5902635930357,4.571887529102487,11.533070712965666,45.16277599455306,14.860749927049897,12.294078883377102,0.8973431572804201,94.30114787084698,49.403899999999986,Satisfactory,3.2935933333333325,30.27077104716694,49.403899999999986
1.0,13.01153846153846,80.17051282051281,26.124953798268653,74.48176247446746,3.4164259313296372,122.5902635930357,4.985926446857432,11.533070712965666,45.16277599455306,14.860749927049897,12.294078883377102,0.8973431572804201,94.30114787084698,49.568899999999985,Satisfactory,3.304593333333332,30.340208763124885,49.568899999999985
1.0,13.01153846153846,80.17692307692307,26.124953798268653,74.48176247446746,3.4164259313296372,122.5902635930357,5.380104768215601,11.533070712965666,45.16277599455306,14.860749927049897,12.294078883377102,0.8973431572804201,94.30114787084698,49.568899999999985,Satisfactory,3.304593333333332,30.340208763124885,49.568899999999985
1.0,13.01153846153846,80.18333333333332,26.124953798268653,74.48176247446746,3.4164259313296372,122.5902635930357,5.748894253755691,11.533070712965666,45.16277599455306,14.860749927049897,12.294078883377102,0.8973431572804201,94.30114787084698,50.6857,Satisfactory,3.3790466666666665,31.033993499225968,50.6857
1.0,13.01153846153846,80.18974358974359,26.124953798268653,74.48176247446746,3.4164259313296372,122.5902635930357,6.085113292115504,11.533070712965666,45.16277599455306,14.860749927049897,12.294078883377102,0.8973431572804201,94.30114787084698,50.6857,Satisfactory,3.3790466666666665,31.033993499225968,50.6857
1.0,13.01153846153846,80.19615384615383,26.124953798268653,74.48176247446746,3.4164259313296372,122.5902635930357,6.37967604182521,11.533070712965666,45.16277599455306,14.860749927049897,12.294078883377102,0.8973431572804201,94.30114787084698,50.6857,Satisfactory,3.3790466666666665,31.033993499225968,50.6857
1.0,13.01153846153846,80.2025641025641,26.124953798268653,74.48176247446746,3.4164259313296372,122.5902635930357,6.621668615213638,11.533070712965666,45.16277599455306,14.860749927049897,12.294078883377102,0.8973431572804201,94.30114787084698,57.420700000000004,Satisfactory,3.828046666666667,32.808970854173396,57.4207
1.0,13.01153846153846,80.20897435897436,26.124953798268653,74.48176247446746,3.4164259313296372,122.5902635930357,6.799145413257467,11.533070712965666,45.16277599455306,14.860749927049897,12.294078883377102,0.8973431572804201,94.30114787084698,57.420700000000004,Satisfactory,3.828046666666667,32.808970854173396,57.4207
1.0,13.01153846153846,80.21538461538461,26.124953798268653,74.48176247446746,3.4164259313296372,122.5902635930357,6.9010022616578555,11.533070712965666,45.16277599455306,14.860749927049897,12.294078883377102,0.8973431572804201,94.30114787084698,57.545700000000004,Satisfactory,3.83638,32.872071284146365,57.545700000000004
1.0,13.01153846153846,80.22179487179487,26.124953798268653,74.48176247446746,3.4164259313296372,122.5902635930357,6.919728317864358,11.533070712965666,45.16277599455306,14.860749927049897,12.294078883377102,0.8973431572804201,94.30114787084698,57.69690000000001,Satisfactory,3.8464600000000004,32.92844128394176,57.69690000000001
1.0,13.01153846153846,80.22820512820512,26.124953798268653,74.48176247446746,3.4164259313296372,122.5902635930357,6.8538388397886765,11.533070712965666,45.16277599455306,14.860749927049897,12.294078883377102,0.8973431572804201,94.30114787084698,57.781600000000005,Satisfactory,3.852106666666667,33.14701940506868,57.781600000000005
1.0,13.01153846153846,80.23461538461538,26.124953798268653,74.48176247446746,3.4164259313296372,122.5902635930357,6.708411293460539,11.533070712965666,45.16277599455306,14.860749927049897,12.294078883377102,0.8973431572804201,94.30114787084698,57.754700000000014,Satisfactory,3.850313333333334,33.14628058938137,57.7547
1.0,13.01153846153846,80.24102564102563,26.124953798268653,74.48176247446746,3.4164259313296372,122.5902635930357,6.493327483674851,11.533070712965666,45.16277599455306,14.860749927049897,12.294078883377102,0.8973431572804201,94.30114787084698,50.82180000000001,Satisfactory,3.3881200000000007,30.581178897485294,50.8218
1.0,13.01153846153846,80.24743589743589,26.124953798268653,74.48176247446746,3.4164259313296372,122.5902635930357,6.220460634253845,11.533070712965666,45.16277599455306,14.860749927049897,12.294078883377102,0.8973431572804201,94.30114787084698,50.53390000000001,Satisfactory,3.3689266666666673,30.457093554539963,50.5339
1.0,13.01153846153846,80.25384615384615,26.124953798268653,74.48176247446746,3.4164259313296372,122.5902635930357,5.901335186375989,11.533070712965666,45.16277599455306,14.860749927049897,12.294078883377102,0.8973431572804201,94.30114787084698,50.614500000000014,Satisfactory,3.3743000000000007,31.08512394619008,50.614500000000014
1.0,13.01153846153846,80.2602564102564,26.124953798268653,74.48176247446746,3.4164259313296372,122.5902635930357,5.545882977695026,11.533070712965666,45.16277599455306,14.860749927049897,12.294078883377102,0.8973431572804201,94.30114787084698,50.614500000000014,Satisfactory,3.3743000000000007,31.08512394619008,50.614500000000014
1.0,13.01153846153846,80.26666666666667,26.124953798268653,74.48176247446746,3.4164259313296372,122.5902635930357,5.162104445207557,11.533070712965666,45.16277599455306,14.860749927049897,12.294078883377102,0.8973431572804201,94.30114787084698,49.5688,Satisfactory,3.304586666666667,30.57034688321348,49.5688
1.0,13.01153846153846,80.27307692307691,26.124953798268653,74.48176247446746,3.4164259313296372,122.5902635930357,4.7562152879333075,11.533070712965666,45.16277599455306,14.860749927049897,12.294078883377102,0.8973431572804201,94.30114787084698,49.506600000000006,Satisfactory,3.3004400000000005,30.5136245379011,49.506600000000006
1.0,13.01153846153846,80.27948717948718,26.124953798268653,74.48176247446746,3.4164259313296372,122.5902635930357,4.332964393029037,11.533070712965666,45.16277599455306,14.860749927049897,12.294078883377102,0.8973431572804201,94.30114787084698,49.506600000000006,Satisfactory,3.3004400000000005,30.5136245379011,49.506600000000006
1.0,13.01153846153846,80.28589743589743,26.124953798268653,74.48176247446746,3.4164259313296372,122.5902635930357,3.895962255066147,11.533070712965666,45.16277599455306,14.860749927049897,12.294078883377102,0.8973431572804201,94.30114787084698,49.506600000000006,Satisfactory,3.3004400000000005,30.5136245379011,49.506600000000006
1.0,13.01153846153846,80.29230769230769,26.124953798268653,74.48176247446746,3.4164259313296372,122.5902635930357,3.4479598010063786,11.533070712965666,45.16277599455306,14.860749927049897,12.294078883377102,0.8973431572804201,94.30114787084698,49.506600000000006,Satisfactory,3.3004400000000005,30.5136245379011,49.506600000000006
1.0,13.01153846153846,80.29871794871794,26.124953798268653,74.48176247446746,3.4164259313296372,122.5902635930357,3.0,11.533070712965666,45.16277599455306,14.860749927049897,12.294078883377102,0.8973431572804201,94.30114787084698,49.506600000000006,Satisfactory,3.3004400000000005,30.5136245379011,49.506600000000006
1.0,13.01153846153846,80.3051282051282,26.124953798268653,74.48176247446746,3.4164259313296372,122.5902635930357,3.0,11.533070712965666,45.16277599455306,14.860749927049897,12.294078883377102,0.8973431572804201,94.30114787084698,49.506600000000006,Satisfactory,3.3004400000000005,30.5136245379011,49.506600000000006
1.0,13.01153846153846,80.31153846153846,26.124953798268653,74.48176247446746,3.4164259313296372,122.5902635930357,3.0,11.533070712965666,45.16277599455306,14.860749927049897,12.294078883377102,0.8973431572804201,94.30114787084698,49.506600000000006,Satisfactory,3.3004400000000005,30.5136245379011,49.506600000000006
1.0,13.01153846153846,80.31794871794871,26.124953798268653,74.48176247446746,3.4164259313296372,122.5902635930357,3.0,11.533070712965666,45.16277599455306,14.860749927049897,12.294078883377102,0.8973431572804201,94.30114787084698,49.506600000000006,Satisfactory,3.3004400000000005,30.5136245379011,49.506600000000006
1.0,13.01153846153846,80.32435897435897,26.124953798268653,74.48176247446746,3.4164259313296372,122.5902635930357,3.0,11.533070712965666,45.16277599455306,14.860749927049897,12.294078883377102,0.8973431572804201,94.30114787084698,49.506600000000006,Satisfactory,3.3004400000000005,30.5136245379011,49.506600000000006
1.0,13.01153846153846,80.33076923076922,26.124953798268653,74.48176247446746,3.4164259313296372,122.5902635930357,3.0,11.533070712965666,45.16277599455306,14.860749927049897,12.294078883377102,0.8973431572804201,94.30114787084698,49.506600000000006,Satisfactory,3.3004400000000005,30.5136245379011,49.506600000000006
1.0,13.01153846153846,80.33717948717948,26.124953798268653,74.48176247446746,3.4164259313296372,122.5902635930357,3.0,11.533070712965666,45.16277599455306,14.860749927049897,12.294078883377102,0.8973431572804201,94.30114787084698,49.506600000000006,Satisfactory,3.3004400000000005,30.5136245379011,49.506600000000006
1.0,13.01153846153846,80.34358974358973,26.124953798268653,74.48176247446746,3.4164259313296372,122.5902635930357,3.0,11.533070712965666,45.16277599455306,14.860749927049897,12.294078883377102,0.8973431572804201,94.30114787084698,49.506600000000006,Satisfactory,3.3004400000000005,30.5136245379011,49.506600000000006
1.0,13.01153846153846,80.35,26.124953798268653,74.48176247446746,3.4164259313296372,122.5902635930357,3.0,11.533070712965666,45.16277599455306,14.860749927049897,12.294078883377102,0.8973431572804201,94.30114787084698,49.506600000000006,Satisfactory,3.3004400000000005,30.5136245379011,49.506600000000006
1.0,13.02051282051282,80.1,26.124953798268653,74.48176247446746,3.4164259313296372,122.5902635930357,3.0,11.533070712965666,45.16277599455306,14.860749927049897,12.294078883377102,0.8973431572804201,94.30114787084698,47.977899999999984,Satisfactory,3.1985266666666656,27.01150370842023,47.97789999999997
1.0,13.02051282051282,80.10641025641026,26.124953798268653,74.48176247446746,3.4164259313296372,122.5902635930357,3.0,11.533070712965666,45.16277599455306,14.860749927049897,12.294078883377102,0.8973431572804201,94.30114787084698,47.977899999999984,Satisfactory,3.1985266666666656,27.01150370842023,47.97789999999997
1.0,13.02051282051282,80.1128205128205,26.124953798268653,74.48176247446746,3.4164259313296372,122.5902635930357,3.0,11.533070712965666,45.16277599455306,14.860749927049897,12.294078883377102,0.8973431572804201,94.30114787084698,47.977899999999984,Satisfactory,3.1985266666666656,27.01150370842023,47.97789999999997
1.0,13.02051282051282,80.11923076923077,26.124953798268653,74.48176247446746,3.4164259313296372,122.5902635930357,3.0,11.533070712965666,45.16277599455306,14.860749927049897,12.294078883377102,0.8973431572804201,94.30114787084698,47.977899999999984,Satisfactory,3.1985266666666656,27.01150370842023,47.97789999999997
1.0,13.02051282051282,80.12564102564102,26.124953798268653,74.48176247446746,3.4164259313296372,122.5902635930357,3.0,11.533070712965666,45.16277599455306,14.860749927049897,12.294078883377102,0.8973431572804201,94.30114787084698,47.977899999999984,Satisfactory,3.1985266666666656,27.01150370842023,47.97789999999997
1.0,13.02051282051282,80.13205128205128,26.124953798268653,74.48176247446746,3.4164259313296372,122.5902635930357,3.0,11.533070712965666,45.16277599455306,14.860749927049897,12.294078883377102,0.8973431572804201,94.30114787084698,49.45789999999999,Satisfactory,3.2971933333333325,30.304822497252804,49.45789999999998
1.0,13.02051282051282,80.13846153846153,26.124953798268653,74.48176247446746,3.4164259313296372,122.5902635930357,3.0634812354691974,11.533070712965666,45.16277599455306,14.860749927049897,12.294078883377102,0.8973431572804201,94.30114787084698,49.45789999999999,Satisfactory,3.2971933333333325,30.304822497252804,49.45789999999998
1.0,13.02051282051282,80.14487179487179,26.124953798268653,74.48176247446746,3.4164259313296372,122.5902635930357,3.5433799753020363,11.533070712965666,45.16277599455306,14.860749927049897,12.294078883377102,0.8973431572804201,94.30114787084698,49.45789999999999,Satisfactory,3.2971933333333325,30.304822497252804,49.45789999999998
1.0,13.02051282051282,80.15128205128205,26.124953798268653,74.48176247446746,3.4164259313296372,122.5902635930357,4.017812985812502,11.533070712965666,45.16277599455306,14.860749927049897,12.294078883377102,0.8973431572804201,94.30114787084698,49.45789999999999,Satisfactory,3.2971933333333325,30.304822497252804,49.45789999999998
1.0,13.02051282051282,80.1576923076923,26.124953798268653,74.48176247446746,3.4164259313296372,122.5902635930357,4.485369408668641,11.533070712965666,45.16277599455306,14.860749927049897,12.294078883377102,0.8973431572804201,94.30114787084698,49.45789999999999,Satisfactory,3.2971933333333325,30.304822497252804,49.45789999999998
1.0,13.02051282051282,80.16410256410256,26.124953798268653,74.48176247446746,3.4164259313296372,122.5902635930357,4.9441410817043865,11.533070712965666,45.16277599455306,14.860749927049897,12.294078883377102,0.8973431572804201,94.30114787084698,49.45789999999999,Satisfactory,3.2971933333333325,30.304822497252804,49.45789999999998
1.0,13.02051282051282,80.17051282051281,26.124953798268653,74.48176247446746,3.4164259313296372,122.5902635930357,5.3915037158179295,11.533070712965666,45.16277599455306,14.860749927049897,12.294078883377102,0.8973431572804201,94.30114787084698,49.62289999999999,Satisfactory,3.3081933333333327,30.3738890264319,49.62289999999998
1.0,13.02051282051282,80.17692307692307,26.124953798268653,74.48176247446746,3.4164259313296372,122.5902635930357,5.8237892345260605,11.533070712965666,45.16277599455306,14.860749927049897,12.294078883377102,0.8973431572804201,94.30114787084698,50.828799999999994,Satisfactory,3.3885866666666664,31.064329552720114,50.828799999999994
1.0,13.02051282051282,80.18333333333332,26.124953798268653,74.48176247446746,3.4164259313296372,122.5902635930357,6.235799623990829,11.533070712965666,45.16277599455306,14.860749927049897,12.294078883377102,0.8973431572804201,94.30114787084698,50.73969999999999,Satisfactory,3.382646666666666,31.064980362298638,50.73969999999999
1.0,13.02051282051282,80.18974358974359,26.124953798268653,74.48176247446746,3.4164259313296372,122.5902635930357,6.6201120816561225,11.533070712965666,45.16277599455306,14.860749927049897,12.294078883377102,0.8973431572804201,94.30114787084698,57.427,Satisfactory,3.8284666666666665,32.821440660031975,57.42700000000001
1.0,13.02051282051282,80.19615384615383,26.124953798268653,74.48176247446746,3.4164259313296372,122.5902635930357,6.966182278525855,11.533070712965666,45.16277599455306,14.860749927049897,12.294078883377102,0.8973431572804201,94.30114787084698,57.427,Satisfactory,3.8284666666666665,32.821440660031975,57.42700000000001
1.0,13.02051282051282,80.2025641025641,26.124953798268653,74.48176247446746,3.4164259313296372,122.5902635930357,7.259484108707133,11.533070712965666,45.16277599455306,14.860749927049897,12.294078883377102,0.8973431572804201,94.30114787084698,57.50070000000001,Satisfactory,3.8333800000000005,32.8167612739283,57.50070000000001
1.0,13.02051282051282,80.20897435897436,26.124953798268653,74.48176247446746,3.4164259313296372,122.5902635930357,7.481513452395087,11.533070712965666,45.16277599455306,14.860749927049897,12.294078883377102,0.8973431572804201,94.30114787084698,57.50070000000001,Satisfactory,3.8333800000000005,32.8167612739283,57.50070000000001
1.0,13.02051282051282,80.21538461538461,26.124953798268653,74.48176247446746,3.4164259313296372,122.5902635930357,7.612304167770541,11.533070712965666,45.16277599455306,14.860749927049897,12.294078883377102,0.8973431572804201,94.30114787084698,60.16,Moderate,4.010666666666666,36.01398422835218,60.15999999999999
1.0,13.02051282051282,80.22179487179487,26.124953798268653,74.48176247446746,3.4164259313296372,122.5902635930357,7.636659558852568,11.533070712965666,45.16277599455306,14.860749927049897,12.294078883377102,0.8973431572804201,94.30114787084698,60.237199999999994,Moderate,4.015813333333333,36.07422434592322,60.237199999999994
1.0,13.02051282051282,80.22820512820512,26.124953798268653,74.48176247446746,3.4164259313296372,122.5902635930357,7.551401533321875,11.533070712965666,45.16277599455306,14.860749927049897,12.294078883377102,0.8973431572804201,94.30114787084698,60.235099999999996,Moderate,4.015673333333333,36.27103440749933,60.235099999999996
1.0,13.02051282051282,80.23461538461538,26.124953798268653,74.48176247446746,3.4164259313296372,122.5902635930357,7.367157312330583,11.533070712965666,45.16277599455306,14.860749927049897,12.294078883377102,0.8973431572804201,94.30114787084698,57.749400000000016,Satisfactory,3.849960000000001,33.1478518706718,57.74940000000001
1.0,13.02051282051282,80.24102564102563,26.124953798268653,74.48176247446746,3.4164259313296372,122.5902635930357,7.102750176159061,11.533070712965666,45.16277599455306,14.860749927049897,12.294078883377102,0.8973431572804201,94.30114787084698,57.833100000000016,Satisfactory,3.855540000000001,33.19571676270901,57.833100000000016
1.0,13.02051282051282,80.24743589743589,26.124953798268653,74.48176247446746,3.4164259313296372,122.5902635930357,6.77785440704163,11.533070712965666,45.16277599455306,14.860749927049897,12.294078883377102,0.8973431572804201,94.30114787084698,57.520400000000016,Satisfactory,3.8346933333333344,33.09155091318628,57.520400000000016
1.0,13.02051282051282,80.25384615384615,26.124953798268653,74.48176247446746,3.4164259313296372,122.5902635930357,6.408850092319209,11.533070712965666,45.16277599455306,14.860749927049897,12.294078883377102,0.8973431572804201,94.30114787084698,50.644900000000014,Satisfactory,3.376326666666668,31.062398442328956,50.644900000000014
1.0,13.02051282051282,80.2602564102564,26.124953798268653,74.48176247446746,3.4164259313296372,122.5902635930357,6.007950043726515,11.533070712965666,45.16277599455306,14.860749927049897,12.294078883377102,0.8973431572804201,94.30114787084698,50.644900000000014,Satisfactory,3.376326666666668,31.062398442328956,50.644900000000014
1.0,13.02051282051282,80.26666666666667,26.124953798268653,74.48176247446746,3.4164259313296372,122.5902635930357,5.583832226457347,11.533070712965666,45.16277599455306,14.860749927049897,12.294078883377102,0.8973431572804201,94.30114787084698,50.644900000000014,Satisfactory,3.376326666666668,31.062398442328956,50.644900000000014
1.0,13.02051282051282,80.27307692307691,26.124953798268653,74.48176247446746,3.4164259313296372,122.5902635930357,5.142574497586137,11.533070712965666,45.16277599455306,14.860749927049897,12.294078883377102,0.8973431572804201,94.30114787084698,49.537000000000006,Satisfactory,3.302466666666667,30.49157767318707,49.537000000000006
1.0,13.02051282051282,80.27948717948718,26.124953798268653,74.48176247446746,3.4164259313296372,122.5902635930357,4.688446839607745,11.533070712965666,45.16277599455306,14.860749927049897,12.294078883377102,0.8973431572804201,94.30114787084698,49.537000000000006,Satisfactory,3.302466666666667,30.49157767318707,49.537000000000006
1.0,13.02051282051282,80.28589743589743,26.124953798268653,74.48176247446746,3.4164259313296372,122.5902635930357,4.224484335007536,11.533070712965666,45.16277599455306,14.860749927049897,12.294078883377102,0.8973431572804201,94.30114787084698,49.537000000000006,Satisfactory,3.302466666666667,30.49157767318707,49.537000000000006
1.0,13.02051282051282,80.29230769230769,26.124953798268653,74.48176247446746,3.4164259313296372,122.5902635930357,3.75287784862305,11.533070712965666,45.16277599455306,14.860749927049897,12.294078883377102,0.8973431572804201,94.30114787084698,49.537000000000006,Satisfactory,3.302466666666667,30.49157767318707,49.537000000000006
1.0,13.02051282051282,80.29871794871794,26.124953798268653,74.48176247446746,3.4164259313296372,122.5902635930357,3.275235401249982,11.533070712965666,45.16277599455306,14.860749927049897,12.294078883377102,0.8973431572804201,94.30114787084698,49.537000000000006,Satisfactory,3.302466666666667,30.49157767318707,49.537000000000006
1.0,13.02051282051282,80.3051282051282,26.124953798268653,74.48176247446746,3.4164259313296372,122.5902635930357,3.0,11.533070712965666,45.16277599455306,14.860749927049897,12.294078883377102,0.8973431572804201,94.30114787084698,49.537000000000006,Satisfactory,3.302466666666667,30.49157767318707,49.537000000000006
1.0,13.02051282051282,80.31153846153846,26.124953798268653,74.48176247446746,3.4164259313296372,122.5902635930357,3.0,11.533070712965666,45.16277599455306,14.860749927049897,12.294078883377102,0.8973431572804201,94.30114787084698,49.537000000000006,Satisfactory,3.302466666666667,30.49157767318707,49.537000000000006
1.0,13.02051282051282,80.31794871794871,26.124953798268653,74.48176247446746,3.4164259313296372,122.5902635930357,3.0,11.533070712965666,45.16277599455306,14.860749927049897,12.294078883377102,0.8973431572804201,94.30114787084698,49.537000000000006,Satisfactory,3.302466666666667,30.49157767318707,49.537000000000006
1.0,13.02051282051282,80.32435897435897,26.124953798268653,74.48176247446746,3.4164259313296372,122.5902635930357,3.0,11.533070712965666,45.16277599455306,14.860749927049897,12.294078883377102,0.8973431572804201,94.30114787084698,49.537000000000006,Satisfactory,3.302466666666667,30.49157767318707,49.537000000000006
1.0,13.02051282051282,80.33076923076922,26.124953798268653,74.48176247446746,3.4164259313296372,122.5902635930357,3.0,11.533070712965666,45.16277599455306,14.860749927049897,12.294078883377102,0.8973431572804201,94.30114787084698,49.537000000000006,Satisfactory,3.302466666666667,30.49157767318707,49.537000000000006
1.0,13.02051282051282,80.33717948717948,26.124953798268653,74.48176247446746,3.4164259313296372,122.5902635930357,3.0,11.533070712965666,45.16277599455306,14.860749927049897,12.294078883377102,0.8973431572804201,94.30114787084698,49.537000000000006,Satisfactory,3.302466666666667,30.49157767318707,49.537000000000006
1.0,13.02051282051282,80.34358974358973,26.124953798268653,74.48176247446746,3.4164259313296372,122.5902635930357,3.0,11.533070712965666,45.16277599455306,14.860749927049897,12.294078883377102,0.8973431572804201,94.30114787084698,49.537000000000006,Satisfactory,3.302466666666667,30.49157767318707,49.537000000000006
1.0,13.02051282051282,80.35,26.124953798268653,74.48176247446746,3.4164259313296372,122.5902635930357,3.0,11.533070712965666,45.16277599455306,14.860749927049897,12.294078883377102,0.8973431572804201,94.30114787084698,49.537000000000006,Satisfactory,3.302466666666667,30.49157767318707,49.537000000000006
1.0,13.029487179487178,80.1,26.124953798268653,74.48176247446746,3.4164259313296372,122.5902635930357,3.0,11.533070712965666,45.16277599455306,14.860749927049897,12.294078883377102,0.8973431572804201,94.30114787084698,48.11549999999998,Satisfactory,3.2076999999999987,27.260444030682994,48.115499999999976
1.0,13.029487179487178,80.10641025641026,26.124953798268653,74.48176247446746,3.4164259313296372,122.5902635930357,3.0,11.533070712965666,45.16277599455306,14.860749927049897,12.294078883377102,0.8973431572804201,94.30114787084698,48.11549999999998,Satisfactory,3.2076999999999987,27.260444030682994,48.115499999999976
1.0,13.029487179487178,80.1128205128205,26.124953798268653,74.48176247446746,3.4164259313296372,122.5902635930357,3.0,11.533070712965666,45.16277599455306,14.860749927049897,12.294078883377102,0.8973431572804201,94.30114787084698,48.11549999999998,Satisfactory,3.2076999999999987,27.260444030682994,48.115499999999976
1.0,13.029487179487178,80.11923076923077,26.124953798268653,74.48176247446746,3.4164259313296372,122.5902635930357,3.0,11.533070712965666,45.16277599455306,14.860749927049897,12.294078883377102,0.8973431572804201,94.30114787084698,48.11549999999998,Satisfactory,3.2076999999999987,27.260444030682994,48.115499999999976
1.0,13.029487179487178,80.12564102564102,26.124953798268653,74.48176247446746,3.4164259313296372,122.5902635930357,3.0,11.533070712965666,45.16277599455306,14.860749927049897,12.294078883377102,0.8973431572804201,94.30114787084698,48.11549999999998,Satisfactory,3.2076999999999987,27.260444030682994,48.115499999999976
1.0,13.029487179487178,80.13205128205128,26.124953798268653,74.48176247446746,3.4164259313296372,122.5902635930357,3.0,11.533070712965666,45.16277599455306,14.860749927049897,12.294078883377102,0.8973431572804201,94.30114787084698,49.595499999999994,Satisfactory,3.3063666666666665,30.52024650539376,49.59549999999999
1.0,13.029487179487178,80.13846153846153,26.124953798268653,74.48176247446746,3.4164259313296372,122.5902635930357,3.2736713060620346,11.533070712965666,45.16277599455306,14.860749927049897,12.294078883377102,0.8973431572804201,94.30114787084698,49.595499999999994,Satisfactory,3.3063666666666665,30.52024650539376,49.59549999999999
1.0,13.029487179487178,80.14487179487179,26.124953798268653,74.48176247446746,3.4164259313296372,122.5902635930357,3.76973938975776,11.533070712965666,45.16277599455306,14.860749927049897,12.294078883377102,0.8973431572804201,94.30114787084698,49.595499999999994,Satisfactory,3.3063666666666665,30.52024650539376,49.59549999999999
1.0,13.029487179487178,80.15128205128205,26.124953798268653,74.48176247446746,3.4164259313296372,122.5902635930357,4.262860765074739,11.533070712965666,45.16277599455306,14.860749927049897,12.294078883377102,0.8973431572804201,94.30114787084698,49.595499999999994,Satisfactory,3.3063666666666665,30.52024650539376,49.59549999999999
1.0,13.029487179487178,80.1576923076923,26.124953798268653,74.48176247446746,3.4164259313296372,122.5902635930357,4.7522046831976255,11.533070712965666,45.16277599455306,14.860749927049897,12.294078883377102,0.8973431572804201,94.30114787084698,49.595499999999994,Satisfactory,3.3063666666666665,30.52024650539376,49.59549999999999
1.0,13.029487179487178,80.16410256410256,26.124953798268653,74.48176247446746,3.4164259313296372,122.5902635930357,5.236606826020491,11.533070712965666,45.16277599455306,14.860749927049897,12.294078883377102,0.8973431572804201,94.30114787084698,49.595499999999994,Satisfactory,3.3063666666666665,30.52024650539376,49.59549999999999
1.0,13.029487179487178,80.17051282051281,26.124953798268653,74.48176247446746,3.4164259313296372,122.5902635930357,5.714391159995441,11.533070712965666,45.16277599455306,14.860749927049897,12.294078883377102,0.8973431572804201,94.30114787084698,50.96639999999999,Satisfactory,3.3977599999999994,31.268490194443356,50.96639999999999
1.0,13.029487179487178,80.17692307692307,26.124953798268653,74.48176247446746,3.4164259313296372,122.5902635930357,6.183071721152504,11.533070712965666,45.16277599455306,14.860749927049897,12.294078883377102,0.8973431572804201,94.30114787084698,50.96639999999999,Satisfactory,3.3977599999999994,31.268490194443356,50.96639999999999
1.0,13.029487179487178,80.18333333333332,26.124953798268653,74.48176247446746,3.4164259313296372,122.5902635930357,6.6388380582077176,11.533070712965666,45.16277599455306,14.860749927049897,12.294078883377102,0.8973431572804201,94.30114787084698,57.460300000000004,Satisfactory,3.830686666666667,32.91953154147245,57.46030000000002
1.0,13.029487179487178,80.18974358974359,26.124953798268653,74.48176247446746,3.4164259313296372,122.5902635930357,7.075645803126409,11.533070712965666,45.16277599455306,14.860749927049897,12.294078883377102,0.8973431572804201,94.30114787084698,57.460300000000004,Satisfactory,3.830686666666667,32.91953154147245,57.46030000000002
1.0,13.029487179487178,80.19615384615383,26.124953798268653,74.48176247446746,3.4164259313296372,122.5902635930357,7.483602754862449,11.533070712965666,45.16277599455306,14.860749927049897,12.294078883377102,0.8973431572804201,94.30114787084698,57.460300000000004,Satisfactory,3.830686666666667,32.91953154147245,57.46030000000002
1.0,13.029487179487178,80.2025641025641,26.124953798268653,74.48176247446746,3.4164259313296372,122.5902635930357,7.846251528466237,11.533070712965666,45.16277599455306,14.860749927049897,12.294078883377102,0.8973431572804201,94.30114787084698,60.065799999999996,Moderate,4.004386666666666,36.046959738097186,60.065799999999996
1.0,13.029487179487178,80.20897435897436,26.124953798268653,74.48176247446746,3.4164259313296372,122.5902635930357,8.136943474107081,11.533070712965666,45.16277599455306,14.860749927049897,12.294078883377102,0.8973431572804201,94.30114787084698,59.9721,Satisfactory,3.99814,36.12642894876271,59.9721
1.0,13.029487179487178,80.21538461538461,26.124953798268653,74.48176247446746,3.4164259313296372,122.5902635930357,8.317948717948466,11.533070712965666,45.16277599455306,14.860749927049897,12.294078883377102,0.8973431572804201,94.30114787084698,60.09960000000001,Moderate,4.006640000000001,36.18056229303243,60.09960000000001
1.0,13.029487179487178,80.22179487179487,26.124953798268653,74.48176247446746,3.4164259313296372,122.5902635930357,8.352704286119756,11.533070712965666,45.16277599455306,14.860749927049897,12.294078883377102,0.8973431572804201,94.30114787084698,60.17530000000001,Moderate,4.011686666666667,36.237211660253344,60.17530000000001
1.0,13.029487179487178,80.22820512820512,26.124953798268653,74.48176247446746,3.4164259313296372,122.5902635930357,8.232561294068804,11.533070712965666,45.16277599455306,14.860749927049897,12.294078883377102,0.8973431572804201,94.30114787084698,60.17320000000001,Moderate,4.011546666666667,36.43313771499787,60.17320000000001
1.0,13.029487179487178,80.23461538461538,26.124953798268653,74.48176247446746,3.4164259313296372,122.5902635930357,7.985039517454599,11.533070712965666,45.16277599455306,14.860749927049897,12.294078883377102,0.8973431572804201,94.30114787084698,61.365200000000016,Moderate,4.0910133333333345,37.25570387148792,61.365200000000016
1.0,13.029487179487178,80.24102564102563,26.124953798268653,74.48176247446746,3.4164259313296372,122.5902635930357,7.650050709068038,11.533070712965666,45.16277599455306,14.860749927049897,12.294078883377102,0.8973431572804201,94.30114787084698,61.51380000000002,Moderate,4.100920000000001,37.24214904593987,61.51380000000002
1.0,13.029487179487178,80.24743589743589,26.124953798268653,74.48176247446746,3.4164259313296372,122.5902635930357,7.259484108707572,11.533070712965666,45.16277599455306,14.860749927049897,12.294078883377102,0.8973431572804201,94.30114787084698,57.55370000000003,Satisfactory,3.836913333333335,33.18874977021582,57.55370000000003
1.0,13.029487179487178,80.25384615384615,26.124953798268653,74.48176247446746,3.4164259313296372,122.5902635930357,6.833841004049066,11.533070712965666,45.16277599455306,14.860749927049897,12.294078883377102,0.8973431572804201,94.30114787084698,57.49040000000003,Satisfactory,3.8326933333333355,33.19504914652184,57.49040000000003
1.0,13.029487179487178,80.2602564102564,26.124953798268653,74.48176247446746,3.4164259313296372,122.5902635930357,6.38549201389893,11.533070712965666,45.16277599455306,14.860749927049897,12.294078883377102,0.8973431572804201,94.30114787084698,50.78250000000002,Satisfactory,3.3855000000000013,31.267381002412087,50.78250000000002
1.0,13.029487179487178,80.26666666666667,26.124953798268653,74.48176247446746,3.4164259313296372,122.5902635930357,5.921919209691653,11.533070712965666,45.16277599455306,14.860749927049897,12.294078883377102,0.8973431572804201,94.30114787084698,50.78250000000002,Satisfactory,3.3855000000000013,31.267381002412087,50.78250000000002
1.0,13.029487179487178,80.27307692307691,26.124953798268653,74.48176247446746,3.4164259313296372,122.5902635930357,5.447771134959728,11.533070712965666,45.16277599455306,14.860749927049897,12.294078883377102,0.8973431572804201,94.30114787084698,49.67460000000001,Satisfactory,3.311640000000001,30.705337009060813,49.67460000000001
1.0,13.029487179487178,80.27948717948718,26.124953798268653,74.48176247446746,3.4164259313296372,122.5902635930357,4.9660351507109,11.533070712965666,45.16277599455306,14.860749927049897,12.294078883377102,0.8973431572804201,94.30114787084698,49.67460000000001,Satisfactory,3.311640000000001,30.705337009060813,49.67460000000001
1.0,13.029487179487178,80.28589743589743,26.124953798268653,74.48176247446746,3.4164259313296372,122.5902635930357,4.478697044648009,11.533070712965666,45.16277599455306,14.860749927049897,12.294078883377102,0.8973431572804201,94.30114787084698,49.67460000000001,Satisfactory,3.311640000000001,30.705337009060813,49.67460000000001
1.0,13.029487179487178,80.29230769230769,26.124953798268653,74.48176247446746,3.4164259313296372,122.5902635930357,3.987118801902879,11.533070712965666,45.16277599455306,14.860749927049897,12.294078883377102,0.8973431572804201,94.30114787084698,49.67460000000001,Satisfactory,3.311640000000001,30.705337009060813,49.67460000000001
1.0,13.029487179487178,80.29871794871794,26.124953798268653,74.48176247446746,3.4164259313296372,122.5902635930357,3.4922612193783644,11.533070712965666,45.16277599455306,14.860749927049897,12.294078883377102,0.8973431572804201,94.30114787084698,49.67460000000001,Satisfactory,3.311640000000001,30.705337009060813,49.67460000000001
1.0,13.029487179487178,80.3051282051282,26.124953798268653,74.48176247446746,3.4164259313296372,122.5902635930357,3.0,11.533070712965666,45.16277599455306,14.860749927049897,12.294078883377102,0.8973431572804201,94.30114787084698,49.67460000000001,Satisfactory,3.311640000000001,30.705337009060813,49.67460000000001
1.0,13.029487179487178,80.31153846153846,26.124953798268653,74.48176247446746,3.4164259313296372,122.5902635930357,3.0,11.533070712965666,45.16277599455306,14.860749927049897,12.294078883377102,0.8973431572804201,94.30114787084698,49.67460000000001,Satisfactory,3.311640000000001,30.705337009060813,49.67460000000001
1.0,13.029487179487178,80.31794871794871,26.124953798268653,74.48176247446746,3.4164259313296372,122.5902635930357,3.0,11.533070712965666,45.16277599455306,14.860749927049897,12.294078883377102,0.8973431572804201,94.30114787084698,49.67460000000001,Satisfactory,3.311640000000001,30.705337009060813,49.67460000000001
1.0,13.029487179487178,80.32435897435897,26.124953798268653,74.48176247446746,3.4164259313296372,122.5902635930357,3.0,11.533070712965666,45.16277599455306,14.860749927049897,12.294078883377102,0.8973431572804201,94.30114787084698,49.67460000000001,Satisfactory,3.311640000000001,30.705337009060813,49.67460000000001
1.0,13.029487179487178,80.33076923076922,26.124953798268653,74.48176247446746,3.4164259313296372,122.5902635930357,3.0,11.533070712965666,45.16277599455306,14.860749927049897,12.294078883377102,0.8973431572804201,94.30114787084698,49.67460000000001,Satisfactory,3.311640000000001,30.705337009060813,49.67460000000001
1.0,13.029487179487178,80.33717948717948,26.124953798268653,74.48176247446746,3.4164259313296372,122.5902635930357,3.0,11.533070712965666,45.16277599455306,14.860749927049897,12.294078883377102,0.8973431572804201,94.30114787084698,49.67460000000001,Satisfactory,3.311640000000001,30.705337009060813,49.67460000000001
1.0,13.029487179487178,80.34358974358973,26.124953798268653,74.48176247446746,3.4164259313296372,122.5902635930357,3.0,11.533070712965666,45.16277599455306,14.860749927049897,12.294078883377102,0.8973431572804201,94.30114787084698,49.67460000000001,Satisfactory,3.311640000000001,30.705337009060813,49.67460000000001
1.0,13.029487179487178,80.35,26.124953798268653,74.48176247446746,3.4164259313296372,122.5902635930357,3.0,11.533070712965666,45.16277599455306,14.860749927049897,12.294078883377102,0.8973431572804201,94.30114787084698,49.67460000000001,Satisfactory,3.311640000000001,30.705337009060813,49.67460000000001
1.0,13.038461538461538,80.1,26.124953798268653,74.48176247446746,3.4164259313296372,122.5902635930357,3.0,11.533070712965666,45.16277599455306,14.860749927049897,12.294078883377102,0.8973431572804201,94.30114787084698,48.11549999999998,Satisfactory,3.2076999999999987,27.260444030682994,48.115499999999976
1.0,13.038461538461538,80.10641025641026,26.124953798268653,74.48176247446746,3.4164259313296372,122.5902635930357,3.0,11.533070712965666,45.16277599455306,14.860749927049897,12.294078883377102,0.8973431572804201,94.30114787084698,48.11549999999998,Satisfactory,3.2076999999999987,27.260444030682994,48.115499999999976
1.0,13.038461538461538,80.1128205128205,26.124953798268653,74.48176247446746,3.4164259313296372,122.5902635930357,3.0,11.533070712965666,45.16277599455306,14.860749927049897,12.294078883377102,0.8973431572804201,94.30114787084698,48.11549999999998,Satisfactory,3.2076999999999987,27.260444030682994,48.115499999999976
1.0,13.038461538461538,80.11923076923077,26.124953798268653,74.48176247446746,3.4164259313296372,122.5902635930357,3.0,11.533070712965666,45.16277599455306,14.860749927049897,12.294078883377102,0.8973431572804201,94.30114787084698,48.11549999999998,Satisfactory,3.2076999999999987,27.260444030682994,48.115499999999976
1.0,13.038461538461538,80.12564102564102,26.124953798268653,74.48176247446746,3.4164259313296372,122.5902635930357,3.0,11.533070712965666,45.16277599455306,14.860749927049897,12.294078883377102,0.8973431572804201,94.30114787084698,48.11549999999998,Satisfactory,3.2076999999999987,27.260444030682994,48.115499999999976
1.0,13.038461538461538,80.13205128205128,26.124953798268653,74.48176247446746,3.4164259313296372,122.5902635930357,3.0,11.533070712965666,45.16277599455306,14.860749927049897,12.294078883377102,0.8973431572804201,94.30114787084698,49.595499999999994,Satisfactory,3.3063666666666665,30.52024650539376,49.59549999999999
1.0,13.038461538461538,80.13846153846153,26.124953798268653,74.48176247446746,3.4164259313296372,122.5902635930357,3.411934764264516,11.533070712965666,45.16277599455306,14.860749927049897,12.294078883377102,0.8973431572804201,94.30114787084698,49.595499999999994,Satisfactory,3.3063666666666665,30.52024650539376,49.59549999999999
1.0,13.038461538461538,80.14487179487179,26.124953798268653,74.48176247446746,3.4164259313296372,122.5902635930357,3.9192719907112084,11.533070712965666,45.16277599455306,14.860749927049897,12.294078883377102,0.8973431572804201,94.30114787084698,49.595499999999994,Satisfactory,3.3063666666666665,30.52024650539376,49.59549999999999
1.0,13.038461538461538,80.15128205128205,26.124953798268653,74.48176247446746,3.4164259313296372,122.5902635930357,4.425605642553442,11.533070712965666,45.16277599455306,14.860749927049897,12.294078883377102,0.8973431572804201,94.30114787084698,49.595499999999994,Satisfactory,3.3063666666666665,30.52024650539376,49.59549999999999
1.0,13.038461538461538,80.1576923076923,26.124953798268653,74.48176247446746,3.4164259313296372,122.5902635930357,4.9306349965241045,11.533070712965666,45.16277599455306,14.860749927049897,12.294078883377102,0.8973431572804201,94.30114787084698,49.595499999999994,Satisfactory,3.3063666666666665,30.52024650539376,49.59549999999999
1.0,13.038461538461538,80.16410256410256,26.124953798268653,74.48176247446746,3.4164259313296372,122.5902635930357,5.433927247477566,11.533070712965666,45.16277599455306,14.860749927049897,12.294078883377102,0.8973431572804201,94.30114787084698,49.595499999999994,Satisfactory,3.3063666666666665,30.52024650539376,49.59549999999999
1.0,13.038461538461538,80.17051282051281,26.124953798268653,74.48176247446746,3.4164259313296372,122.5902635930357,5.934837151977987,11.533070712965666,45.16277599455306,14.860749927049897,12.294078883377102,0.8973431572804201,94.30114787084698,50.782799999999995,Satisfactory,3.3855199999999996,31.185321677994608,50.782799999999995
1.0,13.038461538461538,80.17692307692307,26.124953798268653,74.48176247446746,3.4164259313296372,122.5902635930357,6.432361097689547,11.533070712965666,45.16277599455306,14.860749927049897,12.294078883377102,0.8973431572804201,94.30114787084698,50.782799999999995,Satisfactory,3.3855199999999996,31.185321677994608,50.782799999999995
1.0,13.038461538461538,80.18333333333332,26.124953798268653,74.48176247446746,3.4164259313296372,122.5902635930357,6.924855214731169,11.533070712965666,45.16277599455306,14.860749927049897,12.294078883377102,0.8973431572804201,94.30114787084698,57.01290000000001,Satisfactory,3.8008600000000006,32.8606626620645,57.01290000000001
1.0,13.038461538461538,80.18974358974359,26.124953798268653,74.48176247446746,3.4164259313296372,122.5902635930357,7.409449224549842,11.533070712965666,45.16277599455306,14.860749927049897,12.294078883377102,0.8973431572804201,94.30114787084698,57.01290000000001,Satisfactory,3.8008600000000006,32.8606626620645,57.01290000000001
1.0,13.038461538461538,80.19615384615383,26.124953798268653,74.48176247446746,3.4164259313296372,122.5902635930357,7.880716879048702,11.533070712965666,45.16277599455306,14.860749927049897,12.294078883377102,0.8973431572804201,94.30114787084698,60.0395,Moderate,4.002633333333333,36.05743533239713,60.0395
1.0,13.038461538461538,80.2025641025641,26.124953798268653,74.48176247446746,3.4164259313296372,122.5902635930357,8.327355886613281,11.533070712965666,45.16277599455306,14.860749927049897,12.294078883377102,0.8973431572804201,94.30114787084698,59.9458,Satisfactory,3.9963866666666665,36.136813312189,59.9458
1.0,13.038461538461538,80.20897435897436,26.124953798268653,74.48176247446746,3.4164259313296372,122.5902635930357,8.723251994289628,11.533070712965666,45.16277599455306,14.860749927049897,12.294078883377102,0.8973431572804201,94.30114787084698,59.37789999999998,Satisfactory,3.9585266666666654,35.803288069533494,59.37789999999998
1.0,13.038461538461538,80.21538461538461,26.124953798268653,74.48176247446746,3.4164259313296372,122.5902635930357,9.005815727913367,11.533070712965666,45.16277599455306,14.860749927049897,12.294078883377102,0.8973431572804201,94.30114787084698,59.527199999999986,Satisfactory,3.968479999999999,35.87903187322645,59.527199999999986
1.0,13.038461538461538,80.22179487179487,26.124953798268653,74.48176247446746,3.4164259313296372,122.5902635930357,9.065821740575473,11.533070712965666,45.16277599455306,14.860749927049897,12.294078883377102,0.8973431572804201,94.30114787084698,59.6273,Satisfactory,3.975153333333333,35.936471275154446,59.6273
1.0,13.038461538461538,80.22820512820512,26.124953798268653,74.48176247446746,3.4164259313296372,122.5902635930357,8.867328189351847,11.533070712965666,45.16277599455306,14.860749927049897,12.294078883377102,0.8973431572804201,94.30114787084698,59.434499999999986,Satisfactory,3.962299999999999,35.95922794986011,59.434499999999986
1.0,13.038461538461538,80.23461538461538,26.124953798268653,74.48176247446746,3.4164259313296372,122.5902635930357,8.510311576995774,11.533070712965666,45.16277599455306,14.860749927049897,12.294078883377102,0.8973431572804201,94.30114787084698,60.483700000000006,Moderate,4.032246666666667,36.91566923827875,60.4837
1.0,13.038461538461538,80.24102564102563,26.124953798268653,74.48176247446746,3.4164259313296372,122.5902635930357,8.081310988887243,11.533070712965666,45.16277599455306,14.860749927049897,12.294078883377102,0.8973431572804201,94.30114787084698,61.40560000000002,Moderate,4.093706666666668,37.32443248918864,61.40560000000002
1.0,13.038461538461538,80.24743589743589,26.124953798268653,74.48176247446746,3.4164259313296372,122.5902635930357,7.618921840459757,11.533070712965666,45.16277599455306,14.860749927049897,12.294078883377102,0.8973431572804201,94.30114787084698,61.50080000000003,Moderate,4.100053333333335,37.247209229148964,61.50080000000003
1.0,13.038461538461538,80.25384615384615,26.124953798268653,74.48176247446746,3.4164259313296372,122.5902635930357,7.139288787896574,11.533070712965666,45.16277599455306,14.860749927049897,12.294078883377102,0.8973431572804201,94.30114787084698,57.05510000000002,Satisfactory,3.8036733333333346,33.131447432763935,57.05510000000002
1.0,13.038461538461538,80.2602564102564,26.124953798268653,74.48176247446746,3.4164259313296372,122.5902635930357,6.649809881066205,11.533070712965666,45.16277599455306,14.860749927049897,12.294078883377102,0.8973431572804201,94.30114787084698,56.90300000000003,Satisfactory,3.793533333333335,32.691932659296846,56.90300000000003
1.0,13.038461538461538,80.26666666666667,26.124953798268653,74.48176247446746,3.4164259313296372,122.5902635930357,6.154242755490777,11.533070712965666,45.16277599455306,14.860749927049897,12.294078883377102,0.8973431572804201,94.30114787084698,50.59890000000002,Satisfactory,3.3732600000000015,31.18312678019958,50.59890000000002
1.0,13.038461538461538,80.27307692307691,26.124953798268653,74.48176247446746,3.4164259313296372,122.5902635930357,5.654669921499741,11.533070712965666,45.16277599455306,14.860749927049897,12.294078883377102,0.8973431572804201,94.30114787084698,50.536700000000025,Satisfactory,3.369113333333335,31.129579407855807,50.53670000000002
1.0,13.038461538461538,80.27948717948718,26.124953798268653,74.48176247446746,3.4164259313296372,122.5902635930357,5.1523296362797675,11.533070712965666,45.16277599455306,14.860749927049897,12.294078883377102,0.8973431572804201,94.30114787084698,49.67460000000001,Satisfactory,3.311640000000001,30.705337009060813,49.67460000000001
1.0,13.038461538461538,80.28589743589743,26.124953798268653,74.48176247446746,3.4164259313296372,122.5902635930357,4.648001104615972,11.533070712965666,45.16277599455306,14.860749927049897,12.294078883377102,0.8973431572804201,94.30114787084698,49.67460000000001,Satisfactory,3.311640000000001,30.705337009060813,49.67460000000001
1.0,13.038461538461538,80.29230769230769,26.124953798268653,74.48176247446746,3.4164259313296372,122.5902635930357,4.142197839304994,11.533070712965666,45.16277599455306,14.860749927049897,12.294078883377102,0.8973431572804201,94.30114787084698,49.67460000000001,Satisfactory,3.311640000000001,30.705337009060813,49.67460000000001
1.0,13.038461538461538,80.29871794871794,26.124953798268653,74.48176247446746,3.4164259313296372,122.5902635930357,3.6352714206951457,11.533070712965666,45.16277599455306,14.860749927049897,12.294078883377102,0.8973431572804201,94.30114787084698,49.67460000000001,Satisfactory,3.311640000000001,30.705337009060813,49.67460000000001
1.0,13.038461538461538,80.3051282051282,26.124953798268653,74.48176247446746,3.4164259313296372,122.5902635930357,3.1274703798855796,11.533070712965666,45.16277599455306,14.860749927049897,12.294078883377102,0.8973431572804201,94.30114787084698,49.67460000000001,Satisfactory,3.311640000000001,30.705337009060813,49.67460000000001
1.0,13.038461538461538,80.31153846153846,26.124953798268653,74.48176247446746,3.4164259313296372,122.5902635930357,3.0,11.533070712965666,45.16277599455306,14.860749927049897,12.294078883377102,0.8973431572804201,94.30114787084698,49.67460000000001,Satisfactory,3.311640000000001,30.705337009060813,49.67460000000001
1.0,13.038461538461538,80.31794871794871,26.124953798268653,74.48176247446746,3.4164259313296372,122.5902635930357,3.0,11.533070712965666,45.16277599455306,14.860749927049897,12.294078883377102,0.8973431572804201,94.30114787084698,49.67460000000001,Satisfactory,3.311640000000001,30.705337009060813,49.67460000000001
1.0,13.038461538461538,80.32435897435897,26.124953798268653,74.48176247446746,3.4164259313296372,122.5902635930357,3.0,11.533070712965666,45.16277599455306,14.860749927049897,12.294078883377102,0.8973431572804201,94.30114787084698,49.67460000000001,Satisfactory,3.311640000000001,30.705337009060813,49.67460000000001
1.0,13.038461538461538,80.33076923076922,26.124953798268653,74.48176247446746,3.4164259313296372,122.5902635930357,3.0,11.533070712965666,45.16277599455306,14.860749927049897,12.294078883377102,0.8973431572804201,94.30114787084698,49.67460000000001,Satisfactory,3.311640000000001,30.705337009060813,49.67460000000001
1.0,13.038461538461538,80.33717948717948,26.124953798268653,74.48176247446746,3.4164259313296372,122.5902635930357,3.0,11.533070712965666,45.16277599455306,14.860749927049897,12.294078883377102,0.8973431572804201,94.30114787084698,49.67460000000001,Satisfactory,3.311640000000001,30.705337009060813,49.67460000000001
1.0,13.038461538461538,80.34358974358973,26.124953798268653,74.48176247446746,3.4164259313296372,122.5902635930357,3.0,11.533070712965666,45.16277599455306,14.860749927049897,12.294078883377102,0.8973431572804201,94.30114787084698,49.67460000000001,Satisfactory,3.311640000000001,30.705337009060813,49.67460000000001
1.0,13.038461538461538,80.35,26.124953798268653,74.48176247446746,3.4164259313296372,122.5902635930357,3.0,11.533070712965666,45.16277599455306,14.860749927049897,12.294078883377102,0.8973431572804201,94.30114787084698,49.67460000000001,Satisfactory,3.311640000000001,30.705337009060813,49.67460000000001
1.0,13.047435897435896,80.1,26.124953798268653,74.48176247446746,3.4164259313296372,122.5902635930357,3.0,11.533070712965666,45.16277599455306,14.860749927049897,12.294078883377102,0.8973431572804201,94.30114787084698,48.11549999999998,Satisfactory,3.2076999999999987,27.260444030682994,48.115499999999976
1.0,13.047435897435896,80.10641025641026,26.124953798268653,74.48176247446746,3.4164259313296372,122.5902635930357,3.0,11.533070712965666,45.16277599455306,14.860749927049897,12.294078883377102,0.8973431572804201,94.30114787084698,48.11549999999998,Satisfactory,3.2076999999999987,27.260444030682994,48.115499999999976
1.0,13.047435897435896,80.1128205128205,26.124953798268653,74.48176247446746,3.4164259313296372,122.5902635930357,3.0,11.533070712965666,45.16277599455306,14.860749927049897,12.294078883377102,0.8973431572804201,94.30114787084698,48.11549999999998,Satisfactory,3.2076999999999987,27.260444030682994,48.115499999999976
1.0,13.047435897435896,80.11923076923077,26.124953798268653,74.48176247446746,3.4164259313296372,122.5902635930357,3.0,11.533070712965666,45.16277599455306,14.860749927049897,12.294078883377102,0.8973431572804201,94.30114787084698,48.11549999999998,Satisfactory,3.2076999999999987,27.260444030682994,48.115499999999976
1.0,13.047435897435896,80.12564102564102,26.124953798268653,74.48176247446746,3.4164259313296372,122.5902635930357,3.0,11.533070712965666,45.16277599455306,14.860749927049897,12.294078883377102,0.8973431572804201,94.30114787084698,48.11549999999998,Satisfactory,3.2076999999999987,27.260444030682994,48.115499999999976
1.0,13.047435897435896,80.13205128205128,26.124953798268653,74.48176247446746,3.4164259313296372,122.5902635930357,3.0,11.533070712965666,45.16277599455306,14.860749927049897,12.294078883377102,0.8973431572804201,94.30114787084698,49.595499999999994,Satisfactory,3.3063666666666665,30.52024650539376,49.59549999999999
1.0,13.047435897435896,80.13846153846153,26.124953798268653,74.48176247446746,3.4164259313296372,122.5902635930357,3.473698587643356,11.533070712965666,45.16277599455306,14.860749927049897,12.294078883377102,0.8973431572804201,94.30114787084698,49.595499999999994,Satisfactory,3.3063666666666665,30.52024650539376,49.59549999999999
1.0,13.047435897435896,80.14487179487179,26.124953798268653,74.48176247446746,3.4164259313296372,122.5902635930357,3.9862441272054348,11.533070712965666,45.16277599455306,14.860749927049897,12.294078883377102,0.8973431572804201,94.30114787084698,49.595499999999994,Satisfactory,3.3063666666666665,30.52024650539376,49.59549999999999
1.0,13.047435897435896,80.15128205128205,26.124953798268653,74.48176247446746,3.4164259313296372,122.5902635930357,4.498738414967534,11.533070712965666,45.16277599455306,14.860749927049897,12.294078883377102,0.8973431572804201,94.30114787084698,49.595499999999994,Satisfactory,3.3063666666666665,30.52024650539376,49.59549999999999
1.0,13.047435897435896,80.1576923076923,26.124953798268653,74.48176247446746,3.4164259313296372,122.5902635930357,5.011165655878314,11.533070712965666,45.16277599455306,14.860749927049897,12.294078883377102,0.8973431572804201,94.30114787084698,49.595499999999994,Satisfactory,3.3063666666666665,30.52024650539376,49.59549999999999
1.0,13.047435897435896,80.16410256410256,26.124953798268653,74.48176247446746,3.4164259313296372,122.5902635930357,5.523502825204768,11.533070712965666,45.16277599455306,14.860749927049897,12.294078883377102,0.8973431572804201,94.30114787084698,50.617799999999995,Satisfactory,3.3745199999999995,31.124205807698935,50.617799999999995
1.0,13.047435897435896,80.17051282051281,26.124953798268653,74.48176247446746,3.4164259313296372,122.5902635930357,6.035715000714461,11.533070712965666,45.16277599455306,14.860749927049897,12.294078883377102,0.8973431572804201,94.30114787084698,50.782799999999995,Satisfactory,3.3855199999999996,31.185321677994608,50.782799999999995
1.0,13.047435897435896,80.17692307692307,26.124953798268653,74.48176247446746,3.4164259313296372,122.5902635930357,6.547746545819554,11.533070712965666,45.16277599455306,14.860749927049897,12.294078883377102,0.8973431572804201,94.30114787084698,57.01290000000001,Satisfactory,3.8008600000000006,32.8606626620645,57.01290000000001
1.0,13.047435897435896,80.18333333333332,26.124953798268653,74.48176247446746,3.4164259313296372,122.5902635930357,7.059503098966439,11.533070712965666,45.16277599455306,14.860749927049897,12.294078883377102,0.8973431572804201,94.30114787084698,57.01290000000001,Satisfactory,3.8008600000000006,32.8606626620645,57.01290000000001
1.0,13.047435897435896,80.18974358974359,26.124953798268653,74.48176247446746,3.4164259313296372,122.5902635930357,7.570810856518722,11.533070712965666,45.16277599455306,14.860749927049897,12.294078883377102,0.8973431572804201,94.30114787084698,59.952999999999996,Satisfactory,3.9968666666666666,36.106487491862175,59.952999999999996
1.0,13.047435897435896,80.19615384615383,26.124953798268653,74.48176247446746,3.4164259313296372,122.5902635930357,8.081310988885647,11.533070712965666,45.16277599455306,14.860749927049897,12.294078883377102,0.8973431572804201,94.30114787084698,59.85929999999999,Satisfactory,3.9906199999999994,36.18553388455115,59.85929999999999
1.0,13.047435897435896,80.2025641025641,26.124953798268653,74.48176247446746,3.4164259313296372,122.5902635930357,8.590125925953267,11.533070712965666,45.16277599455306,14.860749927049897,12.294078883377102,0.8973431572804201,94.30114787084698,59.291399999999975,Satisfactory,3.9527599999999983,35.851091699416905,59.291399999999975
1.0,13.047435897435896,80.20897435897436,26.124953798268653,74.48176247446746,3.4164259313296372,122.5902635930357,9.094410664424924,11.533070712965666,45.16277599455306,14.860749927049897,12.294078883377102,0.8973431572804201,94.30114787084698,59.291399999999975,Satisfactory,3.9527599999999983,35.851091699416905,59.291399999999975
1.0,13.047435897435896,80.21538461538461,26.124953798268653,74.48176247446746,3.4164259313296372,122.5902635930357,9.577615173702558,11.533070712965666,45.16277599455306,14.860749927049897,12.294078883377102,0.8973431572804201,94.30114787084698,59.47809999999998,Satisfactory,3.9652066666666657,35.90934699197411,59.47809999999998
1.0,13.047435897435896,80.22179487179487,26.124953798268653,74.48176247446746,3.4164259313296372,122.5902635930357,9.749609115574602,11.533070712965666,45.16277599455306,14.860749927049897,12.294078883377102,0.8973431572804201,94.30114787084698,59.57819999999999,Satisfactory,3.971879999999999,35.966874631527276,59.57819999999999
1.0,13.047435897435896,80.22820512820512,26.124953798268653,74.48176247446746,3.4164259313296372,122.5902635930357,9.312284938903577,11.533070712965666,45.16277599455306,14.860749927049897,12.294078883377102,0.8973431572804201,94.30114787084698,59.34799999999999,Satisfactory,3.956533333333333,36.00696052154361,59.347999999999985
1.0,13.047435897435896,80.23461538461538,26.124953798268653,74.48176247446746,3.4164259313296372,122.5902635930357,8.812911893642806,11.533070712965666,45.16277599455306,14.860749927049897,12.294078883377102,0.8973431572804201,94.30114787084698,60.397200000000005,Moderate,4.02648,36.964621980482924,60.397200000000005
1.0,13.047435897435896,80.24102564102563,26.124953798268653,74.48176247446746,3.4164259313296372,122.5902635930357,8.305487062313555,11.533070712965666,45.16277599455306,14.860749927049897,12.294078883377102,0.8973431572804201,94.30114787084698,61.31910000000003,Moderate,4.0879400000000015,37.374983507554894,61.31910000000003
1.0,13.047435897435896,80.24743589743589,26.124953798268653,74.48176247446746,3.4164259313296372,122.5902635930357,7.795563614784622,11.533070712965666,45.16277599455306,14.860749927049897,12.294078883377102,0.8973431572804201,94.30114787084698,61.41430000000002,Moderate,4.094286666666668,37.29808569497903,61.41430000000002
1.0,13.047435897435896,80.25384615384615,26.124953798268653,74.48176247446746,3.4164259313296372,122.5902635930357,7.284548801087351,11.533070712965666,45.16277599455306,14.860749927049897,12.294078883377102,0.8973431572804201,94.30114787084698,57.05510000000002,Satisfactory,3.8036733333333346,33.131447432763935,57.05510000000002
1.0,13.047435897435896,80.2602564102564,26.124953798268653,74.48176247446746,3.4164259313296372,122.5902635930357,6.772961046466355,11.533070712965666,45.16277599455306,14.860749927049897,12.294078883377102,0.8973431572804201,94.30114787084698,56.90300000000003,Satisfactory,3.793533333333335,32.691932659296846,56.90300000000003
1.0,13.047435897435896,80.26666666666667,26.124953798268653,74.48176247446746,3.4164259313296372,122.5902635930357,6.261035523260876,11.533070712965666,45.16277599455306,14.860749927049897,12.294078883377102,0.8973431572804201,94.30114787084698,50.59890000000002,Satisfactory,3.3732600000000015,31.18312678019958,50.59890000000002
1.0,13.047435897435896,80.27307692307691,26.124953798268653,74.48176247446746,3.4164259313296372,122.5902635930357,5.748894253756917,11.533070712965666,45.16277599455306,14.860749927049897,12.294078883377102,0.8973431572804201,94.30114787084698,50.536700000000025,Satisfactory,3.369113333333335,31.129579407855807,50.53670000000002
1.0,13.047435897435896,80.27948717948718,26.124953798268653,74.48176247446746,3.4164259313296372,122.5902635930357,5.236606826020621,11.533070712965666,45.16277599455306,14.860749927049897,12.294078883377102,0.8973431572804201,94.30114787084698,49.67460000000001,Satisfactory,3.311640000000001,30.705337009060813,49.67460000000001
1.0,13.047435897435896,80.28589743589743,26.124953798268653,74.48176247446746,3.4164259313296372,122.5902635930357,4.724215816505214,11.533070712965666,45.16277599455306,14.860749927049897,12.294078883377102,0.8973431572804201,94.30114787084698,49.67460000000001,Satisfactory,3.311640000000001,30.705337009060813,49.67460000000001
1.0,13.047435897435896,80.29230769230769,26.124953798268653,74.48176247446746,3.4164259313296372,122.5902635930357,4.211748733126301,11.533070712965666,45.16277599455306,14.860749927049897,12.294078883377102,0.8973431572804201,94.30114787084698,49.67460000000001,Satisfactory,3.311640000000001,30.705337009060813,49.67460000000001
1.0,13.047435897435896,80.29871794871794,26.124953798268653,74.48176247446746,3.4164259313296372,122.5902635930357,3.6992241380253894,11.533070712965666,45.16277599455306,14.860749927049897,12.294078883377102,0.8973431572804201,94.30114787084698,49.67460000000001,Satisfactory,3.311640000000001,30.705337009060813,49.67460000000001
1.0,13.047435897435896,80.3051282051282,26.124953798268653,74.48176247446746,3.4164259313296372,122.5902635930357,3.18665500991092,11.533070712965666,45.16277599455306,14.860749927049897,12.294078883377102,0.8973431572804201,94.30114787084698,49.67460000000001,Satisfactory,3.311640000000001,30.705337009060813,49.67460000000001
1.0,13.047435897435896,80.31153846153846,26.124953798268653,74.48176247446746,3.4164259313296372,122.5902635930357,3.0,11.533070712965666,45.16277599455306,14.860749927049897,12.294078883377102,0.8973431572804201,94.30114787084698,49.67460000000001,Satisfactory,3.311640000000001,30.705337009060813,49.67460000000001
1.0,13.047435897435896,80.31794871794871,26.124953798268653,74.48176247446746,3.4164259313296372,122.5902635930357,3.0,11.533070712965666,45.16277599455306,14.860749927049897,12.294078883377102,0.8973431572804201,94.30114787084698,49.67460000000001,Satisfactory,3.311640000000001,30.705337009060813,49.67460000000001
1.0,13.047435897435896,80.32435897435897,26.124953798268653,74.48176247446746,3.4164259313296372,122.5902635930357,3.0,11.533070712965666,45.16277599455306,14.860749927049897,12.294078883377102,0.8973431572804201,94.30114787084698,49.67460000000001,Satisfactory,3.311640000000001,30.705337009060813,49.67460000000001
1.0,13.047435897435896,80.33076923076922,26.124953798268653,74.48176247446746,3.4164259313296372,122.5902635930357,3.0,11.533070712965666,45.16277599455306,14.860749927049897,12.294078883377102,0.8973431572804201,94.30114787084698,49.67460000000001,Satisfactory,3.311640000000001,30.705337009060813,49.67460000000001
1.0,13.047435897435896,80.33717948717948,26.124953798268653,74.48176247446746,3.4164259313296372,122.5902635930357,3.0,11.533070712965666,45.16277599455306,14.860749927049897,12.294078883377102,0.8973431572804201,94.30114787084698,49.67460000000001,Satisfactory,3.311640000000001,30.705337009060813,49.67460000000001
1.0,13.047435897435896,80.34358974358973,26.124953798268653,74.48176247446746,3.4164259313296372,122.5902635930357,3.0,11.533070712965666,45.16277599455306,14.860749927049897,12.294078883377102,0.8973431572804201,94.30114787084698,49.67460000000001,Satisfactory,3.311640000000001,30.705337009060813,49.67460000000001
1.0,13.047435897435896,80.35,26.124953798268653,74.48176247446746,3.4164259313296372,122.5902635930357,3.0,11.533070712965666,45.16277599455306,14.860749927049897,12.294078883377102,0.8973431572804201,94.30114787084698,49.67460000000001,Satisfactory,3.311640000000001,30.705337009060813,49.67460000000001
1.0,13.056410256410256,80.1,26.124953798268653,74.48176247446746,3.4164259313296372,122.5902635930357,3.0,11.533070712965666,45.16277599455306,14.860749927049897,12.294078883377102,0.8973431572804201,94.30114787084698,48.74109999999999,Satisfactory,3.249406666666666,26.97084028705817,48.74109999999999
1.0,13.056410256410256,80.10641025641026,26.124953798268653,74.48176247446746,3.4164259313296372,122.5902635930357,3.0,11.533070712965666,45.16277599455306,14.860749927049897,12.294078883377102,0.8973431572804201,94.30114787084698,48.74109999999999,Satisfactory,3.249406666666666,26.97084028705817,48.74109999999999
1.0,13.056410256410256,80.1128205128205,26.124953798268653,74.48176247446746,3.4164259313296372,122.5902635930357,3.0,11.533070712965666,45.16277599455306,14.860749927049897,12.294078883377102,0.8973431572804201,94.30114787084698,48.74109999999999,Satisfactory,3.249406666666666,26.97084028705817,48.74109999999999
1.0,13.056410256410256,80.11923076923077,26.124953798268653,74.48176247446746,3.4164259313296372,122.5902635930357,3.0,11.533070712965666,45.16277599455306,14.860749927049897,12.294078883377102,0.8973431572804201,94.30114787084698,48.74109999999999,Satisfactory,3.249406666666666,26.97084028705817,48.74109999999999
1.0,13.056410256410256,80.12564102564102,26.124953798268653,74.48176247446746,3.4164259313296372,122.5902635930357,3.0,11.533070712965666,45.16277599455306,14.860749927049897,12.294078883377102,0.8973431572804201,94.30114787084698,48.74109999999999,Satisfactory,3.249406666666666,26.97084028705817,48.74109999999999
1.0,13.056410256410256,80.13205128205128,26.124953798268653,74.48176247446746,3.4164259313296372,122.5902635930357,3.0,11.533070712965666,45.16277599455306,14.860749927049897,12.294078883377102,0.8973431572804201,94.30114787084698,50.17709999999999,Satisfactory,3.3451399999999993,30.229699445909155,50.17709999999999
1.0,13.056410256410256,80.13846153846153,26.124953798268653,74.48176247446746,3.4164259313296372,122.5902635930357,3.4567960888599405,11.533070712965666,45.16277599455306,14.860749927049897,12.294078883377102,0.8973431572804201,94.30114787084698,50.17709999999999,Satisfactory,3.3451399999999993,30.229699445909155,50.17709999999999
1.0,13.056410256410256,80.14487179487179,26.124953798268653,74.48176247446746,3.4164259313296372,122.5902635930357,3.967905256430287,11.533070712965666,45.16277599455306,14.860749927049897,12.294078883377102,0.8973431572804201,94.30114787084698,50.17709999999999,Satisfactory,3.3451399999999993,30.229699445909155,50.17709999999999
1.0,13.056410256410256,80.15128205128205,26.124953798268653,74.48176247446746,3.4164259313296372,122.5902635930357,4.478697044647508,11.533070712965666,45.16277599455306,14.860749927049897,12.294078883377102,0.8973431572804201,94.30114787084698,50.17709999999999,Satisfactory,3.3451399999999993,30.229699445909155,50.17709999999999
1.0,13.056410256410256,80.1576923076923,26.124953798268653,74.48176247446746,3.4164259313296372,122.5902635930357,4.9890743957909045,11.533070712965666,45.16277599455306,14.860749927049897,12.294078883377102,0.8973431572804201,94.30114787084698,50.17709999999999,Satisfactory,3.3451399999999993,30.229699445909155,50.17709999999999
1.0,13.056410256410256,80.16410256410256,26.124953798268653,74.48176247446746,3.4164259313296372,122.5902635930357,5.498896329367659,11.533070712965666,45.16277599455306,14.860749927049897,12.294078883377102,0.8973431572804201,94.30114787084698,50.17709999999999,Satisfactory,3.3451399999999993,30.229699445909155,50.17709999999999
1.0,13.056410256410256,80.17051282051281,26.124953798268653,74.48176247446746,3.4164259313296372,122.5902635930357,6.007950043725582,11.533070712965666,45.16277599455306,14.860749927049897,12.294078883377102,0.8973431572804201,94.30114787084698,51.2368,Satisfactory,3.415786666666667,30.87534987267351,51.2368
1.0,13.056410256410256,80.17692307692307,26.124953798268653,74.48176247446746,3.4164259313296372,122.5902635930357,6.515898794562497,11.533070712965666,45.16277599455306,14.860749927049897,12.294078883377102,0.8973431572804201,94.30114787084698,56.371900000000004,Satisfactory,3.758126666666667,32.65159786886393,56.37190000000001
1.0,13.056410256410256,80.18333333333332,26.124953798268653,74.48176247446746,3.4164259313296372,122.5902635930357,7.022177083368082,11.533070712965666,45.16277599455306,14.860749927049897,12.294078883377102,0.8973431572804201,94.30114787084698,56.371900000000004,Satisfactory,3.758126666666667,32.65159786886393,56.37190000000001
1.0,13.056410256410256,80.18974358974359,26.124953798268653,74.48176247446746,3.4164259313296372,122.5902635930357,7.525759269465167,11.533070712965666,45.16277599455306,14.860749927049897,12.294078883377102,0.8973431572804201,94.30114787084698,59.9552,Satisfactory,3.9970133333333333,36.103233386498786,59.9552
1.0,13.056410256410256,80.19615384615383,26.124953798268653,74.48176247446746,3.4164259313296372,122.5902635930357,8.024582368408844,11.533070712965666,45.16277599455306,14.860749927049897,12.294078883377102,0.8973431572804201,94.30114787084698,59.8615,Satisfactory,3.9907666666666666,36.182292585600486,59.8615
1.0,13.056410256410256,80.2025641025641,26.124953798268653,74.48176247446746,3.4164259313296372,122.5902635930357,8.513846507759249,11.533070712965666,45.16277599455306,14.860749927049897,12.294078883377102,0.8973431572804201,94.30114787084698,59.29359999999998,Satisfactory,3.952906666666665,35.84785501309666,59.29359999999998
1.0,13.056410256410256,80.20897435897436,26.124953798268653,74.48176247446746,3.4164259313296372,122.5902635930357,8.979706246937898,11.533070712965666,45.16277599455306,14.860749927049897,12.294078883377102,0.8973431572804201,94.30114787084698,59.29359999999998,Satisfactory,3.952906666666665,35.84785501309666,59.29359999999998
1.0,13.056410256410256,80.21538461538461,26.124953798268653,74.48176247446746,3.4164259313296372,122.5902635930357,9.36808525945618,11.533070712965666,45.16277599455306,14.860749927049897,12.294078883377102,0.8973431572804201,94.30114787084698,59.44289999999999,Satisfactory,3.962859999999999,35.923855202219045,59.44289999999999
1.0,13.056410256410256,80.22179487179487,26.124953798268653,74.48176247446746,3.4164259313296372,122.5902635930357,9.467456205713018,11.533070712965666,45.16277599455306,14.860749927049897,12.294078883377102,0.8973431572804201,94.30114787084698,59.54299999999999,Satisfactory,3.9695333333333327,35.98145757192168,59.54299999999999
1.0,13.056410256410256,80.22820512820512,26.124953798268653,74.48176247446746,3.4164259313296372,122.5902635930357,9.167017825467376,11.533070712965666,45.16277599455306,14.860749927049897,12.294078883377102,0.8973431572804201,94.30114787084698,59.350199999999994,Satisfactory,3.9566799999999995,36.003734389088024,59.35019999999999
1.0,13.056410256410256,80.23461538461538,26.124953798268653,74.48176247446746,3.4164259313296372,122.5902635930357,8.723251994289807,11.533070712965666,45.16277599455306,14.860749927049897,12.294078883377102,0.8973431572804201,94.30114787084698,60.39940000000001,Moderate,4.026626666666667,36.96141698636566,60.39940000000001
1.0,13.056410256410256,80.24102564102563,26.124953798268653,74.48176247446746,3.4164259313296372,122.5902635930357,8.241511616809202,11.533070712965666,45.16277599455306,14.860749927049897,12.294078883377102,0.8973431572804201,94.30114787084698,61.32130000000003,Moderate,4.088086666666668,37.371759435568464,61.32130000000003
1.0,13.056410256410256,80.24743589743589,26.124953798268653,74.48176247446746,3.4164259313296372,122.5902635930357,7.746015289694341,11.533070712965666,45.16277599455306,14.860749927049897,12.294078883377102,0.8973431572804201,94.30114787084698,61.41650000000002,Moderate,4.094433333333335,37.29484935952952,61.41650000000002
1.0,13.056410256410256,80.25384615384615,26.124953798268653,74.48176247446746,3.4164259313296372,122.5902635930357,7.24417298955352,11.533070712965666,45.16277599455306,14.860749927049897,12.294078883377102,0.8973431572804201,94.30114787084698,56.42550000000003,Satisfactory,3.761700000000002,32.884623682657526,56.42550000000003
1.0,13.056410256410256,80.2602564102564,26.124953798268653,74.48176247446746,3.4164259313296372,122.5902635930357,6.738913109797017,11.533070712965666,45.16277599455306,14.860749927049897,12.294078883377102,0.8973431572804201,94.30114787084698,56.27340000000003,Satisfactory,3.7515600000000022,32.43881320948718,56.27340000000003
1.0,13.056410256410256,80.26666666666667,26.124953798268653,74.48176247446746,3.4164259313296372,122.5902635930357,6.2316100711116285,11.533070712965666,45.16277599455306,14.860749927049897,12.294078883377102,0.8973431572804201,94.30114787084698,51.22760000000003,Satisfactory,3.4151733333333354,30.86357150817125,51.22760000000003
1.0,13.056410256410256,80.27307692307691,26.124953798268653,74.48176247446746,3.4164259313296372,122.5902635930357,5.722990838965715,11.533070712965666,45.16277599455306,14.860749927049897,12.294078883377102,0.8973431572804201,94.30114787084698,51.16430000000003,Satisfactory,3.4109533333333357,30.811319908598534,51.16430000000003
1.0,13.056410256410256,80.27948717948718,26.124953798268653,74.48176247446746,3.4164259313296372,122.5902635930357,5.213474973663714,11.533070712965666,45.16277599455306,14.860749927049897,12.294078883377102,0.8973431572804201,94.30114787084698,50.419300000000014,Satisfactory,3.3612866666666674,30.411983337329385,50.419300000000014
1.0,13.056410256410256,80.28589743589743,26.124953798268653,74.48176247446746,3.4164259313296372,122.5902635930357,4.7033212247065626,11.533070712965666,45.16277599455306,14.860749927049897,12.294078883377102,0.8973431572804201,94.30114787084698,50.419300000000014,Satisfactory,3.3612866666666674,30.411983337329385,50.419300000000014
1.0,13.056410256410256,80.29230769230769,26.124953798268653,74.48176247446746,3.4164259313296372,122.5902635930357,4.192697698044709,11.533070712965666,45.16277599455306,14.860749927049897,12.294078883377102,0.8973431572804201,94.30114787084698,50.419300000000014,Satisfactory,3.3612866666666674,30.411983337329385,50.419300000000014
1.0,13.056410256410256,80.29871794871794,26.124953798268653,74.48176247446746,3.4164259313296372,122.5902635930357,3.6817182904944694,11.533070712965666,45.16277599455306,14.860749927049897,12.294078883377102,0.8973431572804201,94.30114787084698,50.419300000000014,Satisfactory,3.3612866666666674,30.411983337329385,50.419300000000014
1.0,13.056410256410256,80.3051282051282,26.124953798268653,74.48176247446746,3.4164259313296372,122.5902635930357,3.1704628815854443,11.533070712965666,45.16277599455306,14.860749927049897,12.294078883377102,0.8973431572804201,94.30114787084698,50.419300000000014,Satisfactory,3.3612866666666674,30.411983337329385,50.419300000000014
1.0,13.056410256410256,80.31153846153846,26.124953798268653,74.48176247446746,3.4164259313296372,122.5902635930357,3.0,11.533070712965666,45.16277599455306,14.860749927049897,12.294078883377102,0.8973431572804201,94.30114787084698,50.419300000000014,Satisfactory,3.3612866666666674,30.411983337329385,50.419300000000014
1.0,13.056410256410256,80.31794871794871,26.124953798268653,74.48176247446746,3.4164259313296372,122.5902635930357,3.0,11.533070712965666,45.16277599455306,14.860749927049897,12.294078883377102,0.8973431572804201,94.30114787084698,50.419300000000014,Satisfactory,3.3612866666666674,30.411983337329385,50.419300000000014
1.0,13.056410256410256,80.32435897435897,26.124953798268653,74.48176247446746,3.4164259313296372,122.5902635930357,3.0,11.533070712965666,45.16277599455306,14.860749927049897,12.294078883377102,0.8973431572804201,94.30114787084698,50.419300000000014,Satisfactory,3.3612866666666674,30.411983337329385,50.419300000000014
1.0,13.056410256410256,80.33076923076922,26.124953798268653,74.48176247446746,3.4164259313296372,122.5902635930357,3.0,11.533070712965666,45.16277599455306,14.860749927049897,12.294078883377102,0.8973431572804201,94.30114787084698,50.419300000000014,Satisfactory,3.3612866666666674,30.411983337329385,50.419300000000014
1.0,13.056410256410256,80.33717948717948,26.124953798268653,74.48176247446746,3.4164259313296372,122.5902635930357,3.0,11.533070712965666,45.16277599455306,14.860749927049897,12.294078883377102,0.8973431572804201,94.30114787084698,50.419300000000014,Satisfactory,3.3612866666666674,30.411983337329385,50.419300000000014
1.0,13.056410256410256,80.34358974358973,26.124953798268653,74.48176247446746,3.4164259313296372,122.5902635930357,3.0,11.533070712965666,45.16277599455306,14.860749927049897,12.294078883377102,0.8973431572804201,94.30114787084698,50.419300000000014,Satisfactory,3.3612866666666674,30.411983337329385,50.419300000000014
1.0,13.056410256410256,80.35,26.124953798268653,74.48176247446746,3.4164259313296372,122.5902635930357,3.0,11.533070712965666,45.16277599455306,14.860749927049897,12.294078883377102,0.8973431572804201,94.30114787084698,50.419300000000014,Satisfactory,3.3612866666666674,30.411983337329385,50.419300000000014
1.0,13.065384615384614,80.1,26.124953798268653,74.48176247446746,3.4164259313296372,122.5902635930357,3.0,11.533070712965666,45.16277599455306,14.860749927049897,12.294078883377102,0.8973431572804201,94.30114787084698,48.74109999999999,Satisfactory,3.249406666666666,26.97084028705817,48.74109999999999
1.0,13.065384615384614,80.10641025641026,26.124953798268653,74.48176247446746,3.4164259313296372,122.5902635930357,3.0,11.533070712965666,45.16277599455306,14.860749927049897,12.294078883377102,0.8973431572804201,94.30114787084698,48.74109999999999,Satisfactory,3.249406666666666,26.97084028705817,48.74109999999999
1.0,13.065384615384614,80.1128205128205,26.124953798268653,74.48176247446746,3.4164259313296372,122.5902635930357,3.0,11.533070712965666,45.16277599455306,14.860749927049897,12.294078883377102,0.8973431572804201,94.30114787084698,48.74109999999999,Satisfactory,3.249406666666666,26.97084028705817,48.74109999999999
1.0,13.065384615384614,80.11923076923077,26.124953798268653,74.48176247446746,3.4164259313296372,122.5902635930357,3.0,11.533070712965666,45.16277599455306,14.860749927049897,12.294078883377102,0.8973431572804201,94.30114787084698,48.74109999999999,Satisfactory,3.249406666666666,26.97084028705817,48.74109999999999
1.0,13.065384615384614,80.12564102564102,26.124953798268653,74.48176247446746,3.4164259313296372,122.5902635930357,3.0,11.533070712965666,45.16277599455306,14.860749927049897,12.294078883377102,0.8973431572804201,94.30114787084698,48.74109999999999,Satisfactory,3.249406666666666,26.97084028705817,48.74109999999999
1.0,13.065384615384614,80.13205128205128,26.124953798268653,74.48176247446746,3.4164259313296372,122.5902635930357,3.0,11.533070712965666,45.16277599455306,14.860749927049897,12.294078883377102,0.8973431572804201,94.30114787084698,50.17709999999999,Satisfactory,3.3451399999999993,30.229699445909155,50.17709999999999
1.0,13.065384615384614,80.13846153846153,26.124953798268653,74.48176247446746,3.4164259313296372,122.5902635930357,3.361828154996508,11.533070712965666,45.16277599455306,14.860749927049897,12.294078883377102,0.8973431572804201,94.30114787084698,50.17709999999999,Satisfactory,3.3451399999999993,30.229699445909155,50.17709999999999
1.0,13.065384615384614,80.14487179487179,26.124953798268653,74.48176247446746,3.4164259313296372,122.5902635930357,3.8650203735921114,11.533070712965666,45.16277599455306,14.860749927049897,12.294078883377102,0.8973431572804201,94.30114787084698,50.17709999999999,Satisfactory,3.3451399999999993,30.229699445909155,50.17709999999999
1.0,13.065384615384614,80.15128205128205,26.124953798268653,74.48176247446746,3.4164259313296372,122.5902635930357,4.366475850249449,11.533070712965666,45.16277599455306,14.860749927049897,12.294078883377102,0.8973431572804201,94.30114787084698,50.17709999999999,Satisfactory,3.3451399999999993,30.229699445909155,50.17709999999999
1.0,13.065384615384614,80.1576923076923,26.124953798268653,74.48176247446746,3.4164259313296372,122.5902635930357,4.865685690186391,11.533070712965666,45.16277599455306,14.860749927049897,12.294078883377102,0.8973431572804201,94.30114787084698,50.17709999999999,Satisfactory,3.3451399999999993,30.229699445909155,50.17709999999999
1.0,13.065384615384614,80.16410256410256,26.124953798268653,74.48176247446746,3.4164259313296372,122.5902635930357,5.361924723032361,11.533070712965666,45.16277599455306,14.860749927049897,12.294078883377102,0.8973431572804201,94.30114787084698,50.17709999999999,Satisfactory,3.3451399999999993,30.229699445909155,50.17709999999999
1.0,13.065384615384614,80.17051282051281,26.124953798268653,74.48176247446746,3.4164259313296372,122.5902635930357,5.854126042143938,11.533070712965666,45.16277599455306,14.860749927049897,12.294078883377102,0.8973431572804201,94.30114787084698,51.2368,Satisfactory,3.415786666666667,30.87534987267351,51.2368
1.0,13.065384615384614,80.17692307692307,26.124953798268653,74.48176247446746,3.4164259313296372,122.5902635930357,6.340660000660014,11.533070712965666,45.16277599455306,14.860749927049897,12.294078883377102,0.8973431572804201,94.30114787084698,51.2368,Satisfactory,3.415786666666667,30.87534987267351,51.2368
1.0,13.065384615384614,80.18333333333332,26.124953798268653,74.48176247446746,3.4164259313296372,122.5902635930357,6.818925127593391,11.533070712965666,45.16277599455306,14.860749927049897,12.294078883377102,0.8973431572804201,94.30114787084698,56.371900000000004,Satisfactory,3.758126666666667,32.65159786886393,56.37190000000001
1.0,13.065384615384614,80.18974358974359,26.124953798268653,74.48176247446746,3.4164259313296372,122.5902635930357,7.284548801087368,11.533070712965666,45.16277599455306,14.860749927049897,12.294078883377102,0.8973431572804201,94.30114787084698,56.371900000000004,Satisfactory,3.758126666666667,32.65159786886393,56.37190000000001
1.0,13.065384615384614,80.19615384615383,26.124953798268653,74.48176247446746,3.4164259313296372,122.5902635930357,7.7297394774520445,11.533070712965666,45.16277599455306,14.860749927049897,12.294078883377102,0.8973431572804201,94.30114787084698,59.9552,Satisfactory,3.9970133333333333,36.103233386498786,59.9552
1.0,13.065384615384614,80.2025641025641,26.124953798268653,74.48176247446746,3.4164259313296372,122.5902635930357,8.13976877148622,11.533070712965666,45.16277599455306,14.860749927049897,12.294078883377102,0.8973431572804201,94.30114787084698,59.8615,Satisfactory,3.9907666666666666,36.182292585600486,59.8615
1.0,13.065384615384614,80.20897435897436,26.124953798268653,74.48176247446746,3.4164259313296372,122.5902635930357,8.485798110034183,11.533070712965666,45.16277599455306,14.860749927049897,12.294078883377102,0.8973431572804201,94.30114787084698,59.8615,Satisfactory,3.9907666666666666,36.182292585600486,59.8615
1.0,13.065384615384614,80.21538461538461,26.124953798268653,74.48176247446746,3.4164259313296372,122.5902635930357,8.715039198903302,11.533070712965666,45.16277599455306,14.860749927049897,12.294078883377102,0.8973431572804201,94.30114787084698,59.44289999999999,Satisfactory,3.962859999999999,35.923855202219045,59.44289999999999
1.0,13.065384615384614,80.22179487179487,26.124953798268653,74.48176247446746,3.4164259313296372,122.5902635930357,8.760883010417468,11.533070712965666,45.16277599455306,14.860749927049897,12.294078883377102,0.8973431572804201,94.30114787084698,59.54299999999999,Satisfactory,3.9695333333333327,35.98145757192168,59.54299999999999
1.0,13.065384615384614,80.22820512820512,26.124953798268653,74.48176247446746,3.4164259313296372,122.5902635930357,8.605128205128656,11.533070712965666,45.16277599455306,14.860749927049897,12.294078883377102,0.8973431572804201,94.30114787084698,59.350199999999994,Satisfactory,3.9566799999999995,36.003734389088024,59.35019999999999
1.0,13.065384615384614,80.23461538461538,26.124953798268653,74.48176247446746,3.4164259313296372,122.5902635930357,8.302385941645316,11.533070712965666,45.16277599455306,14.860749927049897,12.294078883377102,0.8973431572804201,94.30114787084698,61.17270000000002,Moderate,4.0781800000000015,37.384502105952954,61.17270000000002
1.0,13.065384615384614,80.24102564102563,26.124953798268653,74.48176247446746,3.4164259313296372,122.5902635930357,7.915752074522925,11.533070712965666,45.16277599455306,14.860749927049897,12.294078883377102,0.8973431572804201,94.30114787084698,61.41650000000002,Moderate,4.094433333333335,37.29484935952952,61.41650000000002
1.0,13.065384615384614,80.24743589743589,26.124953798268653,74.48176247446746,3.4164259313296372,122.5902635930357,7.4836027548635755,11.533070712965666,45.16277599455306,14.860749927049897,12.294078883377102,0.8973431572804201,94.30114787084698,56.502500000000026,Satisfactory,3.7668333333333353,32.878681371825124,56.502500000000026
1.0,13.065384615384614,80.25384615384615,26.124953798268653,74.48176247446746,3.4164259313296372,122.5902635930357,7.025711760345866,11.533070712965666,45.16277599455306,14.860749927049897,12.294078883377102,0.8973431572804201,94.30114787084698,56.479100000000024,Satisfactory,3.765273333333335,32.88072414333358,56.479100000000024
1.0,13.065384615384614,80.2602564102564,26.124953798268653,74.48176247446746,3.4164259313296372,122.5902635930357,6.552320240148127,11.533070712965666,45.16277599455306,14.860749927049897,12.294078883377102,0.8973431572804201,94.30114787084698,56.32700000000003,Satisfactory,3.755133333333335,32.43511142265431,56.32700000000003
1.0,13.065384615384614,80.26666666666667,26.124953798268653,74.48176247446746,3.4164259313296372,122.5902635930357,6.069024208013255,11.533070712965666,45.16277599455306,14.860749927049897,12.294078883377102,0.8973431572804201,94.30114787084698,51.28120000000003,Satisfactory,3.4187466666666686,30.86844353964094,51.28120000000003
1.0,13.065384615384614,80.27307692307691,26.124953798268653,74.48176247446746,3.4164259313296372,122.5902635930357,5.579070755530043,11.533070712965666,45.16277599455306,14.860749927049897,12.294078883377102,0.8973431572804201,94.30114787084698,51.21790000000003,Satisfactory,3.4145266666666685,30.81631030136477,51.21790000000003
1.0,13.065384615384614,80.27948717948718,26.124953798268653,74.48176247446746,3.4164259313296372,122.5902635930357,5.084450198728316,11.533070712965666,45.16277599455306,14.860749927049897,12.294078883377102,0.8973431572804201,94.30114787084698,50.47290000000001,Satisfactory,3.3648600000000006,30.41835203606534,50.47290000000001
1.0,13.065384615384614,80.28589743589743,26.124953798268653,74.48176247446746,3.4164259313296372,122.5902635930357,4.586441644381905,11.533070712965666,45.16277599455306,14.860749927049897,12.294078883377102,0.8973431572804201,94.30114787084698,50.47290000000001,Satisfactory,3.3648600000000006,30.41835203606534,50.47290000000001
1.0,13.065384615384614,80.29230769230769,26.124953798268653,74.48176247446746,3.4164259313296372,122.5902635930357,4.085900909915888,11.533070712965666,45.16277599455306,14.860749927049897,12.294078883377102,0.8973431572804201,94.30114787084698,50.47290000000001,Satisfactory,3.3648600000000006,30.41835203606534,50.47290000000001
1.0,13.065384615384614,80.29871794871794,26.124953798268653,74.48176247446746,3.4164259313296372,122.5902635930357,3.5834205543988906,11.533070712965666,45.16277599455306,14.860749927049897,12.294078883377102,0.8973431572804201,94.30114787084698,50.47290000000001,Satisfactory,3.3648600000000006,30.41835203606534,50.47290000000001
1.0,13.065384615384614,80.3051282051282,26.124953798268653,74.48176247446746,3.4164259313296372,122.5902635930357,3.07942305347013,11.533070712965666,45.16277599455306,14.860749927049897,12.294078883377102,0.8973431572804201,94.30114787084698,50.47290000000001,Satisfactory,3.3648600000000006,30.41835203606534,50.47290000000001
1.0,13.065384615384614,80.31153846153846,26.124953798268653,74.48176247446746,3.4164259313296372,122.5902635930357,3.0,11.533070712965666,45.16277599455306,14.860749927049897,12.294078883377102,0.8973431572804201,94.30114787084698,50.47290000000001,Satisfactory,3.3648600000000006,30.41835203606534,50.47290000000001
1.0,13.065384615384614,80.31794871794871,26.124953798268653,74.48176247446746,3.4164259313296372,122.5902635930357,3.0,11.533070712965666,45.16277599455306,14.860749927049897,12.294078883377102,0.8973431572804201,94.30114787084698,50.47290000000001,Satisfactory,3.3648600000000006,30.41835203606534,50.47290000000001
1.0,13.065384615384614,80.32435897435897,26.124953798268653,74.48176247446746,3.4164259313296372,122.5902635930357,3.0,11.533070712965666,45.16277599455306,14.860749927049897,12.294078883377102,0.8973431572804201,94.30114787084698,50.47290000000001,Satisfactory,3.3648600000000006,30.41835203606534,50.47290000000001
1.0,13.065384615384614,80.33076923076922,26.124953798268653,74.48176247446746,3.4164259313296372,122.5902635930357,3.0,11.533070712965666,45.16277599455306,14.860749927049897,12.294078883377102,0.8973431572804201,94.30114787084698,50.47290000000001,Satisfactory,3.3648600000000006,30.41835203606534,50.47290000000001
1.0,13.065384615384614,80.33717948717948,26.124953798268653,74.48176247446746,3.4164259313296372,122.5902635930357,3.0,11.533070712965666,45.16277599455306,14.860749927049897,12.294078883377102,0.8973431572804201,94.30114787084698,50.47290000000001,Satisfactory,3.3648600000000006,30.41835203606534,50.47290000000001
1.0,13.065384615384614,80.34358974358973,26.124953798268653,74.48176247446746,3.4164259313296372,122.5902635930357,3.0,11.533070712965666,45.16277599455306,14.860749927049897,12.294078883377102,0.8973431572804201,94.30114787084698,50.47290000000001,Satisfactory,3.3648600000000006,30.41835203606534,50.47290000000001
1.0,13.065384615384614,80.35,26.124953798268653,74.48176247446746,3.4164259313296372,122.5902635930357,3.0,11.533070712965666,45.16277599455306,14.860749927049897,12.294078883377102,0.8973431572804201,94.30114787084698,50.47290000000001,Satisfactory,3.3648600000000006,30.41835203606534,50.47290000000001
1.0,13.074358974358974,80.1,26.124953798268653,74.48176247446746,3.4164259313296372,122.5902635930357,3.0,11.533070712965666,45.16277599455306,14.860749927049897,12.294078883377102,0.8973431572804201,94.30114787084698,48.76749999999999,Satisfactory,3.251166666666666,26.949812295264692,48.76749999999999
1.0,13.074358974358974,80.10641025641026,26.124953798268653,74.48176247446746,3.4164259313296372,122.5902635930357,3.0,11.533070712965666,45.16277599455306,14.860749927049897,12.294078883377102,0.8973431572804201,94.30114787084698,48.76749999999999,Satisfactory,3.251166666666666,26.949812295264692,48.76749999999999
1.0,13.074358974358974,80.1128205128205,26.124953798268653,74.48176247446746,3.4164259313296372,122.5902635930357,3.0,11.533070712965666,45.16277599455306,14.860749927049897,12.294078883377102,0.8973431572804201,94.30114787084698,48.76749999999999,Satisfactory,3.251166666666666,26.949812295264692,48.76749999999999
1.0,13.074358974358974,80.11923076923077,26.124953798268653,74.48176247446746,3.4164259313296372,122.5902635930357,3.0,11.533070712965666,45.16277599455306,14.860749927049897,12.294078883377102,0.8973431572804201,94.30114787084698,48.76749999999999,Satisfactory,3.251166666666666,26.949812295264692,48.76749999999999
1.0,13.074358974358974,80.12564102564102,26.124953798268653,74.48176247446746,3.4164259313296372,122.5902635930357,3.0,11.533070712965666,45.16277599455306,14.860749927049897,12.294078883377102,0.8973431572804201,94.30114787084698,48.76749999999999,Satisfactory,3.251166666666666,26.949812295264692,48.76749999999999
1.0,13.074358974358974,80.13205128205128,26.124953798268653,74.48176247446746,3.4164259313296372,122.5902635930357,3.0,11.533070712965666,45.16277599455306,14.860749927049897,12.294078883377102,0.8973431572804201,94.30114787084698,50.25079999999999,Satisfactory,3.350053333333333,30.29009969214363,50.25079999999999
1.0,13.074358974358974,80.13846153846153,26.124953798268653,74.48176247446746,3.4164259313296372,122.5902635930357,3.192060944159067,11.533070712965666,45.16277599455306,14.860749927049897,12.294078883377102,0.8973431572804201,94.30114787084698,50.25079999999999,Satisfactory,3.350053333333333,30.29009969214363,50.25079999999999
1.0,13.074358974358974,80.14487179487179,26.124953798268653,74.48176247446746,3.4164259313296372,122.5902635930357,3.681718290493282,11.533070712965666,45.16277599455306,14.860749927049897,12.294078883377102,0.8973431572804201,94.30114787084698,50.25079999999999,Satisfactory,3.350053333333333,30.29009969214363,50.25079999999999
1.0,13.074358974358974,80.15128205128205,26.124953798268653,74.48176247446746,3.4164259313296372,122.5902635930357,4.167393113703794,11.533070712965666,45.16277599455306,14.860749927049897,12.294078883377102,0.8973431572804201,94.30114787084698,50.25079999999999,Satisfactory,3.350053333333333,30.29009969214363,50.25079999999999
1.0,13.074358974358974,80.1576923076923,26.124953798268653,74.48176247446746,3.4164259313296372,122.5902635930357,4.648001104614831,11.533070712965666,45.16277599455306,14.860749927049897,12.294078883377102,0.8973431572804201,94.30114787084698,50.25079999999999,Satisfactory,3.350053333333333,30.29009969214363,50.25079999999999
1.0,13.074358974358974,80.16410256410256,26.124953798268653,74.48176247446746,3.4164259313296372,122.5902635930357,5.12204438119147,11.533070712965666,45.16277599455306,14.860749927049897,12.294078883377102,0.8973431572804201,94.30114787084698,50.25079999999999,Satisfactory,3.350053333333333,30.29009969214363,50.25079999999999
1.0,13.074358974358974,80.17051282051281,26.124953798268653,74.48176247446746,3.4164259313296372,122.5902635930357,5.587406701419635,11.533070712965666,45.16277599455306,14.860749927049897,12.294078883377102,0.8973431572804201,94.30114787084698,51.3094,Satisfactory,3.4206266666666663,30.929939211708774,51.309400000000004
1.0,13.074358974358974,80.17692307692307,26.124953798268653,74.48176247446746,3.4164259313296372,122.5902635930357,6.041025641025591,11.533070712965666,45.16277599455306,14.860749927049897,12.294078883377102,0.8973431572804201,94.30114787084698,51.3094,Satisfactory,3.4206266666666663,30.929939211708774,51.309400000000004
1.0,13.074358974358974,80.18333333333332,26.124953798268653,74.48176247446746,3.4164259313296372,122.5902635930357,6.478360312566887,11.533070712965666,45.16277599455306,14.860749927049897,12.294078883377102,0.8973431572804201,94.30114787084698,51.3094,Satisfactory,3.4206266666666663,30.929939211708774,51.309400000000004
1.0,13.074358974358974,80.18974358974359,26.124953798268653,74.48176247446746,3.4164259313296372,122.5902635930357,6.892527722098986,11.533070712965666,45.16277599455306,14.860749927049897,12.294078883377102,0.8973431572804201,94.30114787084698,56.37520000000001,Satisfactory,3.758346666666667,32.6465634785654,56.375200000000014
1.0,13.074358974358974,80.19615384615383,26.124953798268653,74.48176247446746,3.4164259313296372,122.5902635930357,7.272951855121186,11.533070712965666,45.16277599455306,14.860749927049897,12.294078883377102,0.8973431572804201,94.30114787084698,56.37520000000001,Satisfactory,3.758346666666667,32.6465634785654,56.375200000000014
1.0,13.074358974358974,80.2025641025641,26.124953798268653,74.48176247446746,3.4164259313296372,122.5902635930357,7.603509030314292,11.533070712965666,45.16277599455306,14.860749927049897,12.294078883377102,0.8973431572804201,94.30114787084698,59.96939999999999,Satisfactory,3.9979599999999995,36.08358884091216,59.96939999999999
1.0,13.074358974358974,80.20897435897436,26.124953798268653,74.48176247446746,3.4164259313296372,122.5902635930357,7.860954393234376,11.533070712965666,45.16277599455306,14.860749927049897,12.294078883377102,0.8973431572804201,94.30114787084698,59.96939999999999,Satisfactory,3.9979599999999995,36.08358884091216,59.96939999999999
1.0,13.074358974358974,80.21538461538461,26.124953798268653,74.48176247446746,3.4164259313296372,122.5902635930357,8.016610727919925,11.533070712965666,45.16277599455306,14.860749927049897,12.294078883377102,0.8973431572804201,94.30114787084698,60.00320000000001,Moderate,4.000213333333334,36.217146239868214,60.00320000000001
1.0,13.074358974358974,80.22179487179487,26.124953798268653,74.48176247446746,3.4164259313296372,122.5902635930357,8.045999063941027,11.533070712965666,45.16277599455306,14.860749927049897,12.294078883377102,0.8973431572804201,94.30114787084698,60.09220000000001,Moderate,4.006146666666668,36.268189852265856,60.09220000000001
1.0,13.074358974358974,80.22820512820512,26.124953798268653,74.48176247446746,3.4164259313296372,122.5902635930357,7.9436984490656855,11.533070712965666,45.16277599455306,14.860749927049897,12.294078883377102,0.8973431572804201,94.30114787084698,60.185300000000005,Moderate,4.012353333333333,36.38833696268627,60.185300000000005
1.0,13.074358974358974,80.23461538461538,26.124953798268653,74.48176247446746,3.4164259313296372,122.5902635930357,7.7274238768809695,11.533070712965666,45.16277599455306,14.860749927049897,12.294078883377102,0.8973431572804201,94.30114787084698,61.28210000000002,Moderate,4.085473333333335,37.288487748767714,61.28210000000002
1.0,13.074358974358974,80.24102564102563,26.124953798268653,74.48176247446746,3.4164259313296372,122.5902635930357,7.425743183149212,11.533070712965666,45.16277599455306,14.860749927049897,12.294078883377102,0.8973431572804201,94.30114787084698,56.81850000000003,Satisfactory,3.787900000000002,32.98814166863602,56.81850000000002
1.0,13.074358974358974,80.24743589743589,26.124953798268653,74.48176247446746,3.4164259313296372,122.5902635930357,7.064874135649809,11.533070712965666,45.16277599455306,14.860749927049897,12.294078883377102,0.8973431572804201,94.30114787084698,56.50580000000003,Satisfactory,3.7670533333333354,32.87366864771865,56.50580000000003
1.0,13.074358974358974,80.25384615384615,26.124953798268653,74.48176247446746,3.4164259313296372,122.5902635930357,6.6639695329940185,11.533070712965666,45.16277599455306,14.860749927049897,12.294078883377102,0.8973431572804201,94.30114787084698,56.48240000000003,Satisfactory,3.765493333333335,32.8757140795451,56.48240000000003
1.0,13.074358974358974,80.2602564102564,26.124953798268653,74.48176247446746,3.4164259313296372,122.5902635930357,6.235799623991898,11.533070712965666,45.16277599455306,14.860749927049897,12.294078883377102,0.8973431572804201,94.30114787084698,51.35380000000002,Satisfactory,3.423586666666668,30.92294082974645,51.35380000000002
1.0,13.074358974358974,80.26666666666667,26.124953798268653,74.48176247446746,3.4164259313296372,122.5902635930357,5.788672487037719,11.533070712965666,45.16277599455306,14.860749927049897,12.294078883377102,0.8973431572804201,94.30114787084698,51.35380000000002,Satisfactory,3.423586666666668,30.92294082974645,51.35380000000002
1.0,13.074358974358974,80.27307692307691,26.124953798268653,74.48176247446746,3.4164259313296372,122.5902635930357,5.328027811634902,11.533070712965666,45.16277599455306,14.860749927049897,12.294078883377102,0.8973431572804201,94.30114787084698,50.546600000000005,Satisfactory,3.3697733333333337,30.477663139420653,50.54660000000002
1.0,13.074358974358974,80.27948717948718,26.124953798268653,74.48176247446746,3.4164259313296372,122.5902635930357,4.8574968553213935,11.533070712965666,45.16277599455306,14.860749927049897,12.294078883377102,0.8973431572804201,94.30114787084698,50.546600000000005,Satisfactory,3.3697733333333337,30.477663139420653,50.54660000000002
1.0,13.074358974358974,80.28589743589743,26.124953798268653,74.48176247446746,3.4164259313296372,122.5902635930357,4.379562044294968,11.533070712965666,45.16277599455306,14.860749927049897,12.294078883377102,0.8973431572804201,94.30114787084698,50.546600000000005,Satisfactory,3.3697733333333337,30.477663139420653,50.54660000000002
1.0,13.074358974358974,80.29230769230769,26.124953798268653,74.48176247446746,3.4164259313296372,122.5902635930357,3.8959622550658333,11.533070712965666,45.16277599455306,14.860749927049897,12.294078883377102,0.8973431572804201,94.30114787084698,50.546600000000005,Satisfactory,3.3697733333333337,30.477663139420653,50.54660000000002
1.0,13.074358974358974,80.29871794871794,26.124953798268653,74.48176247446746,3.4164259313296372,122.5902635930357,3.4079441351003483,11.533070712965666,45.16277599455306,14.860749927049897,12.294078883377102,0.8973431572804201,94.30114787084698,50.546600000000005,Satisfactory,3.3697733333333337,30.477663139420653,50.54660000000002
1.0,13.074358974358974,80.3051282051282,26.124953798268653,74.48176247446746,3.4164259313296372,122.5902635930357,3.0,11.533070712965666,45.16277599455306,14.860749927049897,12.294078883377102,0.8973431572804201,94.30114787084698,50.546600000000005,Satisfactory,3.3697733333333337,30.477663139420653,50.54660000000002
1.0,13.074358974358974,80.31153846153846,26.124953798268653,74.48176247446746,3.4164259313296372,122.5902635930357,3.0,11.533070712965666,45.16277599455306,14.860749927049897,12.294078883377102,0.8973431572804201,94.30114787084698,50.546600000000005,Satisfactory,3.3697733333333337,30.477663139420653,50.54660000000002
1.0,13.074358974358974,80.31794871794871,26.124953798268653,74.48176247446746,3.4164259313296372,122.5902635930357,3.0,11.533070712965666,45.16277599455306,14.860749927049897,12.294078883377102,0.8973431572804201,94.30114787084698,50.546600000000005,Satisfactory,3.3697733333333337,30.477663139420653,50.54660000000002
1.0,13.074358974358974,80.32435897435897,26.124953798268653,74.48176247446746,3.4164259313296372,122.5902635930357,3.0,11.533070712965666,45.16277599455306,14.860749927049897,12.294078883377102,0.8973431572804201,94.30114787084698,50.546600000000005,Satisfactory,3.3697733333333337,30.477663139420653,50.54660000000002
1.0,13.074358974358974,80.33076923076922,26.124953798268653,74.48176247446746,3.4164259313296372,122.5902635930357,3.0,11.533070712965666,45.16277599455306,14.860749927049897,12.294078883377102,0.8973431572804201,94.30114787084698,50.546600000000005,Satisfactory,3.3697733333333337,30.477663139420653,50.54660000000002
1.0,13.074358974358974,80.33717948717948,26.124953798268653,74.48176247446746,3.4164259313296372,122.5902635930357,3.0,11.533070712965666,45.16277599455306,14.860749927049897,12.294078883377102,0.8973431572804201,94.30114787084698,50.546600000000005,Satisfactory,3.3697733333333337,30.477663139420653,50.54660000000002
1.0,13.074358974358974,80.34358974358973,26.124953798268653,74.48176247446746,3.4164259313296372,122.5902635930357,3.0,11.533070712965666,45.16277599455306,14.860749927049897,12.294078883377102,0.8973431572804201,94.30114787084698,50.546600000000005,Satisfactory,3.3697733333333337,30.477663139420653,50.54660000000002
1.0,13.074358974358974,80.35,26.124953798268653,74.48176247446746,3.4164259313296372,122.5902635930357,3.0,11.533070712965666,45.16277599455306,14.860749927049897,12.294078883377102,0.8973431572804201,94.30114787084698,50.546600000000005,Satisfactory,3.3697733333333337,30.477663139420653,50.54660000000002
1.0,13.083333333333332,80.1,26.124953798268653,74.48176247446746,3.4164259313296372,122.5902635930357,3.0,11.533070712965666,45.16277599455306,14.860749927049897,12.294078883377102,0.8973431572804201,94.30114787084698,48.76749999999999,Satisfactory,3.251166666666666,26.949812295264692,48.76749999999999
1.0,13.083333333333332,80.10641025641026,26.124953798268653,74.48176247446746,3.4164259313296372,122.5902635930357,3.0,11.533070712965666,45.16277599455306,14.860749927049897,12.294078883377102,0.8973431572804201,94.30114787084698,48.76749999999999,Satisfactory,3.251166666666666,26.949812295264692,48.76749999999999
1.0,13.083333333333332,80.1128205128205,26.124953798268653,74.48176247446746,3.4164259313296372,122.5902635930357,3.0,11.533070712965666,45.16277599455306,14.860749927049897,12.294078883377102,0.8973431572804201,94.30114787084698,48.76749999999999,Satisfactory,3.251166666666666,26.949812295264692,48.76749999999999
1.0,13.083333333333332,80.11923076923077,26.124953798268653,74.48176247446746,3.4164259313296372,122.5902635930357,3.0,11.533070712965666,45.16277599455306,14.860749927049897,12.294078883377102,0.8973431572804201,94.30114787084698,48.76749999999999,Satisfactory,3.251166666666666,26.949812295264692,48.76749999999999
1.0,13.083333333333332,80.12564102564102,26.124953798268653,74.48176247446746,3.4164259313296372,122.5902635930357,3.0,11.533070712965666,45.16277599455306,14.860749927049897,12.294078883377102,0.8973431572804201,94.30114787084698,48.76749999999999,Satisfactory,3.251166666666666,26.949812295264692,48.76749999999999
1.0,13.083333333333332,80.13205128205128,26.124953798268653,74.48176247446746,3.4164259313296372,122.5902635930357,3.0,11.533070712965666,45.16277599455306,14.860749927049897,12.294078883377102,0.8973431572804201,94.30114787084698,50.25079999999999,Satisfactory,3.350053333333333,30.29009969214363,50.25079999999999
1.0,13.083333333333332,80.13846153846153,26.124953798268653,74.48176247446746,3.4164259313296372,122.5902635930357,3.0,11.533070712965666,45.16277599455306,14.860749927049897,12.294078883377102,0.8973431572804201,94.30114787084698,50.25079999999999,Satisfactory,3.350053333333333,30.29009969214363,50.25079999999999
1.0,13.083333333333332,80.14487179487179,26.124953798268653,74.48176247446746,3.4164259313296372,122.5902635930357,3.424721053206773,11.533070712965666,45.16277599455306,14.860749927049897,12.294078883377102,0.8973431572804201,94.30114787084698,50.25079999999999,Satisfactory,3.350053333333333,30.29009969214363,50.25079999999999
1.0,13.083333333333332,80.15128205128205,26.124953798268653,74.48176247446746,3.4164259313296372,122.5902635930357,3.8899335062926657,11.533070712965666,45.16277599455306,14.860749927049897,12.294078883377102,0.8973431572804201,94.30114787084698,50.25079999999999,Satisfactory,3.350053333333333,30.29009969214363,50.25079999999999
1.0,13.083333333333332,80.1576923076923,26.124953798268653,74.48176247446746,3.4164259313296372,122.5902635930357,4.346903358011719,11.533070712965666,45.16277599455306,14.860749927049897,12.294078883377102,0.8973431572804201,94.30114787084698,50.25079999999999,Satisfactory,3.350053333333333,30.29009969214363,50.25079999999999
1.0,13.083333333333332,80.16410256410256,26.124953798268653,74.48176247446746,3.4164259313296372,122.5902635930357,4.793459835310898,11.533070712965666,45.16277599455306,14.860749927049897,12.294078883377102,0.8973431572804201,94.30114787084698,50.25079999999999,Satisfactory,3.350053333333333,30.29009969214363,50.25079999999999
1.0,13.083333333333332,80.17051282051281,26.124953798268653,74.48176247446746,3.4164259313296372,122.5902635930357,5.226679448629972,11.533070712965666,45.16277599455306,14.860749927049897,12.294078883377102,0.8973431572804201,94.30114787084698,50.41579999999999,Satisfactory,3.3610533333333326,30.354890056793156,50.4158
1.0,13.083333333333332,80.17692307692307,26.124953798268653,74.48176247446746,3.4164259313296372,122.5902635930357,5.6425824801297795,11.533070712965666,45.16277599455306,14.860749927049897,12.294078883377102,0.8973431572804201,94.30114787084698,51.3094,Satisfactory,3.4206266666666663,30.929939211708774,51.309400000000004
1.0,13.083333333333332,80.18333333333332,26.124953798268653,74.48176247446746,3.4164259313296372,122.5902635930357,6.035715000714617,11.533070712965666,45.16277599455306,14.860749927049897,12.294078883377102,0.8973431572804201,94.30114787084698,51.3094,Satisfactory,3.4206266666666663,30.929939211708774,51.309400000000004
1.0,13.083333333333332,80.18974358974359,26.124953798268653,74.48176247446746,3.4164259313296372,122.5902635930357,6.39861229171609,11.533070712965666,45.16277599455306,14.860749927049897,12.294078883377102,0.8973431572804201,94.30114787084698,51.3094,Satisfactory,3.4206266666666663,30.929939211708774,51.309400000000004
1.0,13.083333333333332,80.19615384615383,26.124953798268653,74.48176247446746,3.4164259313296372,122.5902635930357,6.721219578571615,11.533070712965666,45.16277599455306,14.860749927049897,12.294078883377102,0.8973431572804201,94.30114787084698,56.5722,Satisfactory,3.77148,32.923608386080645,56.57220000000001
1.0,13.083333333333332,80.2025641025641,26.124953798268653,74.48176247446746,3.4164259313296372,122.5902635930357,6.990551805523102,11.533070712965666,45.16277599455306,14.860749927049897,12.294078883377102,0.8973431572804201,94.30114787084698,56.65960000000001,Satisfactory,3.7773066666666675,32.919160223796716,56.65960000000001
1.0,13.083333333333332,80.20897435897436,26.124953798268653,74.48176247446746,3.4164259313296372,122.5902635930357,7.191241274997364,11.533070712965666,45.16277599455306,14.860749927049897,12.294078883377102,0.8973431572804201,94.30114787084698,56.684900000000006,Satisfactory,3.7789933333333336,32.901465575107736,56.684900000000006
1.0,13.083333333333332,80.21538461538461,26.124953798268653,74.48176247446746,3.4164259313296372,122.5902635930357,7.307892559339905,11.533070712965666,45.16277599455306,14.860749927049897,12.294078883377102,0.8973431572804201,94.30114787084698,56.81000000000002,Satisfactory,3.7873333333333346,32.96717528087597,56.81000000000002
1.0,13.083333333333332,80.22179487179487,26.124953798268653,74.48176247446746,3.4164259313296372,122.5902635930357,7.329470253755922,11.533070712965666,45.16277599455306,14.860749927049897,12.294078883377102,0.8973431572804201,94.30114787084698,56.96150000000002,Satisfactory,3.797433333333335,32.99685443720355,56.961500000000015
1.0,13.083333333333332,80.22820512820512,26.124953798268653,74.48176247446746,3.4164259313296372,122.5902635930357,7.25373243549905,11.533070712965666,45.16277599455306,14.860749927049897,12.294078883377102,0.8973431572804201,94.30114787084698,56.96080000000003,Satisfactory,3.7973866666666685,33.20951278414063,56.96080000000002
1.0,13.083333333333332,80.23461538461538,26.124953798268653,74.48176247446746,3.4164259313296372,122.5902635930357,7.088263112363029,11.533070712965666,45.16277599455306,14.860749927049897,12.294078883377102,0.8973431572804201,94.30114787084698,56.931800000000024,Satisfactory,3.795453333333335,33.20988284773073,56.93180000000001
1.0,13.083333333333332,80.24102564102563,26.124953798268653,74.48176247446746,3.4164259313296372,122.5902635930357,6.847158800929252,11.533070712965666,45.16277599455306,14.860749927049897,12.294078883377102,0.8973431572804201,94.30114787084698,57.01550000000003,Satisfactory,3.8010333333333355,33.259716065384566,57.01550000000002
1.0,13.083333333333332,80.24743589743589,26.124953798268653,74.48176247446746,3.4164259313296372,122.5902635930357,6.546223326989342,11.533070712965666,45.16277599455306,14.860749927049897,12.294078883377102,0.8973431572804201,94.30114787084698,56.70280000000003,Satisfactory,3.7801866666666686,33.14803940144877,56.702800000000025
1.0,13.083333333333332,80.25384615384615,26.124953798268653,74.48176247446746,3.4164259313296372,122.5902635930357,6.199643602996257,11.533070712965666,45.16277599455306,14.860749927049897,12.294078883377102,0.8973431572804201,94.30114787084698,51.35380000000002,Satisfactory,3.423586666666668,30.92294082974645,51.35380000000002
1.0,13.083333333333332,80.2602564102564,26.124953798268653,74.48176247446746,3.4164259313296372,122.5902635930357,5.818754499171969,11.533070712965666,45.16277599455306,14.860749927049897,12.294078883377102,0.8973431572804201,94.30114787084698,51.35380000000002,Satisfactory,3.423586666666668,30.92294082974645,51.35380000000002
1.0,13.083333333333332,80.26666666666667,26.124953798268653,74.48176247446746,3.4164259313296372,122.5902635930357,5.412093190910675,11.533070712965666,45.16277599455306,14.860749927049897,12.294078883377102,0.8973431572804201,94.30114787084698,50.60990000000001,Satisfactory,3.373993333333334,30.531766457085318,50.60990000000002
1.0,13.083333333333332,80.27307692307691,26.124953798268653,74.48176247446746,3.4164259313296372,122.5902635930357,4.985926446858594,11.533070712965666,45.16277599455306,14.860749927049897,12.294078883377102,0.8973431572804201,94.30114787084698,50.546600000000005,Satisfactory,3.3697733333333337,30.477663139420653,50.54660000000002
1.0,13.083333333333332,80.27948717948718,26.124953798268653,74.48176247446746,3.4164259313296372,122.5902635930357,4.544823736992134,11.533070712965666,45.16277599455306,14.860749927049897,12.294078883377102,0.8973431572804201,94.30114787084698,50.546600000000005,Satisfactory,3.3697733333333337,30.477663139420653,50.54660000000002
1.0,13.083333333333332,80.28589743589743,26.124953798268653,74.48176247446746,3.4164259313296372,122.5902635930357,4.0921296323137835,11.533070712965666,45.16277599455306,14.860749927049897,12.294078883377102,0.8973431572804201,94.30114787084698,50.546600000000005,Satisfactory,3.3697733333333337,30.477663139420653,50.54660000000002
1.0,13.083333333333332,80.29230769230769,26.124953798268653,74.48176247446746,3.4164259313296372,122.5902635930357,3.6303150581024735,11.533070712965666,45.16277599455306,14.860749927049897,12.294078883377102,0.8973431572804201,94.30114787084698,50.546600000000005,Satisfactory,3.3697733333333337,30.477663139420653,50.54660000000002
1.0,13.083333333333332,80.29871794871794,26.124953798268653,74.48176247446746,3.4164259313296372,122.5902635930357,3.161227449796783,11.533070712965666,45.16277599455306,14.860749927049897,12.294078883377102,0.8973431572804201,94.30114787084698,50.546600000000005,Satisfactory,3.3697733333333337,30.477663139420653,50.54660000000002
1.0,13.083333333333332,80.3051282051282,26.124953798268653,74.48176247446746,3.4164259313296372,122.5902635930357,3.0,11.533070712965666,45.16277599455306,14.860749927049897,12.294078883377102,0.8973431572804201,94.30114787084698,50.546600000000005,Satisfactory,3.3697733333333337,30.477663139420653,50.54660000000002
1.0,13.083333333333332,80.31153846153846,26.124953798268653,74.48176247446746,3.4164259313296372,122.5902635930357,3.0,11.533070712965666,45.16277599455306,14.860749927049897,12.294078883377102,0.8973431572804201,94.30114787084698,50.546600000000005,Satisfactory,3.3697733333333337,30.477663139420653,50.54660000000002
1.0,13.083333333333332,80.31794871794871,26.124953798268653,74.48176247446746,3.4164259313296372,122.5902635930357,3.0,11.533070712965666,45.16277599455306,14.860749927049897,12.294078883377102,0.8973431572804201,94.30114787084698,50.546600000000005,Satisfactory,3.3697733333333337,30.477663139420653,50.54660000000002
1.0,13.083333333333332,80.32435897435897,26.124953798268653,74.48176247446746,3.4164259313296372,122.5902635930357,3.0,11.533070712965666,45.16277599455306,14.860749927049897,12.294078883377102,0.8973431572804201,94.30114787084698,50.546600000000005,Satisfactory,3.3697733333333337,30.477663139420653,50.54660000000002
1.0,13.083333333333332,80.33076923076922,26.124953798268653,74.48176247446746,3.4164259313296372,122.5902635930357,3.0,11.533070712965666,45.16277599455306,14.860749927049897,12.294078883377102,0.8973431572804201,94.30114787084698,50.546600000000005,Satisfactory,3.3697733333333337,30.477663139420653,50.54660000000002
1.0,13.083333333333332,80.33717948717948,26.124953798268653,74.48176247446746,3.4164259313296372,122.5902635930357,3.0,11.533070712965666,45.16277599455306,14.860749927049897,12.294078883377102,0.8973431572804201,94.30114787084698,50.546600000000005,Satisfactory,3.3697733333333337,30.477663139420653,50.54660000000002
1.0,13.083333333333332,80.34358974358973,26.124953798268653,74.48176247446746,3.4164259313296372,122.5902635930357,3.0,11.533070712965666,45.16277599455306,14.860749927049897,12.294078883377102,0.8973431572804201,94.30114787084698,50.546600000000005,Satisfactory,3.3697733333333337,30.477663139420653,50.54660000000002
1.0,13.083333333333332,80.35,26.124953798268653,74.48176247446746,3.4164259313296372,122.5902635930357,3.0,11.533070712965666,45.16277599455306,14.860749927049897,12.294078883377102,0.8973431572804201,94.30114787084698,50.546600000000005,Satisfactory,3.3697733333333337,30.477663139420653,50.54660000000002
1.0,13.092307692307692,80.1,26.124953798268653,74.48176247446746,3.4164259313296372,122.5902635930357,3.0,11.533070712965666,45.16277599455306,14.860749927049897,12.294078883377102,0.8973431572804201,94.30114787084698,48.76749999999999,Satisfactory,3.251166666666666,26.949812295264692,48.76749999999999
1.0,13.092307692307692,80.10641025641026,26.124953798268653,74.48176247446746,3.4164259313296372,122.5902635930357,3.0,11.533070712965666,45.16277599455306,14.860749927049897,12.294078883377102,0.8973431572804201,94.30114787084698,48.76749999999999,Satisfactory,3.251166666666666,26.949812295264692,48.76749999999999
1.0,13.092307692307692,80.1128205128205,26.124953798268653,74.48176247446746,3.4164259313296372,122.5902635930357,3.0,11.533070712965666,45.16277599455306,14.860749927049897,12.294078883377102,0.8973431572804201,94.30114787084698,48.76749999999999,Satisfactory,3.251166666666666,26.949812295264692,48.76749999999999
1.0,13.092307692307692,80.11923076923077,26.124953798268653,74.48176247446746,3.4164259313296372,122.5902635930357,3.0,11.533070712965666,45.16277599455306,14.860749927049897,12.294078883377102,0.8973431572804201,94.30114787084698,48.76749999999999,Satisfactory,3.251166666666666,26.949812295264692,48.76749999999999
1.0,13.092307692307692,80.12564102564102,26.124953798268653,74.48176247446746,3.4164259313296372,122.5902635930357,3.0,11.533070712965666,45.16277599455306,14.860749927049897,12.294078883377102,0.8973431572804201,94.30114787084698,48.76749999999999,Satisfactory,3.251166666666666,26.949812295264692,48.76749999999999
1.0,13.092307692307692,80.13205128205128,26.124953798268653,74.48176247446746,3.4164259313296372,122.5902635930357,3.0,11.533070712965666,45.16277599455306,14.860749927049897,12.294078883377102,0.8973431572804201,94.30114787084698,50.25079999999999,Satisfactory,3.350053333333333,30.29009969214363,50.25079999999999
1.0,13.092307692307692,80.13846153846153,26.124953798268653,74.48176247446746,3.4164259313296372,122.5902635930357,3.0,11.533070712965666,45.16277599455306,14.860749927049897,12.294078883377102,0.8973431572804201,94.30114787084698,50.25079999999999,Satisfactory,3.350053333333333,30.29009969214363,50.25079999999999
1.0,13.092307692307692,80.14487179487179,26.124953798268653,74.48176247446746,3.4164259313296372,122.5902635930357,3.102260992266631,11.533070712965666,45.16277599455306,14.860749927049897,12.294078883377102,0.8973431572804201,94.30114787084698,50.25079999999999,Satisfactory,3.350053333333333,30.29009969214363,50.25079999999999
1.0,13.092307692307692,80.15128205128205,26.124953798268653,74.48176247446746,3.4164259313296372,122.5902635930357,3.54419464759126,11.533070712965666,45.16277599455306,14.860749927049897,12.294078883377102,0.8973431572804201,94.30114787084698,50.25079999999999,Satisfactory,3.350053333333333,30.29009969214363,50.25079999999999
1.0,13.092307692307692,80.1576923076923,26.124953798268653,74.48176247446746,3.4164259313296372,122.5902635930357,3.9748849111138584,11.533070712965666,45.16277599455306,14.860749927049897,12.294078883377102,0.8973431572804201,94.30114787084698,50.25079999999999,Satisfactory,3.350053333333333,30.29009969214363,50.25079999999999
1.0,13.092307692307692,80.16410256410256,26.124953798268653,74.48176247446746,3.4164259313296372,122.5902635930357,4.391740851459778,11.533070712965666,45.16277599455306,14.860749927049897,12.294078883377102,0.8973431572804201,94.30114787084698,50.25079999999999,Satisfactory,3.350053333333333,30.29009969214363,50.25079999999999
1.0,13.092307692307692,80.17051282051281,26.124953798268653,74.48176247446746,3.4164259313296372,122.5902635930357,4.791439807701581,11.533070712965666,45.16277599455306,14.860749927049897,12.294078883377102,0.8973431572804201,94.30114787084698,50.41579999999999,Satisfactory,3.3610533333333326,30.354890056793156,50.4158
1.0,13.092307692307692,80.17692307692307,26.124953798268653,74.48176247446746,3.4164259313296372,122.5902635930357,5.169720749983886,11.533070712965666,45.16277599455306,14.860749927049897,12.294078883377102,0.8973431572804201,94.30114787084698,50.41579999999999,Satisfactory,3.3610533333333326,30.354890056793156,50.4158
1.0,13.092307692307692,80.18333333333332,26.124953798268653,74.48176247446746,3.4164259313296372,122.5902635930357,5.521153525044268,11.533070712965666,45.16277599455306,14.860749927049897,12.294078883377102,0.8973431572804201,94.30114787084698,51.3094,Satisfactory,3.4206266666666663,30.929939211708774,51.309400000000004
1.0,13.092307692307692,80.18974358974359,26.124953798268653,74.48176247446746,3.4164259313296372,122.5902635930357,5.838929991451392,11.533070712965666,45.16277599455306,14.860749927049897,12.294078883377102,0.8973431572804201,94.30114787084698,51.3094,Satisfactory,3.4206266666666663,30.929939211708774,51.309400000000004
1.0,13.092307692307692,80.19615384615383,26.124953798268653,74.48176247446746,3.4164259313296372,122.5902635930357,6.114782986420659,11.533070712965666,45.16277599455306,14.860749927049897,12.294078883377102,0.8973431572804201,94.30114787084698,51.3094,Satisfactory,3.4206266666666663,30.929939211708774,51.309400000000004
1.0,13.092307692307692,80.2025641025641,26.124953798268653,74.48176247446746,3.4164259313296372,122.5902635930357,6.339222947801308,11.533070712965666,45.16277599455306,14.860749927049897,12.294078883377102,0.8973431572804201,94.30114787084698,51.396800000000006,Satisfactory,3.426453333333334,30.940074301138967,51.396800000000006
1.0,13.092307692307692,80.20897435897436,26.124953798268653,74.48176247446746,3.4164259313296372,122.5902635930357,6.50233852896786,11.533070712965666,45.16277599455306,14.860749927049897,12.294078883377102,0.8973431572804201,94.30114787084698,56.425700000000006,Satisfactory,3.7617133333333337,32.850759846767616,56.42570000000001
1.0,13.092307692307692,80.21538461538461,26.124953798268653,74.48176247446746,3.4164259313296372,122.5902635930357,6.595304321569735,11.533070712965666,45.16277599455306,14.860749927049897,12.294078883377102,0.8973431572804201,94.30114787084698,56.492900000000006,Satisfactory,3.7661933333333337,32.89581940900697,56.492900000000006
1.0,13.092307692307692,80.22179487179487,26.124953798268653,74.48176247446746,3.4164259313296372,122.5902635930357,6.612340141596453,11.533070712965666,45.16277599455306,14.860749927049897,12.294078883377102,0.8973431572804201,94.30114787084698,56.644400000000026,Satisfactory,3.776293333333335,32.92702192181977,56.64440000000001
1.0,13.092307692307692,80.22820512820512,26.124953798268653,74.48176247446746,3.4164259313296372,122.5902635930357,6.5523202401478375,11.533070712965666,45.16277599455306,14.860749927049897,12.294078883377102,0.8973431572804201,94.30114787084698,56.60430000000002,Satisfactory,3.7736200000000015,33.13910397868355,56.60430000000001
1.0,13.092307692307692,80.23461538461538,26.124953798268653,74.48176247446746,3.4164259313296372,122.5902635930357,6.419117162836779,11.533070712965666,45.16277599455306,14.860749927049897,12.294078883377102,0.8973431572804201,94.30114787084698,51.521200000000015,Satisfactory,3.4347466666666677,30.407295745593686,51.521200000000015
1.0,13.092307692307692,80.24102564102563,26.124953798268653,74.48176247446746,3.4164259313296372,122.5902635930357,6.220460634254201,11.533070712965666,45.16277599455306,14.860749927049897,12.294078883377102,0.8973431572804201,94.30114787084698,51.521200000000015,Satisfactory,3.4347466666666677,30.407295745593686,51.521200000000015
1.0,13.092307692307692,80.24743589743589,26.124953798268653,74.48176247446746,3.4164259313296372,122.5902635930357,5.966008986413474,11.533070712965666,45.16277599455306,14.860749927049897,12.294078883377102,0.8973431572804201,94.30114787084698,51.233300000000014,Satisfactory,3.4155533333333343,30.289146473778366,51.233300000000014
1.0,13.092307692307692,80.25384615384615,26.124953798268653,74.48176247446746,3.4164259313296372,122.5902635930357,5.6655774392761895,11.533070712965666,45.16277599455306,14.860749927049897,12.294078883377102,0.8973431572804201,94.30114787084698,51.35380000000002,Satisfactory,3.423586666666668,30.92294082974645,51.35380000000002
1.0,13.092307692307692,80.2602564102564,26.124953798268653,74.48176247446746,3.4164259313296372,122.5902635930357,5.3280278116346915,11.533070712965666,45.16277599455306,14.860749927049897,12.294078883377102,0.8973431572804201,94.30114787084698,50.60990000000001,Satisfactory,3.373993333333334,30.531766457085318,50.60990000000002
1.0,13.092307692307692,80.26666666666667,26.124953798268653,74.48176247446746,3.4164259313296372,122.5902635930357,4.960813649054793,11.533070712965666,45.16277599455306,14.860749927049897,12.294078883377102,0.8973431572804201,94.30114787084698,50.60990000000001,Satisfactory,3.373993333333334,30.531766457085318,50.60990000000002
1.0,13.092307692307692,80.27307692307691,26.124953798268653,74.48176247446746,3.4164259313296372,122.5902635930357,4.569949927765272,11.533070712965666,45.16277599455306,14.860749927049897,12.294078883377102,0.8973431572804201,94.30114787084698,50.546600000000005,Satisfactory,3.3697733333333337,30.477663139420653,50.54660000000002
1.0,13.092307692307692,80.27948717948718,26.124953798268653,74.48176247446746,3.4164259313296372,122.5902635930357,4.160183371787368,11.533070712965666,45.16277599455306,14.860749927049897,12.294078883377102,0.8973431572804201,94.30114787084698,50.546600000000005,Satisfactory,3.3697733333333337,30.477663139420653,50.54660000000002
1.0,13.092307692307692,80.28589743589743,26.124953798268653,74.48176247446746,3.4164259313296372,122.5902635930357,3.735222073205695,11.533070712965666,45.16277599455306,14.860749927049897,12.294078883377102,0.8973431572804201,94.30114787084698,50.546600000000005,Satisfactory,3.3697733333333337,30.477663139420653,50.54660000000002
1.0,13.092307692307692,80.29230769230769,26.124953798268653,74.48176247446746,3.4164259313296372,122.5902635930357,3.2979558006754095,11.533070712965666,45.16277599455306,14.860749927049897,12.294078883377102,0.8973431572804201,94.30114787084698,50.546600000000005,Satisfactory,3.3697733333333337,30.477663139420653,50.54660000000002
1.0,13.092307692307692,80.29871794871794,26.124953798268653,74.48176247446746,3.4164259313296372,122.5902635930357,3.0,11.533070712965666,45.16277599455306,14.860749927049897,12.294078883377102,0.8973431572804201,94.30114787084698,50.546600000000005,Satisfactory,3.3697733333333337,30.477663139420653,50.54660000000002
1.0,13.092307692307692,80.3051282051282,26.124953798268653,74.48176247446746,3.4164259313296372,122.5902635930357,3.0,11.533070712965666,45.16277599455306,14.860749927049897,12.294078883377102,0.8973431572804201,94.30114787084698,50.546600000000005,Satisfactory,3.3697733333333337,30.477663139420653,50.54660000000002
1.0,13.092307692307692,80.31153846153846,26.124953798268653,74.48176247446746,3.4164259313296372,122.5902635930357,3.0,11.533070712965666,45.16277599455306,14.860749927049897,12.294078883377102,0.8973431572804201,94.30114787084698,50.546600000000005,Satisfactory,3.3697733333333337,30.477663139420653,50.54660000000002
1.0,13.092307692307692,80.31794871794871,26.124953798268653,74.48176247446746,3.4164259313296372,122.5902635930357,3.0,11.533070712965666,45.16277599455306,14.860749927049897,12.294078883377102,0.8973431572804201,94.30114787084698,50.546600000000005,Satisfactory,3.3697733333333337,30.477663139420653,50.54660000000002
1.0,13.092307692307692,80.32435897435897,26.124953798268653,74.48176247446746,3.4164259313296372,122.5902635930357,3.0,11.533070712965666,45.16277599455306,14.860749927049897,12.294078883377102,0.8973431572804201,94.30114787084698,50.546600000000005,Satisfactory,3.3697733333333337,30.477663139420653,50.54660000000002
1.0,13.092307692307692,80.33076923076922,26.124953798268653,74.48176247446746,3.4164259313296372,122.5902635930357,3.0,11.533070712965666,45.16277599455306,14.860749927049897,12.294078883377102,0.8973431572804201,94.30114787084698,50.546600000000005,Satisfactory,3.3697733333333337,30.477663139420653,50.54660000000002
1.0,13.092307692307692,80.33717948717948,26.124953798268653,74.48176247446746,3.4164259313296372,122.5902635930357,3.0,11.533070712965666,45.16277599455306,14.860749927049897,12.294078883377102,0.8973431572804201,94.30114787084698,50.546600000000005,Satisfactory,3.3697733333333337,30.477663139420653,50.54660000000002
1.0,13.092307692307692,80.34358974358973,26.124953798268653,74.48176247446746,3.4164259313296372,122.5902635930357,3.0,11.533070712965666,45.16277599455306,14.860749927049897,12.294078883377102,0.8973431572804201,94.30114787084698,50.546600000000005,Satisfactory,3.3697733333333337,30.477663139420653,50.54660000000002
1.0,13.092307692307692,80.35,26.124953798268653,74.48176247446746,3.4164259313296372,122.5902635930357,3.0,11.533070712965666,45.16277599455306,14.860749927049897,12.294078883377102,0.8973431572804201,94.30114787084698,50.546600000000005,Satisfactory,3.3697733333333337,30.477663139420653,50.54660000000002
1.0,13.10128205128205,80.1,26.124953798268653,74.48176247446746,3.4164259313296372,122.5902635930357,3.0,11.533070712965666,45.16277599455306,14.860749927049897,12.294078883377102,0.8973431572804201,94.30114787084698,48.7373,Satisfactory,3.249153333333333,26.201126725963515,48.7373
1.0,13.10128205128205,80.10641025641026,26.124953798268653,74.48176247446746,3.4164259313296372,122.5902635930357,3.0,11.533070712965666,45.16277599455306,14.860749927049897,12.294078883377102,0.8973431572804201,94.30114787084698,48.7373,Satisfactory,3.249153333333333,26.201126725963515,48.7373
1.0,13.10128205128205,80.1128205128205,26.124953798268653,74.48176247446746,3.4164259313296372,122.5902635930357,3.0,11.533070712965666,45.16277599455306,14.860749927049897,12.294078883377102,0.8973431572804201,94.30114787084698,48.7373,Satisfactory,3.249153333333333,26.201126725963515,48.7373
1.0,13.10128205128205,80.11923076923077,26.124953798268653,74.48176247446746,3.4164259313296372,122.5902635930357,3.0,11.533070712965666,45.16277599455306,14.860749927049897,12.294078883377102,0.8973431572804201,94.30114787084698,48.7373,Satisfactory,3.249153333333333,26.201126725963515,48.7373
1.0,13.10128205128205,80.12564102564102,26.124953798268653,74.48176247446746,3.4164259313296372,122.5902635930357,3.0,11.533070712965666,45.16277599455306,14.860749927049897,12.294078883377102,0.8973431572804201,94.30114787084698,48.7373,Satisfactory,3.249153333333333,26.201126725963515,48.7373
1.0,13.10128205128205,80.13205128205128,26.124953798268653,74.48176247446746,3.4164259313296372,122.5902635930357,3.0,11.533070712965666,45.16277599455306,14.860749927049897,12.294078883377102,0.8973431572804201,94.30114787084698,50.18329999999999,Satisfactory,3.3455533333333327,29.654234943933393,50.18329999999999
1.0,13.10128205128205,80.13846153846153,26.124953798268653,74.48176247446746,3.4164259313296372,122.5902635930357,3.0,11.533070712965666,45.16277599455306,14.860749927049897,12.294078883377102,0.8973431572804201,94.30114787084698,50.18329999999999,Satisfactory,3.3455533333333327,29.654234943933393,50.18329999999999
1.0,13.10128205128205,80.14487179487179,26.124953798268653,74.48176247446746,3.4164259313296372,122.5902635930357,3.0,11.533070712965666,45.16277599455306,14.860749927049897,12.294078883377102,0.8973431572804201,94.30114787084698,50.18329999999999,Satisfactory,3.3455533333333327,29.654234943933393,50.18329999999999
1.0,13.10128205128205,80.15128205128205,26.124953798268653,74.48176247446746,3.4164259313296372,122.5902635930357,3.14049319104784,11.533070712965666,45.16277599455306,14.860749927049897,12.294078883377102,0.8973431572804201,94.30114787084698,50.18329999999999,Satisfactory,3.3455533333333327,29.654234943933393,50.18329999999999
1.0,13.10128205128205,80.1576923076923,26.124953798268653,74.48176247446746,3.4164259313296372,122.5902635930357,3.544194647590806,11.533070712965666,45.16277599455306,14.860749927049897,12.294078883377102,0.8973431572804201,94.30114787084698,50.18329999999999,Satisfactory,3.3455533333333327,29.654234943933393,50.18329999999999
1.0,13.10128205128205,80.16410256410256,26.124953798268653,74.48176247446746,3.4164259313296372,122.5902635930357,3.9313937686601523,11.533070712965666,45.16277599455306,14.860749927049897,12.294078883377102,0.8973431572804201,94.30114787084698,50.18329999999999,Satisfactory,3.3455533333333327,29.654234943933393,50.18329999999999
1.0,13.10128205128205,80.17051282051281,26.124953798268653,74.48176247446746,3.4164259313296372,122.5902635930357,4.298727318337818,11.533070712965666,45.16277599455306,14.860749927049897,12.294078883377102,0.8973431572804201,94.30114787084698,50.34829999999999,Satisfactory,3.3565533333333324,29.720786263320836,50.3483
1.0,13.10128205128205,80.17692307692307,26.124953798268653,74.48176247446746,3.4164259313296372,122.5902635930357,4.642107826112216,11.533070712965666,45.16277599455306,14.860749927049897,12.294078883377102,0.8973431572804201,94.30114787084698,50.34829999999999,Satisfactory,3.3565533333333324,29.720786263320836,50.3483
1.0,13.10128205128205,80.18333333333332,26.124953798268653,74.48176247446746,3.4164259313296372,122.5902635930357,4.956640340002002,11.533070712965666,45.16277599455306,14.860749927049897,12.294078883377102,0.8973431572804201,94.30114787084698,50.34829999999999,Satisfactory,3.3565533333333324,29.720786263320836,50.3483
1.0,13.10128205128205,80.18974358974359,26.124953798268653,74.48176247446746,3.4164259313296372,122.5902635930357,5.236606826020505,11.533070712965666,45.16277599455306,14.860749927049897,12.294078883377102,0.8973431572804201,94.30114787084698,50.34829999999999,Satisfactory,3.3565533333333324,29.720786263320836,50.3483
1.0,13.10128205128205,80.19615384615383,26.124953798268653,74.48176247446746,3.4164259313296372,122.5902635930357,5.475585987503121,11.533070712965666,45.16277599455306,14.860749927049897,12.294078883377102,0.8973431572804201,94.30114787084698,50.34829999999999,Satisfactory,3.3565533333333324,29.720786263320836,50.3483
1.0,13.10128205128205,80.2025641025641,26.124953798268653,74.48176247446746,3.4164259313296372,122.5902635930357,5.666791080529779,11.533070712965666,45.16277599455306,14.860749927049897,12.294078883377102,0.8973431572804201,94.30114787084698,51.3293,Satisfactory,3.4219533333333336,30.3203960810211,51.3293
1.0,13.10128205128205,80.20897435897436,26.124953798268653,74.48176247446746,3.4164259313296372,122.5902635930357,5.803686536992924,11.533070712965666,45.16277599455306,14.860749927049897,12.294078883377102,0.8973431572804201,94.30114787084698,51.49430000000001,Satisfactory,3.432953333333334,29.746487767634015,51.494300000000024
1.0,13.10128205128205,80.21538461538461,26.124953798268653,74.48176247446746,3.4164259313296372,122.5902635930357,5.880854023393507,11.533070712965666,45.16277599455306,14.860749927049897,12.294078883377102,0.8973431572804201,94.30114787084698,51.49430000000001,Satisfactory,3.432953333333334,29.746487767634015,51.494300000000024
1.0,13.10128205128205,80.22179487179487,26.124953798268653,74.48176247446746,3.4164259313296372,122.5902635930357,5.894923846003527,11.533070712965666,45.16277599455306,14.860749927049897,12.294078883377102,0.8973431572804201,94.30114787084698,51.54710000000001,Satisfactory,3.4364733333333337,29.73056051590686,51.54710000000002
1.0,13.10128205128205,80.22820512820512,26.124953798268653,74.48176247446746,3.4164259313296372,122.5902635930357,5.845254924743758,11.533070712965666,45.16277599455306,14.860749927049897,12.294078883377102,0.8973431572804201,94.30114787084698,51.54710000000001,Satisfactory,3.4364733333333337,29.73056051590686,51.54710000000002
1.0,13.10128205128205,80.23461538461538,26.124953798268653,74.48176247446746,3.4164259313296372,122.5902635930357,5.734073042425381,11.533070712965666,45.16277599455306,14.860749927049897,12.294078883377102,0.8973431572804201,94.30114787084698,51.510300000000015,Satisfactory,3.434020000000001,29.732069536276814,51.510300000000015
1.0,13.10128205128205,80.24102564102563,26.124953798268653,74.48176247446746,3.4164259313296372,122.5902635930357,5.566003074979203,11.533070712965666,45.16277599455306,14.860749927049897,12.294078883377102,0.8973431572804201,94.30114787084698,51.510300000000015,Satisfactory,3.434020000000001,29.732069536276814,51.510300000000015
1.0,13.10128205128205,80.24743589743589,26.124953798268653,74.48176247446746,3.4164259313296372,122.5902635930357,5.347205741538899,11.533070712965666,45.16277599455306,14.860749927049897,12.294078883377102,0.8973431572804201,94.30114787084698,50.41880000000001,Satisfactory,3.3612533333333343,29.190717609541565,50.41880000000001
1.0,13.10128205128205,80.25384615384615,26.124953798268653,74.48176247446746,3.4164259313296372,122.5902635930357,5.084450198728195,11.533070712965666,45.16277599455306,14.860749927049897,12.294078883377102,0.8973431572804201,94.30114787084698,50.59900000000002,Satisfactory,3.3732666666666677,29.85902243878724,50.59900000000002
1.0,13.10128205128205,80.2602564102564,26.124953798268653,74.48176247446746,3.4164259313296372,122.5902635930357,4.784375872176882,11.533070712965666,45.16277599455306,14.860749927049897,12.294078883377102,0.8973431572804201,94.30114787084698,50.59900000000002,Satisfactory,3.3732666666666677,29.85902243878724,50.59900000000002
1.0,13.10128205128205,80.26666666666667,26.124953798268653,74.48176247446746,3.4164259313296372,122.5902635930357,4.45303596609603,11.533070712965666,45.16277599455306,14.860749927049897,12.294078883377102,0.8973431572804201,94.30114787084698,50.59900000000002,Satisfactory,3.3732666666666677,29.85902243878724,50.59900000000002
1.0,13.10128205128205,80.27307692307691,26.124953798268653,74.48176247446746,3.4164259313296372,122.5902635930357,4.095691852481944,11.533070712965666,45.16277599455306,14.860749927049897,12.294078883377102,0.8973431572804201,94.30114787084698,50.53570000000001,Satisfactory,3.3690466666666676,29.803674748426584,50.53570000000001
1.0,13.10128205128205,80.27948717948718,26.124953798268653,74.48176247446746,3.4164259313296372,122.5902635930357,3.7167787588673526,11.533070712965666,45.16277599455306,14.860749927049897,12.294078883377102,0.8973431572804201,94.30114787084698,50.53570000000001,Satisfactory,3.3690466666666676,29.803674748426584,50.53570000000001
1.0,13.10128205128205,80.28589743589743,26.124953798268653,74.48176247446746,3.4164259313296372,122.5902635930357,3.3199660640142783,11.533070712965666,45.16277599455306,14.860749927049897,12.294078883377102,0.8973431572804201,94.30114787084698,50.53570000000001,Satisfactory,3.3690466666666676,29.803674748426584,50.53570000000001
1.0,13.10128205128205,80.29230769230769,26.124953798268653,74.48176247446746,3.4164259313296372,122.5902635930357,3.0,11.533070712965666,45.16277599455306,14.860749927049897,12.294078883377102,0.8973431572804201,94.30114787084698,50.53570000000001,Satisfactory,3.3690466666666676,29.803674748426584,50.53570000000001
1.0,13.10128205128205,80.29871794871794,26.124953798268653,74.48176247446746,3.4164259313296372,122.5902635930357,3.0,11.533070712965666,45.16277599455306,14.860749927049897,12.294078883377102,0.8973431572804201,94.30114787084698,50.53570000000001,Satisfactory,3.3690466666666676,29.803674748426584,50.53570000000001
1.0,13.10128205128205,80.3051282051282,26.124953798268653,74.48176247446746,3.4164259313296372,122.5902635930357,3.0,11.533070712965666,45.16277599455306,14.860749927049897,12.294078883377102,0.8973431572804201,94.30114787084698,50.53570000000001,Satisfactory,3.3690466666666676,29.803674748426584,50.53570000000001
1.0,13.10128205128205,80.31153846153846,26.124953798268653,74.48176247446746,3.4164259313296372,122.5902635930357,3.0,11.533070712965666,45.16277599455306,14.860749927049897,12.294078883377102,0.8973431572804201,94.30114787084698,50.53570000000001,Satisfactory,3.3690466666666676,29.803674748426584,50.53570000000001
1.0,13.10128205128205,80.31794871794871,26.124953798268653,74.48176247446746,3.4164259313296372,122.5902635930357,3.0,11.533070712965666,45.16277599455306,14.860749927049897,12.294078883377102,0.8973431572804201,94.30114787084698,50.53570000000001,Satisfactory,3.3690466666666676,29.803674748426584,50.53570000000001
1.0,13.10128205128205,80.32435897435897,26.124953798268653,74.48176247446746,3.4164259313296372,122.5902635930357,3.0,11.533070712965666,45.16277599455306,14.860749927049897,12.294078883377102,0.8973431572804201,94.30114787084698,50.53570000000001,Satisfactory,3.3690466666666676,29.803674748426584,50.53570000000001
1.0,13.10128205128205,80.33076923076922,26.124953798268653,74.48176247446746,3.4164259313296372,122.5902635930357,3.0,11.533070712965666,45.16277599455306,14.860749927049897,12.294078883377102,0.8973431572804201,94.30114787084698,50.53570000000001,Satisfactory,3.3690466666666676,29.803674748426584,50.53570000000001
1.0,13.10128205128205,80.33717948717948,26.124953798268653,74.48176247446746,3.4164259313296372,122.5902635930357,3.0,11.533070712965666,45.16277599455306,14.860749927049897,12.294078883377102,0.8973431572804201,94.30114787084698,50.53570000000001,Satisfactory,3.3690466666666676,29.803674748426584,50.53570000000001
1.0,13.10128205128205,80.34358974358973,26.124953798268653,74.48176247446746,3.4164259313296372,122.5902635930357,3.0,11.533070712965666,45.16277599455306,14.860749927049897,12.294078883377102,0.8973431572804201,94.30114787084698,50.53570000000001,Satisfactory,3.3690466666666676,29.803674748426584,50.53570000000001
1.0,13.10128205128205,80.35,26.124953798268653,74.48176247446746,3.4164259313296372,122.5902635930357,3.0,11.533070712965666,45.16277599455306,14.860749927049897,12.294078883377102,0.8973431572804201,94.30114787084698,50.53570000000001,Satisfactory,3.3690466666666676,29.803674748426584,50.53570000000001
1.0,13.11025641025641,80.1,26.124953798268653,74.48176247446746,3.4164259313296372,122.5902635930357,3.0,11.533070712965666,45.16277599455306,14.860749927049897,12.294078883377102,0.8973431572804201,94.30114787084698,48.7373,Satisfactory,3.249153333333333,26.201126725963515,48.7373
1.0,13.11025641025641,80.10641025641026,26.124953798268653,74.48176247446746,3.4164259313296372,122.5902635930357,3.0,11.533070712965666,45.16277599455306,14.860749927049897,12.294078883377102,0.8973431572804201,94.30114787084698,48.7373,Satisfactory,3.249153333333333,26.201126725963515,48.7373
1.0,13.11025641025641,80.1128205128205,26.124953798268653,74.48176247446746,3.4164259313296372,122.5902635930357,3.0,11.533070712965666,45.16277599455306,14.860749927049897,12.294078883377102,0.8973431572804201,94.30114787084698,48.7373,Satisfactory,3.249153333333333,26.201126725963515,48.7373
1.0,13.11025641025641,80.11923076923077,26.124953798268653,74.48176247446746,3.4164259313296372,122.5902635930357,3.0,11.533070712965666,45.16277599455306,14.860749927049897,12.294078883377102,0.8973431572804201,94.30114787084698,48.7373,Satisfactory,3.249153333333333,26.201126725963515,48.7373
1.0,13.11025641025641,80.12564102564102,26.124953798268653,74.48176247446746,3.4164259313296372,122.5902635930357,3.0,11.533070712965666,45.16277599455306,14.860749927049897,12.294078883377102,0.8973431572804201,94.30114787084698,48.7373,Satisfactory,3.249153333333333,26.201126725963515,48.7373
1.0,13.11025641025641,80.13205128205128,26.124953798268653,74.48176247446746,3.4164259313296372,122.5902635930357,3.0,11.533070712965666,45.16277599455306,14.860749927049897,12.294078883377102,0.8973431572804201,94.30114787084698,50.18329999999999,Satisfactory,3.3455533333333327,29.654234943933393,50.18329999999999
1.0,13.11025641025641,80.13846153846153,26.124953798268653,74.48176247446746,3.4164259313296372,122.5902635930357,3.0,11.533070712965666,45.16277599455306,14.860749927049897,12.294078883377102,0.8973431572804201,94.30114787084698,50.18329999999999,Satisfactory,3.3455533333333327,29.654234943933393,50.18329999999999
1.0,13.11025641025641,80.14487179487179,26.124953798268653,74.48176247446746,3.4164259313296372,122.5902635930357,3.0,11.533070712965666,45.16277599455306,14.860749927049897,12.294078883377102,0.8973431572804201,94.30114787084698,50.18329999999999,Satisfactory,3.3455533333333327,29.654234943933393,50.18329999999999
1.0,13.11025641025641,80.15128205128205,26.124953798268653,74.48176247446746,3.4164259313296372,122.5902635930357,3.0,11.533070712965666,45.16277599455306,14.860749927049897,12.294078883377102,0.8973431572804201,94.30114787084698,50.18329999999999,Satisfactory,3.3455533333333327,29.654234943933393,50.18329999999999
1.0,13.11025641025641,80.1576923076923,26.124953798268653,74.48176247446746,3.4164259313296372,122.5902635930357,3.0657563941496484,11.533070712965666,45.16277599455306,14.860749927049897,12.294078883377102,0.8973431572804201,94.30114787084698,50.18329999999999,Satisfactory,3.3455533333333327,29.654234943933393,50.18329999999999
1.0,13.11025641025641,80.16410256410256,26.124953798268653,74.48176247446746,3.4164259313296372,122.5902635930357,3.4247210532070858,11.533070712965666,45.16277599455306,14.860749927049897,12.294078883377102,0.8973431572804201,94.30114787084698,50.18329999999999,Satisfactory,3.3455533333333327,29.654234943933393,50.18329999999999
1.0,13.11025641025641,80.17051282051281,26.124953798268653,74.48176247446746,3.4164259313296372,122.5902635930357,3.7621460559140383,11.533070712965666,45.16277599455306,14.860749927049897,12.294078883377102,0.8973431572804201,94.30114787084698,50.34829999999999,Satisfactory,3.3565533333333324,29.720786263320836,50.3483
1.0,13.11025641025641,80.17692307692307,26.124953798268653,74.48176247446746,3.4164259313296372,122.5902635930357,4.074350652958845,11.533070712965666,45.16277599455306,14.860749927049897,12.294078883377102,0.8973431572804201,94.30114787084698,50.34829999999999,Satisfactory,3.3565533333333324,29.720786263320836,50.3483
1.0,13.11025641025641,80.18333333333332,26.124953798268653,74.48176247446746,3.4164259313296372,122.5902635930357,4.3571471490764155,11.533070712965666,45.16277599455306,14.860749927049897,12.294078883377102,0.8973431572804201,94.30114787084698,50.34829999999999,Satisfactory,3.3565533333333324,29.720786263320836,50.3483
1.0,13.11025641025641,80.18974358974359,26.124953798268653,74.48176247446746,3.4164259313296372,122.5902635930357,4.605908216669302,11.533070712965666,45.16277599455306,14.860749927049897,12.294078883377102,0.8973431572804201,94.30114787084698,50.34829999999999,Satisfactory,3.3565533333333324,29.720786263320836,50.3483
1.0,13.11025641025641,80.19615384615383,26.124953798268653,74.48176247446746,3.4164259313296372,122.5902635930357,4.815732087019478,11.533070712965666,45.16277599455306,14.860749927049897,12.294078883377102,0.8973431572804201,94.30114787084698,50.34829999999999,Satisfactory,3.3565533333333324,29.720786263320836,50.3483
1.0,13.11025641025641,80.2025641025641,26.124953798268653,74.48176247446746,3.4164259313296372,122.5902635930357,4.981732253370933,11.533070712965666,45.16277599455306,14.860749927049897,12.294078883377102,0.8973431572804201,94.30114787084698,50.3927,Satisfactory,3.359513333333333,29.733152468414776,50.3927
1.0,13.11025641025641,80.20897435897436,26.124953798268653,74.48176247446746,3.4164259313296372,122.5902635930357,5.099453263471948,11.533070712965666,45.16277599455306,14.860749927049897,12.294078883377102,0.8973431572804201,94.30114787084698,50.60590000000001,Satisfactory,3.3737266666666677,29.382176947768865,50.6059
1.0,13.11025641025641,80.21538461538461,26.124953798268653,74.48176247446746,3.4164259313296372,122.5902635930357,5.165367106627975,11.533070712965666,45.16277599455306,14.860749927049897,12.294078883377102,0.8973431572804201,94.30114787084698,50.60590000000001,Satisfactory,3.3737266666666677,29.382176947768865,50.6059
1.0,13.11025641025641,80.22179487179487,26.124953798268653,74.48176247446746,3.4164259313296372,122.5902635930357,5.177349083005097,11.533070712965666,45.16277599455306,14.860749927049897,12.294078883377102,0.8973431572804201,94.30114787084698,50.60590000000001,Satisfactory,3.3737266666666677,29.382176947768865,50.6059
1.0,13.11025641025641,80.22820512820512,26.124953798268653,74.48176247446746,3.4164259313296372,122.5902635930357,5.135000690909885,11.533070712965666,45.16277599455306,14.860749927049897,12.294078883377102,0.8973431572804201,94.30114787084698,50.60590000000001,Satisfactory,3.3737266666666677,29.382176947768865,50.6059
1.0,13.11025641025641,80.23461538461538,26.124953798268653,74.48176247446746,3.4164259313296372,122.5902635930357,5.03971326993659,11.533070712965666,45.16277599455306,14.860749927049897,12.294078883377102,0.8973431572804201,94.30114787084698,50.591000000000015,Satisfactory,3.3727333333333345,29.365627032297475,50.591
1.0,13.11025641025641,80.24102564102563,26.124953798268653,74.48176247446746,3.4164259313296372,122.5902635930357,4.894450042534576,11.533070712965666,45.16277599455306,14.860749927049897,12.294078883377102,0.8973431572804201,94.30114787084698,50.591000000000015,Satisfactory,3.3727333333333345,29.365627032297475,50.591
1.0,13.11025641025641,80.24743589743589,26.124953798268653,74.48176247446746,3.4164259313296372,122.5902635930357,4.7033212247060066,11.533070712965666,45.16277599455306,14.860749927049897,12.294078883377102,0.8973431572804201,94.30114787084698,50.41880000000001,Satisfactory,3.3612533333333343,29.190717609541565,50.41880000000001
1.0,13.11025641025641,80.25384615384615,26.124953798268653,74.48176247446746,3.4164259313296372,122.5902635930357,4.471081345700175,11.533070712965666,45.16277599455306,14.860749927049897,12.294078883377102,0.8973431572804201,94.30114787084698,50.59900000000002,Satisfactory,3.3732666666666677,29.85902243878724,50.59900000000002
1.0,13.11025641025641,80.2602564102564,26.124953798268653,74.48176247446746,3.4164259313296372,122.5902635930357,4.202669003773205,11.533070712965666,45.16277599455306,14.860749927049897,12.294078883377102,0.8973431572804201,94.30114787084698,50.59900000000002,Satisfactory,3.3732666666666677,29.85902243878724,50.59900000000002
1.0,13.11025641025641,80.26666666666667,26.124953798268653,74.48176247446746,3.4164259313296372,122.5902635930357,3.9028595529949044,11.533070712965666,45.16277599455306,14.860749927049897,12.294078883377102,0.8973431572804201,94.30114787084698,50.59900000000002,Satisfactory,3.3732666666666677,29.85902243878724,50.59900000000002
1.0,13.11025641025641,80.27307692307691,26.124953798268653,74.48176247446746,3.4164259313296372,122.5902635930357,3.57604745207988,11.533070712965666,45.16277599455306,14.860749927049897,12.294078883377102,0.8973431572804201,94.30114787084698,50.53570000000001,Satisfactory,3.3690466666666676,29.803674748426584,50.53570000000001
1.0,13.11025641025641,80.27948717948718,26.124953798268653,74.48176247446746,3.4164259313296372,122.5902635930357,3.226139889095599,11.533070712965666,45.16277599455306,14.860749927049897,12.294078883377102,0.8973431572804201,94.30114787084698,50.53570000000001,Satisfactory,3.3690466666666676,29.803674748426584,50.53570000000001
1.0,13.11025641025641,80.28589743589743,26.124953798268653,74.48176247446746,3.4164259313296372,122.5902635930357,3.0,11.533070712965666,45.16277599455306,14.860749927049897,12.294078883377102,0.8973431572804201,94.30114787084698,50.53570000000001,Satisfactory,3.3690466666666676,29.803674748426584,50.53570000000001
1.0,13.11025641025641,80.29230769230769,26.124953798268653,74.48176247446746,3.4164259313296372,122.5902635930357,3.0,11.533070712965666,45.16277599455306,14.860749927049897,12.294078883377102,0.8973431572804201,94.30114787084698,50.53570000000001,Satisfactory,3.3690466666666676,29.803674748426584,50.53570000000001
1.0,13.11025641025641,80.29871794871794,26.124953798268653,74.48176247446746,3.4164259313296372,122.5902635930357,3.0,11.533070712965666,45.16277599455306,14.860749927049897,12.294078883377102,0.8973431572804201,94.30114787084698,50.53570000000001,Satisfactory,3.3690466666666676,29.803674748426584,50.53570000000001
1.0,13.11025641025641,80.3051282051282,26.124953798268653,74.48176247446746,3.4164259313296372,122.5902635930357,3.0,11.533070712965666,45.16277599455306,14.860749927049897,12.294078883377102,0.8973431572804201,94.30114787084698,50.53570000000001,Satisfactory,3.3690466666666676,29.803674748426584,50.53570000000001
1.0,13.11025641025641,80.31153846153846,26.124953798268653,74.48176247446746,3.4164259313296372,122.5902635930357,3.0,11.533070712965666,45.16277599455306,14.860749927049897,12.294078883377102,0.8973431572804201,94.30114787084698,50.53570000000001,Satisfactory,3.3690466666666676,29.803674748426584,50.53570000000001
1.0,13.11025641025641,80.31794871794871,26.124953798268653,74.48176247446746,3.4164259313296372,122.5902635930357,3.0,11.533070712965666,45.16277599455306,14.860749927049897,12.294078883377102,0.8973431572804201,94.30114787084698,50.53570000000001,Satisfactory,3.3690466666666676,29.803674748426584,50.53570000000001
1.0,13.11025641025641,80.32435897435897,26.124953798268653,74.48176247446746,3.4164259313296372,122.5902635930357,3.0,11.533070712965666,45.16277599455306,14.860749927049897,12.294078883377102,0.8973431572804201,94.30114787084698,50.53570000000001,Satisfactory,3.3690466666666676,29.803674748426584,50.53570000000001
1.0,13.11025641025641,80.33076923076922,26.124953798268653,74.48176247446746,3.4164259313296372,122.5902635930357,3.0,11.533070712965666,45.16277599455306,14.860749927049897,12.294078883377102,0.8973431572804201,94.30114787084698,50.53570000000001,Satisfactory,3.3690466666666676,29.803674748426584,50.53570000000001
1.0,13.11025641025641,80.33717948717948,26.124953798268653,74.48176247446746,3.4164259313296372,122.5902635930357,3.0,11.533070712965666,45.16277599455306,14.860749927049897,12.294078883377102,0.8973431572804201,94.30114787084698,50.53570000000001,Satisfactory,3.3690466666666676,29.803674748426584,50.53570000000001
1.0,13.11025641025641,80.34358974358973,26.124953798268653,74.48176247446746,3.4164259313296372,122.5902635930357,3.0,11.533070712965666,45.16277599455306,14.860749927049897,12.294078883377102,0.8973431572804201,94.30114787084698,50.53570000000001,Satisfactory,3.3690466666666676,29.803674748426584,50.53570000000001
1.0,13.11025641025641,80.35,26.124953798268653,74.48176247446746,3.4164259313296372,122.5902635930357,3.0,11.533070712965666,45.16277599455306,14.860749927049897,12.294078883377102,0.8973431572804201,94.30114787084698,50.53570000000001,Satisfactory,3.3690466666666676,29.803674748426584,50.53570000000001
1.0,13.119230769230768,80.1,26.124953798268653,74.48176247446746,3.4164259313296372,122.5902635930357,3.0,11.533070712965666,45.16277599455306,14.860749927049897,12.294078883377102,0.8973431572804201,94.30114787084698,48.73489999999998,Satisfactory,3.248993333333332,26.185715361433218,48.73489999999999
1.0,13.119230769230768,80.10641025641026,26.124953798268653,74.48176247446746,3.4164259313296372,122.5902635930357,3.0,11.533070712965666,45.16277599455306,14.860749927049897,12.294078883377102,0.8973431572804201,94.30114787084698,48.73489999999998,Satisfactory,3.248993333333332,26.185715361433218,48.73489999999999
1.0,13.119230769230768,80.1128205128205,26.124953798268653,74.48176247446746,3.4164259313296372,122.5902635930357,3.0,11.533070712965666,45.16277599455306,14.860749927049897,12.294078883377102,0.8973431572804201,94.30114787084698,48.73489999999998,Satisfactory,3.248993333333332,26.185715361433218,48.73489999999999
1.0,13.119230769230768,80.11923076923077,26.124953798268653,74.48176247446746,3.4164259313296372,122.5902635930357,3.0,11.533070712965666,45.16277599455306,14.860749927049897,12.294078883377102,0.8973431572804201,94.30114787084698,48.73489999999998,Satisfactory,3.248993333333332,26.185715361433218,48.73489999999999
1.0,13.119230769230768,80.12564102564102,26.124953798268653,74.48176247446746,3.4164259313296372,122.5902635930357,3.0,11.533070712965666,45.16277599455306,14.860749927049897,12.294078883377102,0.8973431572804201,94.30114787084698,48.73489999999998,Satisfactory,3.248993333333332,26.185715361433218,48.73489999999999
1.0,13.119230769230768,80.13205128205128,26.124953798268653,74.48176247446746,3.4164259313296372,122.5902635930357,3.0,11.533070712965666,45.16277599455306,14.860749927049897,12.294078883377102,0.8973431572804201,94.30114787084698,50.25399999999998,Satisfactory,3.350266666666665,29.623614195435373,50.25399999999999
1.0,13.119230769230768,80.13846153846153,26.124953798268653,74.48176247446746,3.4164259313296372,122.5902635930357,3.0,11.533070712965666,45.16277599455306,14.860749927049897,12.294078883377102,0.8973431572804201,94.30114787084698,50.25399999999998,Satisfactory,3.350266666666665,29.623614195435373,50.25399999999999
1.0,13.119230769230768,80.14487179487179,26.124953798268653,74.48176247446746,3.4164259313296372,122.5902635930357,3.0,11.533070712965666,45.16277599455306,14.860749927049897,12.294078883377102,0.8973431572804201,94.30114787084698,50.25399999999998,Satisfactory,3.350266666666665,29.623614195435373,50.25399999999999
1.0,13.119230769230768,80.15128205128205,26.124953798268653,74.48176247446746,3.4164259313296372,122.5902635930357,3.0,11.533070712965666,45.16277599455306,14.860749927049897,12.294078883377102,0.8973431572804201,94.30114787084698,50.25399999999998,Satisfactory,3.350266666666665,29.623614195435373,50.25399999999999
1.0,13.119230769230768,80.1576923076923,26.124953798268653,74.48176247446746,3.4164259313296372,122.5902635930357,3.0,11.533070712965666,45.16277599455306,14.860749927049897,12.294078883377102,0.8973431572804201,94.30114787084698,50.25399999999998,Satisfactory,3.350266666666665,29.623614195435373,50.25399999999999
1.0,13.119230769230768,80.16410256410256,26.124953798268653,74.48176247446746,3.4164259313296372,122.5902635930357,3.0,11.533070712965666,45.16277599455306,14.860749927049897,12.294078883377102,0.8973431572804201,94.30114787084698,50.25399999999998,Satisfactory,3.350266666666665,29.623614195435373,50.25399999999999
1.0,13.119230769230768,80.17051282051281,26.124953798268653,74.48176247446746,3.4164259313296372,122.5902635930357,3.1920609441595973,11.533070712965666,45.16277599455306,14.860749927049897,12.294078883377102,0.8973431572804201,94.30114787084698,50.418999999999976,Satisfactory,3.361266666666665,29.68984124241826,50.41899999999999
1.0,13.119230769230768,80.17692307692307,26.124953798268653,74.48176247446746,3.4164259313296372,122.5902635930357,3.4769230769231605,11.533070712965666,45.16277599455306,14.860749927049897,12.294078883377102,0.8973431572804201,94.30114787084698,50.418999999999976,Satisfactory,3.361266666666665,29.68984124241826,50.41899999999999
1.0,13.119230769230768,80.18333333333332,26.124953798268653,74.48176247446746,3.4164259313296372,122.5902635930357,3.732703879864559,11.533070712965666,45.16277599455306,14.860749927049897,12.294078883377102,0.8973431572804201,94.30114787084698,50.418999999999976,Satisfactory,3.361266666666665,29.68984124241826,50.41899999999999
1.0,13.119230769230768,80.18974358974359,26.124953798268653,74.48176247446746,3.4164259313296372,122.5902635930357,3.955710254522531,11.533070712965666,45.16277599455306,14.860749927049897,12.294078883377102,0.8973431572804201,94.30114787084698,50.418999999999976,Satisfactory,3.361266666666665,29.68984124241826,50.41899999999999
1.0,13.119230769230768,80.19615384615383,26.124953798268653,74.48176247446746,3.4164259313296372,122.5902635930357,4.142197839304595,11.533070712965666,45.16277599455306,14.860749927049897,12.294078883377102,0.8973431572804201,94.30114787084698,50.418999999999976,Satisfactory,3.361266666666665,29.68984124241826,50.41899999999999
1.0,13.119230769230768,80.2025641025641,26.124953798268653,74.48176247446746,3.4164259313296372,122.5902635930357,4.2885883061062815,11.533070712965666,45.16277599455306,14.860749927049897,12.294078883377102,0.8973431572804201,94.30114787084698,50.463399999999986,Satisfactory,3.364226666666666,29.702114645930518,50.463399999999986
1.0,13.119230769230768,80.20897435897436,26.124953798268653,74.48176247446746,3.4164259313296372,122.5902635930357,4.3917408514598675,11.533070712965666,45.16277599455306,14.860749927049897,12.294078883377102,0.8973431572804201,94.30114787084698,50.646899999999995,Satisfactory,3.37646,29.370421811577714,50.646899999999995
1.0,13.119230769230768,80.21538461538461,26.124953798268653,74.48176247446746,3.4164259313296372,122.5902635930357,4.4492444141393594,11.533070712965666,45.16277599455306,14.860749927049897,12.294078883377102,0.8973431572804201,94.30114787084698,50.646899999999995,Satisfactory,3.37646,29.370421811577714,50.646899999999995
1.0,13.119230769230768,80.22179487179487,26.124953798268653,74.48176247446746,3.4164259313296372,122.5902635930357,4.45967742568358,11.533070712965666,45.16277599455306,14.860749927049897,12.294078883377102,0.8973431572804201,94.30114787084698,50.646899999999995,Satisfactory,3.37646,29.370421811577714,50.646899999999995
1.0,13.119230769230768,80.22820512820512,26.124953798268653,74.48176247446746,3.4164259313296372,122.5902635930357,4.422775722840649,11.533070712965666,45.16277599455306,14.860749927049897,12.294078883377102,0.8973431572804201,94.30114787084698,50.646899999999995,Satisfactory,3.37646,29.370421811577714,50.646899999999995
1.0,13.119230769230768,80.23461538461538,26.124953798268653,74.48176247446746,3.4164259313296372,122.5902635930357,4.339464971866043,11.533070712965666,45.16277599455306,14.860749927049897,12.294078883377102,0.8973431572804201,94.30114787084698,50.632,Satisfactory,3.3754666666666666,29.353886080040578,50.632
1.0,13.119230769230768,80.24102564102563,26.124953798268653,74.48176247446746,3.4164259313296372,122.5902635930357,4.211748733126427,11.533070712965666,45.16277599455306,14.860749927049897,12.294078883377102,0.8973431572804201,94.30114787084698,50.632,Satisfactory,3.3754666666666666,29.353886080040578,50.632
1.0,13.119230769230768,80.24743589743589,26.124953798268653,74.48176247446746,3.4164259313296372,122.5902635930357,4.042482193988991,11.533070712965666,45.16277599455306,14.860749927049897,12.294078883377102,0.8973431572804201,94.30114787084698,50.459799999999994,Satisfactory,3.3639866666666665,29.179148239110752,50.459799999999994
1.0,13.119230769230768,80.25384615384615,26.124953798268653,74.48176247446746,3.4164259313296372,122.5902635930357,3.8350868744034265,11.533070712965666,45.16277599455306,14.860749927049897,12.294078883377102,0.8973431572804201,94.30114787084698,50.64,Satisfactory,3.376,29.847464582439837,50.64
1.0,13.119230769230768,80.2602564102564,26.124953798268653,74.48176247446746,3.4164259313296372,122.5902635930357,3.5932645567262336,11.533070712965666,45.16277599455306,14.860749927049897,12.294078883377102,0.8973431572804201,94.30114787084698,50.64,Satisfactory,3.376,29.847464582439837,50.64
1.0,13.119230769230768,80.26666666666667,26.124953798268653,74.48176247446746,3.4164259313296372,122.5902635930357,3.320753486298484,11.533070712965666,45.16277599455306,14.860749927049897,12.294078883377102,0.8973431572804201,94.30114787084698,50.64,Satisfactory,3.376,29.847464582439837,50.64
1.0,13.119230769230768,80.27307692307691,26.124953798268653,74.48176247446746,3.4164259313296372,122.5902635930357,3.021147752085752,11.533070712965666,45.16277599455306,14.860749927049897,12.294078883377102,0.8973431572804201,94.30114787084698,50.5626,Satisfactory,3.3708400000000003,29.777679950593864,50.5626
1.0,13.119230769230768,80.27948717948718,26.124953798268653,74.48176247446746,3.4164259313296372,122.5902635930357,3.0,11.533070712965666,45.16277599455306,14.860749927049897,12.294078883377102,0.8973431572804201,94.30114787084698,50.5626,Satisfactory,3.3708400000000003,29.777679950593864,50.5626
1.0,13.119230769230768,80.28589743589743,26.124953798268653,74.48176247446746,3.4164259313296372,122.5902635930357,3.0,11.533070712965666,45.16277599455306,14.860749927049897,12.294078883377102,0.8973431572804201,94.30114787084698,50.5626,Satisfactory,3.3708400000000003,29.777679950593864,50.5626
1.0,13.119230769230768,80.29230769230769,26.124953798268653,74.48176247446746,3.4164259313296372,122.5902635930357,3.0,11.533070712965666,45.16277599455306,14.860749927049897,12.294078883377102,0.8973431572804201,94.30114787084698,50.5626,Satisfactory,3.3708400000000003,29.777679950593864,50.5626
1.0,13.119230769230768,80.29871794871794,26.124953798268653,74.48176247446746,3.4164259313296372,122.5902635930357,3.0,11.533070712965666,45.16277599455306,14.860749927049897,12.294078883377102,0.8973431572804201,94.30114787084698,50.5626,Satisfactory,3.3708400000000003,29.777679950593864,50.5626
1.0,13.119230769230768,80.3051282051282,26.124953798268653,74.48176247446746,3.4164259313296372,122.5902635930357,3.0,11.533070712965666,45.16277599455306,14.860749927049897,12.294078883377102,0.8973431572804201,94.30114787084698,50.5626,Satisfactory,3.3708400000000003,29.777679950593864,50.5626
1.0,13.119230769230768,80.31153846153846,26.124953798268653,74.48176247446746,3.4164259313296372,122.5902635930357,3.0,11.533070712965666,45.16277599455306,14.860749927049897,12.294078883377102,0.8973431572804201,94.30114787084698,50.5626,Satisfactory,3.3708400000000003,29.777679950593864,50.5626
1.0,13.119230769230768,80.31794871794871,26.124953798268653,74.48176247446746,3.4164259313296372,122.5902635930357,3.0,11.533070712965666,45.16277599455306,14.860749927049897,12.294078883377102,0.8973431572804201,94.30114787084698,50.5626,Satisfactory,3.3708400000000003,29.777679950593864,50.5626
1.0,13.119230769230768,80.32435897435897,26.124953798268653,74.48176247446746,3.4164259313296372,122.5902635930357,3.0,11.533070712965666,45.16277599455306,14.860749927049897,12.294078883377102,0.8973431572804201,94.30114787084698,50.5626,Satisfactory,3.3708400000000003,29.777679950593864,50.5626
1.0,13.119230769230768,80.33076923076922,26.124953798268653,74.48176247446746,3.4164259313296372,122.5902635930357,3.0,11.533070712965666,45.16277599455306,14.860749927049897,12.294078883377102,0.8973431572804201,94.30114787084698,50.5626,Satisfactory,3.3708400000000003,29.777679950593864,50.5626
1.0,13.119230769230768,80.33717948717948,26.124953798268653,74.48176247446746,3.4164259313296372,122.5902635930357,3.0,11.533070712965666,45.16277599455306,14.860749927049897,12.294078883377102,0.8973431572804201,94.30114787084698,50.5626,Satisfactory,3.3708400000000003,29.777679950593864,50.5626
1.0,13.119230769230768,80.34358974358973,26.124953798268653,74.48176247446746,3.4164259313296372,122.5902635930357,3.0,11.533070712965666,45.16277599455306,14.860749927049897,12.294078883377102,0.8973431572804201,94.30114787084698,50.5626,Satisfactory,3.3708400000000003,29.777679950593864,50.5626
1.0,13.119230769230768,80.35,26.124953798268653,74.48176247446746,3.4164259313296372,122.5902635930357,3.0,11.533070712965666,45.16277599455306,14.860749927049897,12.294078883377102,0.8973431572804201,94.30114787084698,50.5626,Satisfactory,3.3708400000000003,29.777679950593864,50.5626
1.0,13.128205128205128,80.1,26.124953798268653,74.48176247446746,3.4164259313296372,122.5902635930357,3.0,11.533070712965666,45.16277599455306,14.860749927049897,12.294078883377102,0.8973431572804201,94.30114787084698,48.89369999999998,Satisfactory,3.259579999999999,26.44577250355905,48.89369999999999
1.0,13.128205128205128,80.10641025641026,26.124953798268653,74.48176247446746,3.4164259313296372,122.5902635930357,3.0,11.533070712965666,45.16277599455306,14.860749927049897,12.294078883377102,0.8973431572804201,94.30114787084698,48.89369999999998,Satisfactory,3.259579999999999,26.44577250355905,48.89369999999999
1.0,13.128205128205128,80.1128205128205,26.124953798268653,74.48176247446746,3.4164259313296372,122.5902635930357,3.0,11.533070712965666,45.16277599455306,14.860749927049897,12.294078883377102,0.8973431572804201,94.30114787084698,48.89369999999998,Satisfactory,3.259579999999999,26.44577250355905,48.89369999999999
1.0,13.128205128205128,80.11923076923077,26.124953798268653,74.48176247446746,3.4164259313296372,122.5902635930357,3.0,11.533070712965666,45.16277599455306,14.860749927049897,12.294078883377102,0.8973431572804201,94.30114787084698,48.89369999999998,Satisfactory,3.259579999999999,26.44577250355905,48.89369999999999
1.0,13.128205128205128,80.12564102564102,26.124953798268653,74.48176247446746,3.4164259313296372,122.5902635930357,3.0,11.533070712965666,45.16277599455306,14.860749927049897,12.294078883377102,0.8973431572804201,94.30114787084698,48.89369999999998,Satisfactory,3.259579999999999,26.44577250355905,48.89369999999999
1.0,13.128205128205128,80.13205128205128,26.124953798268653,74.48176247446746,3.4164259313296372,122.5902635930357,3.0,11.533070712965666,45.16277599455306,14.860749927049897,12.294078883377102,0.8973431572804201,94.30114787084698,50.412799999999976,Satisfactory,3.3608533333333317,29.845657073684947,50.41279999999999
1.0,13.128205128205128,80.13846153846153,26.124953798268653,74.48176247446746,3.4164259313296372,122.5902635930357,3.0,11.533070712965666,45.16277599455306,14.860749927049897,12.294078883377102,0.8973431572804201,94.30114787084698,50.412799999999976,Satisfactory,3.3608533333333317,29.845657073684947,50.41279999999999
1.0,13.128205128205128,80.14487179487179,26.124953798268653,74.48176247446746,3.4164259313296372,122.5902635930357,3.0,11.533070712965666,45.16277599455306,14.860749927049897,12.294078883377102,0.8973431572804201,94.30114787084698,50.412799999999976,Satisfactory,3.3608533333333317,29.845657073684947,50.41279999999999
1.0,13.128205128205128,80.15128205128205,26.124953798268653,74.48176247446746,3.4164259313296372,122.5902635930357,3.0,11.533070712965666,45.16277599455306,14.860749927049897,12.294078883377102,0.8973431572804201,94.30114787084698,50.412799999999976,Satisfactory,3.3608533333333317,29.845657073684947,50.41279999999999
1.0,13.128205128205128,80.1576923076923,26.124953798268653,74.48176247446746,3.4164259313296372,122.5902635930357,3.0,11.533070712965666,45.16277599455306,14.860749927049897,12.294078883377102,0.8973431572804201,94.30114787084698,50.412799999999976,Satisfactory,3.3608533333333317,29.845657073684947,50.41279999999999
1.0,13.128205128205128,80.16410256410256,26.124953798268653,74.48176247446746,3.4164259313296372,122.5902635930357,3.0,11.533070712965666,45.16277599455306,14.860749927049897,12.294078883377102,0.8973431572804201,94.30114787084698,50.412799999999976,Satisfactory,3.3608533333333317,29.845657073684947,50.41279999999999
1.0,13.128205128205128,80.17051282051281,26.124953798268653,74.48176247446746,3.4164259313296372,122.5902635930357,3.0,11.533070712965666,45.16277599455306,14.860749927049897,12.294078883377102,0.8973431572804201,94.30114787084698,50.57779999999998,Satisfactory,3.3718533333333323,29.910516497713637,50.57779999999999
1.0,13.128205128205128,80.17692307692307,26.124953798268653,74.48176247446746,3.4164259313296372,122.5902635930357,3.0,11.533070712965666,45.16277599455306,14.860749927049897,12.294078883377102,0.8973431572804201,94.30114787084698,50.57779999999998,Satisfactory,3.3718533333333323,29.910516497713637,50.57779999999999
1.0,13.128205128205128,80.18333333333332,26.124953798268653,74.48176247446746,3.4164259313296372,122.5902635930357,3.09007136498769,11.533070712965666,45.16277599455306,14.860749927049897,12.294078883377102,0.8973431572804201,94.30114787084698,50.57779999999998,Satisfactory,3.3718533333333323,29.910516497713637,50.57779999999999
1.0,13.128205128205128,80.18974358974359,26.124953798268653,74.48176247446746,3.4164259313296372,122.5902635930357,3.291680418258056,11.533070712965666,45.16277599455306,14.860749927049897,12.294078883377102,0.8973431572804201,94.30114787084698,50.57779999999998,Satisfactory,3.3718533333333323,29.910516497713637,50.57779999999999
1.0,13.128205128205128,80.19615384615383,26.124953798268653,74.48176247446746,3.4164259313296372,122.5902635930357,3.459208057326233,11.533070712965666,45.16277599455306,14.860749927049897,12.294078883377102,0.8973431572804201,94.30114787084698,50.57779999999998,Satisfactory,3.3718533333333323,29.910516497713637,50.57779999999999
1.0,13.128205128205128,80.2025641025641,26.124953798268653,74.48176247446746,3.4164259313296372,122.5902635930357,3.5899815428780366,11.533070712965666,45.16277599455306,14.860749927049897,12.294078883377102,0.8973431572804201,94.30114787084698,50.622199999999985,Satisfactory,3.3748133333333326,29.922463754844795,50.622199999999985
1.0,13.128205128205128,80.20897435897436,26.124953798268653,74.48176247446746,3.4164259313296372,122.5902635930357,3.681718290493655,11.533070712965666,45.16277599455306,14.860749927049897,12.294078883377102,0.8973431572804201,94.30114787084698,50.805699999999995,Satisfactory,3.387046666666666,29.592256090234148,50.805699999999995
1.0,13.128205128205128,80.21538461538461,26.124953798268653,74.48176247446746,3.4164259313296372,122.5902635930357,3.7327038798648235,11.533070712965666,45.16277599455306,14.860749927049897,12.294078883377102,0.8973431572804201,94.30114787084698,50.805699999999995,Satisfactory,3.387046666666666,29.592256090234148,50.805699999999995
1.0,13.128205128205128,80.22179487179487,26.124953798268653,74.48176247446746,3.4164259313296372,122.5902635930357,3.741942209360923,11.533070712965666,45.16277599455306,14.860749927049897,12.294078883377102,0.8973431572804201,94.30114787084698,50.805699999999995,Satisfactory,3.387046666666666,29.592256090234148,50.805699999999995
1.0,13.128205128205128,80.22820512820512,26.124953798268653,74.48176247446746,3.4164259313296372,122.5902635930357,3.709249351529346,11.533070712965666,45.16277599455306,14.860749927049897,12.294078883377102,0.8973431572804201,94.30114787084698,50.805699999999995,Satisfactory,3.387046666666666,29.592256090234148,50.805699999999995
1.0,13.128205128205128,80.23461538461538,26.124953798268653,74.48176247446746,3.4164259313296372,122.5902635930357,3.635271420694374,11.533070712965666,45.16277599455306,14.860749927049897,12.294078883377102,0.8973431572804201,94.30114787084698,50.805699999999995,Satisfactory,3.387046666666666,29.592256090234148,50.805699999999995
1.0,13.128205128205128,80.24102564102563,26.124953798268653,74.48176247446746,3.4164259313296372,122.5902635930357,3.521422547197429,11.533070712965666,45.16277599455306,14.860749927049897,12.294078883377102,0.8973431572804201,94.30114787084698,50.805699999999995,Satisfactory,3.387046666666666,29.592256090234148,50.805699999999995
1.0,13.128205128205128,80.24743589743589,26.124953798268653,74.48176247446746,3.4164259313296372,122.5902635930357,3.369756302183414,11.533070712965666,45.16277599455306,14.860749927049897,12.294078883377102,0.8973431572804201,94.30114787084698,50.6335,Satisfactory,3.3755666666666664,29.419950828476924,50.6335
1.0,13.128205128205128,80.25384615384615,26.124953798268653,74.48176247446746,3.4164259313296372,122.5902635930357,3.1827962528870204,11.533070712965666,45.16277599455306,14.860749927049897,12.294078883377102,0.8973431572804201,94.30114787084698,50.8137,Satisfactory,3.38758,30.08187752302041,50.8137
1.0,13.128205128205128,80.2602564102564,26.124953798268653,74.48176247446746,3.4164259313296372,122.5902635930357,3.0,11.533070712965666,45.16277599455306,14.860749927049897,12.294078883377102,0.8973431572804201,94.30114787084698,50.8137,Satisfactory,3.38758,30.08187752302041,50.8137
1.0,13.128205128205128,80.26666666666667,26.124953798268653,74.48176247446746,3.4164259313296372,122.5902635930357,3.0,11.533070712965666,45.16277599455306,14.860749927049897,12.294078883377102,0.8973431572804201,94.30114787084698,50.8137,Satisfactory,3.38758,30.08187752302041,50.8137
1.0,13.128205128205128,80.27307692307691,26.124953798268653,74.48176247446746,3.4164259313296372,122.5902635930357,3.0,11.533070712965666,45.16277599455306,14.860749927049897,12.294078883377102,0.8973431572804201,94.30114787084698,50.7363,Satisfactory,3.38242,30.013085901153186,50.7363
1.0,13.128205128205128,80.27948717948718,26.124953798268653,74.48176247446746,3.4164259313296372,122.5902635930357,3.0,11.533070712965666,45.16277599455306,14.860749927049897,12.294078883377102,0.8973431572804201,94.30114787084698,50.7363,Satisfactory,3.38242,30.013085901153186,50.7363
1.0,13.128205128205128,80.28589743589743,26.124953798268653,74.48176247446746,3.4164259313296372,122.5902635930357,3.0,11.533070712965666,45.16277599455306,14.860749927049897,12.294078883377102,0.8973431572804201,94.30114787084698,50.7363,Satisfactory,3.38242,30.013085901153186,50.7363
1.0,13.128205128205128,80.29230769230769,26.124953798268653,74.48176247446746,3.4164259313296372,122.5902635930357,3.0,11.533070712965666,45.16277599455306,14.860749927049897,12.294078883377102,0.8973431572804201,94.30114787084698,50.7363,Satisfactory,3.38242,30.013085901153186,50.7363
1.0,13.128205128205128,80.29871794871794,26.124953798268653,74.48176247446746,3.4164259313296372,122.5902635930357,3.0,11.533070712965666,45.16277599455306,14.860749927049897,12.294078883377102,0.8973431572804201,94.30114787084698,50.7363,Satisfactory,3.38242,30.013085901153186,50.7363
1.0,13.128205128205128,80.3051282051282,26.124953798268653,74.48176247446746,3.4164259313296372,122.5902635930357,3.0,11.533070712965666,45.16277599455306,14.860749927049897,12.294078883377102,0.8973431572804201,94.30114787084698,50.7363,Satisfactory,3.38242,30.013085901153186,50.7363
1.0,13.128205128205128,80.31153846153846,26.124953798268653,74.48176247446746,3.4164259313296372,122.5902635930357,3.0,11.533070712965666,45.16277599455306,14.860749927049897,12.294078883377102,0.8973431572804201,94.30114787084698,50.7363,Satisfactory,3.38242,30.013085901153186,50.7363
1.0,13.128205128205128,80.31794871794871,26.124953798268653,74.48176247446746,3.4164259313296372,122.5902635930357,3.0,11.533070712965666,45.16277599455306,14.860749927049897,12.294078883377102,0.8973431572804201,94.30114787084698,50.7363,Satisfactory,3.38242,30.013085901153186,50.7363
1.0,13.128205128205128,80.32435897435897,26.124953798268653,74.48176247446746,3.4164259313296372,122.5902635930357,3.0,11.533070712965666,45.16277599455306,14.860749927049897,12.294078883377102,0.8973431572804201,94.30114787084698,50.7363,Satisfactory,3.38242,30.013085901153186,50.7363
1.0,13.128205128205128,80.33076923076922,26.124953798268653,74.48176247446746,3.4164259313296372,122.5902635930357,3.0,11.533070712965666,45.16277599455306,14.860749927049897,12.294078883377102,0.8973431572804201,94.30114787084698,50.7363,Satisfactory,3.38242,30.013085901153186,50.7363
1.0,13.128205128205128,80.33717948717948,26.124953798268653,74.48176247446746,3.4164259313296372,122.5902635930357,3.0,11.533070712965666,45.16277599455306,14.860749927049897,12.294078883377102,0.8973431572804201,94.30114787084698,50.7363,Satisfactory,3.38242,30.013085901153186,50.7363
1.0,13.128205128205128,80.34358974358973,26.124953798268653,74.48176247446746,3.4164259313296372,122.5902635930357,3.0,11.533070712965666,45.16277599455306,14.860749927049897,12.294078883377102,0.8973431572804201,94.30114787084698,50.7363,Satisfactory,3.38242,30.013085901153186,50.7363
1.0,13.128205128205128,80.35,26.124953798268653,74.48176247446746,3.4164259313296372,122.5902635930357,3.0,11.533070712965666,45.16277599455306,14.860749927049897,12.294078883377102,0.8973431572804201,94.30114787084698,50.7363,Satisfactory,3.38242,30.013085901153186,50.7363
1.0,13.137179487179486,80.1,26.124953798268653,74.48176247446746,3.4164259313296372,122.5902635930357,3.0,11.533070712965666,45.16277599455306,14.860749927049897,12.294078883377102,0.8973431572804201,94.30114787084698,48.89369999999998,Satisfactory,3.259579999999999,26.44577250355905,48.89369999999999
1.0,13.137179487179486,80.10641025641026,26.124953798268653,74.48176247446746,3.4164259313296372,122.5902635930357,3.0,11.533070712965666,45.16277599455306,14.860749927049897,12.294078883377102,0.8973431572804201,94.30114787084698,48.89369999999998,Satisfactory,3.259579999999999,26.44577250355905,48.89369999999999
1.0,13.137179487179486,80.1128205128205,26.124953798268653,74.48176247446746,3.4164259313296372,122.5902635930357,3.0,11.533070712965666,45.16277599455306,14.860749927049897,12.294078883377102,0.8973431572804201,94.30114787084698,48.89369999999998,Satisfactory,3.259579999999999,26.44577250355905,48.89369999999999
1.0,13.137179487179486,80.11923076923077,26.124953798268653,74.48176247446746,3.4164259313296372,122.5902635930357,3.0,11.533070712965666,45.16277599455306,14.860749927049897,12.294078883377102,0.8973431572804201,94.30114787084698,48.89369999999998,Satisfactory,3.259579999999999,26.44577250355905,48.89369999999999
1.0,13.137179487179486,80.12564102564102,26.124953798268653,74.48176247446746,3.4164259313296372,122.5902635930357,3.0,11.533070712965666,45.16277599455306,14.860749927049897,12.294078883377102,0.8973431572804201,94.30114787084698,48.89369999999998,Satisfactory,3.259579999999999,26.44577250355905,48.89369999999999
1.0,13.137179487179486,80.13205128205128,26.124953798268653,74.48176247446746,3.4164259313296372,122.5902635930357,3.0,11.533070712965666,45.16277599455306,14.860749927049897,12.294078883377102,0.8973431572804201,94.30114787084698,50.412799999999976,Satisfactory,3.3608533333333317,29.845657073684947,50.41279999999999
1.0,13.137179487179486,80.13846153846153,26.124953798268653,74.48176247446746,3.4164259313296372,122.5902635930357,3.0,11.533070712965666,45.16277599455306,14.860749927049897,12.294078883377102,0.8973431572804201,94.30114787084698,50.412799999999976,Satisfactory,3.3608533333333317,29.845657073684947,50.41279999999999
1.0,13.137179487179486,80.14487179487179,26.124953798268653,74.48176247446746,3.4164259313296372,122.5902635930357,3.0,11.533070712965666,45.16277599455306,14.860749927049897,12.294078883377102,0.8973431572804201,94.30114787084698,50.412799999999976,Satisfactory,3.3608533333333317,29.845657073684947,50.41279999999999
1.0,13.137179487179486,80.15128205128205,26.124953798268653,74.48176247446746,3.4164259313296372,122.5902635930357,3.0,11.533070712965666,45.16277599455306,14.860749927049897,12.294078883377102,0.8973431572804201,94.30114787084698,50.412799999999976,Satisfactory,3.3608533333333317,29.845657073684947,50.41279999999999
1.0,13.137179487179486,80.1576923076923,26.124953798268653,74.48176247446746,3.4164259313296372,122.5902635930357,3.0,11.533070712965666,45.16277599455306,14.860749927049897,12.294078883377102,0.8973431572804201,94.30114787084698,50.412799999999976,Satisfactory,3.3608533333333317,29.845657073684947,50.41279999999999
1.0,13.137179487179486,80.16410256410256,26.124953798268653,74.48176247446746,3.4164259313296372,122.5902635930357,3.0,11.533070712965666,45.16277599455306,14.860749927049897,12.294078883377102,0.8973431572804201,94.30114787084698,50.412799999999976,Satisfactory,3.3608533333333317,29.845657073684947,50.41279999999999
1.0,13.137179487179486,80.17051282051281,26.124953798268653,74.48176247446746,3.4164259313296372,122.5902635930357,3.0,11.533070712965666,45.16277599455306,14.860749927049897,12.294078883377102,0.8973431572804201,94.30114787084698,50.57779999999998,Satisfactory,3.3718533333333323,29.910516497713637,50.57779999999999
1.0,13.137179487179486,80.17692307692307,26.124953798268653,74.48176247446746,3.4164259313296372,122.5902635930357,3.0,11.533070712965666,45.16277599455306,14.860749927049897,12.294078883377102,0.8973431572804201,94.30114787084698,50.57779999999998,Satisfactory,3.3718533333333323,29.910516497713637,50.57779999999999
1.0,13.137179487179486,80.18333333333332,26.124953798268653,74.48176247446746,3.4164259313296372,122.5902635930357,3.0,11.533070712965666,45.16277599455306,14.860749927049897,12.294078883377102,0.8973431572804201,94.30114787084698,50.57779999999998,Satisfactory,3.3718533333333323,29.910516497713637,50.57779999999999
1.0,13.137179487179486,80.18974358974359,26.124953798268653,74.48176247446746,3.4164259313296372,122.5902635930357,3.0,11.533070712965666,45.16277599455306,14.860749927049897,12.294078883377102,0.8973431572804201,94.30114787084698,50.57779999999998,Satisfactory,3.3718533333333323,29.910516497713637,50.57779999999999
1.0,13.137179487179486,80.19615384615383,26.124953798268653,74.48176247446746,3.4164259313296372,122.5902635930357,3.0,11.533070712965666,45.16277599455306,14.860749927049897,12.294078883377102,0.8973431572804201,94.30114787084698,50.57779999999998,Satisfactory,3.3718533333333323,29.910516497713637,50.57779999999999
1.0,13.137179487179486,80.2025641025641,26.124953798268653,74.48176247446746,3.4164259313296372,122.5902635930357,3.0,11.533070712965666,45.16277599455306,14.860749927049897,12.294078883377102,0.8973431572804201,94.30114787084698,50.622199999999985,Satisfactory,3.3748133333333326,29.922463754844795,50.622199999999985
1.0,13.137179487179486,80.20897435897436,26.124953798268653,74.48176247446746,3.4164259313296372,122.5902635930357,3.0,11.533070712965666,45.16277599455306,14.860749927049897,12.294078883377102,0.8973431572804201,94.30114787084698,50.805699999999995,Satisfactory,3.387046666666666,29.592256090234148,50.805699999999995
1.0,13.137179487179486,80.21538461538461,26.124953798268653,74.48176247446746,3.4164259313296372,122.5902635930357,3.0158741087974095,11.533070712965666,45.16277599455306,14.860749927049897,12.294078883377102,0.8973431572804201,94.30114787084698,50.805699999999995,Satisfactory,3.387046666666666,29.592256090234148,50.805699999999995
1.0,13.137179487179486,80.22179487179487,26.124953798268653,74.48176247446746,3.4164259313296372,122.5902635930357,3.024163052530299,11.533070712965666,45.16277599455306,14.860749927049897,12.294078883377102,0.8973431572804201,94.30114787084698,50.805699999999995,Satisfactory,3.387046666666666,29.592256090234148,50.805699999999995
1.0,13.137179487179486,80.22820512820512,26.124953798268653,74.48176247446746,3.4164259313296372,122.5902635930357,3.0,11.533070712965666,45.16277599455306,14.860749927049897,12.294078883377102,0.8973431572804201,94.30114787084698,50.805699999999995,Satisfactory,3.387046666666666,29.592256090234148,50.805699999999995
1.0,13.137179487179486,80.23461538461538,26.124953798268653,74.48176247446746,3.4164259313296372,122.5902635930357,3.0,11.533070712965666,45.16277599455306,14.860749927049897,12.294078883377102,0.8973431572804201,94.30114787084698,50.805699999999995,Satisfactory,3.387046666666666,29.592256090234148,50.805699999999995
1.0,13.137179487179486,80.24102564102563,26.124953798268653,74.48176247446746,3.4164259313296372,122.5902635930357,3.0,11.533070712965666,45.16277599455306,14.860749927049897,12.294078883377102,0.8973431572804201,94.30114787084698,50.805699999999995,Satisfactory,3.387046666666666,29.592256090234148,50.805699999999995
1.0,13.137179487179486,80.24743589743589,26.124953798268653,74.48176247446746,3.4164259313296372,122.5902635930357,3.0,11.533070712965666,45.16277599455306,14.860749927049897,12.294078883377102,0.8973431572804201,94.30114787084698,50.6335,Satisfactory,3.3755666666666664,29.419950828476924,50.6335
1.0,13.137179487179486,80.25384615384615,26.124953798268653,74.48176247446746,3.4164259313296372,122.5902635930357,3.0,11.533070712965666,45.16277599455306,14.860749927049897,12.294078883377102,0.8973431572804201,94.30114787084698,50.8137,Satisfactory,3.38758,30.08187752302041,50.8137
1.0,13.137179487179486,80.2602564102564,26.124953798268653,74.48176247446746,3.4164259313296372,122.5902635930357,3.0,11.533070712965666,45.16277599455306,14.860749927049897,12.294078883377102,0.8973431572804201,94.30114787084698,50.8137,Satisfactory,3.38758,30.08187752302041,50.8137
1.0,13.137179487179486,80.26666666666667,26.124953798268653,74.48176247446746,3.4164259313296372,122.5902635930357,3.0,11.533070712965666,45.16277599455306,14.860749927049897,12.294078883377102,0.8973431572804201,94.30114787084698,50.8137,Satisfactory,3.38758,30.08187752302041,50.8137
1.0,13.137179487179486,80.27307692307691,26.124953798268653,74.48176247446746,3.4164259313296372,122.5902635930357,3.0,11.533070712965666,45.16277599455306,14.860749927049897,12.294078883377102,0.8973431572804201,94.30114787084698,50.7363,Satisfactory,3.38242,30.013085901153186,50.7363
1.0,13.137179487179486,80.27948717948718,26.124953798268653,74.48176247446746,3.4164259313296372,122.5902635930357,3.0,11.533070712965666,45.16277599455306,14.860749927049897,12.294078883377102,0.8973431572804201,94.30114787084698,50.7363,Satisfactory,3.38242,30.013085901153186,50.7363
1.0,13.137179487179486,80.28589743589743,26.124953798268653,74.48176247446746,3.4164259313296372,122.5902635930357,3.0,11.533070712965666,45.16277599455306,14.860749927049897,12.294078883377102,0.8973431572804201,94.30114787084698,50.7363,Satisfactory,3.38242,30.013085901153186,50.7363
1.0,13.137179487179486,80.29230769230769,26.124953798268653,74.48176247446746,3.4164259313296372,122.5902635930357,3.0,11.533070712965666,45.16277599455306,14.860749927049897,12.294078883377102,0.8973431572804201,94.30114787084698,50.7363,Satisfactory,3.38242,30.013085901153186,50.7363
1.0,13.137179487179486,80.29871794871794,26.124953798268653,74.48176247446746,3.4164259313296372,122.5902635930357,3.0,11.533070712965666,45.16277599455306,14.860749927049897,12.294078883377102,0.8973431572804201,94.30114787084698,50.7363,Satisfactory,3.38242,30.013085901153186,50.7363
1.0,13.137179487179486,80.3051282051282,26.124953798268653,74.48176247446746,3.4164259313296372,122.5902635930357,3.0,11.533070712965666,45.16277599455306,14.860749927049897,12.294078883377102,0.8973431572804201,94.30114787084698,50.7363,Satisfactory,3.38242,30.013085901153186,50.7363
1.0,13.137179487179486,80.31153846153846,26.124953798268653,74.48176247446746,3.4164259313296372,122.5902635930357,3.0,11.533070712965666,45.16277599455306,14.860749927049897,12.294078883377102,0.8973431572804201,94.30114787084698,50.7363,Satisfactory,3.38242,30.013085901153186,50.7363
1.0,13.137179487179486,80.31794871794871,26.124953798268653,74.48176247446746,3.4164259313296372,122.5902635930357,3.0,11.533070712965666,45.16277599455306,14.860749927049897,12.294078883377102,0.8973431572804201,94.30114787084698,50.7363,Satisfactory,3.38242,30.013085901153186,50.7363
1.0,13.137179487179486,80.32435897435897,26.124953798268653,74.48176247446746,3.4164259313296372,122.5902635930357,3.0,11.533070712965666,45.16277599455306,14.860749927049897,12.294078883377102,0.8973431572804201,94.30114787084698,50.7363,Satisfactory,3.38242,30.013085901153186,50.7363
1.0,13.137179487179486,80.33076923076922,26.124953798268653,74.48176247446746,3.4164259313296372,122.5902635930357,3.0,11.533070712965666,45.16277599455306,14.860749927049897,12.294078883377102,0.8973431572804201,94.30114787084698,50.7363,Satisfactory,3.38242,30.013085901153186,50.7363
1.0,13.137179487179486,80.33717948717948,26.124953798268653,74.48176247446746,3.4164259313296372,122.5902635930357,3.0,11.533070712965666,45.16277599455306,14.860749927049897,12.294078883377102,0.8973431572804201,94.30114787084698,50.7363,Satisfactory,3.38242,30.013085901153186,50.7363
1.0,13.137179487179486,80.34358974358973,26.124953798268653,74.48176247446746,3.4164259313296372,122.5902635930357,3.0,11.533070712965666,45.16277599455306,14.860749927049897,12.294078883377102,0.8973431572804201,94.30114787084698,50.7363,Satisfactory,3.38242,30.013085901153186,50.7363
1.0,13.137179487179486,80.35,26.124953798268653,74.48176247446746,3.4164259313296372,122.5902635930357,3.0,11.533070712965666,45.16277599455306,14.860749927049897,12.294078883377102,0.8973431572804201,94.30114787084698,50.7363,Satisfactory,3.38242,30.013085901153186,50.7363
1.0,13.146153846153846,80.1,26.124953798268653,74.48176247446746,3.4164259313296372,122.5902635930357,3.0,11.533070712965666,45.16277599455306,14.860749927049897,12.294078883377102,0.8973431572804201,94.30114787084698,48.89369999999998,Satisfactory,3.259579999999999,26.44577250355905,48.89369999999999
1.0,13.146153846153846,80.10641025641026,26.124953798268653,74.48176247446746,3.4164259313296372,122.5902635930357,3.0,11.533070712965666,45.16277599455306,14.860749927049897,12.294078883377102,0.8973431572804201,94.30114787084698,48.89369999999998,Satisfactory,3.259579999999999,26.44577250355905,48.89369999999999
1.0,13.146153846153846,80.1128205128205,26.124953798268653,74.48176247446746,3.4164259313296372,122.5902635930357,3.0,11.533070712965666,45.16277599455306,14.860749927049897,12.294078883377102,0.8973431572804201,94.30114787084698,48.89369999999998,Satisfactory,3.259579999999999,26.44577250355905,48.89369999999999
1.0,13.146153846153846,80.11923076923077,26.124953798268653,74.48176247446746,3.4164259313296372,122.5902635930357,3.0,11.533070712965666,45.16277599455306,14.860749927049897,12.294078883377102,0.8973431572804201,94.30114787084698,48.89369999999998,Satisfactory,3.259579999999999,26.44577250355905,48.89369999999999
1.0,13.146153846153846,80.12564102564102,26.124953798268653,74.48176247446746,3.4164259313296372,122.5902635930357,3.0,11.533070712965666,45.16277599455306,14.860749927049897,12.294078883377102,0.8973431572804201,94.30114787084698,48.89369999999998,Satisfactory,3.259579999999999,26.44577250355905,48.89369999999999
1.0,13.146153846153846,80.13205128205128,26.124953798268653,74.48176247446746,3.4164259313296372,122.5902635930357,3.0,11.533070712965666,45.16277599455306,14.860749927049897,12.294078883377102,0.8973431572804201,94.30114787084698,50.412799999999976,Satisfactory,3.3608533333333317,29.845657073684947,50.41279999999999
1.0,13.146153846153846,80.13846153846153,26.124953798268653,74.48176247446746,3.4164259313296372,122.5902635930357,3.0,11.533070712965666,45.16277599455306,14.860749927049897,12.294078883377102,0.8973431572804201,94.30114787084698,50.412799999999976,Satisfactory,3.3608533333333317,29.845657073684947,50.41279999999999
1.0,13.146153846153846,80.14487179487179,26.124953798268653,74.48176247446746,3.4164259313296372,122.5902635930357,3.0,11.533070712965666,45.16277599455306,14.860749927049897,12.294078883377102,0.8973431572804201,94.30114787084698,50.412799999999976,Satisfactory,3.3608533333333317,29.845657073684947,50.41279999999999
1.0,13.146153846153846,80.15128205128205,26.124953798268653,74.48176247446746,3.4164259313296372,122.5902635930357,3.0,11.533070712965666,45.16277599455306,14.860749927049897,12.294078883377102,0.8973431572804201,94.30114787084698,50.412799999999976,Satisfactory,3.3608533333333317,29.845657073684947,50.41279999999999
1.0,13.146153846153846,80.1576923076923,26.124953798268653,74.48176247446746,3.4164259313296372,122.5902635930357,3.0,11.533070712965666,45.16277599455306,14.860749927049897,12.294078883377102,0.8973431572804201,94.30114787084698,50.412799999999976,Satisfactory,3.3608533333333317,29.845657073684947,50.41279999999999
1.0,13.146153846153846,80.16410256410256,26.124953798268653,74.48176247446746,3.4164259313296372,122.5902635930357,3.0,11.533070712965666,45.16277599455306,14.860749927049897,12.294078883377102,0.8973431572804201,94.30114787084698,50.412799999999976,Satisfactory,3.3608533333333317,29.845657073684947,50.41279999999999
1.0,13.146153846153846,80.17051282051281,26.124953798268653,74.48176247446746,3.4164259313296372,122.5902635930357,3.0,11.533070712965666,45.16277599455306,14.860749927049897,12.294078883377102,0.8973431572804201,94.30114787084698,50.57779999999998,Satisfactory,3.3718533333333323,29.910516497713637,50.57779999999999
1.0,13.146153846153846,80.17692307692307,26.124953798268653,74.48176247446746,3.4164259313296372,122.5902635930357,3.0,11.533070712965666,45.16277599455306,14.860749927049897,12.294078883377102,0.8973431572804201,94.30114787084698,50.57779999999998,Satisfactory,3.3718533333333323,29.910516497713637,50.57779999999999
1.0,13.146153846153846,80.18333333333332,26.124953798268653,74.48176247446746,3.4164259313296372,122.5902635930357,3.0,11.533070712965666,45.16277599455306,14.860749927049897,12.294078883377102,0.8973431572804201,94.30114787084698,50.57779999999998,Satisfactory,3.3718533333333323,29.910516497713637,50.57779999999999
1.0,13.146153846153846,80.18974358974359,26.124953798268653,74.48176247446746,3.4164259313296372,122.5902635930357,3.0,11.533070712965666,45.16277599455306,14.860749927049897,12.294078883377102,0.8973431572804201,94.30114787084698,50.57779999999998,Satisfactory,3.3718533333333323,29.910516497713637,50.57779999999999
1.0,13.146153846153846,80.19615384615383,26.124953798268653,74.48176247446746,3.4164259313296372,122.5902635930357,3.0,11.533070712965666,45.16277599455306,14.860749927049897,12.294078883377102,0.8973431572804201,94.30114787084698,50.57779999999998,Satisfactory,3.3718533333333323,29.910516497713637,50.57779999999999
1.0,13.146153846153846,80.2025641025641,26.124953798268653,74.48176247446746,3.4164259313296372,122.5902635930357,3.0,11.533070712965666,45.16277599455306,14.860749927049897,12.294078883377102,0.8973431572804201,94.30114787084698,50.622199999999985,Satisfactory,3.3748133333333326,29.922463754844795,50.622199999999985
1.0,13.146153846153846,80.20897435897436,26.124953798268653,74.48176247446746,3.4164259313296372,122.5902635930357,3.0,11.533070712965666,45.16277599455306,14.860749927049897,12.294078883377102,0.8973431572804201,94.30114787084698,50.805699999999995,Satisfactory,3.387046666666666,29.592256090234148,50.805699999999995
1.0,13.146153846153846,80.21538461538461,26.124953798268653,74.48176247446746,3.4164259313296372,122.5902635930357,3.0,11.533070712965666,45.16277599455306,14.860749927049897,12.294078883377102,0.8973431572804201,94.30114787084698,50.805699999999995,Satisfactory,3.387046666666666,29.592256090234148,50.805699999999995
1.0,13.146153846153846,80.22179487179487,26.124953798268653,74.48176247446746,3.4164259313296372,122.5902635930357,3.0,11.533070712965666,45.16277599455306,14.860749927049897,12.294078883377102,0.8973431572804201,94.30114787084698,50.805699999999995,Satisfactory,3.387046666666666,29.592256090234148,50.805699999999995
1.0,13.146153846153846,80.22820512820512,26.124953798268653,74.48176247446746,3.4164259313296372,122.5902635930357,3.0,11.533070712965666,45.16277599455306,14.860749927049897,12.294078883377102,0.8973431572804201,94.30114787084698,50.805699999999995,Satisfactory,3.387046666666666,29.592256090234148,50.805699999999995
1.0,13.146153846153846,80.23461538461538,26.124953798268653,74.48176247446746,3.4164259313296372,122.5902635930357,3.0,11.533070712965666,45.16277599455306,14.860749927049897,12.294078883377102,0.8973431572804201,94.30114787084698,50.805699999999995,Satisfactory,3.387046666666666,29.592256090234148,50.805699999999995
1.0,13.146153846153846,80.24102564102563,26.124953798268653,74.48176247446746,3.4164259313296372,122.5902635930357,3.0,11.533070712965666,45.16277599455306,14.860749927049897,12.294078883377102,0.8973431572804201,94.30114787084698,50.805699999999995,Satisfactory,3.387046666666666,29.592256090234148,50.805699999999995
1.0,13.146153846153846,80.24743589743589,26.124953798268653,74.48176247446746,3.4164259313296372,122.5902635930357,3.0,11.533070712965666,45.16277599455306,14.860749927049897,12.294078883377102,0.8973431572804201,94.30114787084698,50.6335,Satisfactory,3.3755666666666664,29.419950828476924,50.6335
1.0,13.146153846153846,80.25384615384615,26.124953798268653,74.48176247446746,3.4164259313296372,122.5902635930357,3.0,11.533070712965666,45.16277599455306,14.860749927049897,12.294078883377102,0.8973431572804201,94.30114787084698,50.8137,Satisfactory,3.38758,30.08187752302041,50.8137
1.0,13.146153846153846,80.2602564102564,26.124953798268653,74.48176247446746,3.4164259313296372,122.5902635930357,3.0,11.533070712965666,45.16277599455306,14.860749927049897,12.294078883377102,0.8973431572804201,94.30114787084698,50.8137,Satisfactory,3.38758,30.08187752302041,50.8137
1.0,13.146153846153846,80.26666666666667,26.124953798268653,74.48176247446746,3.4164259313296372,122.5902635930357,3.0,11.533070712965666,45.16277599455306,14.860749927049897,12.294078883377102,0.8973431572804201,94.30114787084698,50.8137,Satisfactory,3.38758,30.08187752302041,50.8137
1.0,13.146153846153846,80.27307692307691,26.124953798268653,74.48176247446746,3.4164259313296372,122.5902635930357,3.0,11.533070712965666,45.16277599455306,14.860749927049897,12.294078883377102,0.8973431572804201,94.30114787084698,50.7363,Satisfactory,3.38242,30.013085901153186,50.7363
1.0,13.146153846153846,80.27948717948718,26.124953798268653,74.48176247446746,3.4164259313296372,122.5902635930357,3.0,11.533070712965666,45.16277599455306,14.860749927049897,12.294078883377102,0.8973431572804201,94.30114787084698,50.7363,Satisfactory,3.38242,30.013085901153186,50.7363
1.0,13.146153846153846,80.28589743589743,26.124953798268653,74.48176247446746,3.4164259313296372,122.5902635930357,3.0,11.533070712965666,45.16277599455306,14.860749927049897,12.294078883377102,0.8973431572804201,94.30114787084698,50.7363,Satisfactory,3.38242,30.013085901153186,50.7363
1.0,13.146153846153846,80.29230769230769,26.124953798268653,74.48176247446746,3.4164259313296372,122.5902635930357,3.0,11.533070712965666,45.16277599455306,14.860749927049897,12.294078883377102,0.8973431572804201,94.30114787084698,50.7363,Satisfactory,3.38242,30.013085901153186,50.7363
1.0,13.146153846153846,80.29871794871794,26.124953798268653,74.48176247446746,3.4164259313296372,122.5902635930357,3.0,11.533070712965666,45.16277599455306,14.860749927049897,12.294078883377102,0.8973431572804201,94.30114787084698,50.7363,Satisfactory,3.38242,30.013085901153186,50.7363
1.0,13.146153846153846,80.3051282051282,26.124953798268653,74.48176247446746,3.4164259313296372,122.5902635930357,3.0,11.533070712965666,45.16277599455306,14.860749927049897,12.294078883377102,0.8973431572804201,94.30114787084698,50.7363,Satisfactory,3.38242,30.013085901153186,50.7363
1.0,13.146153846153846,80.31153846153846,26.124953798268653,74.48176247446746,3.4164259313296372,122.5902635930357,3.0,11.533070712965666,45.16277599455306,14.860749927049897,12.294078883377102,0.8973431572804201,94.30114787084698,50.7363,Satisfactory,3.38242,30.013085901153186,50.7363
1.0,13.146153846153846,80.31794871794871,26.124953798268653,74.48176247446746,3.4164259313296372,122.5902635930357,3.0,11.533070712965666,45.16277599455306,14.860749927049897,12.294078883377102,0.8973431572804201,94.30114787084698,50.7363,Satisfactory,3.38242,30.013085901153186,50.7363
1.0,13.146153846153846,80.32435897435897,26.124953798268653,74.48176247446746,3.4164259313296372,122.5902635930357,3.0,11.533070712965666,45.16277599455306,14.860749927049897,12.294078883377102,0.8973431572804201,94.30114787084698,50.7363,Satisfactory,3.38242,30.013085901153186,50.7363
1.0,13.146153846153846,80.33076923076922,26.124953798268653,74.48176247446746,3.4164259313296372,122.5902635930357,3.0,11.533070712965666,45.16277599455306,14.860749927049897,12.294078883377102,0.8973431572804201,94.30114787084698,50.7363,Satisfactory,3.38242,30.013085901153186,50.7363
1.0,13.146153846153846,80.33717948717948,26.124953798268653,74.48176247446746,3.4164259313296372,122.5902635930357,3.0,11.533070712965666,45.16277599455306,14.860749927049897,12.294078883377102,0.8973431572804201,94.30114787084698,50.7363,Satisfactory,3.38242,30.013085901153186,50.7363
1.0,13.146153846153846,80.34358974358973,26.124953798268653,74.48176247446746,3.4164259313296372,122.5902635930357,3.0,11.533070712965666,45.16277599455306,14.860749927049897,12.294078883377102,0.8973431572804201,94.30114787084698,50.7363,Satisfactory,3.38242,30.013085901153186,50.7363
1.0,13.146153846153846,80.35,26.124953798268653,74.48176247446746,3.4164259313296372,122.5902635930357,3.0,11.533070712965666,45.16277599455306,14.860749927049897,12.294078883377102,0.8973431572804201,94.30114787084698,50.7363,Satisfactory,3.38242,30.013085901153186,50.7363
1.0,13.155128205128204,80.1,26.124953798268653,74.48176247446746,3.4164259313296372,122.5902635930357,3.0,11.533070712965666,45.16277599455306,14.860749927049897,12.294078883377102,0.8973431572804201,94.30114787084698,48.89369999999998,Satisfactory,3.259579999999999,26.44577250355905,48.89369999999999
1.0,13.155128205128204,80.10641025641026,26.124953798268653,74.48176247446746,3.4164259313296372,122.5902635930357,3.0,11.533070712965666,45.16277599455306,14.860749927049897,12.294078883377102,0.8973431572804201,94.30114787084698,48.89369999999998,Satisfactory,3.259579999999999,26.44577250355905,48.89369999999999
1.0,13.155128205128204,80.1128205128205,26.124953798268653,74.48176247446746,3.4164259313296372,122.5902635930357,3.0,11.533070712965666,45.16277599455306,14.860749927049897,12.294078883377102,0.8973431572804201,94.30114787084698,48.89369999999998,Satisfactory,3.259579999999999,26.44577250355905,48.89369999999999
1.0,13.155128205128204,80.11923076923077,26.124953798268653,74.48176247446746,3.4164259313296372,122.5902635930357,3.0,11.533070712965666,45.16277599455306,14.860749927049897,12.294078883377102,0.8973431572804201,94.30114787084698,48.89369999999998,Satisfactory,3.259579999999999,26.44577250355905,48.89369999999999
1.0,13.155128205128204,80.12564102564102,26.124953798268653,74.48176247446746,3.4164259313296372,122.5902635930357,3.0,11.533070712965666,45.16277599455306,14.860749927049897,12.294078883377102,0.8973431572804201,94.30114787084698,48.89369999999998,Satisfactory,3.259579999999999,26.44577250355905,48.89369999999999
1.0,13.155128205128204,80.13205128205128,26.124953798268653,74.48176247446746,3.4164259313296372,122.5902635930357,3.0,11.533070712965666,45.16277599455306,14.860749927049897,12.294078883377102,0.8973431572804201,94.30114787084698,50.412799999999976,Satisfactory,3.3608533333333317,29.845657073684947,50.41279999999999
1.0,13.155128205128204,80.13846153846153,26.124953798268653,74.48176247446746,3.4164259313296372,122.5902635930357,3.0,11.533070712965666,45.16277599455306,14.860749927049897,12.294078883377102,0.8973431572804201,94.30114787084698,50.412799999999976,Satisfactory,3.3608533333333317,29.845657073684947,50.41279999999999
1.0,13.155128205128204,80.14487179487179,26.124953798268653,74.48176247446746,3.4164259313296372,122.5902635930357,3.0,11.533070712965666,45.16277599455306,14.860749927049897,12.294078883377102,0.8973431572804201,94.30114787084698,50.412799999999976,Satisfactory,3.3608533333333317,29.845657073684947,50.41279999999999
1.0,13.155128205128204,80.15128205128205,26.124953798268653,74.48176247446746,3.4164259313296372,122.5902635930357,3.0,11.533070712965666,45.16277599455306,14.860749927049897,12.294078883377102,0.8973431572804201,94.30114787084698,50.412799999999976,Satisfactory,3.3608533333333317,29.845657073684947,50.41279999999999
1.0,13.155128205128204,80.1576923076923,26.124953798268653,74.48176247446746,3.4164259313296372,122.5902635930357,3.0,11.533070712965666,45.16277599455306,14.860749927049897,12.294078883377102,0.8973431572804201,94.30114787084698,50.412799999999976,Satisfactory,3.3608533333333317,29.845657073684947,50.41279999999999
1.0,13.155128205128204,80.16410256410256,26.124953798268653,74.48176247446746,3.4164259313296372,122.5902635930357,3.0,11.533070712965666,45.16277599455306,14.860749927049897,12.294078883377102,0.8973431572804201,94.30114787084698,50.412799999999976,Satisfactory,3.3608533333333317,29.845657073684947,50.41279999999999
1.0,13.155128205128204,80.17051282051281,26.124953798268653,74.48176247446746,3.4164259313296372,122.5902635930357,3.0,11.533070712965666,45.16277599455306,14.860749927049897,12.294078883377102,0.8973431572804201,94.30114787084698,50.57779999999998,Satisfactory,3.3718533333333323,29.910516497713637,50.57779999999999
1.0,13.155128205128204,80.17692307692307,26.124953798268653,74.48176247446746,3.4164259313296372,122.5902635930357,3.0,11.533070712965666,45.16277599455306,14.860749927049897,12.294078883377102,0.8973431572804201,94.30114787084698,50.57779999999998,Satisfactory,3.3718533333333323,29.910516497713637,50.57779999999999
1.0,13.155128205128204,80.18333333333332,26.124953798268653,74.48176247446746,3.4164259313296372,122.5902635930357,3.0,11.533070712965666,45.16277599455306,14.860749927049897,12.294078883377102,0.8973431572804201,94.30114787084698,50.57779999999998,Satisfactory,3.3718533333333323,29.910516497713637,50.57779999999999
1.0,13.155128205128204,80.18974358974359,26.124953798268653,74.48176247446746,3.4164259313296372,122.5902635930357,3.0,11.533070712965666,45.16277599455306,14.860749927049897,12.294078883377102,0.8973431572804201,94.30114787084698,50.57779999999998,Satisfactory,3.3718533333333323,29.910516497713637,50.57779999999999
1.0,13.155128205128204,80.19615384615383,26.124953798268653,74.48176247446746,3.4164259313296372,122.5902635930357,3.0,11.533070712965666,45.16277599455306,14.860749927049897,12.294078883377102,0.8973431572804201,94.30114787084698,50.57779999999998,Satisfactory,3.3718533333333323,29.910516497713637,50.57779999999999
1.0,13.155128205128204,80.2025641025641,26.124953798268653,74.48176247446746,3.4164259313296372,122.5902635930357,3.0,11.533070712965666,45.16277599455306,14.860749927049897,12.294078883377102,0.8973431572804201,94.30114787084698,50.622199999999985,Satisfactory,3.3748133333333326,29.922463754844795,50.622199999999985
1.0,13.155128205128204,80.20897435897436,26.124953798268653,74.48176247446746,3.4164259313296372,122.5902635930357,3.0,11.533070712965666,45.16277599455306,14.860749927049897,12.294078883377102,0.8973431572804201,94.30114787084698,50.805699999999995,Satisfactory,3.387046666666666,29.592256090234148,50.805699999999995
1.0,13.155128205128204,80.21538461538461,26.124953798268653,74.48176247446746,3.4164259313296372,122.5902635930357,3.0,11.533070712965666,45.16277599455306,14.860749927049897,12.294078883377102,0.8973431572804201,94.30114787084698,50.805699999999995,Satisfactory,3.387046666666666,29.592256090234148,50.805699999999995
1.0,13.155128205128204,80.22179487179487,26.124953798268653,74.48176247446746,3.4164259313296372,122.5902635930357,3.0,11.533070712965666,45.16277599455306,14.860749927049897,12.294078883377102,0.8973431572804201,94.30114787084698,50.805699999999995,Satisfactory,3.387046666666666,29.592256090234148,50.805699999999995
1.0,13.155128205128204,80.22820512820512,26.124953798268653,74.48176247446746,3.4164259313296372,122.5902635930357,3.0,11.533070712965666,45.16277599455306,14.860749927049897,12.294078883377102,0.8973431572804201,94.30114787084698,50.805699999999995,Satisfactory,3.387046666666666,29.592256090234148,50.805699999999995
1.0,13.155128205128204,80.23461538461538,26.124953798268653,74.48176247446746,3.4164259313296372,122.5902635930357,3.0,11.533070712965666,45.16277599455306,14.860749927049897,12.294078883377102,0.8973431572804201,94.30114787084698,50.805699999999995,Satisfactory,3.387046666666666,29.592256090234148,50.805699999999995
1.0,13.155128205128204,80.24102564102563,26.124953798268653,74.48176247446746,3.4164259313296372,122.5902635930357,3.0,11.533070712965666,45.16277599455306,14.860749927049897,12.294078883377102,0.8973431572804201,94.30114787084698,50.805699999999995,Satisfactory,3.387046666666666,29.592256090234148,50.805699999999995
1.0,13.155128205128204,80.24743589743589,26.124953798268653,74.48176247446746,3.4164259313296372,122.5902635930357,3.0,11.533070712965666,45.16277599455306,14.860749927049897,12.294078883377102,0.8973431572804201,94.30114787084698,50.6335,Satisfactory,3.3755666666666664,29.419950828476924,50.6335
1.0,13.155128205128204,80.25384615384615,26.124953798268653,74.48176247446746,3.4164259313296372,122.5902635930357,3.0,11.533070712965666,45.16277599455306,14.860749927049897,12.294078883377102,0.8973431572804201,94.30114787084698,50.8137,Satisfactory,3.38758,30.08187752302041,50.8137
1.0,13.155128205128204,80.2602564102564,26.124953798268653,74.48176247446746,3.4164259313296372,122.5902635930357,3.0,11.533070712965666,45.16277599455306,14.860749927049897,12.294078883377102,0.8973431572804201,94.30114787084698,50.8137,Satisfactory,3.38758,30.08187752302041,50.8137
1.0,13.155128205128204,80.26666666666667,26.124953798268653,74.48176247446746,3.4164259313296372,122.5902635930357,3.0,11.533070712965666,45.16277599455306,14.860749927049897,12.294078883377102,0.8973431572804201,94.30114787084698,50.8137,Satisfactory,3.38758,30.08187752302041,50.8137
1.0,13.155128205128204,80.27307692307691,26.124953798268653,74.48176247446746,3.4164259313296372,122.5902635930357,3.0,11.533070712965666,45.16277599455306,14.860749927049897,12.294078883377102,0.8973431572804201,94.30114787084698,50.7363,Satisfactory,3.38242,30.013085901153186,50.7363
1.0,13.155128205128204,80.27948717948718,26.124953798268653,74.48176247446746,3.4164259313296372,122.5902635930357,3.0,11.533070712965666,45.16277599455306,14.860749927049897,12.294078883377102,0.8973431572804201,94.30114787084698,50.7363,Satisfactory,3.38242,30.013085901153186,50.7363
1.0,13.155128205128204,80.28589743589743,26.124953798268653,74.48176247446746,3.4164259313296372,122.5902635930357,3.0,11.533070712965666,45.16277599455306,14.860749927049897,12.294078883377102,0.8973431572804201,94.30114787084698,50.7363,Satisfactory,3.38242,30.013085901153186,50.7363
1.0,13.155128205128204,80.29230769230769,26.124953798268653,74.48176247446746,3.4164259313296372,122.5902635930357,3.0,11.533070712965666,45.16277599455306,14.860749927049897,12.294078883377102,0.8973431572804201,94.30114787084698,50.7363,Satisfactory,3.38242,30.013085901153186,50.7363
1.0,13.155128205128204,80.29871794871794,26.124953798268653,74.48176247446746,3.4164259313296372,122.5902635930357,3.0,11.533070712965666,45.16277599455306,14.860749927049897,12.294078883377102,0.8973431572804201,94.30114787084698,50.7363,Satisfactory,3.38242,30.013085901153186,50.7363
1.0,13.155128205128204,80.3051282051282,26.124953798268653,74.48176247446746,3.4164259313296372,122.5902635930357,3.0,11.533070712965666,45.16277599455306,14.860749927049897,12.294078883377102,0.8973431572804201,94.30114787084698,50.7363,Satisfactory,3.38242,30.013085901153186,50.7363
1.0,13.155128205128204,80.31153846153846,26.124953798268653,74.48176247446746,3.4164259313296372,122.5902635930357,3.0,11.533070712965666,45.16277599455306,14.860749927049897,12.294078883377102,0.8973431572804201,94.30114787084698,50.7363,Satisfactory,3.38242,30.013085901153186,50.7363
1.0,13.155128205128204,80.31794871794871,26.124953798268653,74.48176247446746,3.4164259313296372,122.5902635930357,3.0,11.533070712965666,45.16277599455306,14.860749927049897,12.294078883377102,0.8973431572804201,94.30114787084698,50.7363,Satisfactory,3.38242,30.013085901153186,50.7363
1.0,13.155128205128204,80.32435897435897,26.124953798268653,74.48176247446746,3.4164259313296372,122.5902635930357,3.0,11.533070712965666,45.16277599455306,14.860749927049897,12.294078883377102,0.8973431572804201,94.30114787084698,50.7363,Satisfactory,3.38242,30.013085901153186,50.7363
1.0,13.155128205128204,80.33076923076922,26.124953798268653,74.48176247446746,3.4164259313296372,122.5902635930357,3.0,11.533070712965666,45.16277599455306,14.860749927049897,12.294078883377102,0.8973431572804201,94.30114787084698,50.7363,Satisfactory,3.38242,30.013085901153186,50.7363
1.0,13.155128205128204,80.33717948717948,26.124953798268653,74.48176247446746,3.4164259313296372,122.5902635930357,3.0,11.533070712965666,45.16277599455306,14.860749927049897,12.294078883377102,0.8973431572804201,94.30114787084698,50.7363,Satisfactory,3.38242,30.013085901153186,50.7363
1.0,13.155128205128204,80.34358974358973,26.124953798268653,74.48176247446746,3.4164259313296372,122.5902635930357,3.0,11.533070712965666,45.16277599455306,14.860749927049897,12.294078883377102,0.8973431572804201,94.30114787084698,50.7363,Satisfactory,3.38242,30.013085901153186,50.7363
1.0,13.155128205128204,80.35,26.124953798268653,74.48176247446746,3.4164259313296372,122.5902635930357,3.0,11.533070712965666,45.16277599455306,14.860749927049897,12.294078883377102,0.8973431572804201,94.30114787084698,50.7363,Satisfactory,3.38242,30.013085901153186,50.7363
1.0,13.164102564102564,80.1,26.124953798268653,74.48176247446746,3.4164259313296372,122.5902635930357,3.0,11.533070712965666,45.16277599455306,14.860749927049897,12.294078883377102,0.8973431572804201,94.30114787084698,48.89369999999998,Satisfactory,3.259579999999999,26.44577250355905,48.89369999999999
1.0,13.164102564102564,80.10641025641026,26.124953798268653,74.48176247446746,3.4164259313296372,122.5902635930357,3.0,11.533070712965666,45.16277599455306,14.860749927049897,12.294078883377102,0.8973431572804201,94.30114787084698,48.89369999999998,Satisfactory,3.259579999999999,26.44577250355905,48.89369999999999
1.0,13.164102564102564,80.1128205128205,26.124953798268653,74.48176247446746,3.4164259313296372,122.5902635930357,3.0,11.533070712965666,45.16277599455306,14.860749927049897,12.294078883377102,0.8973431572804201,94.30114787084698,48.89369999999998,Satisfactory,3.259579999999999,26.44577250355905,48.89369999999999
1.0,13.164102564102564,80.11923076923077,26.124953798268653,74.48176247446746,3.4164259313296372,122.5902635930357,3.0,11.533070712965666,45.16277599455306,14.860749927049897,12.294078883377102,0.8973431572804201,94.30114787084698,48.89369999999998,Satisfactory,3.259579999999999,26.44577250355905,48.89369999999999
1.0,13.164102564102564,80.12564102564102,26.124953798268653,74.48176247446746,3.4164259313296372,122.5902635930357,3.0,11.533070712965666,45.16277599455306,14.860749927049897,12.294078883377102,0.8973431572804201,94.30114787084698,48.89369999999998,Satisfactory,3.259579999999999,26.44577250355905,48.89369999999999
1.0,13.164102564102564,80.13205128205128,26.124953798268653,74.48176247446746,3.4164259313296372,122.5902635930357,3.0,11.533070712965666,45.16277599455306,14.860749927049897,12.294078883377102,0.8973431572804201,94.30114787084698,50.412799999999976,Satisfactory,3.3608533333333317,29.845657073684947,50.41279999999999
1.0,13.164102564102564,80.13846153846153,26.124953798268653,74.48176247446746,3.4164259313296372,122.5902635930357,3.0,11.533070712965666,45.16277599455306,14.860749927049897,12.294078883377102,0.8973431572804201,94.30114787084698,50.412799999999976,Satisfactory,3.3608533333333317,29.845657073684947,50.41279999999999
1.0,13.164102564102564,80.14487179487179,26.124953798268653,74.48176247446746,3.4164259313296372,122.5902635930357,3.0,11.533070712965666,45.16277599455306,14.860749927049897,12.294078883377102,0.8973431572804201,94.30114787084698,50.412799999999976,Satisfactory,3.3608533333333317,29.845657073684947,50.41279999999999
1.0,13.164102564102564,80.15128205128205,26.124953798268653,74.48176247446746,3.4164259313296372,122.5902635930357,3.0,11.533070712965666,45.16277599455306,14.860749927049897,12.294078883377102,0.8973431572804201,94.30114787084698,50.412799999999976,Satisfactory,3.3608533333333317,29.845657073684947,50.41279999999999
1.0,13.164102564102564,80.1576923076923,26.124953798268653,74.48176247446746,3.4164259313296372,122.5902635930357,3.0,11.533070712965666,45.16277599455306,14.860749927049897,12.294078883377102,0.8973431572804201,94.30114787084698,50.412799999999976,Satisfactory,3.3608533333333317,29.845657073684947,50.41279999999999
1.0,13.164102564102564,80.16410256410256,26.124953798268653,74.48176247446746,3.4164259313296372,122.5902635930357,3.0,11.533070712965666,45.16277599455306,14.860749927049897,12.294078883377102,0.8973431572804201,94.30114787084698,50.412799999999976,Satisfactory,3.3608533333333317,29.845657073684947,50.41279999999999
1.0,13.164102564102564,80.17051282051281,26.124953798268653,74.48176247446746,3.4164259313296372,122.5902635930357,3.0,11.533070712965666,45.16277599455306,14.860749927049897,12.294078883377102,0.8973431572804201,94.30114787084698,50.57779999999998,Satisfactory,3.3718533333333323,29.910516497713637,50.57779999999999
1.0,13.164102564102564,80.17692307692307,26.124953798268653,74.48176247446746,3.4164259313296372,122.5902635930357,3.0,11.533070712965666,45.16277599455306,14.860749927049897,12.294078883377102,0.8973431572804201,94.30114787084698,50.57779999999998,Satisfactory,3.3718533333333323,29.910516497713637,50.57779999999999
1.0,13.164102564102564,80.18333333333332,26.124953798268653,74.48176247446746,3.4164259313296372,122.5902635930357,3.0,11.533070712965666,45.16277599455306,14.860749927049897,12.294078883377102,0.8973431572804201,94.30114787084698,50.57779999999998,Satisfactory,3.3718533333333323,29.910516497713637,50.57779999999999
1.0,13.164102564102564,80.18974358974359,26.124953798268653,74.48176247446746,3.4164259313296372,122.5902635930357,3.0,11.533070712965666,45.16277599455306,14.860749927049897,12.294078883377102,0.8973431572804201,94.30114787084698,50.57779999999998,Satisfactory,3.3718533333333323,29.910516497713637,50.57779999999999
1.0,13.164102564102564,80.19615384615383,26.124953798268653,74.48176247446746,3.4164259313296372,122.5902635930357,3.0,11.533070712965666,45.16277599455306,14.860749927049897,12.294078883377102,0.8973431572804201,94.30114787084698,50.57779999999998,Satisfactory,3.3718533333333323,29.910516497713637,50.57779999999999
1.0,13.164102564102564,80.2025641025641,26.124953798268653,74.48176247446746,3.4164259313296372,122.5902635930357,3.0,11.533070712965666,45.16277599455306,14.860749927049897,12.294078883377102,0.8973431572804201,94.30114787084698,50.622199999999985,Satisfactory,3.3748133333333326,29.922463754844795,50.622199999999985
1.0,13.164102564102564,80.20897435897436,26.124953798268653,74.48176247446746,3.4164259313296372,122.5902635930357,3.0,11.533070712965666,45.16277599455306,14.860749927049897,12.294078883377102,0.8973431572804201,94.30114787084698,50.805699999999995,Satisfactory,3.387046666666666,29.592256090234148,50.805699999999995
1.0,13.164102564102564,80.21538461538461,26.124953798268653,74.48176247446746,3.4164259313296372,122.5902635930357,3.0,11.533070712965666,45.16277599455306,14.860749927049897,12.294078883377102,0.8973431572804201,94.30114787084698,50.805699999999995,Satisfactory,3.387046666666666,29.592256090234148,50.805699999999995
1.0,13.164102564102564,80.22179487179487,26.124953798268653,74.48176247446746,3.4164259313296372,122.5902635930357,3.0,11.533070712965666,45.16277599455306,14.860749927049897,12.294078883377102,0.8973431572804201,94.30114787084698,50.805699999999995,Satisfactory,3.387046666666666,29.592256090234148,50.805699999999995
1.0,13.164102564102564,80.22820512820512,26.124953798268653,74.48176247446746,3.4164259313296372,122.5902635930357,3.0,11.533070712965666,45.16277599455306,14.860749927049897,12.294078883377102,0.8973431572804201,94.30114787084698,50.805699999999995,Satisfactory,3.387046666666666,29.592256090234148,50.805699999999995
1.0,13.164102564102564,80.23461538461538,26.124953798268653,74.48176247446746,3.4164259313296372,122.5902635930357,3.0,11.533070712965666,45.16277599455306,14.860749927049897,12.294078883377102,0.8973431572804201,94.30114787084698,50.805699999999995,Satisfactory,3.387046666666666,29.592256090234148,50.805699999999995
1.0,13.164102564102564,80.24102564102563,26.124953798268653,74.48176247446746,3.4164259313296372,122.5902635930357,3.0,11.533070712965666,45.16277599455306,14.860749927049897,12.294078883377102,0.8973431572804201,94.30114787084698,50.805699999999995,Satisfactory,3.387046666666666,29.592256090234148,50.805699999999995
1.0,13.164102564102564,80.24743589743589,26.124953798268653,74.48176247446746,3.4164259313296372,122.5902635930357,3.0,11.533070712965666,45.16277599455306,14.860749927049897,12.294078883377102,0.8973431572804201,94.30114787084698,50.6335,Satisfactory,3.3755666666666664,29.419950828476924,50.6335
1.0,13.164102564102564,80.25384615384615,26.124953798268653,74.48176247446746,3.4164259313296372,122.5902635930357,3.0,11.533070712965666,45.16277599455306,14.860749927049897,12.294078883377102,0.8973431572804201,94.30114787084698,50.8137,Satisfactory,3.38758,30.08187752302041,50.8137
1.0,13.164102564102564,80.2602564102564,26.124953798268653,74.48176247446746,3.4164259313296372,122.5902635930357,3.0,11.533070712965666,45.16277599455306,14.860749927049897,12.294078883377102,0.8973431572804201,94.30114787084698,50.8137,Satisfactory,3.38758,30.08187752302041,50.8137
1.0,13.164102564102564,80.26666666666667,26.124953798268653,74.48176247446746,3.4164259313296372,122.5902635930357,3.0,11.533070712965666,45.16277599455306,14.860749927049897,12.294078883377102,0.8973431572804201,94.30114787084698,50.8137,Satisfactory,3.38758,30.08187752302041,50.8137
1.0,13.164102564102564,80.27307692307691,26.124953798268653,74.48176247446746,3.4164259313296372,122.5902635930357,3.0,11.533070712965666,45.16277599455306,14.860749927049897,12.294078883377102,0.8973431572804201,94.30114787084698,50.7363,Satisfactory,3.38242,30.013085901153186,50.7363
1.0,13.164102564102564,80.27948717948718,26.124953798268653,74.48176247446746,3.4164259313296372,122.5902635930357,3.0,11.533070712965666,45.16277599455306,14.860749927049897,12.294078883377102,0.8973431572804201,94.30114787084698,50.7363,Satisfactory,3.38242,30.013085901153186,50.7363
1.0,13.164102564102564,80.28589743589743,26.124953798268653,74.48176247446746,3.4164259313296372,122.5902635930357,3.0,11.533070712965666,45.16277599455306,14.860749927049897,12.294078883377102,0.8973431572804201,94.30114787084698,50.7363,Satisfactory,3.38242,30.013085901153186,50.7363
1.0,13.164102564102564,80.29230769230769,26.124953798268653,74.48176247446746,3.4164259313296372,122.5902635930357,3.0,11.533070712965666,45.16277599455306,14.860749927049897,12.294078883377102,0.8973431572804201,94.30114787084698,50.7363,Satisfactory,3.38242,30.013085901153186,50.7363
1.0,13.164102564102564,80.29871794871794,26.124953798268653,74.48176247446746,3.4164259313296372,122.5902635930357,3.0,11.533070712965666,45.16277599455306,14.860749927049897,12.294078883377102,0.8973431572804201,94.30114787084698,50.7363,Satisfactory,3.38242,30.013085901153186,50.7363
1.0,13.164102564102564,80.3051282051282,26.124953798268653,74.48176247446746,3.4164259313296372,122.5902635930357,3.0,11.533070712965666,45.16277599455306,14.860749927049897,12.294078883377102,0.8973431572804201,94.30114787084698,50.7363,Satisfactory,3.38242,30.013085901153186,50.7363
1.0,13.164102564102564,80.31153846153846,26.124953798268653,74.48176247446746,3.4164259313296372,122.5902635930357,3.0,11.533070712965666,45.16277599455306,14.860749927049897,12.294078883377102,0.8973431572804201,94.30114787084698,50.7363,Satisfactory,3.38242,30.013085901153186,50.7363
1.0,13.164102564102564,80.31794871794871,26.124953798268653,74.48176247446746,3.4164259313296372,122.5902635930357,3.0,11.533070712965666,45.16277599455306,14.860749927049897,12.294078883377102,0.8973431572804201,94.30114787084698,50.7363,Satisfactory,3.38242,30.013085901153186,50.7363
1.0,13.164102564102564,80.32435897435897,26.124953798268653,74.48176247446746,3.4164259313296372,122.5902635930357,3.0,11.533070712965666,45.16277599455306,14.860749927049897,12.294078883377102,0.8973431572804201,94.30114787084698,50.7363,Satisfactory,3.38242,30.013085901153186,50.7363
1.0,13.164102564102564,80.33076923076922,26.124953798268653,74.48176247446746,3.4164259313296372,122.5902635930357,3.0,11.533070712965666,45.16277599455306,14.860749927049897,12.294078883377102,0.8973431572804201,94.30114787084698,50.7363,Satisfactory,3.38242,30.013085901153186,50.7363
1.0,13.164102564102564,80.33717948717948,26.124953798268653,74.48176247446746,3.4164259313296372,122.5902635930357,3.0,11.533070712965666,45.16277599455306,14.860749927049897,12.294078883377102,0.8973431572804201,94.30114787084698,50.7363,Satisfactory,3.38242,30.013085901153186,50.7363
1.0,13.164102564102564,80.34358974358973,26.124953798268653,74.48176247446746,3.4164259313296372,122.5902635930357,3.0,11.533070712965666,45.16277599455306,14.860749927049897,12.294078883377102,0.8973431572804201,94.30114787084698,50.7363,Satisfactory,3.38242,30.013085901153186,50.7363
1.0,13.164102564102564,80.35,26.124953798268653,74.48176247446746,3.4164259313296372,122.5902635930357,3.0,11.533070712965666,45.16277599455306,14.860749927049897,12.294078883377102,0.8973431572804201,94.30114787084698,50.7363,Satisfactory,3.38242,30.013085901153186,50.7363
1.0,13.173076923076922,80.1,26.124953798268653,74.48176247446746,3.4164259313296372,122.5902635930357,3.0,11.533070712965666,45.16277599455306,14.860749927049897,12.294078883377102,0.8973431572804201,94.30114787084698,48.89369999999998,Satisfactory,3.259579999999999,26.44577250355905,48.89369999999999
1.0,13.173076923076922,80.10641025641026,26.124953798268653,74.48176247446746,3.4164259313296372,122.5902635930357,3.0,11.533070712965666,45.16277599455306,14.860749927049897,12.294078883377102,0.8973431572804201,94.30114787084698,48.89369999999998,Satisfactory,3.259579999999999,26.44577250355905,48.89369999999999
1.0,13.173076923076922,80.1128205128205,26.124953798268653,74.48176247446746,3.4164259313296372,122.5902635930357,3.0,11.533070712965666,45.16277599455306,14.860749927049897,12.294078883377102,0.8973431572804201,94.30114787084698,48.89369999999998,Satisfactory,3.259579999999999,26.44577250355905,48.89369999999999
1.0,13.173076923076922,80.11923076923077,26.124953798268653,74.48176247446746,3.4164259313296372,122.5902635930357,3.0,11.533070712965666,45.16277599455306,14.860749927049897,12.294078883377102,0.8973431572804201,94.30114787084698,48.89369999999998,Satisfactory,3.259579999999999,26.44577250355905,48.89369999999999
1.0,13.173076923076922,80.12564102564102,26.124953798268653,74.48176247446746,3.4164259313296372,122.5902635930357,3.0,11.533070712965666,45.16277599455306,14.860749927049897,12.294078883377102,0.8973431572804201,94.30114787084698,48.89369999999998,Satisfactory,3.259579999999999,26.44577250355905,48.89369999999999
1.0,13.173076923076922,80.13205128205128,26.124953798268653,74.48176247446746,3.4164259313296372,122.5902635930357,3.0,11.533070712965666,45.16277599455306,14.860749927049897,12.294078883377102,0.8973431572804201,94.30114787084698,50.412799999999976,Satisfactory,3.3608533333333317,29.845657073684947,50.41279999999999
1.0,13.173076923076922,80.13846153846153,26.124953798268653,74.48176247446746,3.4164259313296372,122.5902635930357,3.0,11.533070712965666,45.16277599455306,14.860749927049897,12.294078883377102,0.8973431572804201,94.30114787084698,50.412799999999976,Satisfactory,3.3608533333333317,29.845657073684947,50.41279999999999
1.0,13.173076923076922,80.14487179487179,26.124953798268653,74.48176247446746,3.4164259313296372,122.5902635930357,3.0,11.533070712965666,45.16277599455306,14.860749927049897,12.294078883377102,0.8973431572804201,94.30114787084698,50.412799999999976,Satisfactory,3.3608533333333317,29.845657073684947,50.41279999999999
1.0,13.173076923076922,80.15128205128205,26.124953798268653,74.48176247446746,3.4164259313296372,122.5902635930357,3.0,11.533070712965666,45.16277599455306,14.860749927049897,12.294078883377102,0.8973431572804201,94.30114787084698,50.412799999999976,Satisfactory,3.3608533333333317,29.845657073684947,50.41279999999999
1.0,13.173076923076922,80.1576923076923,26.124953798268653,74.48176247446746,3.4164259313296372,122.5902635930357,3.0,11.533070712965666,45.16277599455306,14.860749927049897,12.294078883377102,0.8973431572804201,94.30114787084698,50.412799999999976,Satisfactory,3.3608533333333317,29.845657073684947,50.41279999999999
1.0,13.173076923076922,80.16410256410256,26.124953798268653,74.48176247446746,3.4164259313296372,122.5902635930357,3.0,11.533070712965666,45.16277599455306,14.860749927049897,12.294078883377102,0.8973431572804201,94.30114787084698,50.412799999999976,Satisfactory,3.3608533333333317,29.845657073684947,50.41279999999999
1.0,13.173076923076922,80.17051282051281,26.124953798268653,74.48176247446746,3.4164259313296372,122.5902635930357,3.0,11.533070712965666,45.16277599455306,14.860749927049897,12.294078883377102,0.8973431572804201,94.30114787084698,50.57779999999998,Satisfactory,3.3718533333333323,29.910516497713637,50.57779999999999
1.0,13.173076923076922,80.17692307692307,26.124953798268653,74.48176247446746,3.4164259313296372,122.5902635930357,3.0,11.533070712965666,45.16277599455306,14.860749927049897,12.294078883377102,0.8973431572804201,94.30114787084698,50.57779999999998,Satisfactory,3.3718533333333323,29.910516497713637,50.57779999999999
1.0,13.173076923076922,80.18333333333332,26.124953798268653,74.48176247446746,3.4164259313296372,122.5902635930357,3.0,11.533070712965666,45.16277599455306,14.860749927049897,12.294078883377102,0.8973431572804201,94.30114787084698,50.57779999999998,Satisfactory,3.3718533333333323,29.910516497713637,50.57779999999999
1.0,13.173076923076922,80.18974358974359,26.124953798268653,74.48176247446746,3.4164259313296372,122.5902635930357,3.0,11.533070712965666,45.16277599455306,14.860749927049897,12.294078883377102,0.8973431572804201,94.30114787084698,50.57779999999998,Satisfactory,3.3718533333333323,29.910516497713637,50.57779999999999
1.0,13.173076923076922,80.19615384615383,26.124953798268653,74.48176247446746,3.4164259313296372,122.5902635930357,3.0,11.533070712965666,45.16277599455306,14.860749927049897,12.294078883377102,0.8973431572804201,94.30114787084698,50.57779999999998,Satisfactory,3.3718533333333323,29.910516497713637,50.57779999999999
1.0,13.173076923076922,80.2025641025641,26.124953798268653,74.48176247446746,3.4164259313296372,122.5902635930357,3.0,11.533070712965666,45.16277599455306,14.860749927049897,12.294078883377102,0.8973431572804201,94.30114787084698,50.622199999999985,Satisfactory,3.3748133333333326,29.922463754844795,50.622199999999985
1.0,13.173076923076922,80.20897435897436,26.124953798268653,74.48176247446746,3.4164259313296372,122.5902635930357,3.0,11.533070712965666,45.16277599455306,14.860749927049897,12.294078883377102,0.8973431572804201,94.30114787084698,50.805699999999995,Satisfactory,3.387046666666666,29.592256090234148,50.805699999999995
1.0,13.173076923076922,80.21538461538461,26.124953798268653,74.48176247446746,3.4164259313296372,122.5902635930357,3.0,11.533070712965666,45.16277599455306,14.860749927049897,12.294078883377102,0.8973431572804201,94.30114787084698,50.805699999999995,Satisfactory,3.387046666666666,29.592256090234148,50.805699999999995
1.0,13.173076923076922,80.22179487179487,26.124953798268653,74.48176247446746,3.4164259313296372,122.5902635930357,3.0,11.533070712965666,45.16277599455306,14.860749927049897,12.294078883377102,0.8973431572804201,94.30114787084698,50.805699999999995,Satisfactory,3.387046666666666,29.592256090234148,50.805699999999995
1.0,13.173076923076922,80.22820512820512,26.124953798268653,74.48176247446746,3.4164259313296372,122.5902635930357,3.0,11.533070712965666,45.16277599455306,14.860749927049897,12.294078883377102,0.8973431572804201,94.30114787084698,50.805699999999995,Satisfactory,3.387046666666666,29.592256090234148,50.805699999999995
1.0,13.173076923076922,80.23461538461538,26.124953798268653,74.48176247446746,3.4164259313296372,122.5902635930357,3.0,11.533070712965666,45.16277599455306,14.860749927049897,12.294078883377102,0.8973431572804201,94.30114787084698,50.805699999999995,Satisfactory,3.387046666666666,29.592256090234148,50.805699999999995
1.0,13.173076923076922,80.24102564102563,26.124953798268653,74.48176247446746,3.4164259313296372,122.5902635930357,3.0,11.533070712965666,45.16277599455306,14.860749927049897,12.294078883377102,0.8973431572804201,94.30114787084698,50.805699999999995,Satisfactory,3.387046666666666,29.592256090234148,50.805699999999995
1.0,13.173076923076922,80.24743589743589,26.124953798268653,74.48176247446746,3.4164259313296372,122.5902635930357,3.0,11.533070712965666,45.16277599455306,14.860749927049897,12.294078883377102,0.8973431572804201,94.30114787084698,50.6335,Satisfactory,3.3755666666666664,29.419950828476924,50.6335
1.0,13.173076923076922,80.25384615384615,26.124953798268653,74.48176247446746,3.4164259313296372,122.5902635930357,3.0,11.533070712965666,45.16277599455306,14.860749927049897,12.294078883377102,0.8973431572804201,94.30114787084698,50.8137,Satisfactory,3.38758,30.08187752302041,50.8137
1.0,13.173076923076922,80.2602564102564,26.124953798268653,74.48176247446746,3.4164259313296372,122.5902635930357,3.0,11.533070712965666,45.16277599455306,14.860749927049897,12.294078883377102,0.8973431572804201,94.30114787084698,50.8137,Satisfactory,3.38758,30.08187752302041,50.8137
1.0,13.173076923076922,80.26666666666667,26.124953798268653,74.48176247446746,3.4164259313296372,122.5902635930357,3.0,11.533070712965666,45.16277599455306,14.860749927049897,12.294078883377102,0.8973431572804201,94.30114787084698,50.8137,Satisfactory,3.38758,30.08187752302041,50.8137
1.0,13.173076923076922,80.27307692307691,26.124953798268653,74.48176247446746,3.4164259313296372,122.5902635930357,3.0,11.533070712965666,45.16277599455306,14.860749927049897,12.294078883377102,0.8973431572804201,94.30114787084698,50.7363,Satisfactory,3.38242,30.013085901153186,50.7363
1.0,13.173076923076922,80.27948717948718,26.124953798268653,74.48176247446746,3.4164259313296372,122.5902635930357,3.0,11.533070712965666,45.16277599455306,14.860749927049897,12.294078883377102,0.8973431572804201,94.30114787084698,50.7363,Satisfactory,3.38242,30.013085901153186,50.7363
1.0,13.173076923076922,80.28589743589743,26.124953798268653,74.48176247446746,3.4164259313296372,122.5902635930357,3.0,11.533070712965666,45.16277599455306,14.860749927049897,12.294078883377102,0.8973431572804201,94.30114787084698,50.7363,Satisfactory,3.38242,30.013085901153186,50.7363
1.0,13.173076923076922,80.29230769230769,26.124953798268653,74.48176247446746,3.4164259313296372,122.5902635930357,3.0,11.533070712965666,45.16277599455306,14.860749927049897,12.294078883377102,0.8973431572804201,94.30114787084698,50.7363,Satisfactory,3.38242,30.013085901153186,50.7363
1.0,13.173076923076922,80.29871794871794,26.124953798268653,74.48176247446746,3.4164259313296372,122.5902635930357,3.0,11.533070712965666,45.16277599455306,14.860749927049897,12.294078883377102,0.8973431572804201,94.30114787084698,50.7363,Satisfactory,3.38242,30.013085901153186,50.7363
1.0,13.173076923076922,80.3051282051282,26.124953798268653,74.48176247446746,3.4164259313296372,122.5902635930357,3.0,11.533070712965666,45.16277599455306,14.860749927049897,12.294078883377102,0.8973431572804201,94.30114787084698,50.7363,Satisfactory,3.38242,30.013085901153186,50.7363
1.0,13.173076923076922,80.31153846153846,26.124953798268653,74.48176247446746,3.4164259313296372,122.5902635930357,3.0,11.533070712965666,45.16277599455306,14.860749927049897,12.294078883377102,0.8973431572804201,94.30114787084698,50.7363,Satisfactory,3.38242,30.013085901153186,50.7363
1.0,13.173076923076922,80.31794871794871,26.124953798268653,74.48176247446746,3.4164259313296372,122.5902635930357,3.0,11.533070712965666,45.16277599455306,14.860749927049897,12.294078883377102,0.8973431572804201,94.30114787084698,50.7363,Satisfactory,3.38242,30.013085901153186,50.7363
1.0,13.173076923076922,80.32435897435897,26.124953798268653,74.48176247446746,3.4164259313296372,122.5902635930357,3.0,11.533070712965666,45.16277599455306,14.860749927049897,12.294078883377102,0.8973431572804201,94.30114787084698,50.7363,Satisfactory,3.38242,30.013085901153186,50.7363
1.0,13.173076923076922,80.33076923076922,26.124953798268653,74.48176247446746,3.4164259313296372,122.5902635930357,3.0,11.533070712965666,45.16277599455306,14.860749927049897,12.294078883377102,0.8973431572804201,94.30114787084698,50.7363,Satisfactory,3.38242,30.013085901153186,50.7363
1.0,13.173076923076922,80.33717948717948,26.124953798268653,74.48176247446746,3.4164259313296372,122.5902635930357,3.0,11.533070712965666,45.16277599455306,14.860749927049897,12.294078883377102,0.8973431572804201,94.30114787084698,50.7363,Satisfactory,3.38242,30.013085901153186,50.7363
1.0,13.173076923076922,80.34358974358973,26.124953798268653,74.48176247446746,3.4164259313296372,122.5902635930357,3.0,11.533070712965666,45.16277599455306,14.860749927049897,12.294078883377102,0.8973431572804201,94.30114787084698,50.7363,Satisfactory,3.38242,30.013085901153186,50.7363
1.0,13.173076923076922,80.35,26.124953798268653,74.48176247446746,3.4164259313296372,122.5902635930357,3.0,11.533070712965666,45.16277599455306,14.860749927049897,12.294078883377102,0.8973431572804201,94.30114787084698,50.7363,Satisfactory,3.38242,30.013085901153186,50.7363
1.0,13.182051282051281,80.1,26.124953798268653,74.48176247446746,3.4164259313296372,122.5902635930357,3.0,11.533070712965666,45.16277599455306,14.860749927049897,12.294078883377102,0.8973431572804201,94.30114787084698,48.89369999999998,Satisfactory,3.259579999999999,26.44577250355905,48.89369999999999
1.0,13.182051282051281,80.10641025641026,26.124953798268653,74.48176247446746,3.4164259313296372,122.5902635930357,3.0,11.533070712965666,45.16277599455306,14.860749927049897,12.294078883377102,0.8973431572804201,94.30114787084698,48.89369999999998,Satisfactory,3.259579999999999,26.44577250355905,48.89369999999999
1.0,13.182051282051281,80.1128205128205,26.124953798268653,74.48176247446746,3.4164259313296372,122.5902635930357,3.0,11.533070712965666,45.16277599455306,14.860749927049897,12.294078883377102,0.8973431572804201,94.30114787084698,48.89369999999998,Satisfactory,3.259579999999999,26.44577250355905,48.89369999999999
1.0,13.182051282051281,80.11923076923077,26.124953798268653,74.48176247446746,3.4164259313296372,122.5902635930357,3.0,11.533070712965666,45.16277599455306,14.860749927049897,12.294078883377102,0.8973431572804201,94.30114787084698,48.89369999999998,Satisfactory,3.259579999999999,26.44577250355905,48.89369999999999
1.0,13.182051282051281,80.12564102564102,26.124953798268653,74.48176247446746,3.4164259313296372,122.5902635930357,3.0,11.533070712965666,45.16277599455306,14.860749927049897,12.294078883377102,0.8973431572804201,94.30114787084698,48.89369999999998,Satisfactory,3.259579999999999,26.44577250355905,48.89369999999999
1.0,13.182051282051281,80.13205128205128,26.124953798268653,74.48176247446746,3.4164259313296372,122.5902635930357,3.0,11.533070712965666,45.16277599455306,14.860749927049897,12.294078883377102,0.8973431572804201,94.30114787084698,50.412799999999976,Satisfactory,3.3608533333333317,29.845657073684947,50.41279999999999
1.0,13.182051282051281,80.13846153846153,26.124953798268653,74.48176247446746,3.4164259313296372,122.5902635930357,3.0,11.533070712965666,45.16277599455306,14.860749927049897,12.294078883377102,0.8973431572804201,94.30114787084698,50.412799999999976,Satisfactory,3.3608533333333317,29.845657073684947,50.41279999999999
1.0,13.182051282051281,80.14487179487179,26.124953798268653,74.48176247446746,3.4164259313296372,122.5902635930357,3.0,11.533070712965666,45.16277599455306,14.860749927049897,12.294078883377102,0.8973431572804201,94.30114787084698,50.412799999999976,Satisfactory,3.3608533333333317,29.845657073684947,50.41279999999999
1.0,13.182051282051281,80.15128205128205,26.124953798268653,74.48176247446746,3.4164259313296372,122.5902635930357,3.0,11.533070712965666,45.16277599455306,14.860749927049897,12.294078883377102,0.8973431572804201,94.30114787084698,50.412799999999976,Satisfactory,3.3608533333333317,29.845657073684947,50.41279999999999
1.0,13.182051282051281,80.1576923076923,26.124953798268653,74.48176247446746,3.4164259313296372,122.5902635930357,3.0,11.533070712965666,45.16277599455306,14.860749927049897,12.294078883377102,0.8973431572804201,94.30114787084698,50.412799999999976,Satisfactory,3.3608533333333317,29.845657073684947,50.41279999999999
1.0,13.182051282051281,80.16410256410256,26.124953798268653,74.48176247446746,3.4164259313296372,122.5902635930357,3.0,11.533070712965666,45.16277599455306,14.860749927049897,12.294078883377102,0.8973431572804201,94.30114787084698,50.412799999999976,Satisfactory,3.3608533333333317,29.845657073684947,50.41279999999999
1.0,13.182051282051281,80.17051282051281,26.124953798268653,74.48176247446746,3.4164259313296372,122.5902635930357,3.0,11.533070712965666,45.16277599455306,14.860749927049897,12.294078883377102,0.8973431572804201,94.30114787084698,50.57779999999998,Satisfactory,3.3718533333333323,29.910516497713637,50.57779999999999
1.0,13.182051282051281,80.17692307692307,26.124953798268653,74.48176247446746,3.4164259313296372,122.5902635930357,3.0,11.533070712965666,45.16277599455306,14.860749927049897,12.294078883377102,0.8973431572804201,94.30114787084698,50.57779999999998,Satisfactory,3.3718533333333323,29.910516497713637,50.57779999999999
1.0,13.182051282051281,80.18333333333332,26.124953798268653,74.48176247446746,3.4164259313296372,122.5902635930357,3.0,11.533070712965666,45.16277599455306,14.860749927049897,12.294078883377102,0.8973431572804201,94.30114787084698,50.57779999999998,Satisfactory,3.3718533333333323,29.910516497713637,50.57779999999999
1.0,13.182051282051281,80.18974358974359,26.124953798268653,74.48176247446746,3.4164259313296372,122.5902635930357,3.0,11.533070712965666,45.16277599455306,14.860749927049897,12.294078883377102,0.8973431572804201,94.30114787084698,50.57779999999998,Satisfactory,3.3718533333333323,29.910516497713637,50.57779999999999
1.0,13.182051282051281,80.19615384615383,26.124953798268653,74.48176247446746,3.4164259313296372,122.5902635930357,3.0,11.533070712965666,45.16277599455306,14.860749927049897,12.294078883377102,0.8973431572804201,94.30114787084698,50.57779999999998,Satisfactory,3.3718533333333323,29.910516497713637,50.57779999999999
1.0,13.182051282051281,80.2025641025641,26.124953798268653,74.48176247446746,3.4164259313296372,122.5902635930357,3.0,11.533070712965666,45.16277599455306,14.860749927049897,12.294078883377102,0.8973431572804201,94.30114787084698,50.622199999999985,Satisfactory,3.3748133333333326,29.922463754844795,50.622199999999985
1.0,13.182051282051281,80.20897435897436,26.124953798268653,74.48176247446746,3.4164259313296372,122.5902635930357,3.0,11.533070712965666,45.16277599455306,14.860749927049897,12.294078883377102,0.8973431572804201,94.30114787084698,50.805699999999995,Satisfactory,3.387046666666666,29.592256090234148,50.805699999999995
1.0,13.182051282051281,80.21538461538461,26.124953798268653,74.48176247446746,3.4164259313296372,122.5902635930357,3.0,11.533070712965666,45.16277599455306,14.860749927049897,12.294078883377102,0.8973431572804201,94.30114787084698,50.805699999999995,Satisfactory,3.387046666666666,29.592256090234148,50.805699999999995
1.0,13.182051282051281,80.22179487179487,26.124953798268653,74.48176247446746,3.4164259313296372,122.5902635930357,3.0,11.533070712965666,45.16277599455306,14.860749927049897,12.294078883377102,0.8973431572804201,94.30114787084698,50.805699999999995,Satisfactory,3.387046666666666,29.592256090234148,50.805699999999995
1.0,13.182051282051281,80.22820512820512,26.124953798268653,74.48176247446746,3.4164259313296372,122.5902635930357,3.0,11.533070712965666,45.16277599455306,14.860749927049897,12.294078883377102,0.8973431572804201,94.30114787084698,50.805699999999995,Satisfactory,3.387046666666666,29.592256090234148,50.805699999999995
1.0,13.182051282051281,80.23461538461538,26.124953798268653,74.48176247446746,3.4164259313296372,122.5902635930357,3.0,11.533070712965666,45.16277599455306,14.860749927049897,12.294078883377102,0.8973431572804201,94.30114787084698,50.805699999999995,Satisfactory,3.387046666666666,29.592256090234148,50.805699999999995
1.0,13.182051282051281,80.24102564102563,26.124953798268653,74.48176247446746,3.4164259313296372,122.5902635930357,3.0,11.533070712965666,45.16277599455306,14.860749927049897,12.294078883377102,0.8973431572804201,94.30114787084698,50.805699999999995,Satisfactory,3.387046666666666,29.592256090234148,50.805699999999995
1.0,13.182051282051281,80.24743589743589,26.124953798268653,74.48176247446746,3.4164259313296372,122.5902635930357,3.0,11.533070712965666,45.16277599455306,14.860749927049897,12.294078883377102,0.8973431572804201,94.30114787084698,50.6335,Satisfactory,3.3755666666666664,29.419950828476924,50.6335
1.0,13.182051282051281,80.25384615384615,26.124953798268653,74.48176247446746,3.4164259313296372,122.5902635930357,3.0,11.533070712965666,45.16277599455306,14.860749927049897,12.294078883377102,0.8973431572804201,94.30114787084698,50.8137,Satisfactory,3.38758,30.08187752302041,50.8137
1.0,13.182051282051281,80.2602564102564,26.124953798268653,74.48176247446746,3.4164259313296372,122.5902635930357,3.0,11.533070712965666,45.16277599455306,14.860749927049897,12.294078883377102,0.8973431572804201,94.30114787084698,50.8137,Satisfactory,3.38758,30.08187752302041,50.8137
1.0,13.182051282051281,80.26666666666667,26.124953798268653,74.48176247446746,3.4164259313296372,122.5902635930357,3.0,11.533070712965666,45.16277599455306,14.860749927049897,12.294078883377102,0.8973431572804201,94.30114787084698,50.8137,Satisfactory,3.38758,30.08187752302041,50.8137
1.0,13.182051282051281,80.27307692307691,26.124953798268653,74.48176247446746,3.4164259313296372,122.5902635930357,3.0,11.533070712965666,45.16277599455306,14.860749927049897,12.294078883377102,0.8973431572804201,94.30114787084698,50.7363,Satisfactory,3.38242,30.013085901153186,50.7363
1.0,13.182051282051281,80.27948717948718,26.124953798268653,74.48176247446746,3.4164259313296372,122.5902635930357,3.0,11.533070712965666,45.16277599455306,14.860749927049897,12.294078883377102,0.8973431572804201,94.30114787084698,50.7363,Satisfactory,3.38242,30.013085901153186,50.7363
1.0,13.182051282051281,80.28589743589743,26.124953798268653,74.48176247446746,3.4164259313296372,122.5902635930357,3.0,11.533070712965666,45.16277599455306,14.860749927049897,12.294078883377102,0.8973431572804201,94.30114787084698,50.7363,Satisfactory,3.38242,30.013085901153186,50.7363
1.0,13.182051282051281,80.29230769230769,26.124953798268653,74.48176247446746,3.4164259313296372,122.5902635930357,3.0,11.533070712965666,45.16277599455306,14.860749927049897,12.294078883377102,0.8973431572804201,94.30114787084698,50.7363,Satisfactory,3.38242,30.013085901153186,50.7363
1.0,13.182051282051281,80.29871794871794,26.124953798268653,74.48176247446746,3.4164259313296372,122.5902635930357,3.0,11.533070712965666,45.16277599455306,14.860749927049897,12.294078883377102,0.8973431572804201,94.30114787084698,50.7363,Satisfactory,3.38242,30.013085901153186,50.7363
1.0,13.182051282051281,80.3051282051282,26.124953798268653,74.48176247446746,3.4164259313296372,122.5902635930357,3.0,11.533070712965666,45.16277599455306,14.860749927049897,12.294078883377102,0.8973431572804201,94.30114787084698,50.7363,Satisfactory,3.38242,30.013085901153186,50.7363
1.0,13.182051282051281,80.31153846153846,26.124953798268653,74.48176247446746,3.4164259313296372,122.5902635930357,3.0,11.533070712965666,45.16277599455306,14.860749927049897,12.294078883377102,0.8973431572804201,94.30114787084698,50.7363,Satisfactory,3.38242,30.013085901153186,50.7363
1.0,13.182051282051281,80.31794871794871,26.124953798268653,74.48176247446746,3.4164259313296372,122.5902635930357,3.0,11.533070712965666,45.16277599455306,14.860749927049897,12.294078883377102,0.8973431572804201,94.30114787084698,50.7363,Satisfactory,3.38242,30.013085901153186,50.7363
1.0,13.182051282051281,80.32435897435897,26.124953798268653,74.48176247446746,3.4164259313296372,122.5902635930357,3.0,11.533070712965666,45.16277599455306,14.860749927049897,12.294078883377102,0.8973431572804201,94.30114787084698,50.7363,Satisfactory,3.38242,30.013085901153186,50.7363
1.0,13.182051282051281,80.33076923076922,26.124953798268653,74.48176247446746,3.4164259313296372,122.5902635930357,3.0,11.533070712965666,45.16277599455306,14.860749927049897,12.294078883377102,0.8973431572804201,94.30114787084698,50.7363,Satisfactory,3.38242,30.013085901153186,50.7363
1.0,13.182051282051281,80.33717948717948,26.124953798268653,74.48176247446746,3.4164259313296372,122.5902635930357,3.0,11.533070712965666,45.16277599455306,14.860749927049897,12.294078883377102,0.8973431572804201,94.30114787084698,50.7363,Satisfactory,3.38242,30.013085901153186,50.7363
1.0,13.182051282051281,80.34358974358973,26.124953798268653,74.48176247446746,3.4164259313296372,122.5902635930357,3.0,11.533070712965666,45.16277599455306,14.860749927049897,12.294078883377102,0.8973431572804201,94.30114787084698,50.7363,Satisfactory,3.38242,30.013085901153186,50.7363
1.0,13.182051282051281,80.35,26.124953798268653,74.48176247446746,3.4164259313296372,122.5902635930357,3.0,11.533070712965666,45.16277599455306,14.860749927049897,12.294078883377102,0.8973431572804201,94.30114787084698,50.7363,Satisfactory,3.38242,30.013085901153186,50.7363
1.0,13.19102564102564,80.1,26.124953798268653,74.48176247446746,3.4164259313296372,122.5902635930357,3.0,11.533070712965666,45.16277599455306,14.860749927049897,12.294078883377102,0.8973431572804201,94.30114787084698,48.89369999999998,Satisfactory,3.259579999999999,26.44577250355905,48.89369999999999
1.0,13.19102564102564,80.10641025641026,26.124953798268653,74.48176247446746,3.4164259313296372,122.5902635930357,3.0,11.533070712965666,45.16277599455306,14.860749927049897,12.294078883377102,0.8973431572804201,94.30114787084698,48.89369999999998,Satisfactory,3.259579999999999,26.44577250355905,48.89369999999999
1.0,13.19102564102564,80.1128205128205,26.124953798268653,74.48176247446746,3.4164259313296372,122.5902635930357,3.0,11.533070712965666,45.16277599455306,14.860749927049897,12.294078883377102,0.8973431572804201,94.30114787084698,48.89369999999998,Satisfactory,3.259579999999999,26.44577250355905,48.89369999999999
1.0,13.19102564102564,80.11923076923077,26.124953798268653,74.48176247446746,3.4164259313296372,122.5902635930357,3.0,11.533070712965666,45.16277599455306,14.860749927049897,12.294078883377102,0.8973431572804201,94.30114787084698,48.89369999999998,Satisfactory,3.259579999999999,26.44577250355905,48.89369999999999
1.0,13.19102564102564,80.12564102564102,26.124953798268653,74.48176247446746,3.4164259313296372,122.5902635930357,3.0,11.533070712965666,45.16277599455306,14.860749927049897,12.294078883377102,0.8973431572804201,94.30114787084698,48.89369999999998,Satisfactory,3.259579999999999,26.44577250355905,48.89369999999999
1.0,13.19102564102564,80.13205128205128,26.124953798268653,74.48176247446746,3.4164259313296372,122.5902635930357,3.0,11.533070712965666,45.16277599455306,14.860749927049897,12.294078883377102,0.8973431572804201,94.30114787084698,50.412799999999976,Satisfactory,3.3608533333333317,29.845657073684947,50.41279999999999
1.0,13.19102564102564,80.13846153846153,26.124953798268653,74.48176247446746,3.4164259313296372,122.5902635930357,3.0,11.533070712965666,45.16277599455306,14.860749927049897,12.294078883377102,0.8973431572804201,94.30114787084698,50.412799999999976,Satisfactory,3.3608533333333317,29.845657073684947,50.41279999999999
1.0,13.19102564102564,80.14487179487179,26.124953798268653,74.48176247446746,3.4164259313296372,122.5902635930357,3.0,11.533070712965666,45.16277599455306,14.860749927049897,12.294078883377102,0.8973431572804201,94.30114787084698,50.412799999999976,Satisfactory,3.3608533333333317,29.845657073684947,50.41279999999999
1.0,13.19102564102564,80.15128205128205,26.124953798268653,74.48176247446746,3.4164259313296372,122.5902635930357,3.0,11.533070712965666,45.16277599455306,14.860749927049897,12.294078883377102,0.8973431572804201,94.30114787084698,50.412799999999976,Satisfactory,3.3608533333333317,29.845657073684947,50.41279999999999
1.0,13.19102564102564,80.1576923076923,26.124953798268653,74.48176247446746,3.4164259313296372,122.5902635930357,3.0,11.533070712965666,45.16277599455306,14.860749927049897,12.294078883377102,0.8973431572804201,94.30114787084698,50.412799999999976,Satisfactory,3.3608533333333317,29.845657073684947,50.41279999999999
1.0,13.19102564102564,80.16410256410256,26.124953798268653,74.48176247446746,3.4164259313296372,122.5902635930357,3.0,11.533070712965666,45.16277599455306,14.860749927049897,12.294078883377102,0.8973431572804201,94.30114787084698,50.412799999999976,Satisfactory,3.3608533333333317,29.845657073684947,50.41279999999999
1.0,13.19102564102564,80.17051282051281,26.124953798268653,74.48176247446746,3.4164259313296372,122.5902635930357,3.0,11.533070712965666,45.16277599455306,14.860749927049897,12.294078883377102,0.8973431572804201,94.30114787084698,50.57779999999998,Satisfactory,3.3718533333333323,29.910516497713637,50.57779999999999
1.0,13.19102564102564,80.17692307692307,26.124953798268653,74.48176247446746,3.4164259313296372,122.5902635930357,3.0,11.533070712965666,45.16277599455306,14.860749927049897,12.294078883377102,0.8973431572804201,94.30114787084698,50.57779999999998,Satisfactory,3.3718533333333323,29.910516497713637,50.57779999999999
1.0,13.19102564102564,80.18333333333332,26.124953798268653,74.48176247446746,3.4164259313296372,122.5902635930357,3.0,11.533070712965666,45.16277599455306,14.860749927049897,12.294078883377102,0.8973431572804201,94.30114787084698,50.57779999999998,Satisfactory,3.3718533333333323,29.910516497713637,50.57779999999999
1.0,13.19102564102564,80.18974358974359,26.124953798268653,74.48176247446746,3.4164259313296372,122.5902635930357,3.0,11.533070712965666,45.16277599455306,14.860749927049897,12.294078883377102,0.8973431572804201,94.30114787084698,50.57779999999998,Satisfactory,3.3718533333333323,29.910516497713637,50.57779999999999
1.0,13.19102564102564,80.19615384615383,26.124953798268653,74.48176247446746,3.4164259313296372,122.5902635930357,3.0,11.533070712965666,45.16277599455306,14.860749927049897,12.294078883377102,0.8973431572804201,94.30114787084698,50.57779999999998,Satisfactory,3.3718533333333323,29.910516497713637,50.57779999999999
1.0,13.19102564102564,80.2025641025641,26.124953798268653,74.48176247446746,3.4164259313296372,122.5902635930357,3.0,11.533070712965666,45.16277599455306,14.860749927049897,12.294078883377102,0.8973431572804201,94.30114787084698,50.622199999999985,Satisfactory,3.3748133333333326,29.922463754844795,50.622199999999985
1.0,13.19102564102564,80.20897435897436,26.124953798268653,74.48176247446746,3.4164259313296372,122.5902635930357,3.0,11.533070712965666,45.16277599455306,14.860749927049897,12.294078883377102,0.8973431572804201,94.30114787084698,50.805699999999995,Satisfactory,3.387046666666666,29.592256090234148,50.805699999999995
1.0,13.19102564102564,80.21538461538461,26.124953798268653,74.48176247446746,3.4164259313296372,122.5902635930357,3.0,11.533070712965666,45.16277599455306,14.860749927049897,12.294078883377102,0.8973431572804201,94.30114787084698,50.805699999999995,Satisfactory,3.387046666666666,29.592256090234148,50.805699999999995
1.0,13.19102564102564,80.22179487179487,26.124953798268653,74.48176247446746,3.4164259313296372,122.5902635930357,3.0,11.533070712965666,45.16277599455306,14.860749927049897,12.294078883377102,0.8973431572804201,94.30114787084698,50.805699999999995,Satisfactory,3.387046666666666,29.592256090234148,50.805699999999995
1.0,13.19102564102564,80.22820512820512,26.124953798268653,74.48176247446746,3.4164259313296372,122.5902635930357,3.0,11.533070712965666,45.16277599455306,14.860749927049897,12.294078883377102,0.8973431572804201,94.30114787084698,50.805699999999995,Satisfactory,3.387046666666666,29.592256090234148,50.805699999999995
1.0,13.19102564102564,80.23461538461538,26.124953798268653,74.48176247446746,3.4164259313296372,122.5902635930357,3.0,11.533070712965666,45.16277599455306,14.860749927049897,12.294078883377102,0.8973431572804201,94.30114787084698,50.805699999999995,Satisfactory,3.387046666666666,29.592256090234148,50.805699999999995
1.0,13.19102564102564,80.24102564102563,26.124953798268653,74.48176247446746,3.4164259313296372,122.5902635930357,3.0,11.533070712965666,45.16277599455306,14.860749927049897,12.294078883377102,0.8973431572804201,94.30114787084698,50.805699999999995,Satisfactory,3.387046666666666,29.592256090234148,50.805699999999995
1.0,13.19102564102564,80.24743589743589,26.124953798268653,74.48176247446746,3.4164259313296372,122.5902635930357,3.0,11.533070712965666,45.16277599455306,14.860749927049897,12.294078883377102,0.8973431572804201,94.30114787084698,50.6335,Satisfactory,3.3755666666666664,29.419950828476924,50.6335
1.0,13.19102564102564,80.25384615384615,26.124953798268653,74.48176247446746,3.4164259313296372,122.5902635930357,3.0,11.533070712965666,45.16277599455306,14.860749927049897,12.294078883377102,0.8973431572804201,94.30114787084698,50.8137,Satisfactory,3.38758,30.08187752302041,50.8137
1.0,13.19102564102564,80.2602564102564,26.124953798268653,74.48176247446746,3.4164259313296372,122.5902635930357,3.0,11.533070712965666,45.16277599455306,14.860749927049897,12.294078883377102,0.8973431572804201,94.30114787084698,50.8137,Satisfactory,3.38758,30.08187752302041,50.8137
1.0,13.19102564102564,80.26666666666667,26.124953798268653,74.48176247446746,3.4164259313296372,122.5902635930357,3.0,11.533070712965666,45.16277599455306,14.860749927049897,12.294078883377102,0.8973431572804201,94.30114787084698,50.8137,Satisfactory,3.38758,30.08187752302041,50.8137
1.0,13.19102564102564,80.27307692307691,26.124953798268653,74.48176247446746,3.4164259313296372,122.5902635930357,3.0,11.533070712965666,45.16277599455306,14.860749927049897,12.294078883377102,0.8973431572804201,94.30114787084698,50.7363,Satisfactory,3.38242,30.013085901153186,50.7363
1.0,13.19102564102564,80.27948717948718,26.124953798268653,74.48176247446746,3.4164259313296372,122.5902635930357,3.0,11.533070712965666,45.16277599455306,14.860749927049897,12.294078883377102,0.8973431572804201,94.30114787084698,50.7363,Satisfactory,3.38242,30.013085901153186,50.7363
1.0,13.19102564102564,80.28589743589743,26.124953798268653,74.48176247446746,3.4164259313296372,122.5902635930357,3.0,11.533070712965666,45.16277599455306,14.860749927049897,12.294078883377102,0.8973431572804201,94.30114787084698,50.7363,Satisfactory,3.38242,30.013085901153186,50.7363
1.0,13.19102564102564,80.29230769230769,26.124953798268653,74.48176247446746,3.4164259313296372,122.5902635930357,3.0,11.533070712965666,45.16277599455306,14.860749927049897,12.294078883377102,0.8973431572804201,94.30114787084698,50.7363,Satisfactory,3.38242,30.013085901153186,50.7363
1.0,13.19102564102564,80.29871794871794,26.124953798268653,74.48176247446746,3.4164259313296372,122.5902635930357,3.0,11.533070712965666,45.16277599455306,14.860749927049897,12.294078883377102,0.8973431572804201,94.30114787084698,50.7363,Satisfactory,3.38242,30.013085901153186,50.7363
1.0,13.19102564102564,80.3051282051282,26.124953798268653,74.48176247446746,3.4164259313296372,122.5902635930357,3.0,11.533070712965666,45.16277599455306,14.860749927049897,12.294078883377102,0.8973431572804201,94.30114787084698,50.7363,Satisfactory,3.38242,30.013085901153186,50.7363
1.0,13.19102564102564,80.31153846153846,26.124953798268653,74.48176247446746,3.4164259313296372,122.5902635930357,3.0,11.533070712965666,45.16277599455306,14.860749927049897,12.294078883377102,0.8973431572804201,94.30114787084698,50.7363,Satisfactory,3.38242,30.013085901153186,50.7363
1.0,13.19102564102564,80.31794871794871,26.124953798268653,74.48176247446746,3.4164259313296372,122.5902635930357,3.0,11.533070712965666,45.16277599455306,14.860749927049897,12.294078883377102,0.8973431572804201,94.30114787084698,50.7363,Satisfactory,3.38242,30.013085901153186,50.7363
1.0,13.19102564102564,80.32435897435897,26.124953798268653,74.48176247446746,3.4164259313296372,122.5902635930357,3.0,11.533070712965666,45.16277599455306,14.860749927049897,12.294078883377102,0.8973431572804201,94.30114787084698,50.7363,Satisfactory,3.38242,30.013085901153186,50.7363
1.0,13.19102564102564,80.33076923076922,26.124953798268653,74.48176247446746,3.4164259313296372,122.5902635930357,3.0,11.533070712965666,45.16277599455306,14.860749927049897,12.294078883377102,0.8973431572804201,94.30114787084698,50.7363,Satisfactory,3.38242,30.013085901153186,50.7363
1.0,13.19102564102564,80.33717948717948,26.124953798268653,74.48176247446746,3.4164259313296372,122.5902635930357,3.0,11.533070712965666,45.16277599455306,14.860749927049897,12.294078883377102,0.8973431572804201,94.30114787084698,50.7363,Satisfactory,3.38242,30.013085901153186,50.7363
1.0,13.19102564102564,80.34358974358973,26.124953798268653,74.48176247446746,3.4164259313296372,122.5902635930357,3.0,11.533070712965666,45.16277599455306,14.860749927049897,12.294078883377102,0.8973431572804201,94.30114787084698,50.7363,Satisfactory,3.38242,30.013085901153186,50.7363
1.0,13.19102564102564,80.35,26.124953798268653,74.48176247446746,3.4164259313296372,122.5902635930357,3.0,11.533070712965666,45.16277599455306,14.860749927049897,12.294078883377102,0.8973431572804201,94.30114787084698,50.7363,Satisfactory,3.38242,30.013085901153186,50.7363
1.0,13.2,80.1,26.124953798268653,74.48176247446746,3.4164259313296372,122.5902635930357,3.0,11.533070712965666,45.16277599455306,14.860749927049897,12.294078883377102,0.8973431572804201,94.30114787084698,48.89369999999998,Satisfactory,3.259579999999999,26.44577250355905,48.89369999999999
1.0,13.2,80.10641025641026,26.124953798268653,74.48176247446746,3.4164259313296372,122.5902635930357,3.0,11.533070712965666,45.16277599455306,14.860749927049897,12.294078883377102,0.8973431572804201,94.30114787084698,48.89369999999998,Satisfactory,3.259579999999999,26.44577250355905,48.89369999999999
1.0,13.2,80.1128205128205,26.124953798268653,74.48176247446746,3.4164259313296372,122.5902635930357,3.0,11.533070712965666,45.16277599455306,14.860749927049897,12.294078883377102,0.8973431572804201,94.30114787084698,48.89369999999998,Satisfactory,3.259579999999999,26.44577250355905,48.89369999999999
1.0,13.2,80.11923076923077,26.124953798268653,74.48176247446746,3.4164259313296372,122.5902635930357,3.0,11.533070712965666,45.16277599455306,14.860749927049897,12.294078883377102,0.8973431572804201,94.30114787084698,48.89369999999998,Satisfactory,3.259579999999999,26.44577250355905,48.89369999999999
1.0,13.2,80.12564102564102,26.124953798268653,74.48176247446746,3.4164259313296372,122.5902635930357,3.0,11.533070712965666,45.16277599455306,14.860749927049897,12.294078883377102,0.8973431572804201,94.30114787084698,48.89369999999998,Satisfactory,3.259579999999999,26.44577250355905,48.89369999999999
1.0,13.2,80.13205128205128,26.124953798268653,74.48176247446746,3.4164259313296372,122.5902635930357,3.0,11.533070712965666,45.16277599455306,14.860749927049897,12.294078883377102,0.8973431572804201,94.30114787084698,50.412799999999976,Satisfactory,3.3608533333333317,29.845657073684947,50.41279999999999
1.0,13.2,80.13846153846153,26.124953798268653,74.48176247446746,3.4164259313296372,122.5902635930357,3.0,11.533070712965666,45.16277599455306,14.860749927049897,12.294078883377102,0.8973431572804201,94.30114787084698,50.412799999999976,Satisfactory,3.3608533333333317,29.845657073684947,50.41279999999999
1.0,13.2,80.14487179487179,26.124953798268653,74.48176247446746,3.4164259313296372,122.5902635930357,3.0,11.533070712965666,45.16277599455306,14.860749927049897,12.294078883377102,0.8973431572804201,94.30114787084698,50.412799999999976,Satisfactory,3.3608533333333317,29.845657073684947,50.41279999999999
1.0,13.2,80.15128205128205,26.124953798268653,74.48176247446746,3.4164259313296372,122.5902635930357,3.0,11.533070712965666,45.16277599455306,14.860749927049897,12.294078883377102,0.8973431572804201,94.30114787084698,50.412799999999976,Satisfactory,3.3608533333333317,29.845657073684947,50.41279999999999
1.0,13.2,80.1576923076923,26.124953798268653,74.48176247446746,3.4164259313296372,122.5902635930357,3.0,11.533070712965666,45.16277599455306,14.860749927049897,12.294078883377102,0.8973431572804201,94.30114787084698,50.412799999999976,Satisfactory,3.3608533333333317,29.845657073684947,50.41279999999999
1.0,13.2,80.16410256410256,26.124953798268653,74.48176247446746,3.4164259313296372,122.5902635930357,3.0,11.533070712965666,45.16277599455306,14.860749927049897,12.294078883377102,0.8973431572804201,94.30114787084698,50.412799999999976,Satisfactory,3.3608533333333317,29.845657073684947,50.41279999999999
1.0,13.2,80.17051282051281,26.124953798268653,74.48176247446746,3.4164259313296372,122.5902635930357,3.0,11.533070712965666,45.16277599455306,14.860749927049897,12.294078883377102,0.8973431572804201,94.30114787084698,50.57779999999998,Satisfactory,3.3718533333333323,29.910516497713637,50.57779999999999
1.0,13.2,80.17692307692307,26.124953798268653,74.48176247446746,3.4164259313296372,122.5902635930357,3.0,11.533070712965666,45.16277599455306,14.860749927049897,12.294078883377102,0.8973431572804201,94.30114787084698,50.57779999999998,Satisfactory,3.3718533333333323,29.910516497713637,50.57779999999999
1.0,13.2,80.18333333333332,26.124953798268653,74.48176247446746,3.4164259313296372,122.5902635930357,3.0,11.533070712965666,45.16277599455306,14.860749927049897,12.294078883377102,0.8973431572804201,94.30114787084698,50.57779999999998,Satisfactory,3.3718533333333323,29.910516497713637,50.57779999999999
1.0,13.2,80.18974358974359,26.124953798268653,74.48176247446746,3.4164259313296372,122.5902635930357,3.0,11.533070712965666,45.16277599455306,14.860749927049897,12.294078883377102,0.8973431572804201,94.30114787084698,50.57779999999998,Satisfactory,3.3718533333333323,29.910516497713637,50.57779999999999
1.0,13.2,80.19615384615383,26.124953798268653,74.48176247446746,3.4164259313296372,122.5902635930357,3.0,11.533070712965666,45.16277599455306,14.860749927049897,12.294078883377102,0.8973431572804201,94.30114787084698,50.57779999999998,Satisfactory,3.3718533333333323,29.910516497713637,50.57779999999999
1.0,13.2,80.2025641025641,26.124953798268653,74.48176247446746,3.4164259313296372,122.5902635930357,3.0,11.533070712965666,45.16277599455306,14.860749927049897,12.294078883377102,0.8973431572804201,94.30114787084698,50.622199999999985,Satisfactory,3.3748133333333326,29.922463754844795,50.622199999999985
1.0,13.2,80.20897435897436,26.124953798268653,74.48176247446746,3.4164259313296372,122.5902635930357,3.0,11.533070712965666,45.16277599455306,14.860749927049897,12.294078883377102,0.8973431572804201,94.30114787084698,50.805699999999995,Satisfactory,3.387046666666666,29.592256090234148,50.805699999999995
1.0,13.2,80.21538461538461,26.124953798268653,74.48176247446746,3.4164259313296372,122.5902635930357,3.0,11.533070712965666,45.16277599455306,14.860749927049897,12.294078883377102,0.8973431572804201,94.30114787084698,50.805699999999995,Satisfactory,3.387046666666666,29.592256090234148,50.805699999999995
1.0,13.2,80.22179487179487,26.124953798268653,74.48176247446746,3.4164259313296372,122.5902635930357,3.0,11.533070712965666,45.16277599455306,14.860749927049897,12.294078883377102,0.8973431572804201,94.30114787084698,50.805699999999995,Satisfactory,3.387046666666666,29.592256090234148,50.805699999999995
1.0,13.2,80.22820512820512,26.124953798268653,74.48176247446746,3.4164259313296372,122.5902635930357,3.0,11.533070712965666,45.16277599455306,14.860749927049897,12.294078883377102,0.8973431572804201,94.30114787084698,50.805699999999995,Satisfactory,3.387046666666666,29.592256090234148,50.805699999999995
1.0,13.2,80.23461538461538,26.124953798268653,74.48176247446746,3.4164259313296372,122.5902635930357,3.0,11.533070712965666,45.16277599455306,14.860749927049897,12.294078883377102,0.8973431572804201,94.30114787084698,50.805699999999995,Satisfactory,3.387046666666666,29.592256090234148,50.805699999999995
1.0,13.2,80.24102564102563,26.124953798268653,74.48176247446746,3.4164259313296372,122.5902635930357,3.0,11.533070712965666,45.16277599455306,14.860749927049897,12.294078883377102,0.8973431572804201,94.30114787084698,50.805699999999995,Satisfactory,3.387046666666666,29.592256090234148,50.805699999999995
1.0,13.2,80.24743589743589,26.124953798268653,74.48176247446746,3.4164259313296372,122.5902635930357,3.0,11.533070712965666,45.16277599455306,14.860749927049897,12.294078883377102,0.8973431572804201,94.30114787084698,50.6335,Satisfactory,3.3755666666666664,29.419950828476924,50.6335
1.0,13.2,80.25384615384615,26.124953798268653,74.48176247446746,3.4164259313296372,122.5902635930357,3.0,11.533070712965666,45.16277599455306,14.860749927049897,12.294078883377102,0.8973431572804201,94.30114787084698,50.8137,Satisfactory,3.38758,30.08187752302041,50.8137
1.0,13.2,80.2602564102564,26.124953798268653,74.48176247446746,3.4164259313296372,122.5902635930357,3.0,11.533070712965666,45.16277599455306,14.860749927049897,12.294078883377102,0.8973431572804201,94.30114787084698,50.8137,Satisfactory,3.38758,30.08187752302041,50.8137
1.0,13.2,80.26666666666667,26.124953798268653,74.48176247446746,3.4164259313296372,122.5902635930357,3.0,11.533070712965666,45.16277599455306,14.860749927049897,12.294078883377102,0.8973431572804201,94.30114787084698,50.8137,Satisfactory,3.38758,30.08187752302041,50.8137
1.0,13.2,80.27307692307691,26.124953798268653,74.48176247446746,3.4164259313296372,122.5902635930357,3.0,11.533070712965666,45.16277599455306,14.860749927049897,12.294078883377102,0.8973431572804201,94.30114787084698,50.7363,Satisfactory,3.38242,30.013085901153186,50.7363
1.0,13.2,80.27948717948718,26.124953798268653,74.48176247446746,3.4164259313296372,122.5902635930357,3.0,11.533070712965666,45.16277599455306,14.860749927049897,12.294078883377102,0.8973431572804201,94.30114787084698,50.7363,Satisfactory,3.38242,30.013085901153186,50.7363
1.0,13.2,80.28589743589743,26.124953798268653,74.48176247446746,3.4164259313296372,122.5902635930357,3.0,11.533070712965666,45.16277599455306,14.860749927049897,12.294078883377102,0.8973431572804201,94.30114787084698,50.7363,Satisfactory,3.38242,30.013085901153186,50.7363
1.0,13.2,80.29230769230769,26.124953798268653,74.48176247446746,3.4164259313296372,122.5902635930357,3.0,11.533070712965666,45.16277599455306,14.860749927049897,12.294078883377102,0.8973431572804201,94.30114787084698,50.7363,Satisfactory,3.38242,30.013085901153186,50.7363
1.0,13.2,80.29871794871794,26.124953798268653,74.48176247446746,3.4164259313296372,122.5902635930357,3.0,11.533070712965666,45.16277599455306,14.860749927049897,12.294078883377102,0.8973431572804201,94.30114787084698,50.7363,Satisfactory,3.38242,30.013085901153186,50.7363
1.0,13.2,80.3051282051282,26.124953798268653,74.48176247446746,3.4164259313296372,122.5902635930357,3.0,11.533070712965666,45.16277599455306,14.860749927049897,12.294078883377102,0.8973431572804201,94.30114787084698,50.7363,Satisfactory,3.38242,30.013085901153186,50.7363
1.0,13.2,80.31153846153846,26.124953798268653,74.48176247446746,3.4164259313296372,122.5902635930357,3.0,11.533070712965666,45.16277599455306,14.860749927049897,12.294078883377102,0.8973431572804201,94.30114787084698,50.7363,Satisfactory,3.38242,30.013085901153186,50.7363
1.0,13.2,80.31794871794871,26.124953798268653,74.48176247446746,3.4164259313296372,122.5902635930357,3.0,11.533070712965666,45.16277599455306,14.860749927049897,12.294078883377102,0.8973431572804201,94.30114787084698,50.7363,Satisfactory,3.38242,30.013085901153186,50.7363
1.0,13.2,80.32435897435897,26.124953798268653,74.48176247446746,3.4164259313296372,122.5902635930357,3.0,11.533070712965666,45.16277599455306,14.860749927049897,12.294078883377102,0.8973431572804201,94.30114787084698,50.7363,Satisfactory,3.38242,30.013085901153186,50.7363
1.0,13.2,80.33076923076922,26.124953798268653,74.48176247446746,3.4164259313296372,122.5902635930357,3.0,11.533070712965666,45.16277599455306,14.860749927049897,12.294078883377102,0.8973431572804201,94.30114787084698,50.7363,Satisfactory,3.38242,30.013085901153186,50.7363
1.0,13.2,80.33717948717948,26.124953798268653,74.48176247446746,3.4164259313296372,122.5902635930357,3.0,11.533070712965666,45.16277599455306,14.860749927049897,12.294078883377102,0.8973431572804201,94.30114787084698,50.7363,Satisfactory,3.38242,30.013085901153186,50.7363
1.0,13.2,80.34358974358973,26.124953798268653,74.48176247446746,3.4164259313296372,122.5902635930357,3.0,11.533070712965666,45.16277599455306,14.860749927049897,12.294078883377102,0.8973431572804201,94.30114787084698,50.7363,Satisfactory,3.38242,30.013085901153186,50.7363
1.0,13.2,80.35,26.124953798268653,74.48176247446746,3.4164259313296372,122.5902635930357,3.0,11.533070712965666,45.16277599455306,14.860749927049897,12.294078883377102,0.8973431572804201,94.30114787084698,50.7363,Satisfactory,3.38242,30.013085901153186,50.7363
