city_encoded,lat,lon,temperature,humidity,wind_speed,wind_deg,road_density,hour,day_of_year,NO2,SO2,CO,PM10,predicted_pm25,aqi_category,who_exceedance,rf_std,rf_mean
2.0,28.5,77.0,16.030940419738016,67.66871684116626,2.7437053382787924,227.1553594065449,3.0,11.50711301000047,45.13066341142777,51.59777031785529,16.941888821071412,1.4808460491102868,238.39435560354946,134.80209999999994,Very Poor,8.986806666666663,13.756805173803983,134.80209999999997
2.0,28.5,77.0097435897436,16.030940419738016,67.66871684116626,2.7437053382787924,227.1553594065449,3.0,11.50711301000047,45.13066341142777,51.59777031785529,16.941888821071412,1.4808460491102868,238.39435560354946,134.80209999999994,Very Poor,8.986806666666663,13.756805173803983,134.80209999999997
2.0,28.5,77.01948717948719,16.030940419738016,67.66871684116626,2.7437053382787924,227.1553594065449,3.0,11.50711301000047,45.13066341142777,51.59777031785529,16.941888821071412,1.4808460491102868,238.39435560354946,134.80209999999994,Very Poor,8.986806666666663,13.756805173803983,134.80209999999997
2.0,28.5,77.02923076923076,16.030940419738016,67.66871684116626,2.7437053382787924,227.1553594065449,3.0,11.50711301000047,45.13066341142777,51.59777031785529,16.941888821071412,1.4808460491102868,238.39435560354946,134.80209999999994,Very Poor,8.986806666666663,13.756805173803983,134.80209999999997
2.0,28.5,77.03897435897436,16.030940419738016,67.66871684116626,2.7437053382787924,227.1553594065449,3.0,11.50711301000047,45.13066341142777,51.59777031785529,16.941888821071412,1.4808460491102868,238.39435560354946,134.80209999999994,Very Poor,8.986806666666663,13.756805173803983,134.80209999999997
2.0,28.5,77.04871794871795,16.030940419738016,67.66871684116626,2.7437053382787924,227.1553594065449,3.0,11.50711301000047,45.13066341142777,51.59777031785529,16.941888821071412,1.4808460491102868,238.39435560354946,134.80209999999994,Very Poor,8.986806666666663,13.756805173803983,134.80209999999997
2.0,28.5,77.05846153846154,16.030940419738016,67.66871684116626,2.7437053382787924,227.1553594065449,3.0,11.50711301000047,45.13066341142777,51.59777031785529,16.941888821071412,1.4808460491102868,238.39435560354946,136.91849999999994,Very Poor,9.127899999999995,14.396702773552006,136.91849999999994
2.0,28.5,77.06820512820512,16.030940419738016,67.66871684116626,2.7437053382787924,227.1553594065449,3.0,11.50711301000047,45.13066341142777,51.59777031785529,16.941888821071412,1.4808460491102868,238.39435560354946,136.91849999999994,Very Poor,9.127899999999995,14.396702773552006,136.91849999999994
2.0,28.5,77.07794871794871,16.030940419738016,67.66871684116626,2.7437053382787924,227.1553594065449,3.0,11.50711301000047,45.13066341142777,51.59777031785529,16.941888821071412,1.4808460491102868,238.39435560354946,136.91849999999994,Very Poor,9.127899999999995,14.396702773552006,136.91849999999994
2.0,28.5,77.08769230769231,16.030940419738016,67.66871684116626,2.7437053382787924,227.1553594065449,3.0,11.50711301000047,45.13066341142777,51.59777031785529,16.941888821071412,1.4808460491102868,238.39435560354946,136.91849999999994,Very Poor,9.127899999999995,14.396702773552006,136.91849999999994
2.0,28.5,77.0974358974359,16.030940419738016,67.66871684116626,2.7437053382787924,227.1553594065449,3.0,11.50711301000047,45.13066341142777,51.59777031785529,16.941888821071412,1.4808460491102868,238.39435560354946,136.91849999999994,Very Poor,9.127899999999995,14.396702773552006,136.91849999999994
2.0,28.5,77.10717948717948,16.030940419738016,67.66871684116626,2.7437053382787924,227.1553594065449,3.0,11.50711301000047,45.13066341142777,51.59777031785529,16.941888821071412,1.4808460491102868,238.39435560354946,137.00769999999994,Very Poor,9.133846666666663,14.346968798669636,137.00769999999994
2.0,28.5,77.11692307692307,16.030940419738016,67.66871684116626,2.7437053382787924,227.1553594065449,3.0,11.50711301000047,45.13066341142777,51.59777031785529,16.941888821071412,1.4808460491102868,238.39435560354946,138.6246,Very Poor,9.241639999999999,14.072310074753187,138.6246
2.0,28.5,77.12666666666667,16.030940419738016,67.66871684116626,2.7437053382787924,227.1553594065449,3.0,11.50711301000047,45.13066341142777,51.59777031785529,16.941888821071412,1.4808460491102868,238.39435560354946,138.6246,Very Poor,9.241639999999999,14.072310074753187,138.6246
2.0,28.5,77.13641025641026,16.030940419738016,67.66871684116626,2.7437053382787924,227.1553594065449,3.0,11.50711301000047,45.13066341142777,51.59777031785529,16.941888821071412,1.4808460491102868,238.39435560354946,138.6246,Very Poor,9.241639999999999,14.072310074753187,138.6246
2.0,28.5,77.14615384615385,16.030940419738016,67.66871684116626,2.7437053382787924,227.1553594065449,3.0,11.50711301000047,45.13066341142777,51.59777031785529,16.941888821071412,1.4808460491102868,238.39435560354946,138.82649999999995,Very Poor,9.255099999999997,14.482120450748917,138.82649999999995
2.0,28.5,77.15589743589743,16.030940419738016,67.66871684116626,2.7437053382787924,227.1553594065449,3.0,11.50711301000047,45.13066341142777,51.59777031785529,16.941888821071412,1.4808460491102868,238.39435560354946,138.82649999999995,Very Poor,9.255099999999997,14.482120450748917,138.82649999999995
2.0,28.5,77.16564102564102,16.030940419738016,67.66871684116626,2.7437053382787924,227.1553594065449,3.0,11.50711301000047,45.13066341142777,51.59777031785529,16.941888821071412,1.4808460491102868,238.39435560354946,138.23559999999998,Very Poor,9.215706666666666,14.269727419961463,138.23559999999998
2.0,28.5,77.17538461538462,16.030940419738016,67.66871684116626,2.7437053382787924,227.1553594065449,3.0,11.50711301000047,45.13066341142777,51.59777031785529,16.941888821071412,1.4808460491102868,238.39435560354946,138.23559999999998,Very Poor,9.215706666666666,14.269727419961463,138.23559999999998
2.0,28.5,77.18512820512821,16.030940419738016,67.66871684116626,2.7437053382787924,227.1553594065449,3.0,11.50711301000047,45.13066341142777,51.59777031785529,16.941888821071412,1.4808460491102868,238.39435560354946,138.23559999999998,Very Poor,9.215706666666666,14.269727419961463,138.23559999999998
2.0,28.5,77.19487179487179,16.030940419738016,67.66871684116626,2.7437053382787924,227.1553594065449,3.0,11.50711301000047,45.13066341142777,51.59777031785529,16.941888821071412,1.4808460491102868,238.39435560354946,137.76349999999996,Very Poor,9.184233333333331,14.572799276391612,137.76349999999996
2.0,28.5,77.20461538461538,16.030940419738016,67.66871684116626,2.7437053382787924,227.1553594065449,3.0,11.50711301000047,45.13066341142777,51.59777031785529,16.941888821071412,1.4808460491102868,238.39435560354946,137.76349999999996,Very Poor,9.184233333333331,14.572799276391612,137.76349999999996
2.0,28.5,77.21435897435897,16.030940419738016,67.66871684116626,2.7437053382787924,227.1553594065449,3.0,11.50711301000047,45.13066341142777,51.59777031785529,16.941888821071412,1.4808460491102868,238.39435560354946,137.76349999999996,Very Poor,9.184233333333331,14.572799276391612,137.76349999999996
2.0,28.5,77.22410256410257,16.030940419738016,67.66871684116626,2.7437053382787924,227.1553594065449,3.0,11.50711301000047,45.13066341142777,51.59777031785529,16.941888821071412,1.4808460491102868,238.39435560354946,137.76349999999996,Very Poor,9.184233333333331,14.572799276391612,137.76349999999996
2.0,28.5,77.23384615384614,16.030940419738016,67.66871684116626,2.7437053382787924,227.1553594065449,3.0,11.50711301000047,45.13066341142777,51.59777031785529,16.941888821071412,1.4808460491102868,238.39435560354946,138.25019999999998,Very Poor,9.216679999999998,14.445773567379492,138.25019999999998
2.0,28.5,77.24358974358974,16.030940419738016,67.66871684116626,2.7437053382787924,227.1553594065449,3.0,11.50711301000047,45.13066341142777,51.59777031785529,16.941888821071412,1.4808460491102868,238.39435560354946,138.03049999999996,Very Poor,9.20203333333333,14.51304946418912,138.03049999999996
2.0,28.5,77.25333333333333,16.030940419738016,67.66871684116626,2.7437053382787924,227.1553594065449,3.0,11.50711301000047,45.13066341142777,51.59777031785529,16.941888821071412,1.4808460491102868,238.39435560354946,138.03049999999996,Very Poor,9.20203333333333,14.51304946418912,138.03049999999996
2.0,28.5,77.26307692307692,16.030940419738016,67.66871684116626,2.7437053382787924,227.1553594065449,3.0,11.50711301000047,45.13066341142777,51.59777031785529,16.941888821071412,1.4808460491102868,238.39435560354946,138.03049999999996,Very Poor,9.20203333333333,14.51304946418912,138.03049999999996
2.0,28.5,77.27282051282052,16.030940419738016,67.66871684116626,2.7437053382787924,227.1553594065449,3.0,11.50711301000047,45.13066341142777,51.59777031785529,16.941888821071412,1.4808460491102868,238.39435560354946,138.03049999999996,Very Poor,9.20203333333333,14.51304946418912,138.03049999999996
2.0,28.5,77.2825641025641,16.030940419738016,67.66871684116626,2.7437053382787924,227.1553594065449,3.0,11.50711301000047,45.13066341142777,51.59777031785529,16.941888821071412,1.4808460491102868,238.39435560354946,138.03049999999996,Very Poor,9.20203333333333,14.51304946418912,138.03049999999996
2.0,28.5,77.29230769230769,16.030940419738016,67.66871684116626,2.7437053382787924,227.1553594065449,3.0,11.50711301000047,45.13066341142777,51.59777031785529,16.941888821071412,1.4808460491102868,238.39435560354946,138.03049999999996,Very Poor,9.20203333333333,14.51304946418912,138.03049999999996
2.0,28.5,77.30205128205128,16.030940419738016,67.66871684116626,2.7437053382787924,227.1553594065449,3.0,11.50711301000047,45.13066341142777,51.59777031785529,16.941888821071412,1.4808460491102868,238.39435560354946,138.03049999999996,Very Poor,9.20203333333333,14.51304946418912,138.03049999999996
2.0,28.5,77.31179487179487,16.030940419738016,67.66871684116626,2.7437053382787924,227.1553594065449,3.0,11.50711301000047,45.13066341142777,51.59777031785529,16.941888821071412,1.4808460491102868,238.39435560354946,138.03049999999996,Very Poor,9.20203333333333,14.51304946418912,138.03049999999996
2.0,28.5,77.32153846153845,16.030940419738016,67.66871684116626,2.7437053382787924,227.1553594065449,3.0,11.50711301000047,45.13066341142777,51.59777031785529,16.941888821071412,1.4808460491102868,238.39435560354946,138.03049999999996,Very Poor,9.20203333333333,14.51304946418912,138.03049999999996
2.0,28.5,77.33128205128205,16.030940419738016,67.66871684116626,2.7437053382787924,227.1553594065449,3.0,11.50711301000047,45.13066341142777,51.59777031785529,16.941888821071412,1.4808460491102868,238.39435560354946,138.03049999999996,Very Poor,9.20203333333333,14.51304946418912,138.03049999999996
2.0,28.5,77.34102564102564,16.030940419738016,67.66871684116626,2.7437053382787924,227.1553594065449,3.0,11.50711301000047,45.13066341142777,51.59777031785529,16.941888821071412,1.4808460491102868,238.39435560354946,138.03049999999996,Very Poor,9.20203333333333,14.51304946418912,138.03049999999996
2.0,28.5,77.35076923076923,16.030940419738016,67.66871684116626,2.7437053382787924,227.1553594065449,3.0,11.50711301000047,45.13066341142777,51.59777031785529,16.941888821071412,1.4808460491102868,238.39435560354946,138.03049999999996,Very Poor,9.20203333333333,14.51304946418912,138.03049999999996
2.0,28.5,77.36051282051281,16.030940419738016,67.66871684116626,2.7437053382787924,227.1553594065449,3.0,11.50711301000047,45.13066341142777,51.59777031785529,16.941888821071412,1.4808460491102868,238.39435560354946,138.03049999999996,Very Poor,9.20203333333333,14.51304946418912,138.03049999999996
2.0,28.5,77.3702564102564,16.030940419738016,67.66871684116626,2.7437053382787924,227.1553594065449,3.0,11.50711301000047,45.13066341142777,51.59777031785529,16.941888821071412,1.4808460491102868,238.39435560354946,138.03049999999996,Very Poor,9.20203333333333,14.51304946418912,138.03049999999996
2.0,28.5,77.38,16.030940419738016,67.66871684116626,2.7437053382787924,227.1553594065449,3.0,11.50711301000047,45.13066341142777,51.59777031785529,16.941888821071412,1.4808460491102868,238.39435560354946,138.03049999999996,Very Poor,9.20203333333333,14.51304946418912,138.03049999999996
2.0,28.50717948717949,77.0,16.030940419738016,67.66871684116626,2.7437053382787924,227.1553594065449,3.0,11.50711301000047,45.13066341142777,51.59777031785529,16.941888821071412,1.4808460491102868,238.39435560354946,134.80209999999994,Very Poor,8.986806666666663,13.756805173803983,134.80209999999997
2.0,28.50717948717949,77.0097435897436,16.030940419738016,67.66871684116626,2.7437053382787924,227.1553594065449,3.0,11.50711301000047,45.13066341142777,51.59777031785529,16.941888821071412,1.4808460491102868,238.39435560354946,134.80209999999994,Very Poor,8.986806666666663,13.756805173803983,134.80209999999997
2.0,28.50717948717949,77.01948717948719,16.030940419738016,67.66871684116626,2.7437053382787924,227.1553594065449,3.0,11.50711301000047,45.13066341142777,51.59777031785529,16.941888821071412,1.4808460491102868,238.39435560354946,134.80209999999994,Very Poor,8.986806666666663,13.756805173803983,134.80209999999997
2.0,28.50717948717949,77.02923076923076,16.030940419738016,67.66871684116626,2.7437053382787924,227.1553594065449,3.0,11.50711301000047,45.13066341142777,51.59777031785529,16.941888821071412,1.4808460491102868,238.39435560354946,134.80209999999994,Very Poor,8.986806666666663,13.756805173803983,134.80209999999997
2.0,28.50717948717949,77.03897435897436,16.030940419738016,67.66871684116626,2.7437053382787924,227.1553594065449,3.0,11.50711301000047,45.13066341142777,51.59777031785529,16.941888821071412,1.4808460491102868,238.39435560354946,134.80209999999994,Very Poor,8.986806666666663,13.756805173803983,134.80209999999997
2.0,28.50717948717949,77.04871794871795,16.030940419738016,67.66871684116626,2.7437053382787924,227.1553594065449,3.0,11.50711301000047,45.13066341142777,51.59777031785529,16.941888821071412,1.4808460491102868,238.39435560354946,134.80209999999994,Very Poor,8.986806666666663,13.756805173803983,134.80209999999997
2.0,28.50717948717949,77.05846153846154,16.030940419738016,67.66871684116626,2.7437053382787924,227.1553594065449,3.0,11.50711301000047,45.13066341142777,51.59777031785529,16.941888821071412,1.4808460491102868,238.39435560354946,136.91849999999994,Very Poor,9.127899999999995,14.396702773552006,136.91849999999994
2.0,28.50717948717949,77.06820512820512,16.030940419738016,67.66871684116626,2.7437053382787924,227.1553594065449,3.0,11.50711301000047,45.13066341142777,51.59777031785529,16.941888821071412,1.4808460491102868,238.39435560354946,136.91849999999994,Very Poor,9.127899999999995,14.396702773552006,136.91849999999994
2.0,28.50717948717949,77.07794871794871,16.030940419738016,67.66871684116626,2.7437053382787924,227.1553594065449,3.0,11.50711301000047,45.13066341142777,51.59777031785529,16.941888821071412,1.4808460491102868,238.39435560354946,136.91849999999994,Very Poor,9.127899999999995,14.396702773552006,136.91849999999994
2.0,28.50717948717949,77.08769230769231,16.030940419738016,67.66871684116626,2.7437053382787924,227.1553594065449,3.0,11.50711301000047,45.13066341142777,51.59777031785529,16.941888821071412,1.4808460491102868,238.39435560354946,136.91849999999994,Very Poor,9.127899999999995,14.396702773552006,136.91849999999994
2.0,28.50717948717949,77.0974358974359,16.030940419738016,67.66871684116626,2.7437053382787924,227.1553594065449,3.0,11.50711301000047,45.13066341142777,51.59777031785529,16.941888821071412,1.4808460491102868,238.39435560354946,136.91849999999994,Very Poor,9.127899999999995,14.396702773552006,136.91849999999994
2.0,28.50717948717949,77.10717948717948,16.030940419738016,67.66871684116626,2.7437053382787924,227.1553594065449,3.0,11.50711301000047,45.13066341142777,51.59777031785529,16.941888821071412,1.4808460491102868,238.39435560354946,137.00769999999994,Very Poor,9.133846666666663,14.346968798669636,137.00769999999994
2.0,28.50717948717949,77.11692307692307,16.030940419738016,67.66871684116626,2.7437053382787924,227.1553594065449,3.0,11.50711301000047,45.13066341142777,51.59777031785529,16.941888821071412,1.4808460491102868,238.39435560354946,138.6246,Very Poor,9.241639999999999,14.072310074753187,138.6246
2.0,28.50717948717949,77.12666666666667,16.030940419738016,67.66871684116626,2.7437053382787924,227.1553594065449,3.0,11.50711301000047,45.13066341142777,51.59777031785529,16.941888821071412,1.4808460491102868,238.39435560354946,138.6246,Very Poor,9.241639999999999,14.072310074753187,138.6246
2.0,28.50717948717949,77.13641025641026,16.030940419738016,67.66871684116626,2.7437053382787924,227.1553594065449,3.0,11.50711301000047,45.13066341142777,51.59777031785529,16.941888821071412,1.4808460491102868,238.39435560354946,138.6246,Very Poor,9.241639999999999,14.072310074753187,138.6246
2.0,28.50717948717949,77.14615384615385,16.030940419738016,67.66871684116626,2.7437053382787924,227.1553594065449,3.0,11.50711301000047,45.13066341142777,51.59777031785529,16.941888821071412,1.4808460491102868,238.39435560354946,138.82649999999995,Very Poor,9.255099999999997,14.482120450748917,138.82649999999995
2.0,28.50717948717949,77.15589743589743,16.030940419738016,67.66871684116626,2.7437053382787924,227.1553594065449,3.0,11.50711301000047,45.13066341142777,51.59777031785529,16.941888821071412,1.4808460491102868,238.39435560354946,138.82649999999995,Very Poor,9.255099999999997,14.482120450748917,138.82649999999995
2.0,28.50717948717949,77.16564102564102,16.030940419738016,67.66871684116626,2.7437053382787924,227.1553594065449,3.0,11.50711301000047,45.13066341142777,51.59777031785529,16.941888821071412,1.4808460491102868,238.39435560354946,138.23559999999998,Very Poor,9.215706666666666,14.269727419961463,138.23559999999998
2.0,28.50717948717949,77.17538461538462,16.030940419738016,67.66871684116626,2.7437053382787924,227.1553594065449,3.0,11.50711301000047,45.13066341142777,51.59777031785529,16.941888821071412,1.4808460491102868,238.39435560354946,138.23559999999998,Very Poor,9.215706666666666,14.269727419961463,138.23559999999998
2.0,28.50717948717949,77.18512820512821,16.030940419738016,67.66871684116626,2.7437053382787924,227.1553594065449,3.0,11.50711301000047,45.13066341142777,51.59777031785529,16.941888821071412,1.4808460491102868,238.39435560354946,138.23559999999998,Very Poor,9.215706666666666,14.269727419961463,138.23559999999998
2.0,28.50717948717949,77.19487179487179,16.030940419738016,67.66871684116626,2.7437053382787924,227.1553594065449,3.0,11.50711301000047,45.13066341142777,51.59777031785529,16.941888821071412,1.4808460491102868,238.39435560354946,137.76349999999996,Very Poor,9.184233333333331,14.572799276391612,137.76349999999996
2.0,28.50717948717949,77.20461538461538,16.030940419738016,67.66871684116626,2.7437053382787924,227.1553594065449,3.0,11.50711301000047,45.13066341142777,51.59777031785529,16.941888821071412,1.4808460491102868,238.39435560354946,137.76349999999996,Very Poor,9.184233333333331,14.572799276391612,137.76349999999996
2.0,28.50717948717949,77.21435897435897,16.030940419738016,67.66871684116626,2.7437053382787924,227.1553594065449,3.0,11.50711301000047,45.13066341142777,51.59777031785529,16.941888821071412,1.4808460491102868,238.39435560354946,137.76349999999996,Very Poor,9.184233333333331,14.572799276391612,137.76349999999996
2.0,28.50717948717949,77.22410256410257,16.030940419738016,67.66871684116626,2.7437053382787924,227.1553594065449,3.0,11.50711301000047,45.13066341142777,51.59777031785529,16.941888821071412,1.4808460491102868,238.39435560354946,137.76349999999996,Very Poor,9.184233333333331,14.572799276391612,137.76349999999996
2.0,28.50717948717949,77.23384615384614,16.030940419738016,67.66871684116626,2.7437053382787924,227.1553594065449,3.0,11.50711301000047,45.13066341142777,51.59777031785529,16.941888821071412,1.4808460491102868,238.39435560354946,138.25019999999998,Very Poor,9.216679999999998,14.445773567379492,138.25019999999998
2.0,28.50717948717949,77.24358974358974,16.030940419738016,67.66871684116626,2.7437053382787924,227.1553594065449,3.0,11.50711301000047,45.13066341142777,51.59777031785529,16.941888821071412,1.4808460491102868,238.39435560354946,138.03049999999996,Very Poor,9.20203333333333,14.51304946418912,138.03049999999996
2.0,28.50717948717949,77.25333333333333,16.030940419738016,67.66871684116626,2.7437053382787924,227.1553594065449,3.0,11.50711301000047,45.13066341142777,51.59777031785529,16.941888821071412,1.4808460491102868,238.39435560354946,138.03049999999996,Very Poor,9.20203333333333,14.51304946418912,138.03049999999996
2.0,28.50717948717949,77.26307692307692,16.030940419738016,67.66871684116626,2.7437053382787924,227.1553594065449,3.0,11.50711301000047,45.13066341142777,51.59777031785529,16.941888821071412,1.4808460491102868,238.39435560354946,138.03049999999996,Very Poor,9.20203333333333,14.51304946418912,138.03049999999996
2.0,28.50717948717949,77.27282051282052,16.030940419738016,67.66871684116626,2.7437053382787924,227.1553594065449,3.0,11.50711301000047,45.13066341142777,51.59777031785529,16.941888821071412,1.4808460491102868,238.39435560354946,138.03049999999996,Very Poor,9.20203333333333,14.51304946418912,138.03049999999996
2.0,28.50717948717949,77.2825641025641,16.030940419738016,67.66871684116626,2.7437053382787924,227.1553594065449,3.0,11.50711301000047,45.13066341142777,51.59777031785529,16.941888821071412,1.4808460491102868,238.39435560354946,138.03049999999996,Very Poor,9.20203333333333,14.51304946418912,138.03049999999996
2.0,28.50717948717949,77.29230769230769,16.030940419738016,67.66871684116626,2.7437053382787924,227.1553594065449,3.0,11.50711301000047,45.13066341142777,51.59777031785529,16.941888821071412,1.4808460491102868,238.39435560354946,138.03049999999996,Very Poor,9.20203333333333,14.51304946418912,138.03049999999996
2.0,28.50717948717949,77.30205128205128,16.030940419738016,67.66871684116626,2.7437053382787924,227.1553594065449,3.0,11.50711301000047,45.13066341142777,51.59777031785529,16.941888821071412,1.4808460491102868,238.39435560354946,138.03049999999996,Very Poor,9.20203333333333,14.51304946418912,138.03049999999996
2.0,28.50717948717949,77.31179487179487,16.030940419738016,67.66871684116626,2.7437053382787924,227.1553594065449,3.0,11.50711301000047,45.13066341142777,51.59777031785529,16.941888821071412,1.4808460491102868,238.39435560354946,138.03049999999996,Very Poor,9.20203333333333,14.51304946418912,138.03049999999996
2.0,28.50717948717949,77.32153846153845,16.030940419738016,67.66871684116626,2.7437053382787924,227.1553594065449,3.0,11.50711301000047,45.13066341142777,51.59777031785529,16.941888821071412,1.4808460491102868,238.39435560354946,138.03049999999996,Very Poor,9.20203333333333,14.51304946418912,138.03049999999996
2.0,28.50717948717949,77.33128205128205,16.030940419738016,67.66871684116626,2.7437053382787924,227.1553594065449,3.0,11.50711301000047,45.13066341142777,51.59777031785529,16.941888821071412,1.4808460491102868,238.39435560354946,138.03049999999996,Very Poor,9.20203333333333,14.51304946418912,138.03049999999996
2.0,28.50717948717949,77.34102564102564,16.030940419738016,67.66871684116626,2.7437053382787924,227.1553594065449,3.0,11.50711301000047,45.13066341142777,51.59777031785529,16.941888821071412,1.4808460491102868,238.39435560354946,138.03049999999996,Very Poor,9.20203333333333,14.51304946418912,138.03049999999996
2.0,28.50717948717949,77.35076923076923,16.030940419738016,67.66871684116626,2.7437053382787924,227.1553594065449,3.0,11.50711301000047,45.13066341142777,51.59777031785529,16.941888821071412,1.4808460491102868,238.39435560354946,138.03049999999996,Very Poor,9.20203333333333,14.51304946418912,138.03049999999996
2.0,28.50717948717949,77.36051282051281,16.030940419738016,67.66871684116626,2.7437053382787924,227.1553594065449,3.0,11.50711301000047,45.13066341142777,51.59777031785529,16.941888821071412,1.4808460491102868,238.39435560354946,138.03049999999996,Very Poor,9.20203333333333,14.51304946418912,138.03049999999996
2.0,28.50717948717949,77.3702564102564,16.030940419738016,67.66871684116626,2.7437053382787924,227.1553594065449,3.0,11.50711301000047,45.13066341142777,51.59777031785529,16.941888821071412,1.4808460491102868,238.39435560354946,138.03049999999996,Very Poor,9.20203333333333,14.51304946418912,138.03049999999996
2.0,28.50717948717949,77.38,16.030940419738016,67.66871684116626,2.7437053382787924,227.1553594065449,3.0,11.50711301000047,45.13066341142777,51.59777031785529,16.941888821071412,1.4808460491102868,238.39435560354946,138.03049999999996,Very Poor,9.20203333333333,14.51304946418912,138.03049999999996
2.0,28.514358974358974,77.0,16.030940419738016,67.66871684116626,2.7437053382787924,227.1553594065449,3.0,11.50711301000047,45.13066341142777,51.59777031785529,16.941888821071412,1.4808460491102868,238.39435560354946,134.80209999999994,Very Poor,8.986806666666663,13.756805173803983,134.80209999999997
2.0,28.514358974358974,77.0097435897436,16.030940419738016,67.66871684116626,2.7437053382787924,227.1553594065449,3.0,11.50711301000047,45.13066341142777,51.59777031785529,16.941888821071412,1.4808460491102868,238.39435560354946,134.80209999999994,Very Poor,8.986806666666663,13.756805173803983,134.80209999999997
2.0,28.514358974358974,77.01948717948719,16.030940419738016,67.66871684116626,2.7437053382787924,227.1553594065449,3.0,11.50711301000047,45.13066341142777,51.59777031785529,16.941888821071412,1.4808460491102868,238.39435560354946,134.80209999999994,Very Poor,8.986806666666663,13.756805173803983,134.80209999999997
2.0,28.514358974358974,77.02923076923076,16.030940419738016,67.66871684116626,2.7437053382787924,227.1553594065449,3.0,11.50711301000047,45.13066341142777,51.59777031785529,16.941888821071412,1.4808460491102868,238.39435560354946,134.80209999999994,Very Poor,8.986806666666663,13.756805173803983,134.80209999999997
2.0,28.514358974358974,77.03897435897436,16.030940419738016,67.66871684116626,2.7437053382787924,227.1553594065449,3.0,11.50711301000047,45.13066341142777,51.59777031785529,16.941888821071412,1.4808460491102868,238.39435560354946,134.80209999999994,Very Poor,8.986806666666663,13.756805173803983,134.80209999999997
2.0,28.514358974358974,77.04871794871795,16.030940419738016,67.66871684116626,2.7437053382787924,227.1553594065449,3.0,11.50711301000047,45.13066341142777,51.59777031785529,16.941888821071412,1.4808460491102868,238.39435560354946,134.80209999999994,Very Poor,8.986806666666663,13.756805173803983,134.80209999999997
2.0,28.514358974358974,77.05846153846154,16.030940419738016,67.66871684116626,2.7437053382787924,227.1553594065449,3.0,11.50711301000047,45.13066341142777,51.59777031785529,16.941888821071412,1.4808460491102868,238.39435560354946,136.91849999999994,Very Poor,9.127899999999995,14.396702773552006,136.91849999999994
2.0,28.514358974358974,77.06820512820512,16.030940419738016,67.66871684116626,2.7437053382787924,227.1553594065449,3.0,11.50711301000047,45.13066341142777,51.59777031785529,16.941888821071412,1.4808460491102868,238.39435560354946,136.91849999999994,Very Poor,9.127899999999995,14.396702773552006,136.91849999999994
2.0,28.514358974358974,77.07794871794871,16.030940419738016,67.66871684116626,2.7437053382787924,227.1553594065449,3.0,11.50711301000047,45.13066341142777,51.59777031785529,16.941888821071412,1.4808460491102868,238.39435560354946,136.91849999999994,Very Poor,9.127899999999995,14.396702773552006,136.91849999999994
2.0,28.514358974358974,77.08769230769231,16.030940419738016,67.66871684116626,2.7437053382787924,227.1553594065449,3.0,11.50711301000047,45.13066341142777,51.59777031785529,16.941888821071412,1.4808460491102868,238.39435560354946,136.91849999999994,Very Poor,9.127899999999995,14.396702773552006,136.91849999999994
2.0,28.514358974358974,77.0974358974359,16.030940419738016,67.66871684116626,2.7437053382787924,227.1553594065449,3.0,11.50711301000047,45.13066341142777,51.59777031785529,16.941888821071412,1.4808460491102868,238.39435560354946,136.91849999999994,Very Poor,9.127899999999995,14.396702773552006,136.91849999999994
2.0,28.514358974358974,77.10717948717948,16.030940419738016,67.66871684116626,2.7437053382787924,227.1553594065449,3.0,11.50711301000047,45.13066341142777,51.59777031785529,16.941888821071412,1.4808460491102868,238.39435560354946,137.00769999999994,Very Poor,9.133846666666663,14.346968798669636,137.00769999999994
2.0,28.514358974358974,77.11692307692307,16.030940419738016,67.66871684116626,2.7437053382787924,227.1553594065449,3.0,11.50711301000047,45.13066341142777,51.59777031785529,16.941888821071412,1.4808460491102868,238.39435560354946,138.6246,Very Poor,9.241639999999999,14.072310074753187,138.6246
2.0,28.514358974358974,77.12666666666667,16.030940419738016,67.66871684116626,2.7437053382787924,227.1553594065449,3.0,11.50711301000047,45.13066341142777,51.59777031785529,16.941888821071412,1.4808460491102868,238.39435560354946,138.6246,Very Poor,9.241639999999999,14.072310074753187,138.6246
2.0,28.514358974358974,77.13641025641026,16.030940419738016,67.66871684116626,2.7437053382787924,227.1553594065449,3.0,11.50711301000047,45.13066341142777,51.59777031785529,16.941888821071412,1.4808460491102868,238.39435560354946,138.6246,Very Poor,9.241639999999999,14.072310074753187,138.6246
2.0,28.514358974358974,77.14615384615385,16.030940419738016,67.66871684116626,2.7437053382787924,227.1553594065449,3.0,11.50711301000047,45.13066341142777,51.59777031785529,16.941888821071412,1.4808460491102868,238.39435560354946,138.82649999999995,Very Poor,9.255099999999997,14.482120450748917,138.82649999999995
2.0,28.514358974358974,77.15589743589743,16.030940419738016,67.66871684116626,2.7437053382787924,227.1553594065449,3.0,11.50711301000047,45.13066341142777,51.59777031785529,16.941888821071412,1.4808460491102868,238.39435560354946,138.82649999999995,Very Poor,9.255099999999997,14.482120450748917,138.82649999999995
2.0,28.514358974358974,77.16564102564102,16.030940419738016,67.66871684116626,2.7437053382787924,227.1553594065449,3.0,11.50711301000047,45.13066341142777,51.59777031785529,16.941888821071412,1.4808460491102868,238.39435560354946,138.23559999999998,Very Poor,9.215706666666666,14.269727419961463,138.23559999999998
2.0,28.514358974358974,77.17538461538462,16.030940419738016,67.66871684116626,2.7437053382787924,227.1553594065449,3.0,11.50711301000047,45.13066341142777,51.59777031785529,16.941888821071412,1.4808460491102868,238.39435560354946,138.23559999999998,Very Poor,9.215706666666666,14.269727419961463,138.23559999999998
2.0,28.514358974358974,77.18512820512821,16.030940419738016,67.66871684116626,2.7437053382787924,227.1553594065449,3.0,11.50711301000047,45.13066341142777,51.59777031785529,16.941888821071412,1.4808460491102868,238.39435560354946,138.23559999999998,Very Poor,9.215706666666666,14.269727419961463,138.23559999999998
2.0,28.514358974358974,77.19487179487179,16.030940419738016,67.66871684116626,2.7437053382787924,227.1553594065449,3.0,11.50711301000047,45.13066341142777,51.59777031785529,16.941888821071412,1.4808460491102868,238.39435560354946,137.76349999999996,Very Poor,9.184233333333331,14.572799276391612,137.76349999999996
2.0,28.514358974358974,77.20461538461538,16.030940419738016,67.66871684116626,2.7437053382787924,227.1553594065449,3.0,11.50711301000047,45.13066341142777,51.59777031785529,16.941888821071412,1.4808460491102868,238.39435560354946,137.76349999999996,Very Poor,9.184233333333331,14.572799276391612,137.76349999999996
2.0,28.514358974358974,77.21435897435897,16.030940419738016,67.66871684116626,2.7437053382787924,227.1553594065449,3.0,11.50711301000047,45.13066341142777,51.59777031785529,16.941888821071412,1.4808460491102868,238.39435560354946,137.76349999999996,Very Poor,9.184233333333331,14.572799276391612,137.76349999999996
2.0,28.514358974358974,77.22410256410257,16.030940419738016,67.66871684116626,2.7437053382787924,227.1553594065449,3.0,11.50711301000047,45.13066341142777,51.59777031785529,16.941888821071412,1.4808460491102868,238.39435560354946,137.76349999999996,Very Poor,9.184233333333331,14.572799276391612,137.76349999999996
2.0,28.514358974358974,77.23384615384614,16.030940419738016,67.66871684116626,2.7437053382787924,227.1553594065449,3.0,11.50711301000047,45.13066341142777,51.59777031785529,16.941888821071412,1.4808460491102868,238.39435560354946,138.25019999999998,Very Poor,9.216679999999998,14.445773567379492,138.25019999999998
2.0,28.514358974358974,77.24358974358974,16.030940419738016,67.66871684116626,2.7437053382787924,227.1553594065449,3.0,11.50711301000047,45.13066341142777,51.59777031785529,16.941888821071412,1.4808460491102868,238.39435560354946,138.03049999999996,Very Poor,9.20203333333333,14.51304946418912,138.03049999999996
2.0,28.514358974358974,77.25333333333333,16.030940419738016,67.66871684116626,2.7437053382787924,227.1553594065449,3.0,11.50711301000047,45.13066341142777,51.59777031785529,16.941888821071412,1.4808460491102868,238.39435560354946,138.03049999999996,Very Poor,9.20203333333333,14.51304946418912,138.03049999999996
2.0,28.514358974358974,77.26307692307692,16.030940419738016,67.66871684116626,2.7437053382787924,227.1553594065449,3.0,11.50711301000047,45.13066341142777,51.59777031785529,16.941888821071412,1.4808460491102868,238.39435560354946,138.03049999999996,Very Poor,9.20203333333333,14.51304946418912,138.03049999999996
2.0,28.514358974358974,77.27282051282052,16.030940419738016,67.66871684116626,2.7437053382787924,227.1553594065449,3.0,11.50711301000047,45.13066341142777,51.59777031785529,16.941888821071412,1.4808460491102868,238.39435560354946,138.03049999999996,Very Poor,9.20203333333333,14.51304946418912,138.03049999999996
2.0,28.514358974358974,77.2825641025641,16.030940419738016,67.66871684116626,2.7437053382787924,227.1553594065449,3.0,11.50711301000047,45.13066341142777,51.59777031785529,16.941888821071412,1.4808460491102868,238.39435560354946,138.03049999999996,Very Poor,9.20203333333333,14.51304946418912,138.03049999999996
2.0,28.514358974358974,77.29230769230769,16.030940419738016,67.66871684116626,2.7437053382787924,227.1553594065449,3.0,11.50711301000047,45.13066341142777,51.59777031785529,16.941888821071412,1.4808460491102868,238.39435560354946,138.03049999999996,Very Poor,9.20203333333333,14.51304946418912,138.03049999999996
2.0,28.514358974358974,77.30205128205128,16.030940419738016,67.66871684116626,2.7437053382787924,227.1553594065449,3.0,11.50711301000047,45.13066341142777,51.59777031785529,16.941888821071412,1.4808460491102868,238.39435560354946,138.03049999999996,Very Poor,9.20203333333333,14.51304946418912,138.03049999999996
2.0,28.514358974358974,77.31179487179487,16.030940419738016,67.66871684116626,2.7437053382787924,227.1553594065449,3.0,11.50711301000047,45.13066341142777,51.59777031785529,16.941888821071412,1.4808460491102868,238.39435560354946,138.03049999999996,Very Poor,9.20203333333333,14.51304946418912,138.03049999999996
2.0,28.514358974358974,77.32153846153845,16.030940419738016,67.66871684116626,2.7437053382787924,227.1553594065449,3.0,11.50711301000047,45.13066341142777,51.59777031785529,16.941888821071412,1.4808460491102868,238.39435560354946,138.03049999999996,Very Poor,9.20203333333333,14.51304946418912,138.03049999999996
2.0,28.514358974358974,77.33128205128205,16.030940419738016,67.66871684116626,2.7437053382787924,227.1553594065449,3.0,11.50711301000047,45.13066341142777,51.59777031785529,16.941888821071412,1.4808460491102868,238.39435560354946,138.03049999999996,Very Poor,9.20203333333333,14.51304946418912,138.03049999999996
2.0,28.514358974358974,77.34102564102564,16.030940419738016,67.66871684116626,2.7437053382787924,227.1553594065449,3.0,11.50711301000047,45.13066341142777,51.59777031785529,16.941888821071412,1.4808460491102868,238.39435560354946,138.03049999999996,Very Poor,9.20203333333333,14.51304946418912,138.03049999999996
2.0,28.514358974358974,77.35076923076923,16.030940419738016,67.66871684116626,2.7437053382787924,227.1553594065449,3.0,11.50711301000047,45.13066341142777,51.59777031785529,16.941888821071412,1.4808460491102868,238.39435560354946,138.03049999999996,Very Poor,9.20203333333333,14.51304946418912,138.03049999999996
2.0,28.514358974358974,77.36051282051281,16.030940419738016,67.66871684116626,2.7437053382787924,227.1553594065449,3.0,11.50711301000047,45.13066341142777,51.59777031785529,16.941888821071412,1.4808460491102868,238.39435560354946,138.03049999999996,Very Poor,9.20203333333333,14.51304946418912,138.03049999999996
2.0,28.514358974358974,77.3702564102564,16.030940419738016,67.66871684116626,2.7437053382787924,227.1553594065449,3.0,11.50711301000047,45.13066341142777,51.59777031785529,16.941888821071412,1.4808460491102868,238.39435560354946,138.03049999999996,Very Poor,9.20203333333333,14.51304946418912,138.03049999999996
2.0,28.514358974358974,77.38,16.030940419738016,67.66871684116626,2.7437053382787924,227.1553594065449,3.0,11.50711301000047,45.13066341142777,51.59777031785529,16.941888821071412,1.4808460491102868,238.39435560354946,138.03049999999996,Very Poor,9.20203333333333,14.51304946418912,138.03049999999996
2.0,28.521538461538462,77.0,16.030940419738016,67.66871684116626,2.7437053382787924,227.1553594065449,3.0,11.50711301000047,45.13066341142777,51.59777031785529,16.941888821071412,1.4808460491102868,238.39435560354946,134.80209999999994,Very Poor,8.986806666666663,13.756805173803983,134.80209999999997
2.0,28.521538461538462,77.0097435897436,16.030940419738016,67.66871684116626,2.7437053382787924,227.1553594065449,3.0,11.50711301000047,45.13066341142777,51.59777031785529,16.941888821071412,1.4808460491102868,238.39435560354946,134.80209999999994,Very Poor,8.986806666666663,13.756805173803983,134.80209999999997
2.0,28.521538461538462,77.01948717948719,16.030940419738016,67.66871684116626,2.7437053382787924,227.1553594065449,3.0,11.50711301000047,45.13066341142777,51.59777031785529,16.941888821071412,1.4808460491102868,238.39435560354946,134.80209999999994,Very Poor,8.986806666666663,13.756805173803983,134.80209999999997
2.0,28.521538461538462,77.02923076923076,16.030940419738016,67.66871684116626,2.7437053382787924,227.1553594065449,3.0,11.50711301000047,45.13066341142777,51.59777031785529,16.941888821071412,1.4808460491102868,238.39435560354946,134.80209999999994,Very Poor,8.986806666666663,13.756805173803983,134.80209999999997
2.0,28.521538461538462,77.03897435897436,16.030940419738016,67.66871684116626,2.7437053382787924,227.1553594065449,3.0,11.50711301000047,45.13066341142777,51.59777031785529,16.941888821071412,1.4808460491102868,238.39435560354946,134.80209999999994,Very Poor,8.986806666666663,13.756805173803983,134.80209999999997
2.0,28.521538461538462,77.04871794871795,16.030940419738016,67.66871684116626,2.7437053382787924,227.1553594065449,3.0,11.50711301000047,45.13066341142777,51.59777031785529,16.941888821071412,1.4808460491102868,238.39435560354946,134.80209999999994,Very Poor,8.986806666666663,13.756805173803983,134.80209999999997
2.0,28.521538461538462,77.05846153846154,16.030940419738016,67.66871684116626,2.7437053382787924,227.1553594065449,3.0,11.50711301000047,45.13066341142777,51.59777031785529,16.941888821071412,1.4808460491102868,238.39435560354946,136.91849999999994,Very Poor,9.127899999999995,14.396702773552006,136.91849999999994
2.0,28.521538461538462,77.06820512820512,16.030940419738016,67.66871684116626,2.7437053382787924,227.1553594065449,3.0,11.50711301000047,45.13066341142777,51.59777031785529,16.941888821071412,1.4808460491102868,238.39435560354946,136.91849999999994,Very Poor,9.127899999999995,14.396702773552006,136.91849999999994
2.0,28.521538461538462,77.07794871794871,16.030940419738016,67.66871684116626,2.7437053382787924,227.1553594065449,3.0,11.50711301000047,45.13066341142777,51.59777031785529,16.941888821071412,1.4808460491102868,238.39435560354946,136.91849999999994,Very Poor,9.127899999999995,14.396702773552006,136.91849999999994
2.0,28.521538461538462,77.08769230769231,16.030940419738016,67.66871684116626,2.7437053382787924,227.1553594065449,3.0,11.50711301000047,45.13066341142777,51.59777031785529,16.941888821071412,1.4808460491102868,238.39435560354946,136.91849999999994,Very Poor,9.127899999999995,14.396702773552006,136.91849999999994
2.0,28.521538461538462,77.0974358974359,16.030940419738016,67.66871684116626,2.7437053382787924,227.1553594065449,3.0,11.50711301000047,45.13066341142777,51.59777031785529,16.941888821071412,1.4808460491102868,238.39435560354946,136.91849999999994,Very Poor,9.127899999999995,14.396702773552006,136.91849999999994
2.0,28.521538461538462,77.10717948717948,16.030940419738016,67.66871684116626,2.7437053382787924,227.1553594065449,3.0,11.50711301000047,45.13066341142777,51.59777031785529,16.941888821071412,1.4808460491102868,238.39435560354946,137.00769999999994,Very Poor,9.133846666666663,14.346968798669636,137.00769999999994
2.0,28.521538461538462,77.11692307692307,16.030940419738016,67.66871684116626,2.7437053382787924,227.1553594065449,3.0,11.50711301000047,45.13066341142777,51.59777031785529,16.941888821071412,1.4808460491102868,238.39435560354946,138.6246,Very Poor,9.241639999999999,14.072310074753187,138.6246
2.0,28.521538461538462,77.12666666666667,16.030940419738016,67.66871684116626,2.7437053382787924,227.1553594065449,3.0,11.50711301000047,45.13066341142777,51.59777031785529,16.941888821071412,1.4808460491102868,238.39435560354946,138.6246,Very Poor,9.241639999999999,14.072310074753187,138.6246
2.0,28.521538461538462,77.13641025641026,16.030940419738016,67.66871684116626,2.7437053382787924,227.1553594065449,3.0,11.50711301000047,45.13066341142777,51.59777031785529,16.941888821071412,1.4808460491102868,238.39435560354946,138.6246,Very Poor,9.241639999999999,14.072310074753187,138.6246
2.0,28.521538461538462,77.14615384615385,16.030940419738016,67.66871684116626,2.7437053382787924,227.1553594065449,3.0,11.50711301000047,45.13066341142777,51.59777031785529,16.941888821071412,1.4808460491102868,238.39435560354946,138.82649999999995,Very Poor,9.255099999999997,14.482120450748917,138.82649999999995
2.0,28.521538461538462,77.15589743589743,16.030940419738016,67.66871684116626,2.7437053382787924,227.1553594065449,3.0,11.50711301000047,45.13066341142777,51.59777031785529,16.941888821071412,1.4808460491102868,238.39435560354946,138.82649999999995,Very Poor,9.255099999999997,14.482120450748917,138.82649999999995
2.0,28.521538461538462,77.16564102564102,16.030940419738016,67.66871684116626,2.7437053382787924,227.1553594065449,3.0,11.50711301000047,45.13066341142777,51.59777031785529,16.941888821071412,1.4808460491102868,238.39435560354946,138.23559999999998,Very Poor,9.215706666666666,14.269727419961463,138.23559999999998
2.0,28.521538461538462,77.17538461538462,16.030940419738016,67.66871684116626,2.7437053382787924,227.1553594065449,3.0,11.50711301000047,45.13066341142777,51.59777031785529,16.941888821071412,1.4808460491102868,238.39435560354946,138.23559999999998,Very Poor,9.215706666666666,14.269727419961463,138.23559999999998
2.0,28.521538461538462,77.18512820512821,16.030940419738016,67.66871684116626,2.7437053382787924,227.1553594065449,3.0,11.50711301000047,45.13066341142777,51.59777031785529,16.941888821071412,1.4808460491102868,238.39435560354946,138.23559999999998,Very Poor,9.215706666666666,14.269727419961463,138.23559999999998
2.0,28.521538461538462,77.19487179487179,16.030940419738016,67.66871684116626,2.7437053382787924,227.1553594065449,3.0,11.50711301000047,45.13066341142777,51.59777031785529,16.941888821071412,1.4808460491102868,238.39435560354946,137.76349999999996,Very Poor,9.184233333333331,14.572799276391612,137.76349999999996
2.0,28.521538461538462,77.20461538461538,16.030940419738016,67.66871684116626,2.7437053382787924,227.1553594065449,3.0,11.50711301000047,45.13066341142777,51.59777031785529,16.941888821071412,1.4808460491102868,238.39435560354946,137.76349999999996,Very Poor,9.184233333333331,14.572799276391612,137.76349999999996
2.0,28.521538461538462,77.21435897435897,16.030940419738016,67.66871684116626,2.7437053382787924,227.1553594065449,3.0,11.50711301000047,45.13066341142777,51.59777031785529,16.941888821071412,1.4808460491102868,238.39435560354946,137.76349999999996,Very Poor,9.184233333333331,14.572799276391612,137.76349999999996
2.0,28.521538461538462,77.22410256410257,16.030940419738016,67.66871684116626,2.7437053382787924,227.1553594065449,3.0,11.50711301000047,45.13066341142777,51.59777031785529,16.941888821071412,1.4808460491102868,238.39435560354946,137.76349999999996,Very Poor,9.184233333333331,14.572799276391612,137.76349999999996
2.0,28.521538461538462,77.23384615384614,16.030940419738016,67.66871684116626,2.7437053382787924,227.1553594065449,3.0,11.50711301000047,45.13066341142777,51.59777031785529,16.941888821071412,1.4808460491102868,238.39435560354946,138.25019999999998,Very Poor,9.216679999999998,14.445773567379492,138.25019999999998
2.0,28.521538461538462,77.24358974358974,16.030940419738016,67.66871684116626,2.7437053382787924,227.1553594065449,3.0,11.50711301000047,45.13066341142777,51.59777031785529,16.941888821071412,1.4808460491102868,238.39435560354946,138.03049999999996,Very Poor,9.20203333333333,14.51304946418912,138.03049999999996
2.0,28.521538461538462,77.25333333333333,16.030940419738016,67.66871684116626,2.7437053382787924,227.1553594065449,3.0,11.50711301000047,45.13066341142777,51.59777031785529,16.941888821071412,1.4808460491102868,238.39435560354946,138.03049999999996,Very Poor,9.20203333333333,14.51304946418912,138.03049999999996
2.0,28.521538461538462,77.26307692307692,16.030940419738016,67.66871684116626,2.7437053382787924,227.1553594065449,3.0,11.50711301000047,45.13066341142777,51.59777031785529,16.941888821071412,1.4808460491102868,238.39435560354946,138.03049999999996,Very Poor,9.20203333333333,14.51304946418912,138.03049999999996
2.0,28.521538461538462,77.27282051282052,16.030940419738016,67.66871684116626,2.7437053382787924,227.1553594065449,3.0,11.50711301000047,45.13066341142777,51.59777031785529,16.941888821071412,1.4808460491102868,238.39435560354946,138.03049999999996,Very Poor,9.20203333333333,14.51304946418912,138.03049999999996
2.0,28.521538461538462,77.2825641025641,16.030940419738016,67.66871684116626,2.7437053382787924,227.1553594065449,3.0,11.50711301000047,45.13066341142777,51.59777031785529,16.941888821071412,1.4808460491102868,238.39435560354946,138.03049999999996,Very Poor,9.20203333333333,14.51304946418912,138.03049999999996
2.0,28.521538461538462,77.29230769230769,16.030940419738016,67.66871684116626,2.7437053382787924,227.1553594065449,3.0,11.50711301000047,45.13066341142777,51.59777031785529,16.941888821071412,1.4808460491102868,238.39435560354946,138.03049999999996,Very Poor,9.20203333333333,14.51304946418912,138.03049999999996
2.0,28.521538461538462,77.30205128205128,16.030940419738016,67.66871684116626,2.7437053382787924,227.1553594065449,3.0,11.50711301000047,45.13066341142777,51.59777031785529,16.941888821071412,1.4808460491102868,238.39435560354946,138.03049999999996,Very Poor,9.20203333333333,14.51304946418912,138.03049999999996
2.0,28.521538461538462,77.31179487179487,16.030940419738016,67.66871684116626,2.7437053382787924,227.1553594065449,3.0,11.50711301000047,45.13066341142777,51.59777031785529,16.941888821071412,1.4808460491102868,238.39435560354946,138.03049999999996,Very Poor,9.20203333333333,14.51304946418912,138.03049999999996
2.0,28.521538461538462,77.32153846153845,16.030940419738016,67.66871684116626,2.7437053382787924,227.1553594065449,3.0,11.50711301000047,45.13066341142777,51.59777031785529,16.941888821071412,1.4808460491102868,238.39435560354946,138.03049999999996,Very Poor,9.20203333333333,14.51304946418912,138.03049999999996
2.0,28.521538461538462,77.33128205128205,16.030940419738016,67.66871684116626,2.7437053382787924,227.1553594065449,3.0,11.50711301000047,45.13066341142777,51.59777031785529,16.941888821071412,1.4808460491102868,238.39435560354946,138.03049999999996,Very Poor,9.20203333333333,14.51304946418912,138.03049999999996
2.0,28.521538461538462,77.34102564102564,16.030940419738016,67.66871684116626,2.7437053382787924,227.1553594065449,3.0,11.50711301000047,45.13066341142777,51.59777031785529,16.941888821071412,1.4808460491102868,238.39435560354946,138.03049999999996,Very Poor,9.20203333333333,14.51304946418912,138.03049999999996
2.0,28.521538461538462,77.35076923076923,16.030940419738016,67.66871684116626,2.7437053382787924,227.1553594065449,3.0,11.50711301000047,45.13066341142777,51.59777031785529,16.941888821071412,1.4808460491102868,238.39435560354946,138.03049999999996,Very Poor,9.20203333333333,14.51304946418912,138.03049999999996
2.0,28.521538461538462,77.36051282051281,16.030940419738016,67.66871684116626,2.7437053382787924,227.1553594065449,3.0,11.50711301000047,45.13066341142777,51.59777031785529,16.941888821071412,1.4808460491102868,238.39435560354946,138.03049999999996,Very Poor,9.20203333333333,14.51304946418912,138.03049999999996
2.0,28.521538461538462,77.3702564102564,16.030940419738016,67.66871684116626,2.7437053382787924,227.1553594065449,3.0,11.50711301000047,45.13066341142777,51.59777031785529,16.941888821071412,1.4808460491102868,238.39435560354946,138.03049999999996,Very Poor,9.20203333333333,14.51304946418912,138.03049999999996
2.0,28.521538461538462,77.38,16.030940419738016,67.66871684116626,2.7437053382787924,227.1553594065449,3.0,11.50711301000047,45.13066341142777,51.59777031785529,16.941888821071412,1.4808460491102868,238.39435560354946,138.03049999999996,Very Poor,9.20203333333333,14.51304946418912,138.03049999999996
2.0,28.528717948717947,77.0,16.030940419738016,67.66871684116626,2.7437053382787924,227.1553594065449,3.0,11.50711301000047,45.13066341142777,51.59777031785529,16.941888821071412,1.4808460491102868,238.39435560354946,134.80209999999994,Very Poor,8.986806666666663,13.756805173803983,134.80209999999997
2.0,28.528717948717947,77.0097435897436,16.030940419738016,67.66871684116626,2.7437053382787924,227.1553594065449,3.0,11.50711301000047,45.13066341142777,51.59777031785529,16.941888821071412,1.4808460491102868,238.39435560354946,134.80209999999994,Very Poor,8.986806666666663,13.756805173803983,134.80209999999997
2.0,28.528717948717947,77.01948717948719,16.030940419738016,67.66871684116626,2.7437053382787924,227.1553594065449,3.0,11.50711301000047,45.13066341142777,51.59777031785529,16.941888821071412,1.4808460491102868,238.39435560354946,134.80209999999994,Very Poor,8.986806666666663,13.756805173803983,134.80209999999997
2.0,28.528717948717947,77.02923076923076,16.030940419738016,67.66871684116626,2.7437053382787924,227.1553594065449,3.0,11.50711301000047,45.13066341142777,51.59777031785529,16.941888821071412,1.4808460491102868,238.39435560354946,134.80209999999994,Very Poor,8.986806666666663,13.756805173803983,134.80209999999997
2.0,28.528717948717947,77.03897435897436,16.030940419738016,67.66871684116626,2.7437053382787924,227.1553594065449,3.0,11.50711301000047,45.13066341142777,51.59777031785529,16.941888821071412,1.4808460491102868,238.39435560354946,134.80209999999994,Very Poor,8.986806666666663,13.756805173803983,134.80209999999997
2.0,28.528717948717947,77.04871794871795,16.030940419738016,67.66871684116626,2.7437053382787924,227.1553594065449,3.0,11.50711301000047,45.13066341142777,51.59777031785529,16.941888821071412,1.4808460491102868,238.39435560354946,134.80209999999994,Very Poor,8.986806666666663,13.756805173803983,134.80209999999997
2.0,28.528717948717947,77.05846153846154,16.030940419738016,67.66871684116626,2.7437053382787924,227.1553594065449,3.0,11.50711301000047,45.13066341142777,51.59777031785529,16.941888821071412,1.4808460491102868,238.39435560354946,136.91849999999994,Very Poor,9.127899999999995,14.396702773552006,136.91849999999994
2.0,28.528717948717947,77.06820512820512,16.030940419738016,67.66871684116626,2.7437053382787924,227.1553594065449,3.0,11.50711301000047,45.13066341142777,51.59777031785529,16.941888821071412,1.4808460491102868,238.39435560354946,136.91849999999994,Very Poor,9.127899999999995,14.396702773552006,136.91849999999994
2.0,28.528717948717947,77.07794871794871,16.030940419738016,67.66871684116626,2.7437053382787924,227.1553594065449,3.0,11.50711301000047,45.13066341142777,51.59777031785529,16.941888821071412,1.4808460491102868,238.39435560354946,136.91849999999994,Very Poor,9.127899999999995,14.396702773552006,136.91849999999994
2.0,28.528717948717947,77.08769230769231,16.030940419738016,67.66871684116626,2.7437053382787924,227.1553594065449,3.0,11.50711301000047,45.13066341142777,51.59777031785529,16.941888821071412,1.4808460491102868,238.39435560354946,136.91849999999994,Very Poor,9.127899999999995,14.396702773552006,136.91849999999994
2.0,28.528717948717947,77.0974358974359,16.030940419738016,67.66871684116626,2.7437053382787924,227.1553594065449,3.0,11.50711301000047,45.13066341142777,51.59777031785529,16.941888821071412,1.4808460491102868,238.39435560354946,136.91849999999994,Very Poor,9.127899999999995,14.396702773552006,136.91849999999994
2.0,28.528717948717947,77.10717948717948,16.030940419738016,67.66871684116626,2.7437053382787924,227.1553594065449,3.0,11.50711301000047,45.13066341142777,51.59777031785529,16.941888821071412,1.4808460491102868,238.39435560354946,137.00769999999994,Very Poor,9.133846666666663,14.346968798669636,137.00769999999994
2.0,28.528717948717947,77.11692307692307,16.030940419738016,67.66871684116626,2.7437053382787924,227.1553594065449,3.0,11.50711301000047,45.13066341142777,51.59777031785529,16.941888821071412,1.4808460491102868,238.39435560354946,138.6246,Very Poor,9.241639999999999,14.072310074753187,138.6246
2.0,28.528717948717947,77.12666666666667,16.030940419738016,67.66871684116626,2.7437053382787924,227.1553594065449,3.0,11.50711301000047,45.13066341142777,51.59777031785529,16.941888821071412,1.4808460491102868,238.39435560354946,138.6246,Very Poor,9.241639999999999,14.072310074753187,138.6246
2.0,28.528717948717947,77.13641025641026,16.030940419738016,67.66871684116626,2.7437053382787924,227.1553594065449,3.0,11.50711301000047,45.13066341142777,51.59777031785529,16.941888821071412,1.4808460491102868,238.39435560354946,138.6246,Very Poor,9.241639999999999,14.072310074753187,138.6246
2.0,28.528717948717947,77.14615384615385,16.030940419738016,67.66871684116626,2.7437053382787924,227.1553594065449,3.0,11.50711301000047,45.13066341142777,51.59777031785529,16.941888821071412,1.4808460491102868,238.39435560354946,138.82649999999995,Very Poor,9.255099999999997,14.482120450748917,138.82649999999995
2.0,28.528717948717947,77.15589743589743,16.030940419738016,67.66871684116626,2.7437053382787924,227.1553594065449,3.0,11.50711301000047,45.13066341142777,51.59777031785529,16.941888821071412,1.4808460491102868,238.39435560354946,138.82649999999995,Very Poor,9.255099999999997,14.482120450748917,138.82649999999995
2.0,28.528717948717947,77.16564102564102,16.030940419738016,67.66871684116626,2.7437053382787924,227.1553594065449,3.0,11.50711301000047,45.13066341142777,51.59777031785529,16.941888821071412,1.4808460491102868,238.39435560354946,138.23559999999998,Very Poor,9.215706666666666,14.269727419961463,138.23559999999998
2.0,28.528717948717947,77.17538461538462,16.030940419738016,67.66871684116626,2.7437053382787924,227.1553594065449,3.0,11.50711301000047,45.13066341142777,51.59777031785529,16.941888821071412,1.4808460491102868,238.39435560354946,138.23559999999998,Very Poor,9.215706666666666,14.269727419961463,138.23559999999998
2.0,28.528717948717947,77.18512820512821,16.030940419738016,67.66871684116626,2.7437053382787924,227.1553594065449,3.0,11.50711301000047,45.13066341142777,51.59777031785529,16.941888821071412,1.4808460491102868,238.39435560354946,138.23559999999998,Very Poor,9.215706666666666,14.269727419961463,138.23559999999998
2.0,28.528717948717947,77.19487179487179,16.030940419738016,67.66871684116626,2.7437053382787924,227.1553594065449,3.0,11.50711301000047,45.13066341142777,51.59777031785529,16.941888821071412,1.4808460491102868,238.39435560354946,137.76349999999996,Very Poor,9.184233333333331,14.572799276391612,137.76349999999996
2.0,28.528717948717947,77.20461538461538,16.030940419738016,67.66871684116626,2.7437053382787924,227.1553594065449,3.0,11.50711301000047,45.13066341142777,51.59777031785529,16.941888821071412,1.4808460491102868,238.39435560354946,137.76349999999996,Very Poor,9.184233333333331,14.572799276391612,137.76349999999996
2.0,28.528717948717947,77.21435897435897,16.030940419738016,67.66871684116626,2.7437053382787924,227.1553594065449,3.0,11.50711301000047,45.13066341142777,51.59777031785529,16.941888821071412,1.4808460491102868,238.39435560354946,137.76349999999996,Very Poor,9.184233333333331,14.572799276391612,137.76349999999996
2.0,28.528717948717947,77.22410256410257,16.030940419738016,67.66871684116626,2.7437053382787924,227.1553594065449,3.0,11.50711301000047,45.13066341142777,51.59777031785529,16.941888821071412,1.4808460491102868,238.39435560354946,137.76349999999996,Very Poor,9.184233333333331,14.572799276391612,137.76349999999996
2.0,28.528717948717947,77.23384615384614,16.030940419738016,67.66871684116626,2.7437053382787924,227.1553594065449,3.0,11.50711301000047,45.13066341142777,51.59777031785529,16.941888821071412,1.4808460491102868,238.39435560354946,138.25019999999998,Very Poor,9.216679999999998,14.445773567379492,138.25019999999998
2.0,28.528717948717947,77.24358974358974,16.030940419738016,67.66871684116626,2.7437053382787924,227.1553594065449,3.0,11.50711301000047,45.13066341142777,51.59777031785529,16.941888821071412,1.4808460491102868,238.39435560354946,138.03049999999996,Very Poor,9.20203333333333,14.51304946418912,138.03049999999996
2.0,28.528717948717947,77.25333333333333,16.030940419738016,67.66871684116626,2.7437053382787924,227.1553594065449,3.0,11.50711301000047,45.13066341142777,51.59777031785529,16.941888821071412,1.4808460491102868,238.39435560354946,138.03049999999996,Very Poor,9.20203333333333,14.51304946418912,138.03049999999996
2.0,28.528717948717947,77.26307692307692,16.030940419738016,67.66871684116626,2.7437053382787924,227.1553594065449,3.0,11.50711301000047,45.13066341142777,51.59777031785529,16.941888821071412,1.4808460491102868,238.39435560354946,138.03049999999996,Very Poor,9.20203333333333,14.51304946418912,138.03049999999996
2.0,28.528717948717947,77.27282051282052,16.030940419738016,67.66871684116626,2.7437053382787924,227.1553594065449,3.0,11.50711301000047,45.13066341142777,51.59777031785529,16.941888821071412,1.4808460491102868,238.39435560354946,138.03049999999996,Very Poor,9.20203333333333,14.51304946418912,138.03049999999996
2.0,28.528717948717947,77.2825641025641,16.030940419738016,67.66871684116626,2.7437053382787924,227.1553594065449,3.0,11.50711301000047,45.13066341142777,51.59777031785529,16.941888821071412,1.4808460491102868,238.39435560354946,138.03049999999996,Very Poor,9.20203333333333,14.51304946418912,138.03049999999996
2.0,28.528717948717947,77.29230769230769,16.030940419738016,67.66871684116626,2.7437053382787924,227.1553594065449,3.0,11.50711301000047,45.13066341142777,51.59777031785529,16.941888821071412,1.4808460491102868,238.39435560354946,138.03049999999996,Very Poor,9.20203333333333,14.51304946418912,138.03049999999996
2.0,28.528717948717947,77.30205128205128,16.030940419738016,67.66871684116626,2.7437053382787924,227.1553594065449,3.0,11.50711301000047,45.13066341142777,51.59777031785529,16.941888821071412,1.4808460491102868,238.39435560354946,138.03049999999996,Very Poor,9.20203333333333,14.51304946418912,138.03049999999996
2.0,28.528717948717947,77.31179487179487,16.030940419738016,67.66871684116626,2.7437053382787924,227.1553594065449,3.0,11.50711301000047,45.13066341142777,51.59777031785529,16.941888821071412,1.4808460491102868,238.39435560354946,138.03049999999996,Very Poor,9.20203333333333,14.51304946418912,138.03049999999996
2.0,28.528717948717947,77.32153846153845,16.030940419738016,67.66871684116626,2.7437053382787924,227.1553594065449,3.0,11.50711301000047,45.13066341142777,51.59777031785529,16.941888821071412,1.4808460491102868,238.39435560354946,138.03049999999996,Very Poor,9.20203333333333,14.51304946418912,138.03049999999996
2.0,28.528717948717947,77.33128205128205,16.030940419738016,67.66871684116626,2.7437053382787924,227.1553594065449,3.0,11.50711301000047,45.13066341142777,51.59777031785529,16.941888821071412,1.4808460491102868,238.39435560354946,138.03049999999996,Very Poor,9.20203333333333,14.51304946418912,138.03049999999996
2.0,28.528717948717947,77.34102564102564,16.030940419738016,67.66871684116626,2.7437053382787924,227.1553594065449,3.0,11.50711301000047,45.13066341142777,51.59777031785529,16.941888821071412,1.4808460491102868,238.39435560354946,138.03049999999996,Very Poor,9.20203333333333,14.51304946418912,138.03049999999996
2.0,28.528717948717947,77.35076923076923,16.030940419738016,67.66871684116626,2.7437053382787924,227.1553594065449,3.0,11.50711301000047,45.13066341142777,51.59777031785529,16.941888821071412,1.4808460491102868,238.39435560354946,138.03049999999996,Very Poor,9.20203333333333,14.51304946418912,138.03049999999996
2.0,28.528717948717947,77.36051282051281,16.030940419738016,67.66871684116626,2.7437053382787924,227.1553594065449,3.0,11.50711301000047,45.13066341142777,51.59777031785529,16.941888821071412,1.4808460491102868,238.39435560354946,138.03049999999996,Very Poor,9.20203333333333,14.51304946418912,138.03049999999996
2.0,28.528717948717947,77.3702564102564,16.030940419738016,67.66871684116626,2.7437053382787924,227.1553594065449,3.0,11.50711301000047,45.13066341142777,51.59777031785529,16.941888821071412,1.4808460491102868,238.39435560354946,138.03049999999996,Very Poor,9.20203333333333,14.51304946418912,138.03049999999996
2.0,28.528717948717947,77.38,16.030940419738016,67.66871684116626,2.7437053382787924,227.1553594065449,3.0,11.50711301000047,45.13066341142777,51.59777031785529,16.941888821071412,1.4808460491102868,238.39435560354946,138.03049999999996,Very Poor,9.20203333333333,14.51304946418912,138.03049999999996
2.0,28.535897435897436,77.0,16.030940419738016,67.66871684116626,2.7437053382787924,227.1553594065449,3.0,11.50711301000047,45.13066341142777,51.59777031785529,16.941888821071412,1.4808460491102868,238.39435560354946,134.80209999999994,Very Poor,8.986806666666663,13.756805173803983,134.80209999999997
2.0,28.535897435897436,77.0097435897436,16.030940419738016,67.66871684116626,2.7437053382787924,227.1553594065449,3.0,11.50711301000047,45.13066341142777,51.59777031785529,16.941888821071412,1.4808460491102868,238.39435560354946,134.80209999999994,Very Poor,8.986806666666663,13.756805173803983,134.80209999999997
2.0,28.535897435897436,77.01948717948719,16.030940419738016,67.66871684116626,2.7437053382787924,227.1553594065449,3.0,11.50711301000047,45.13066341142777,51.59777031785529,16.941888821071412,1.4808460491102868,238.39435560354946,134.80209999999994,Very Poor,8.986806666666663,13.756805173803983,134.80209999999997
2.0,28.535897435897436,77.02923076923076,16.030940419738016,67.66871684116626,2.7437053382787924,227.1553594065449,3.0,11.50711301000047,45.13066341142777,51.59777031785529,16.941888821071412,1.4808460491102868,238.39435560354946,134.80209999999994,Very Poor,8.986806666666663,13.756805173803983,134.80209999999997
2.0,28.535897435897436,77.03897435897436,16.030940419738016,67.66871684116626,2.7437053382787924,227.1553594065449,3.0,11.50711301000047,45.13066341142777,51.59777031785529,16.941888821071412,1.4808460491102868,238.39435560354946,134.80209999999994,Very Poor,8.986806666666663,13.756805173803983,134.80209999999997
2.0,28.535897435897436,77.04871794871795,16.030940419738016,67.66871684116626,2.7437053382787924,227.1553594065449,3.0,11.50711301000047,45.13066341142777,51.59777031785529,16.941888821071412,1.4808460491102868,238.39435560354946,134.80209999999994,Very Poor,8.986806666666663,13.756805173803983,134.80209999999997
2.0,28.535897435897436,77.05846153846154,16.030940419738016,67.66871684116626,2.7437053382787924,227.1553594065449,3.0,11.50711301000047,45.13066341142777,51.59777031785529,16.941888821071412,1.4808460491102868,238.39435560354946,136.91849999999994,Very Poor,9.127899999999995,14.396702773552006,136.91849999999994
2.0,28.535897435897436,77.06820512820512,16.030940419738016,67.66871684116626,2.7437053382787924,227.1553594065449,3.0,11.50711301000047,45.13066341142777,51.59777031785529,16.941888821071412,1.4808460491102868,238.39435560354946,136.91849999999994,Very Poor,9.127899999999995,14.396702773552006,136.91849999999994
2.0,28.535897435897436,77.07794871794871,16.030940419738016,67.66871684116626,2.7437053382787924,227.1553594065449,3.0,11.50711301000047,45.13066341142777,51.59777031785529,16.941888821071412,1.4808460491102868,238.39435560354946,136.91849999999994,Very Poor,9.127899999999995,14.396702773552006,136.91849999999994
2.0,28.535897435897436,77.08769230769231,16.030940419738016,67.66871684116626,2.7437053382787924,227.1553594065449,3.0,11.50711301000047,45.13066341142777,51.59777031785529,16.941888821071412,1.4808460491102868,238.39435560354946,136.91849999999994,Very Poor,9.127899999999995,14.396702773552006,136.91849999999994
2.0,28.535897435897436,77.0974358974359,16.030940419738016,67.66871684116626,2.7437053382787924,227.1553594065449,3.0,11.50711301000047,45.13066341142777,51.59777031785529,16.941888821071412,1.4808460491102868,238.39435560354946,136.91849999999994,Very Poor,9.127899999999995,14.396702773552006,136.91849999999994
2.0,28.535897435897436,77.10717948717948,16.030940419738016,67.66871684116626,2.7437053382787924,227.1553594065449,3.0,11.50711301000047,45.13066341142777,51.59777031785529,16.941888821071412,1.4808460491102868,238.39435560354946,137.00769999999994,Very Poor,9.133846666666663,14.346968798669636,137.00769999999994
2.0,28.535897435897436,77.11692307692307,16.030940419738016,67.66871684116626,2.7437053382787924,227.1553594065449,3.0,11.50711301000047,45.13066341142777,51.59777031785529,16.941888821071412,1.4808460491102868,238.39435560354946,138.6246,Very Poor,9.241639999999999,14.072310074753187,138.6246
2.0,28.535897435897436,77.12666666666667,16.030940419738016,67.66871684116626,2.7437053382787924,227.1553594065449,3.0,11.50711301000047,45.13066341142777,51.59777031785529,16.941888821071412,1.4808460491102868,238.39435560354946,138.6246,Very Poor,9.241639999999999,14.072310074753187,138.6246
2.0,28.535897435897436,77.13641025641026,16.030940419738016,67.66871684116626,2.7437053382787924,227.1553594065449,3.0,11.50711301000047,45.13066341142777,51.59777031785529,16.941888821071412,1.4808460491102868,238.39435560354946,138.6246,Very Poor,9.241639999999999,14.072310074753187,138.6246
2.0,28.535897435897436,77.14615384615385,16.030940419738016,67.66871684116626,2.7437053382787924,227.1553594065449,3.0,11.50711301000047,45.13066341142777,51.59777031785529,16.941888821071412,1.4808460491102868,238.39435560354946,138.82649999999995,Very Poor,9.255099999999997,14.482120450748917,138.82649999999995
2.0,28.535897435897436,77.15589743589743,16.030940419738016,67.66871684116626,2.7437053382787924,227.1553594065449,3.0,11.50711301000047,45.13066341142777,51.59777031785529,16.941888821071412,1.4808460491102868,238.39435560354946,138.82649999999995,Very Poor,9.255099999999997,14.482120450748917,138.82649999999995
2.0,28.535897435897436,77.16564102564102,16.030940419738016,67.66871684116626,2.7437053382787924,227.1553594065449,3.0,11.50711301000047,45.13066341142777,51.59777031785529,16.941888821071412,1.4808460491102868,238.39435560354946,138.23559999999998,Very Poor,9.215706666666666,14.269727419961463,138.23559999999998
2.0,28.535897435897436,77.17538461538462,16.030940419738016,67.66871684116626,2.7437053382787924,227.1553594065449,3.0,11.50711301000047,45.13066341142777,51.59777031785529,16.941888821071412,1.4808460491102868,238.39435560354946,138.23559999999998,Very Poor,9.215706666666666,14.269727419961463,138.23559999999998
2.0,28.535897435897436,77.18512820512821,16.030940419738016,67.66871684116626,2.7437053382787924,227.1553594065449,3.0,11.50711301000047,45.13066341142777,51.59777031785529,16.941888821071412,1.4808460491102868,238.39435560354946,138.23559999999998,Very Poor,9.215706666666666,14.269727419961463,138.23559999999998
2.0,28.535897435897436,77.19487179487179,16.030940419738016,67.66871684116626,2.7437053382787924,227.1553594065449,3.0,11.50711301000047,45.13066341142777,51.59777031785529,16.941888821071412,1.4808460491102868,238.39435560354946,137.76349999999996,Very Poor,9.184233333333331,14.572799276391612,137.76349999999996
2.0,28.535897435897436,77.20461538461538,16.030940419738016,67.66871684116626,2.7437053382787924,227.1553594065449,3.0,11.50711301000047,45.13066341142777,51.59777031785529,16.941888821071412,1.4808460491102868,238.39435560354946,137.76349999999996,Very Poor,9.184233333333331,14.572799276391612,137.76349999999996
2.0,28.535897435897436,77.21435897435897,16.030940419738016,67.66871684116626,2.7437053382787924,227.1553594065449,3.0,11.50711301000047,45.13066341142777,51.59777031785529,16.941888821071412,1.4808460491102868,238.39435560354946,137.76349999999996,Very Poor,9.184233333333331,14.572799276391612,137.76349999999996
2.0,28.535897435897436,77.22410256410257,16.030940419738016,67.66871684116626,2.7437053382787924,227.1553594065449,3.0,11.50711301000047,45.13066341142777,51.59777031785529,16.941888821071412,1.4808460491102868,238.39435560354946,137.76349999999996,Very Poor,9.184233333333331,14.572799276391612,137.76349999999996
2.0,28.535897435897436,77.23384615384614,16.030940419738016,67.66871684116626,2.7437053382787924,227.1553594065449,3.0,11.50711301000047,45.13066341142777,51.59777031785529,16.941888821071412,1.4808460491102868,238.39435560354946,138.25019999999998,Very Poor,9.216679999999998,14.445773567379492,138.25019999999998
2.0,28.535897435897436,77.24358974358974,16.030940419738016,67.66871684116626,2.7437053382787924,227.1553594065449,3.0,11.50711301000047,45.13066341142777,51.59777031785529,16.941888821071412,1.4808460491102868,238.39435560354946,138.03049999999996,Very Poor,9.20203333333333,14.51304946418912,138.03049999999996
2.0,28.535897435897436,77.25333333333333,16.030940419738016,67.66871684116626,2.7437053382787924,227.1553594065449,3.0,11.50711301000047,45.13066341142777,51.59777031785529,16.941888821071412,1.4808460491102868,238.39435560354946,138.03049999999996,Very Poor,9.20203333333333,14.51304946418912,138.03049999999996
2.0,28.535897435897436,77.26307692307692,16.030940419738016,67.66871684116626,2.7437053382787924,227.1553594065449,3.0,11.50711301000047,45.13066341142777,51.59777031785529,16.941888821071412,1.4808460491102868,238.39435560354946,138.03049999999996,Very Poor,9.20203333333333,14.51304946418912,138.03049999999996
2.0,28.535897435897436,77.27282051282052,16.030940419738016,67.66871684116626,2.7437053382787924,227.1553594065449,3.0,11.50711301000047,45.13066341142777,51.59777031785529,16.941888821071412,1.4808460491102868,238.39435560354946,138.03049999999996,Very Poor,9.20203333333333,14.51304946418912,138.03049999999996
2.0,28.535897435897436,77.2825641025641,16.030940419738016,67.66871684116626,2.7437053382787924,227.1553594065449,3.0,11.50711301000047,45.13066341142777,51.59777031785529,16.941888821071412,1.4808460491102868,238.39435560354946,138.03049999999996,Very Poor,9.20203333333333,14.51304946418912,138.03049999999996
2.0,28.535897435897436,77.29230769230769,16.030940419738016,67.66871684116626,2.7437053382787924,227.1553594065449,3.0,11.50711301000047,45.13066341142777,51.59777031785529,16.941888821071412,1.4808460491102868,238.39435560354946,138.03049999999996,Very Poor,9.20203333333333,14.51304946418912,138.03049999999996
2.0,28.535897435897436,77.30205128205128,16.030940419738016,67.66871684116626,2.7437053382787924,227.1553594065449,3.0,11.50711301000047,45.13066341142777,51.59777031785529,16.941888821071412,1.4808460491102868,238.39435560354946,138.03049999999996,Very Poor,9.20203333333333,14.51304946418912,138.03049999999996
2.0,28.535897435897436,77.31179487179487,16.030940419738016,67.66871684116626,2.7437053382787924,227.1553594065449,3.0,11.50711301000047,45.13066341142777,51.59777031785529,16.941888821071412,1.4808460491102868,238.39435560354946,138.03049999999996,Very Poor,9.20203333333333,14.51304946418912,138.03049999999996
2.0,28.535897435897436,77.32153846153845,16.030940419738016,67.66871684116626,2.7437053382787924,227.1553594065449,3.0,11.50711301000047,45.13066341142777,51.59777031785529,16.941888821071412,1.4808460491102868,238.39435560354946,138.03049999999996,Very Poor,9.20203333333333,14.51304946418912,138.03049999999996
2.0,28.535897435897436,77.33128205128205,16.030940419738016,67.66871684116626,2.7437053382787924,227.1553594065449,3.0,11.50711301000047,45.13066341142777,51.59777031785529,16.941888821071412,1.4808460491102868,238.39435560354946,138.03049999999996,Very Poor,9.20203333333333,14.51304946418912,138.03049999999996
2.0,28.535897435897436,77.34102564102564,16.030940419738016,67.66871684116626,2.7437053382787924,227.1553594065449,3.0,11.50711301000047,45.13066341142777,51.59777031785529,16.941888821071412,1.4808460491102868,238.39435560354946,138.03049999999996,Very Poor,9.20203333333333,14.51304946418912,138.03049999999996
2.0,28.535897435897436,77.35076923076923,16.030940419738016,67.66871684116626,2.7437053382787924,227.1553594065449,3.0,11.50711301000047,45.13066341142777,51.59777031785529,16.941888821071412,1.4808460491102868,238.39435560354946,138.03049999999996,Very Poor,9.20203333333333,14.51304946418912,138.03049999999996
2.0,28.535897435897436,77.36051282051281,16.030940419738016,67.66871684116626,2.7437053382787924,227.1553594065449,3.0,11.50711301000047,45.13066341142777,51.59777031785529,16.941888821071412,1.4808460491102868,238.39435560354946,138.03049999999996,Very Poor,9.20203333333333,14.51304946418912,138.03049999999996
2.0,28.535897435897436,77.3702564102564,16.030940419738016,67.66871684116626,2.7437053382787924,227.1553594065449,3.0,11.50711301000047,45.13066341142777,51.59777031785529,16.941888821071412,1.4808460491102868,238.39435560354946,138.03049999999996,Very Poor,9.20203333333333,14.51304946418912,138.03049999999996
2.0,28.535897435897436,77.38,16.030940419738016,67.66871684116626,2.7437053382787924,227.1553594065449,3.0,11.50711301000047,45.13066341142777,51.59777031785529,16.941888821071412,1.4808460491102868,238.39435560354946,138.03049999999996,Very Poor,9.20203333333333,14.51304946418912,138.03049999999996
2.0,28.543076923076924,77.0,16.030940419738016,67.66871684116626,2.7437053382787924,227.1553594065449,3.0,11.50711301000047,45.13066341142777,51.59777031785529,16.941888821071412,1.4808460491102868,238.39435560354946,134.80209999999994,Very Poor,8.986806666666663,13.756805173803983,134.80209999999997
2.0,28.543076923076924,77.0097435897436,16.030940419738016,67.66871684116626,2.7437053382787924,227.1553594065449,3.0,11.50711301000047,45.13066341142777,51.59777031785529,16.941888821071412,1.4808460491102868,238.39435560354946,134.80209999999994,Very Poor,8.986806666666663,13.756805173803983,134.80209999999997
2.0,28.543076923076924,77.01948717948719,16.030940419738016,67.66871684116626,2.7437053382787924,227.1553594065449,3.0,11.50711301000047,45.13066341142777,51.59777031785529,16.941888821071412,1.4808460491102868,238.39435560354946,134.80209999999994,Very Poor,8.986806666666663,13.756805173803983,134.80209999999997
2.0,28.543076923076924,77.02923076923076,16.030940419738016,67.66871684116626,2.7437053382787924,227.1553594065449,3.0,11.50711301000047,45.13066341142777,51.59777031785529,16.941888821071412,1.4808460491102868,238.39435560354946,134.80209999999994,Very Poor,8.986806666666663,13.756805173803983,134.80209999999997
2.0,28.543076923076924,77.03897435897436,16.030940419738016,67.66871684116626,2.7437053382787924,227.1553594065449,3.0,11.50711301000047,45.13066341142777,51.59777031785529,16.941888821071412,1.4808460491102868,238.39435560354946,134.80209999999994,Very Poor,8.986806666666663,13.756805173803983,134.80209999999997
2.0,28.543076923076924,77.04871794871795,16.030940419738016,67.66871684116626,2.7437053382787924,227.1553594065449,3.0,11.50711301000047,45.13066341142777,51.59777031785529,16.941888821071412,1.4808460491102868,238.39435560354946,134.80209999999994,Very Poor,8.986806666666663,13.756805173803983,134.80209999999997
2.0,28.543076923076924,77.05846153846154,16.030940419738016,67.66871684116626,2.7437053382787924,227.1553594065449,3.0,11.50711301000047,45.13066341142777,51.59777031785529,16.941888821071412,1.4808460491102868,238.39435560354946,136.91849999999994,Very Poor,9.127899999999995,14.396702773552006,136.91849999999994
2.0,28.543076923076924,77.06820512820512,16.030940419738016,67.66871684116626,2.7437053382787924,227.1553594065449,3.0,11.50711301000047,45.13066341142777,51.59777031785529,16.941888821071412,1.4808460491102868,238.39435560354946,136.91849999999994,Very Poor,9.127899999999995,14.396702773552006,136.91849999999994
2.0,28.543076923076924,77.07794871794871,16.030940419738016,67.66871684116626,2.7437053382787924,227.1553594065449,3.0,11.50711301000047,45.13066341142777,51.59777031785529,16.941888821071412,1.4808460491102868,238.39435560354946,136.91849999999994,Very Poor,9.127899999999995,14.396702773552006,136.91849999999994
2.0,28.543076923076924,77.08769230769231,16.030940419738016,67.66871684116626,2.7437053382787924,227.1553594065449,3.0,11.50711301000047,45.13066341142777,51.59777031785529,16.941888821071412,1.4808460491102868,238.39435560354946,136.91849999999994,Very Poor,9.127899999999995,14.396702773552006,136.91849999999994
2.0,28.543076923076924,77.0974358974359,16.030940419738016,67.66871684116626,2.7437053382787924,227.1553594065449,3.0,11.50711301000047,45.13066341142777,51.59777031785529,16.941888821071412,1.4808460491102868,238.39435560354946,136.91849999999994,Very Poor,9.127899999999995,14.396702773552006,136.91849999999994
2.0,28.543076923076924,77.10717948717948,16.030940419738016,67.66871684116626,2.7437053382787924,227.1553594065449,3.0,11.50711301000047,45.13066341142777,51.59777031785529,16.941888821071412,1.4808460491102868,238.39435560354946,137.00769999999994,Very Poor,9.133846666666663,14.346968798669636,137.00769999999994
2.0,28.543076923076924,77.11692307692307,16.030940419738016,67.66871684116626,2.7437053382787924,227.1553594065449,3.0,11.50711301000047,45.13066341142777,51.59777031785529,16.941888821071412,1.4808460491102868,238.39435560354946,138.6246,Very Poor,9.241639999999999,14.072310074753187,138.6246
2.0,28.543076923076924,77.12666666666667,16.030940419738016,67.66871684116626,2.7437053382787924,227.1553594065449,3.0,11.50711301000047,45.13066341142777,51.59777031785529,16.941888821071412,1.4808460491102868,238.39435560354946,138.6246,Very Poor,9.241639999999999,14.072310074753187,138.6246
2.0,28.543076923076924,77.13641025641026,16.030940419738016,67.66871684116626,2.7437053382787924,227.1553594065449,3.0,11.50711301000047,45.13066341142777,51.59777031785529,16.941888821071412,1.4808460491102868,238.39435560354946,138.6246,Very Poor,9.241639999999999,14.072310074753187,138.6246
2.0,28.543076923076924,77.14615384615385,16.030940419738016,67.66871684116626,2.7437053382787924,227.1553594065449,3.0,11.50711301000047,45.13066341142777,51.59777031785529,16.941888821071412,1.4808460491102868,238.39435560354946,138.82649999999995,Very Poor,9.255099999999997,14.482120450748917,138.82649999999995
2.0,28.543076923076924,77.15589743589743,16.030940419738016,67.66871684116626,2.7437053382787924,227.1553594065449,3.0,11.50711301000047,45.13066341142777,51.59777031785529,16.941888821071412,1.4808460491102868,238.39435560354946,138.82649999999995,Very Poor,9.255099999999997,14.482120450748917,138.82649999999995
2.0,28.543076923076924,77.16564102564102,16.030940419738016,67.66871684116626,2.7437053382787924,227.1553594065449,3.0,11.50711301000047,45.13066341142777,51.59777031785529,16.941888821071412,1.4808460491102868,238.39435560354946,138.23559999999998,Very Poor,9.215706666666666,14.269727419961463,138.23559999999998
2.0,28.543076923076924,77.17538461538462,16.030940419738016,67.66871684116626,2.7437053382787924,227.1553594065449,3.0,11.50711301000047,45.13066341142777,51.59777031785529,16.941888821071412,1.4808460491102868,238.39435560354946,138.23559999999998,Very Poor,9.215706666666666,14.269727419961463,138.23559999999998
2.0,28.543076923076924,77.18512820512821,16.030940419738016,67.66871684116626,2.7437053382787924,227.1553594065449,3.0,11.50711301000047,45.13066341142777,51.59777031785529,16.941888821071412,1.4808460491102868,238.39435560354946,138.23559999999998,Very Poor,9.215706666666666,14.269727419961463,138.23559999999998
2.0,28.543076923076924,77.19487179487179,16.030940419738016,67.66871684116626,2.7437053382787924,227.1553594065449,3.034062399539054,11.50711301000047,45.13066341142777,51.59777031785529,16.941888821071412,1.4808460491102868,238.39435560354946,137.76349999999996,Very Poor,9.184233333333331,14.572799276391612,137.76349999999996
2.0,28.543076923076924,77.20461538461538,16.030940419738016,67.66871684116626,2.7437053382787924,227.1553594065449,3.036358158814833,11.50711301000047,45.13066341142777,51.59777031785529,16.941888821071412,1.4808460491102868,238.39435560354946,137.76349999999996,Very Poor,9.184233333333331,14.572799276391612,137.76349999999996
2.0,28.543076923076924,77.21435897435897,16.030940419738016,67.66871684116626,2.7437053382787924,227.1553594065449,3.0,11.50711301000047,45.13066341142777,51.59777031785529,16.941888821071412,1.4808460491102868,238.39435560354946,137.76349999999996,Very Poor,9.184233333333331,14.572799276391612,137.76349999999996
2.0,28.543076923076924,77.22410256410257,16.030940419738016,67.66871684116626,2.7437053382787924,227.1553594065449,3.0,11.50711301000047,45.13066341142777,51.59777031785529,16.941888821071412,1.4808460491102868,238.39435560354946,137.76349999999996,Very Poor,9.184233333333331,14.572799276391612,137.76349999999996
2.0,28.543076923076924,77.23384615384614,16.030940419738016,67.66871684116626,2.7437053382787924,227.1553594065449,3.0,11.50711301000047,45.13066341142777,51.59777031785529,16.941888821071412,1.4808460491102868,238.39435560354946,138.25019999999998,Very Poor,9.216679999999998,14.445773567379492,138.25019999999998
2.0,28.543076923076924,77.24358974358974,16.030940419738016,67.66871684116626,2.7437053382787924,227.1553594065449,3.0,11.50711301000047,45.13066341142777,51.59777031785529,16.941888821071412,1.4808460491102868,238.39435560354946,138.03049999999996,Very Poor,9.20203333333333,14.51304946418912,138.03049999999996
2.0,28.543076923076924,77.25333333333333,16.030940419738016,67.66871684116626,2.7437053382787924,227.1553594065449,3.0,11.50711301000047,45.13066341142777,51.59777031785529,16.941888821071412,1.4808460491102868,238.39435560354946,138.03049999999996,Very Poor,9.20203333333333,14.51304946418912,138.03049999999996
2.0,28.543076923076924,77.26307692307692,16.030940419738016,67.66871684116626,2.7437053382787924,227.1553594065449,3.0,11.50711301000047,45.13066341142777,51.59777031785529,16.941888821071412,1.4808460491102868,238.39435560354946,138.03049999999996,Very Poor,9.20203333333333,14.51304946418912,138.03049999999996
2.0,28.543076923076924,77.27282051282052,16.030940419738016,67.66871684116626,2.7437053382787924,227.1553594065449,3.0,11.50711301000047,45.13066341142777,51.59777031785529,16.941888821071412,1.4808460491102868,238.39435560354946,138.03049999999996,Very Poor,9.20203333333333,14.51304946418912,138.03049999999996
2.0,28.543076923076924,77.2825641025641,16.030940419738016,67.66871684116626,2.7437053382787924,227.1553594065449,3.0,11.50711301000047,45.13066341142777,51.59777031785529,16.941888821071412,1.4808460491102868,238.39435560354946,138.03049999999996,Very Poor,9.20203333333333,14.51304946418912,138.03049999999996
2.0,28.543076923076924,77.29230769230769,16.030940419738016,67.66871684116626,2.7437053382787924,227.1553594065449,3.0,11.50711301000047,45.13066341142777,51.59777031785529,16.941888821071412,1.4808460491102868,238.39435560354946,138.03049999999996,Very Poor,9.20203333333333,14.51304946418912,138.03049999999996
2.0,28.543076923076924,77.30205128205128,16.030940419738016,67.66871684116626,2.7437053382787924,227.1553594065449,3.0,11.50711301000047,45.13066341142777,51.59777031785529,16.941888821071412,1.4808460491102868,238.39435560354946,138.03049999999996,Very Poor,9.20203333333333,14.51304946418912,138.03049999999996
2.0,28.543076923076924,77.31179487179487,16.030940419738016,67.66871684116626,2.7437053382787924,227.1553594065449,3.0,11.50711301000047,45.13066341142777,51.59777031785529,16.941888821071412,1.4808460491102868,238.39435560354946,138.03049999999996,Very Poor,9.20203333333333,14.51304946418912,138.03049999999996
2.0,28.543076923076924,77.32153846153845,16.030940419738016,67.66871684116626,2.7437053382787924,227.1553594065449,3.0,11.50711301000047,45.13066341142777,51.59777031785529,16.941888821071412,1.4808460491102868,238.39435560354946,138.03049999999996,Very Poor,9.20203333333333,14.51304946418912,138.03049999999996
2.0,28.543076923076924,77.33128205128205,16.030940419738016,67.66871684116626,2.7437053382787924,227.1553594065449,3.0,11.50711301000047,45.13066341142777,51.59777031785529,16.941888821071412,1.4808460491102868,238.39435560354946,138.03049999999996,Very Poor,9.20203333333333,14.51304946418912,138.03049999999996
2.0,28.543076923076924,77.34102564102564,16.030940419738016,67.66871684116626,2.7437053382787924,227.1553594065449,3.0,11.50711301000047,45.13066341142777,51.59777031785529,16.941888821071412,1.4808460491102868,238.39435560354946,138.03049999999996,Very Poor,9.20203333333333,14.51304946418912,138.03049999999996
2.0,28.543076923076924,77.35076923076923,16.030940419738016,67.66871684116626,2.7437053382787924,227.1553594065449,3.0,11.50711301000047,45.13066341142777,51.59777031785529,16.941888821071412,1.4808460491102868,238.39435560354946,138.03049999999996,Very Poor,9.20203333333333,14.51304946418912,138.03049999999996
2.0,28.543076923076924,77.36051282051281,16.030940419738016,67.66871684116626,2.7437053382787924,227.1553594065449,3.0,11.50711301000047,45.13066341142777,51.59777031785529,16.941888821071412,1.4808460491102868,238.39435560354946,138.03049999999996,Very Poor,9.20203333333333,14.51304946418912,138.03049999999996
2.0,28.543076923076924,77.3702564102564,16.030940419738016,67.66871684116626,2.7437053382787924,227.1553594065449,3.0,11.50711301000047,45.13066341142777,51.59777031785529,16.941888821071412,1.4808460491102868,238.39435560354946,138.03049999999996,Very Poor,9.20203333333333,14.51304946418912,138.03049999999996
2.0,28.543076923076924,77.38,16.030940419738016,67.66871684116626,2.7437053382787924,227.1553594065449,3.0,11.50711301000047,45.13066341142777,51.59777031785529,16.941888821071412,1.4808460491102868,238.39435560354946,138.03049999999996,Very Poor,9.20203333333333,14.51304946418912,138.03049999999996
2.0,28.55025641025641,77.0,16.030940419738016,67.66871684116626,2.7437053382787924,227.1553594065449,3.0,11.50711301000047,45.13066341142777,51.59777031785529,16.941888821071412,1.4808460491102868,238.39435560354946,134.80209999999994,Very Poor,8.986806666666663,13.756805173803983,134.80209999999997
2.0,28.55025641025641,77.0097435897436,16.030940419738016,67.66871684116626,2.7437053382787924,227.1553594065449,3.0,11.50711301000047,45.13066341142777,51.59777031785529,16.941888821071412,1.4808460491102868,238.39435560354946,134.80209999999994,Very Poor,8.986806666666663,13.756805173803983,134.80209999999997
2.0,28.55025641025641,77.01948717948719,16.030940419738016,67.66871684116626,2.7437053382787924,227.1553594065449,3.0,11.50711301000047,45.13066341142777,51.59777031785529,16.941888821071412,1.4808460491102868,238.39435560354946,134.80209999999994,Very Poor,8.986806666666663,13.756805173803983,134.80209999999997
2.0,28.55025641025641,77.02923076923076,16.030940419738016,67.66871684116626,2.7437053382787924,227.1553594065449,3.0,11.50711301000047,45.13066341142777,51.59777031785529,16.941888821071412,1.4808460491102868,238.39435560354946,134.80209999999994,Very Poor,8.986806666666663,13.756805173803983,134.80209999999997
2.0,28.55025641025641,77.03897435897436,16.030940419738016,67.66871684116626,2.7437053382787924,227.1553594065449,3.0,11.50711301000047,45.13066341142777,51.59777031785529,16.941888821071412,1.4808460491102868,238.39435560354946,134.80209999999994,Very Poor,8.986806666666663,13.756805173803983,134.80209999999997
2.0,28.55025641025641,77.04871794871795,16.030940419738016,67.66871684116626,2.7437053382787924,227.1553594065449,3.0,11.50711301000047,45.13066341142777,51.59777031785529,16.941888821071412,1.4808460491102868,238.39435560354946,134.80209999999994,Very Poor,8.986806666666663,13.756805173803983,134.80209999999997
2.0,28.55025641025641,77.05846153846154,16.030940419738016,67.66871684116626,2.7437053382787924,227.1553594065449,3.0,11.50711301000047,45.13066341142777,51.59777031785529,16.941888821071412,1.4808460491102868,238.39435560354946,136.91849999999994,Very Poor,9.127899999999995,14.396702773552006,136.91849999999994
2.0,28.55025641025641,77.06820512820512,16.030940419738016,67.66871684116626,2.7437053382787924,227.1553594065449,3.0,11.50711301000047,45.13066341142777,51.59777031785529,16.941888821071412,1.4808460491102868,238.39435560354946,136.91849999999994,Very Poor,9.127899999999995,14.396702773552006,136.91849999999994
2.0,28.55025641025641,77.07794871794871,16.030940419738016,67.66871684116626,2.7437053382787924,227.1553594065449,3.0,11.50711301000047,45.13066341142777,51.59777031785529,16.941888821071412,1.4808460491102868,238.39435560354946,136.91849999999994,Very Poor,9.127899999999995,14.396702773552006,136.91849999999994
2.0,28.55025641025641,77.08769230769231,16.030940419738016,67.66871684116626,2.7437053382787924,227.1553594065449,3.0,11.50711301000047,45.13066341142777,51.59777031785529,16.941888821071412,1.4808460491102868,238.39435560354946,136.91849999999994,Very Poor,9.127899999999995,14.396702773552006,136.91849999999994
2.0,28.55025641025641,77.0974358974359,16.030940419738016,67.66871684116626,2.7437053382787924,227.1553594065449,3.0,11.50711301000047,45.13066341142777,51.59777031785529,16.941888821071412,1.4808460491102868,238.39435560354946,136.91849999999994,Very Poor,9.127899999999995,14.396702773552006,136.91849999999994
2.0,28.55025641025641,77.10717948717948,16.030940419738016,67.66871684116626,2.7437053382787924,227.1553594065449,3.0,11.50711301000047,45.13066341142777,51.59777031785529,16.941888821071412,1.4808460491102868,238.39435560354946,137.00769999999994,Very Poor,9.133846666666663,14.346968798669636,137.00769999999994
2.0,28.55025641025641,77.11692307692307,16.030940419738016,67.66871684116626,2.7437053382787924,227.1553594065449,3.0,11.50711301000047,45.13066341142777,51.59777031785529,16.941888821071412,1.4808460491102868,238.39435560354946,138.6246,Very Poor,9.241639999999999,14.072310074753187,138.6246
2.0,28.55025641025641,77.12666666666667,16.030940419738016,67.66871684116626,2.7437053382787924,227.1553594065449,3.0,11.50711301000047,45.13066341142777,51.59777031785529,16.941888821071412,1.4808460491102868,238.39435560354946,138.6246,Very Poor,9.241639999999999,14.072310074753187,138.6246
2.0,28.55025641025641,77.13641025641026,16.030940419738016,67.66871684116626,2.7437053382787924,227.1553594065449,3.0,11.50711301000047,45.13066341142777,51.59777031785529,16.941888821071412,1.4808460491102868,238.39435560354946,138.6246,Very Poor,9.241639999999999,14.072310074753187,138.6246
2.0,28.55025641025641,77.14615384615385,16.030940419738016,67.66871684116626,2.7437053382787924,227.1553594065449,3.0,11.50711301000047,45.13066341142777,51.59777031785529,16.941888821071412,1.4808460491102868,238.39435560354946,138.82649999999995,Very Poor,9.255099999999997,14.482120450748917,138.82649999999995
2.0,28.55025641025641,77.15589743589743,16.030940419738016,67.66871684116626,2.7437053382787924,227.1553594065449,3.0,11.50711301000047,45.13066341142777,51.59777031785529,16.941888821071412,1.4808460491102868,238.39435560354946,138.82649999999995,Very Poor,9.255099999999997,14.482120450748917,138.82649999999995
2.0,28.55025641025641,77.16564102564102,16.030940419738016,67.66871684116626,2.7437053382787924,227.1553594065449,3.0535399637766583,11.50711301000047,45.13066341142777,51.59777031785529,16.941888821071412,1.4808460491102868,238.39435560354946,138.23559999999998,Very Poor,9.215706666666666,14.269727419961463,138.23559999999998
2.0,28.55025641025641,77.17538461538462,16.030940419738016,67.66871684116626,2.7437053382787924,227.1553594065449,3.323494439774109,11.50711301000047,45.13066341142777,51.59777031785529,16.941888821071412,1.4808460491102868,238.39435560354946,138.23559999999998,Very Poor,9.215706666666666,14.269727419961463,138.23559999999998
2.0,28.55025641025641,77.18512820512821,16.030940419738016,67.66871684116626,2.7437053382787924,227.1553594065449,3.51052032266245,11.50711301000047,45.13066341142777,51.59777031785529,16.941888821071412,1.4808460491102868,238.39435560354946,138.23559999999998,Very Poor,9.215706666666666,14.269727419961463,138.23559999999998
2.0,28.55025641025641,77.19487179487179,16.030940419738016,67.66871684116626,2.7437053382787924,227.1553594065449,3.6073349066763747,11.50711301000047,45.13066341142777,51.59777031785529,16.941888821071412,1.4808460491102868,238.39435560354946,137.76349999999996,Very Poor,9.184233333333331,14.572799276391612,137.76349999999996
2.0,28.55025641025641,77.20461538461538,16.030940419738016,67.66871684116626,2.7437053382787924,227.1553594065449,3.6098366191319116,11.50711301000047,45.13066341142777,51.59777031785529,16.941888821071412,1.4808460491102868,238.39435560354946,137.76349999999996,Very Poor,9.184233333333331,14.572799276391612,137.76349999999996
2.0,28.55025641025641,77.21435897435897,16.030940419738016,67.66871684116626,2.7437053382787924,227.1553594065449,3.5179162610355643,11.50711301000047,45.13066341142777,51.59777031785529,16.941888821071412,1.4808460491102868,238.39435560354946,137.76349999999996,Very Poor,9.184233333333331,14.572799276391612,137.76349999999996
2.0,28.55025641025641,77.22410256410257,16.030940419738016,67.66871684116626,2.7437053382787924,227.1553594065449,3.3354796354368172,11.50711301000047,45.13066341142777,51.59777031785529,16.941888821071412,1.4808460491102868,238.39435560354946,137.76349999999996,Very Poor,9.184233333333331,14.572799276391612,137.76349999999996
2.0,28.55025641025641,77.23384615384614,16.030940419738016,67.66871684116626,2.7437053382787924,227.1553594065449,3.069671414256609,11.50711301000047,45.13066341142777,51.59777031785529,16.941888821071412,1.4808460491102868,238.39435560354946,138.25019999999998,Very Poor,9.216679999999998,14.445773567379492,138.25019999999998
2.0,28.55025641025641,77.24358974358974,16.030940419738016,67.66871684116626,2.7437053382787924,227.1553594065449,3.0,11.50711301000047,45.13066341142777,51.59777031785529,16.941888821071412,1.4808460491102868,238.39435560354946,138.03049999999996,Very Poor,9.20203333333333,14.51304946418912,138.03049999999996
2.0,28.55025641025641,77.25333333333333,16.030940419738016,67.66871684116626,2.7437053382787924,227.1553594065449,3.0,11.50711301000047,45.13066341142777,51.59777031785529,16.941888821071412,1.4808460491102868,238.39435560354946,138.03049999999996,Very Poor,9.20203333333333,14.51304946418912,138.03049999999996
2.0,28.55025641025641,77.26307692307692,16.030940419738016,67.66871684116626,2.7437053382787924,227.1553594065449,3.0,11.50711301000047,45.13066341142777,51.59777031785529,16.941888821071412,1.4808460491102868,238.39435560354946,138.03049999999996,Very Poor,9.20203333333333,14.51304946418912,138.03049999999996
2.0,28.55025641025641,77.27282051282052,16.030940419738016,67.66871684116626,2.7437053382787924,227.1553594065449,3.0,11.50711301000047,45.13066341142777,51.59777031785529,16.941888821071412,1.4808460491102868,238.39435560354946,138.03049999999996,Very Poor,9.20203333333333,14.51304946418912,138.03049999999996
2.0,28.55025641025641,77.2825641025641,16.030940419738016,67.66871684116626,2.7437053382787924,227.1553594065449,3.0,11.50711301000047,45.13066341142777,51.59777031785529,16.941888821071412,1.4808460491102868,238.39435560354946,138.03049999999996,Very Poor,9.20203333333333,14.51304946418912,138.03049999999996
2.0,28.55025641025641,77.29230769230769,16.030940419738016,67.66871684116626,2.7437053382787924,227.1553594065449,3.0,11.50711301000047,45.13066341142777,51.59777031785529,16.941888821071412,1.4808460491102868,238.39435560354946,138.03049999999996,Very Poor,9.20203333333333,14.51304946418912,138.03049999999996
2.0,28.55025641025641,77.30205128205128,16.030940419738016,67.66871684116626,2.7437053382787924,227.1553594065449,3.0,11.50711301000047,45.13066341142777,51.59777031785529,16.941888821071412,1.4808460491102868,238.39435560354946,138.03049999999996,Very Poor,9.20203333333333,14.51304946418912,138.03049999999996
2.0,28.55025641025641,77.31179487179487,16.030940419738016,67.66871684116626,2.7437053382787924,227.1553594065449,3.0,11.50711301000047,45.13066341142777,51.59777031785529,16.941888821071412,1.4808460491102868,238.39435560354946,138.03049999999996,Very Poor,9.20203333333333,14.51304946418912,138.03049999999996
2.0,28.55025641025641,77.32153846153845,16.030940419738016,67.66871684116626,2.7437053382787924,227.1553594065449,3.0,11.50711301000047,45.13066341142777,51.59777031785529,16.941888821071412,1.4808460491102868,238.39435560354946,138.03049999999996,Very Poor,9.20203333333333,14.51304946418912,138.03049999999996
2.0,28.55025641025641,77.33128205128205,16.030940419738016,67.66871684116626,2.7437053382787924,227.1553594065449,3.0,11.50711301000047,45.13066341142777,51.59777031785529,16.941888821071412,1.4808460491102868,238.39435560354946,138.03049999999996,Very Poor,9.20203333333333,14.51304946418912,138.03049999999996
2.0,28.55025641025641,77.34102564102564,16.030940419738016,67.66871684116626,2.7437053382787924,227.1553594065449,3.0,11.50711301000047,45.13066341142777,51.59777031785529,16.941888821071412,1.4808460491102868,238.39435560354946,138.03049999999996,Very Poor,9.20203333333333,14.51304946418912,138.03049999999996
2.0,28.55025641025641,77.35076923076923,16.030940419738016,67.66871684116626,2.7437053382787924,227.1553594065449,3.0,11.50711301000047,45.13066341142777,51.59777031785529,16.941888821071412,1.4808460491102868,238.39435560354946,138.03049999999996,Very Poor,9.20203333333333,14.51304946418912,138.03049999999996
2.0,28.55025641025641,77.36051282051281,16.030940419738016,67.66871684116626,2.7437053382787924,227.1553594065449,3.0,11.50711301000047,45.13066341142777,51.59777031785529,16.941888821071412,1.4808460491102868,238.39435560354946,138.03049999999996,Very Poor,9.20203333333333,14.51304946418912,138.03049999999996
2.0,28.55025641025641,77.3702564102564,16.030940419738016,67.66871684116626,2.7437053382787924,227.1553594065449,3.0,11.50711301000047,45.13066341142777,51.59777031785529,16.941888821071412,1.4808460491102868,238.39435560354946,138.03049999999996,Very Poor,9.20203333333333,14.51304946418912,138.03049999999996
2.0,28.55025641025641,77.38,16.030940419738016,67.66871684116626,2.7437053382787924,227.1553594065449,3.0,11.50711301000047,45.13066341142777,51.59777031785529,16.941888821071412,1.4808460491102868,238.39435560354946,138.03049999999996,Very Poor,9.20203333333333,14.51304946418912,138.03049999999996
2.0,28.557435897435898,77.0,16.030940419738016,67.66871684116626,2.7437053382787924,227.1553594065449,3.0,11.50711301000047,45.13066341142777,51.59777031785529,16.941888821071412,1.4808460491102868,238.39435560354946,134.80209999999994,Very Poor,8.986806666666663,13.756805173803983,134.80209999999997
2.0,28.557435897435898,77.0097435897436,16.030940419738016,67.66871684116626,2.7437053382787924,227.1553594065449,3.0,11.50711301000047,45.13066341142777,51.59777031785529,16.941888821071412,1.4808460491102868,238.39435560354946,134.80209999999994,Very Poor,8.986806666666663,13.756805173803983,134.80209999999997
2.0,28.557435897435898,77.01948717948719,16.030940419738016,67.66871684116626,2.7437053382787924,227.1553594065449,3.0,11.50711301000047,45.13066341142777,51.59777031785529,16.941888821071412,1.4808460491102868,238.39435560354946,134.80209999999994,Very Poor,8.986806666666663,13.756805173803983,134.80209999999997
2.0,28.557435897435898,77.02923076923076,16.030940419738016,67.66871684116626,2.7437053382787924,227.1553594065449,3.0,11.50711301000047,45.13066341142777,51.59777031785529,16.941888821071412,1.4808460491102868,238.39435560354946,134.80209999999994,Very Poor,8.986806666666663,13.756805173803983,134.80209999999997
2.0,28.557435897435898,77.03897435897436,16.030940419738016,67.66871684116626,2.7437053382787924,227.1553594065449,3.0,11.50711301000047,45.13066341142777,51.59777031785529,16.941888821071412,1.4808460491102868,238.39435560354946,134.80209999999994,Very Poor,8.986806666666663,13.756805173803983,134.80209999999997
2.0,28.557435897435898,77.04871794871795,16.030940419738016,67.66871684116626,2.7437053382787924,227.1553594065449,3.0,11.50711301000047,45.13066341142777,51.59777031785529,16.941888821071412,1.4808460491102868,238.39435560354946,134.80209999999994,Very Poor,8.986806666666663,13.756805173803983,134.80209999999997
2.0,28.557435897435898,77.05846153846154,16.030940419738016,67.66871684116626,2.7437053382787924,227.1553594065449,3.0,11.50711301000047,45.13066341142777,51.59777031785529,16.941888821071412,1.4808460491102868,238.39435560354946,136.91849999999994,Very Poor,9.127899999999995,14.396702773552006,136.91849999999994
2.0,28.557435897435898,77.06820512820512,16.030940419738016,67.66871684116626,2.7437053382787924,227.1553594065449,3.0,11.50711301000047,45.13066341142777,51.59777031785529,16.941888821071412,1.4808460491102868,238.39435560354946,136.91849999999994,Very Poor,9.127899999999995,14.396702773552006,136.91849999999994
2.0,28.557435897435898,77.07794871794871,16.030940419738016,67.66871684116626,2.7437053382787924,227.1553594065449,3.0,11.50711301000047,45.13066341142777,51.59777031785529,16.941888821071412,1.4808460491102868,238.39435560354946,136.91849999999994,Very Poor,9.127899999999995,14.396702773552006,136.91849999999994
2.0,28.557435897435898,77.08769230769231,16.030940419738016,67.66871684116626,2.7437053382787924,227.1553594065449,3.0,11.50711301000047,45.13066341142777,51.59777031785529,16.941888821071412,1.4808460491102868,238.39435560354946,136.91849999999994,Very Poor,9.127899999999995,14.396702773552006,136.91849999999994
2.0,28.557435897435898,77.0974358974359,16.030940419738016,67.66871684116626,2.7437053382787924,227.1553594065449,3.0,11.50711301000047,45.13066341142777,51.59777031785529,16.941888821071412,1.4808460491102868,238.39435560354946,136.91849999999994,Very Poor,9.127899999999995,14.396702773552006,136.91849999999994
2.0,28.557435897435898,77.10717948717948,16.030940419738016,67.66871684116626,2.7437053382787924,227.1553594065449,3.0,11.50711301000047,45.13066341142777,51.59777031785529,16.941888821071412,1.4808460491102868,238.39435560354946,137.00769999999994,Very Poor,9.133846666666663,14.346968798669636,137.00769999999994
2.0,28.557435897435898,77.11692307692307,16.030940419738016,67.66871684116626,2.7437053382787924,227.1553594065449,3.0,11.50711301000047,45.13066341142777,51.59777031785529,16.941888821071412,1.4808460491102868,238.39435560354946,138.6246,Very Poor,9.241639999999999,14.072310074753187,138.6246
2.0,28.557435897435898,77.12666666666667,16.030940419738016,67.66871684116626,2.7437053382787924,227.1553594065449,3.0,11.50711301000047,45.13066341142777,51.59777031785529,16.941888821071412,1.4808460491102868,238.39435560354946,138.6246,Very Poor,9.241639999999999,14.072310074753187,138.6246
2.0,28.557435897435898,77.13641025641026,16.030940419738016,67.66871684116626,2.7437053382787924,227.1553594065449,3.0,11.50711301000047,45.13066341142777,51.59777031785529,16.941888821071412,1.4808460491102868,238.39435560354946,138.6246,Very Poor,9.241639999999999,14.072310074753187,138.6246
2.0,28.557435897435898,77.14615384615385,16.030940419738016,67.66871684116626,2.7437053382787924,227.1553594065449,3.0,11.50711301000047,45.13066341142777,51.59777031785529,16.941888821071412,1.4808460491102868,238.39435560354946,138.82649999999995,Very Poor,9.255099999999997,14.482120450748917,138.82649999999995
2.0,28.557435897435898,77.15589743589743,16.030940419738016,67.66871684116626,2.7437053382787924,227.1553594065449,3.2067868497542555,11.50711301000047,45.13066341142777,51.59777031785529,16.941888821071412,1.4808460491102868,238.39435560354946,138.82649999999995,Very Poor,9.255099999999997,14.482120450748917,138.82649999999995
2.0,28.557435897435898,77.16564102564102,16.030940419738016,67.66871684116626,2.7437053382787924,227.1553594065449,3.5769972879049448,11.50711301000047,45.13066341142777,51.59777031785529,16.941888821071412,1.4808460491102868,238.39435560354946,138.23559999999998,Very Poor,9.215706666666666,14.269727419961463,138.23559999999998
2.0,28.557435897435898,77.17538461538462,16.030940419738016,67.66871684116626,2.7437053382787924,227.1553594065449,3.8699605792083442,11.50711301000047,45.13066341142777,51.59777031785529,16.941888821071412,1.4808460491102868,238.39435560354946,138.23559999999998,Very Poor,9.215706666666666,14.269727419961463,138.23559999999998
2.0,28.557435897435898,77.18512820512821,16.030940419738016,67.66871684116626,2.7437053382787924,227.1553594065449,4.0742086361980725,11.50711301000047,45.13066341142777,51.59777031785529,16.941888821071412,1.4808460491102868,238.39435560354946,138.23559999999998,Very Poor,9.215706666666666,14.269727419961463,138.23559999999998
2.0,28.557435897435898,77.19487179487179,16.030940419738016,67.66871684116626,2.7437053382787924,227.1553594065449,4.180393157598119,11.50711301000047,45.13066341142777,51.59777031785529,16.941888821071412,1.4808460491102868,238.39435560354946,137.76349999999996,Very Poor,9.184233333333331,14.572799276391612,137.76349999999996
2.0,28.557435897435898,77.20461538461538,16.030940419738016,67.66871684116626,2.7437053382787924,227.1553594065449,4.183141325515986,11.50711301000047,45.13066341142777,51.59777031785529,16.941888821071412,1.4808460491102868,238.39435560354946,137.76349999999996,Very Poor,9.184233333333331,14.572799276391612,137.76349999999996
2.0,28.557435897435898,77.21435897435897,16.030940419738016,67.66871684116626,2.7437053382787924,227.1553594065449,4.082309031076429,11.50711301000047,45.13066341142777,51.59777031785529,16.941888821071412,1.4808460491102868,238.39435560354946,137.76349999999996,Very Poor,9.184233333333331,14.572799276391612,137.76349999999996
2.0,28.557435897435898,77.22410256410257,16.030940419738016,67.66871684116626,2.7437053382787924,227.1553594065449,3.8830163892315506,11.50711301000047,45.13066341142777,51.59777031785529,16.941888821071412,1.4808460491102868,238.39435560354946,137.76349999999996,Very Poor,9.184233333333331,14.572799276391612,137.76349999999996
2.0,28.557435897435898,77.23384615384614,16.030940419738016,67.66871684116626,2.7437053382787924,227.1553594065449,3.594446853619554,11.50711301000047,45.13066341142777,51.59777031785529,16.941888821071412,1.4808460491102868,238.39435560354946,138.25019999999998,Very Poor,9.216679999999998,14.445773567379492,138.25019999999998
2.0,28.557435897435898,77.24358974358974,16.030940419738016,67.66871684116626,2.7437053382787924,227.1553594065449,3.228003672935582,11.50711301000047,45.13066341142777,51.59777031785529,16.941888821071412,1.4808460491102868,238.39435560354946,138.03049999999996,Very Poor,9.20203333333333,14.51304946418912,138.03049999999996
2.0,28.557435897435898,77.25333333333333,16.030940419738016,67.66871684116626,2.7437053382787924,227.1553594065449,3.0,11.50711301000047,45.13066341142777,51.59777031785529,16.941888821071412,1.4808460491102868,238.39435560354946,138.03049999999996,Very Poor,9.20203333333333,14.51304946418912,138.03049999999996
2.0,28.557435897435898,77.26307692307692,16.030940419738016,67.66871684116626,2.7437053382787924,227.1553594065449,3.0,11.50711301000047,45.13066341142777,51.59777031785529,16.941888821071412,1.4808460491102868,238.39435560354946,138.03049999999996,Very Poor,9.20203333333333,14.51304946418912,138.03049999999996
2.0,28.557435897435898,77.27282051282052,16.030940419738016,67.66871684116626,2.7437053382787924,227.1553594065449,3.0,11.50711301000047,45.13066341142777,51.59777031785529,16.941888821071412,1.4808460491102868,238.39435560354946,138.03049999999996,Very Poor,9.20203333333333,14.51304946418912,138.03049999999996
2.0,28.557435897435898,77.2825641025641,16.030940419738016,67.66871684116626,2.7437053382787924,227.1553594065449,3.0,11.50711301000047,45.13066341142777,51.59777031785529,16.941888821071412,1.4808460491102868,238.39435560354946,138.03049999999996,Very Poor,9.20203333333333,14.51304946418912,138.03049999999996
2.0,28.557435897435898,77.29230769230769,16.030940419738016,67.66871684116626,2.7437053382787924,227.1553594065449,3.0,11.50711301000047,45.13066341142777,51.59777031785529,16.941888821071412,1.4808460491102868,238.39435560354946,138.03049999999996,Very Poor,9.20203333333333,14.51304946418912,138.03049999999996
2.0,28.557435897435898,77.30205128205128,16.030940419738016,67.66871684116626,2.7437053382787924,227.1553594065449,3.0,11.50711301000047,45.13066341142777,51.59777031785529,16.941888821071412,1.4808460491102868,238.39435560354946,138.03049999999996,Very Poor,9.20203333333333,14.51304946418912,138.03049999999996
2.0,28.557435897435898,77.31179487179487,16.030940419738016,67.66871684116626,2.7437053382787924,227.1553594065449,3.0,11.50711301000047,45.13066341142777,51.59777031785529,16.941888821071412,1.4808460491102868,238.39435560354946,138.03049999999996,Very Poor,9.20203333333333,14.51304946418912,138.03049999999996
2.0,28.557435897435898,77.32153846153845,16.030940419738016,67.66871684116626,2.7437053382787924,227.1553594065449,3.0,11.50711301000047,45.13066341142777,51.59777031785529,16.941888821071412,1.4808460491102868,238.39435560354946,138.03049999999996,Very Poor,9.20203333333333,14.51304946418912,138.03049999999996
2.0,28.557435897435898,77.33128205128205,16.030940419738016,67.66871684116626,2.7437053382787924,227.1553594065449,3.0,11.50711301000047,45.13066341142777,51.59777031785529,16.941888821071412,1.4808460491102868,238.39435560354946,138.03049999999996,Very Poor,9.20203333333333,14.51304946418912,138.03049999999996
2.0,28.557435897435898,77.34102564102564,16.030940419738016,67.66871684116626,2.7437053382787924,227.1553594065449,3.0,11.50711301000047,45.13066341142777,51.59777031785529,16.941888821071412,1.4808460491102868,238.39435560354946,138.03049999999996,Very Poor,9.20203333333333,14.51304946418912,138.03049999999996
2.0,28.557435897435898,77.35076923076923,16.030940419738016,67.66871684116626,2.7437053382787924,227.1553594065449,3.0,11.50711301000047,45.13066341142777,51.59777031785529,16.941888821071412,1.4808460491102868,238.39435560354946,138.03049999999996,Very Poor,9.20203333333333,14.51304946418912,138.03049999999996
2.0,28.557435897435898,77.36051282051281,16.030940419738016,67.66871684116626,2.7437053382787924,227.1553594065449,3.0,11.50711301000047,45.13066341142777,51.59777031785529,16.941888821071412,1.4808460491102868,238.39435560354946,138.03049999999996,Very Poor,9.20203333333333,14.51304946418912,138.03049999999996
2.0,28.557435897435898,77.3702564102564,16.030940419738016,67.66871684116626,2.7437053382787924,227.1553594065449,3.0,11.50711301000047,45.13066341142777,51.59777031785529,16.941888821071412,1.4808460491102868,238.39435560354946,138.03049999999996,Very Poor,9.20203333333333,14.51304946418912,138.03049999999996
2.0,28.557435897435898,77.38,16.030940419738016,67.66871684116626,2.7437053382787924,227.1553594065449,3.0,11.50711301000047,45.13066341142777,51.59777031785529,16.941888821071412,1.4808460491102868,238.39435560354946,138.03049999999996,Very Poor,9.20203333333333,14.51304946418912,138.03049999999996
2.0,28.564615384615387,77.0,16.030940419738016,67.66871684116626,2.7437053382787924,227.1553594065449,3.0,11.50711301000047,45.13066341142777,51.59777031785529,16.941888821071412,1.4808460491102868,238.39435560354946,133.64989999999997,Very Poor,8.90999333333333,12.968710922447151,133.64989999999997
2.0,28.564615384615387,77.0097435897436,16.030940419738016,67.66871684116626,2.7437053382787924,227.1553594065449,3.0,11.50711301000047,45.13066341142777,51.59777031785529,16.941888821071412,1.4808460491102868,238.39435560354946,133.64989999999997,Very Poor,8.90999333333333,12.968710922447151,133.64989999999997
2.0,28.564615384615387,77.01948717948719,16.030940419738016,67.66871684116626,2.7437053382787924,227.1553594065449,3.0,11.50711301000047,45.13066341142777,51.59777031785529,16.941888821071412,1.4808460491102868,238.39435560354946,133.64989999999997,Very Poor,8.90999333333333,12.968710922447151,133.64989999999997
2.0,28.564615384615387,77.02923076923076,16.030940419738016,67.66871684116626,2.7437053382787924,227.1553594065449,3.0,11.50711301000047,45.13066341142777,51.59777031785529,16.941888821071412,1.4808460491102868,238.39435560354946,133.64989999999997,Very Poor,8.90999333333333,12.968710922447151,133.64989999999997
2.0,28.564615384615387,77.03897435897436,16.030940419738016,67.66871684116626,2.7437053382787924,227.1553594065449,3.0,11.50711301000047,45.13066341142777,51.59777031785529,16.941888821071412,1.4808460491102868,238.39435560354946,133.64989999999997,Very Poor,8.90999333333333,12.968710922447151,133.64989999999997
2.0,28.564615384615387,77.04871794871795,16.030940419738016,67.66871684116626,2.7437053382787924,227.1553594065449,3.0,11.50711301000047,45.13066341142777,51.59777031785529,16.941888821071412,1.4808460491102868,238.39435560354946,133.64989999999997,Very Poor,8.90999333333333,12.968710922447151,133.64989999999997
2.0,28.564615384615387,77.05846153846154,16.030940419738016,67.66871684116626,2.7437053382787924,227.1553594065449,3.0,11.50711301000047,45.13066341142777,51.59777031785529,16.941888821071412,1.4808460491102868,238.39435560354946,135.82039999999998,Very Poor,9.054693333333331,13.798862338613278,135.82039999999998
2.0,28.564615384615387,77.06820512820512,16.030940419738016,67.66871684116626,2.7437053382787924,227.1553594065449,3.0,11.50711301000047,45.13066341142777,51.59777031785529,16.941888821071412,1.4808460491102868,238.39435560354946,135.82039999999998,Very Poor,9.054693333333331,13.798862338613278,135.82039999999998
2.0,28.564615384615387,77.07794871794871,16.030940419738016,67.66871684116626,2.7437053382787924,227.1553594065449,3.0,11.50711301000047,45.13066341142777,51.59777031785529,16.941888821071412,1.4808460491102868,238.39435560354946,135.82039999999998,Very Poor,9.054693333333331,13.798862338613278,135.82039999999998
2.0,28.564615384615387,77.08769230769231,16.030940419738016,67.66871684116626,2.7437053382787924,227.1553594065449,3.0,11.50711301000047,45.13066341142777,51.59777031785529,16.941888821071412,1.4808460491102868,238.39435560354946,135.82039999999998,Very Poor,9.054693333333331,13.798862338613278,135.82039999999998
2.0,28.564615384615387,77.0974358974359,16.030940419738016,67.66871684116626,2.7437053382787924,227.1553594065449,3.0,11.50711301000047,45.13066341142777,51.59777031785529,16.941888821071412,1.4808460491102868,238.39435560354946,135.82039999999998,Very Poor,9.054693333333331,13.798862338613278,135.82039999999998
2.0,28.564615384615387,77.10717948717948,16.030940419738016,67.66871684116626,2.7437053382787924,227.1553594065449,3.0,11.50711301000047,45.13066341142777,51.59777031785529,16.941888821071412,1.4808460491102868,238.39435560354946,135.90959999999998,Very Poor,9.06064,13.75408905889445,135.90959999999998
2.0,28.564615384615387,77.11692307692307,16.030940419738016,67.66871684116626,2.7437053382787924,227.1553594065449,3.0,11.50711301000047,45.13066341142777,51.59777031785529,16.941888821071412,1.4808460491102868,238.39435560354946,137.431,Very Poor,9.162066666666668,13.543158752669184,137.431
2.0,28.564615384615387,77.12666666666667,16.030940419738016,67.66871684116626,2.7437053382787924,227.1553594065449,3.0,11.50711301000047,45.13066341142777,51.59777031785529,16.941888821071412,1.4808460491102868,238.39435560354946,137.431,Very Poor,9.162066666666668,13.543158752669184,137.431
2.0,28.564615384615387,77.13641025641026,16.030940419738016,67.66871684116626,2.7437053382787924,227.1553594065449,3.0,11.50711301000047,45.13066341142777,51.59777031785529,16.941888821071412,1.4808460491102868,238.39435560354946,137.431,Very Poor,9.162066666666668,13.543158752669184,137.431
2.0,28.564615384615387,77.14615384615385,16.030940419738016,67.66871684116626,2.7437053382787924,227.1553594065449,3.2237798321402042,11.50711301000047,45.13066341142777,51.59777031785529,16.941888821071412,1.4808460491102868,238.39435560354946,137.63289999999998,Very Poor,9.175526666666665,13.985743690987615,137.63289999999998
2.0,28.564615384615387,77.15589743589743,16.030940419738016,67.66871684116626,2.7437053382787924,227.1553594065449,3.6905485046433872,11.50711301000047,45.13066341142777,51.59777031785529,16.941888821071412,1.4808460491102868,238.39435560354946,137.63289999999998,Very Poor,9.175526666666665,13.985743690987615,137.63289999999998
2.0,28.564615384615387,77.16564102564102,16.030940419738016,67.66871684116626,2.7437053382787924,227.1553594065449,4.0909901754044675,11.50711301000047,45.13066341142777,51.59777031785529,16.941888821071412,1.4808460491102868,238.39435560354946,137.0465,Very Poor,9.136433333333335,13.83052337223722,137.0465
2.0,28.564615384615387,77.17538461538462,16.030940419738016,67.66871684116626,2.7437053382787924,227.1553594065449,4.410830422321597,11.50711301000047,45.13066341142777,51.59777031785529,16.941888821071412,1.4808460491102868,238.39435560354946,137.0465,Very Poor,9.136433333333335,13.83052337223722,137.0465
2.0,28.564615384615387,77.18512820512821,16.030940419738016,67.66871684116626,2.7437053382787924,227.1553594065449,4.635632697615161,11.50711301000047,45.13066341142777,51.59777031785529,16.941888821071412,1.4808460491102868,238.39435560354946,137.0465,Very Poor,9.136433333333335,13.83052337223722,137.0465
2.0,28.564615384615387,77.19487179487179,16.030940419738016,67.66871684116626,2.7437053382787924,227.1553594065449,4.75316694874738,11.50711301000047,45.13066341142777,51.59777031785529,16.941888821071412,1.4808460491102868,238.39435560354946,136.5471,Very Poor,9.10314,14.115957019982737,136.5471
2.0,28.564615384615387,77.20461538461538,16.030940419738016,67.66871684116626,2.7437053382787924,227.1553594065449,4.756215287933151,11.50711301000047,45.13066341142777,51.59777031785529,16.941888821071412,1.4808460491102868,238.39435560354946,136.5471,Very Poor,9.10314,14.115957019982737,136.5471
2.0,28.564615384615387,77.21435897435897,16.030940419738016,67.66871684116626,2.7437053382787924,227.1553594065449,4.6445822131914225,11.50711301000047,45.13066341142777,51.59777031785529,16.941888821071412,1.4808460491102868,238.39435560354946,136.5471,Very Poor,9.10314,14.115957019982737,136.5471
2.0,28.564615384615387,77.22410256410257,16.030940419738016,67.66871684116626,2.7437053382787924,227.1553594065449,4.425152758864517,11.50711301000047,45.13066341142777,51.59777031785529,16.941888821071412,1.4808460491102868,238.39435560354946,136.5471,Very Poor,9.10314,14.115957019982737,136.5471
2.0,28.564615384615387,77.23384615384614,16.030940419738016,67.66871684116626,2.7437053382787924,227.1553594065449,4.1099622769722,11.50711301000047,45.13066341142777,51.59777031785529,16.941888821071412,1.4808460491102868,238.39435560354946,137.03380000000004,Very Poor,9.13558666666667,14.0270517771911,137.03380000000004
2.0,28.564615384615387,77.24358974358974,16.030940419738016,67.66871684116626,2.7437053382787924,227.1553594065449,3.7133977761146646,11.50711301000047,45.13066341142777,51.59777031785529,16.941888821071412,1.4808460491102868,238.39435560354946,136.81410000000002,Very Poor,9.120940000000001,14.077355085029293,136.81410000000002
2.0,28.564615384615387,77.25333333333333,16.030940419738016,67.66871684116626,2.7437053382787924,227.1553594065449,3.2497858411751013,11.50711301000047,45.13066341142777,51.59777031785529,16.941888821071412,1.4808460491102868,238.39435560354946,136.81410000000002,Very Poor,9.120940000000001,14.077355085029293,136.81410000000002
2.0,28.564615384615387,77.26307692307692,16.030940419738016,67.66871684116626,2.7437053382787924,227.1553594065449,3.0,11.50711301000047,45.13066341142777,51.59777031785529,16.941888821071412,1.4808460491102868,238.39435560354946,136.81410000000002,Very Poor,9.120940000000001,14.077355085029293,136.81410000000002
2.0,28.564615384615387,77.27282051282052,16.030940419738016,67.66871684116626,2.7437053382787924,227.1553594065449,3.0,11.50711301000047,45.13066341142777,51.59777031785529,16.941888821071412,1.4808460491102868,238.39435560354946,136.81410000000002,Very Poor,9.120940000000001,14.077355085029293,136.81410000000002
2.0,28.564615384615387,77.2825641025641,16.030940419738016,67.66871684116626,2.7437053382787924,227.1553594065449,3.0,11.50711301000047,45.13066341142777,51.59777031785529,16.941888821071412,1.4808460491102868,238.39435560354946,136.81410000000002,Very Poor,9.120940000000001,14.077355085029293,136.81410000000002
2.0,28.564615384615387,77.29230769230769,16.030940419738016,67.66871684116626,2.7437053382787924,227.1553594065449,3.0,11.50711301000047,45.13066341142777,51.59777031785529,16.941888821071412,1.4808460491102868,238.39435560354946,136.81410000000002,Very Poor,9.120940000000001,14.077355085029293,136.81410000000002
2.0,28.564615384615387,77.30205128205128,16.030940419738016,67.66871684116626,2.7437053382787924,227.1553594065449,3.0,11.50711301000047,45.13066341142777,51.59777031785529,16.941888821071412,1.4808460491102868,238.39435560354946,136.81410000000002,Very Poor,9.120940000000001,14.077355085029293,136.81410000000002
2.0,28.564615384615387,77.31179487179487,16.030940419738016,67.66871684116626,2.7437053382787924,227.1553594065449,3.0,11.50711301000047,45.13066341142777,51.59777031785529,16.941888821071412,1.4808460491102868,238.39435560354946,136.81410000000002,Very Poor,9.120940000000001,14.077355085029293,136.81410000000002
2.0,28.564615384615387,77.32153846153845,16.030940419738016,67.66871684116626,2.7437053382787924,227.1553594065449,3.0,11.50711301000047,45.13066341142777,51.59777031785529,16.941888821071412,1.4808460491102868,238.39435560354946,136.81410000000002,Very Poor,9.120940000000001,14.077355085029293,136.81410000000002
2.0,28.564615384615387,77.33128205128205,16.030940419738016,67.66871684116626,2.7437053382787924,227.1553594065449,3.0,11.50711301000047,45.13066341142777,51.59777031785529,16.941888821071412,1.4808460491102868,238.39435560354946,136.81410000000002,Very Poor,9.120940000000001,14.077355085029293,136.81410000000002
2.0,28.564615384615387,77.34102564102564,16.030940419738016,67.66871684116626,2.7437053382787924,227.1553594065449,3.0,11.50711301000047,45.13066341142777,51.59777031785529,16.941888821071412,1.4808460491102868,238.39435560354946,136.81410000000002,Very Poor,9.120940000000001,14.077355085029293,136.81410000000002
2.0,28.564615384615387,77.35076923076923,16.030940419738016,67.66871684116626,2.7437053382787924,227.1553594065449,3.0,11.50711301000047,45.13066341142777,51.59777031785529,16.941888821071412,1.4808460491102868,238.39435560354946,136.81410000000002,Very Poor,9.120940000000001,14.077355085029293,136.81410000000002
2.0,28.564615384615387,77.36051282051281,16.030940419738016,67.66871684116626,2.7437053382787924,227.1553594065449,3.0,11.50711301000047,45.13066341142777,51.59777031785529,16.941888821071412,1.4808460491102868,238.39435560354946,136.81410000000002,Very Poor,9.120940000000001,14.077355085029293,136.81410000000002
2.0,28.564615384615387,77.3702564102564,16.030940419738016,67.66871684116626,2.7437053382787924,227.1553594065449,3.0,11.50711301000047,45.13066341142777,51.59777031785529,16.941888821071412,1.4808460491102868,238.39435560354946,136.81410000000002,Very Poor,9.120940000000001,14.077355085029293,136.81410000000002
2.0,28.564615384615387,77.38,16.030940419738016,67.66871684116626,2.7437053382787924,227.1553594065449,3.0,11.50711301000047,45.13066341142777,51.59777031785529,16.941888821071412,1.4808460491102868,238.39435560354946,136.81410000000002,Very Poor,9.120940000000001,14.077355085029293,136.81410000000002
2.0,28.57179487179487,77.0,16.030940419738016,67.66871684116626,2.7437053382787924,227.1553594065449,3.0,11.50711301000047,45.13066341142777,51.59777031785529,16.941888821071412,1.4808460491102868,238.39435560354946,133.64989999999997,Very Poor,8.90999333333333,12.968710922447151,133.64989999999997
2.0,28.57179487179487,77.0097435897436,16.030940419738016,67.66871684116626,2.7437053382787924,227.1553594065449,3.0,11.50711301000047,45.13066341142777,51.59777031785529,16.941888821071412,1.4808460491102868,238.39435560354946,133.64989999999997,Very Poor,8.90999333333333,12.968710922447151,133.64989999999997
2.0,28.57179487179487,77.01948717948719,16.030940419738016,67.66871684116626,2.7437053382787924,227.1553594065449,3.0,11.50711301000047,45.13066341142777,51.59777031785529,16.941888821071412,1.4808460491102868,238.39435560354946,133.64989999999997,Very Poor,8.90999333333333,12.968710922447151,133.64989999999997
2.0,28.57179487179487,77.02923076923076,16.030940419738016,67.66871684116626,2.7437053382787924,227.1553594065449,3.0,11.50711301000047,45.13066341142777,51.59777031785529,16.941888821071412,1.4808460491102868,238.39435560354946,133.64989999999997,Very Poor,8.90999333333333,12.968710922447151,133.64989999999997
2.0,28.57179487179487,77.03897435897436,16.030940419738016,67.66871684116626,2.7437053382787924,227.1553594065449,3.0,11.50711301000047,45.13066341142777,51.59777031785529,16.941888821071412,1.4808460491102868,238.39435560354946,133.64989999999997,Very Poor,8.90999333333333,12.968710922447151,133.64989999999997
2.0,28.57179487179487,77.04871794871795,16.030940419738016,67.66871684116626,2.7437053382787924,227.1553594065449,3.0,11.50711301000047,45.13066341142777,51.59777031785529,16.941888821071412,1.4808460491102868,238.39435560354946,133.64989999999997,Very Poor,8.90999333333333,12.968710922447151,133.64989999999997
2.0,28.57179487179487,77.05846153846154,16.030940419738016,67.66871684116626,2.7437053382787924,227.1553594065449,3.0,11.50711301000047,45.13066341142777,51.59777031785529,16.941888821071412,1.4808460491102868,238.39435560354946,135.82039999999998,Very Poor,9.054693333333331,13.798862338613278,135.82039999999998
2.0,28.57179487179487,77.06820512820512,16.030940419738016,67.66871684116626,2.7437053382787924,227.1553594065449,3.0,11.50711301000047,45.13066341142777,51.59777031785529,16.941888821071412,1.4808460491102868,238.39435560354946,135.82039999999998,Very Poor,9.054693333333331,13.798862338613278,135.82039999999998
2.0,28.57179487179487,77.07794871794871,16.030940419738016,67.66871684116626,2.7437053382787924,227.1553594065449,3.0,11.50711301000047,45.13066341142777,51.59777031785529,16.941888821071412,1.4808460491102868,238.39435560354946,135.82039999999998,Very Poor,9.054693333333331,13.798862338613278,135.82039999999998
2.0,28.57179487179487,77.08769230769231,16.030940419738016,67.66871684116626,2.7437053382787924,227.1553594065449,3.0,11.50711301000047,45.13066341142777,51.59777031785529,16.941888821071412,1.4808460491102868,238.39435560354946,135.82039999999998,Very Poor,9.054693333333331,13.798862338613278,135.82039999999998
2.0,28.57179487179487,77.0974358974359,16.030940419738016,67.66871684116626,2.7437053382787924,227.1553594065449,3.0,11.50711301000047,45.13066341142777,51.59777031785529,16.941888821071412,1.4808460491102868,238.39435560354946,135.82039999999998,Very Poor,9.054693333333331,13.798862338613278,135.82039999999998
2.0,28.57179487179487,77.10717948717948,16.030940419738016,67.66871684116626,2.7437053382787924,227.1553594065449,3.0,11.50711301000047,45.13066341142777,51.59777031785529,16.941888821071412,1.4808460491102868,238.39435560354946,135.90959999999998,Very Poor,9.06064,13.75408905889445,135.90959999999998
2.0,28.57179487179487,77.11692307692307,16.030940419738016,67.66871684116626,2.7437053382787924,227.1553594065449,3.0,11.50711301000047,45.13066341142777,51.59777031785529,16.941888821071412,1.4808460491102868,238.39435560354946,137.431,Very Poor,9.162066666666668,13.543158752669184,137.431
2.0,28.57179487179487,77.12666666666667,16.030940419738016,67.66871684116626,2.7437053382787924,227.1553594065449,3.0,11.50711301000047,45.13066341142777,51.59777031785529,16.941888821071412,1.4808460491102868,238.39435560354946,137.431,Very Poor,9.162066666666668,13.543158752669184,137.431
2.0,28.57179487179487,77.13641025641026,16.030940419738016,67.66871684116626,2.7437053382787924,227.1553594065449,3.1035116464404293,11.50711301000047,45.13066341142777,51.59777031785529,16.941888821071412,1.4808460491102868,238.39435560354946,137.431,Very Poor,9.162066666666668,13.543158752669184,137.431
2.0,28.57179487179487,77.14615384615385,16.030940419738016,67.66871684116626,2.7437053382787924,227.1553594065449,3.656627908300491,11.50711301000047,45.13066341142777,51.59777031785529,16.941888821071412,1.4808460491102868,238.39435560354946,137.63289999999998,Very Poor,9.175526666666665,13.985743690987615,137.63289999999998
2.0,28.57179487179487,77.15589743589743,16.030940419738016,67.66871684116626,2.7437053382787924,227.1553594065449,4.157878133528866,11.50711301000047,45.13066341142777,51.59777031785529,16.941888821071412,1.4808460491102868,238.39435560354946,137.63289999999998,Very Poor,9.175526666666665,13.985743690987615,137.63289999999998
2.0,28.57179487179487,77.16564102564102,16.030940419738016,67.66871684116626,2.7437053382787924,227.1553594065449,4.592818956460873,11.50711301000047,45.13066341142777,51.59777031785529,16.941888821071412,1.4808460491102868,238.39435560354946,137.0465,Very Poor,9.136433333333335,13.83052337223722,137.0465
2.0,28.57179487179487,77.17538461538462,16.030940419738016,67.66871684116626,2.7437053382787924,227.1553594065449,4.9443075352145724,11.50711301000047,45.13066341142777,51.59777031785529,16.941888821071412,1.4808460491102868,238.39435560354946,137.0465,Very Poor,9.136433333333335,13.83052337223722,137.0465
2.0,28.57179487179487,77.18512820512821,16.030940419738016,67.66871684116626,2.7437053382787924,227.1553594065449,5.193998929948313,11.50711301000047,45.13066341142777,51.59777031785529,16.941888821071412,1.4808460491102868,238.39435560354946,137.0465,Very Poor,9.136433333333335,13.83052337223722,137.0465
2.0,28.57179487179487,77.19487179487179,16.030940419738016,67.66871684116626,2.7437053382787924,227.1553594065449,5.32555171189591,11.50711301000047,45.13066341142777,51.59777031785529,16.941888821071412,1.4808460491102868,238.39435560354946,136.5471,Very Poor,9.10314,14.115957019982737,136.5471
2.0,28.57179487179487,77.20461538461538,16.030940419738016,67.66871684116626,2.7437053382787924,227.1553594065449,5.328973577793807,11.50711301000047,45.13066341142777,51.59777031785529,16.941888821071412,1.4808460491102868,238.39435560354946,136.5471,Very Poor,9.10314,14.115957019982737,136.5471
2.0,28.57179487179487,77.21435897435897,16.030940419738016,67.66871684116626,2.7437053382787924,227.1553594065449,5.203990262550747,11.50711301000047,45.13066341142777,51.59777031785529,16.941888821071412,1.4808460491102868,238.39435560354946,136.5471,Very Poor,9.10314,14.115957019982737,136.5471
2.0,28.57179487179487,77.22410256410257,16.030940419738016,67.66871684116626,2.7437053382787924,227.1553594065449,4.960145687379617,11.50711301000047,45.13066341142777,51.59777031785529,16.941888821071412,1.4808460491102868,238.39435560354946,136.5471,Very Poor,9.10314,14.115957019982737,136.5471
2.0,28.57179487179487,77.23384615384614,16.030940419738016,67.66871684116626,2.7437053382787924,227.1553594065449,4.613558307274376,11.50711301000047,45.13066341142777,51.59777031785529,16.941888821071412,1.4808460491102868,238.39435560354946,137.03380000000004,Very Poor,9.13558666666667,14.0270517771911,137.03380000000004
2.0,28.57179487179487,77.24358974358974,16.030940419738016,67.66871684116626,2.7437053382787924,227.1553594065449,4.182562655962469,11.50711301000047,45.13066341142777,51.59777031785529,16.941888821071412,1.4808460491102868,238.39435560354946,136.81410000000002,Very Poor,9.120940000000001,14.077355085029293,136.81410000000002
2.0,28.57179487179487,77.25333333333333,16.030940419738016,67.66871684116626,2.7437053382787924,227.1553594065449,3.6844160269661117,11.50711301000047,45.13066341142777,51.59777031785529,16.941888821071412,1.4808460491102868,238.39435560354946,136.81410000000002,Very Poor,9.120940000000001,14.077355085029293,136.81410000000002
2.0,28.57179487179487,77.26307692307692,16.030940419738016,67.66871684116626,2.7437053382787924,227.1553594065449,3.133718246747142,11.50711301000047,45.13066341142777,51.59777031785529,16.941888821071412,1.4808460491102868,238.39435560354946,136.81410000000002,Very Poor,9.120940000000001,14.077355085029293,136.81410000000002
2.0,28.57179487179487,77.27282051282052,16.030940419738016,67.66871684116626,2.7437053382787924,227.1553594065449,3.0,11.50711301000047,45.13066341142777,51.59777031785529,16.941888821071412,1.4808460491102868,238.39435560354946,136.81410000000002,Very Poor,9.120940000000001,14.077355085029293,136.81410000000002
2.0,28.57179487179487,77.2825641025641,16.030940419738016,67.66871684116626,2.7437053382787924,227.1553594065449,3.0,11.50711301000047,45.13066341142777,51.59777031785529,16.941888821071412,1.4808460491102868,238.39435560354946,136.81410000000002,Very Poor,9.120940000000001,14.077355085029293,136.81410000000002
2.0,28.57179487179487,77.29230769230769,16.030940419738016,67.66871684116626,2.7437053382787924,227.1553594065449,3.0,11.50711301000047,45.13066341142777,51.59777031785529,16.941888821071412,1.4808460491102868,238.39435560354946,136.81410000000002,Very Poor,9.120940000000001,14.077355085029293,136.81410000000002
2.0,28.57179487179487,77.30205128205128,16.030940419738016,67.66871684116626,2.7437053382787924,227.1553594065449,3.0,11.50711301000047,45.13066341142777,51.59777031785529,16.941888821071412,1.4808460491102868,238.39435560354946,136.81410000000002,Very Poor,9.120940000000001,14.077355085029293,136.81410000000002
2.0,28.57179487179487,77.31179487179487,16.030940419738016,67.66871684116626,2.7437053382787924,227.1553594065449,3.0,11.50711301000047,45.13066341142777,51.59777031785529,16.941888821071412,1.4808460491102868,238.39435560354946,136.81410000000002,Very Poor,9.120940000000001,14.077355085029293,136.81410000000002
2.0,28.57179487179487,77.32153846153845,16.030940419738016,67.66871684116626,2.7437053382787924,227.1553594065449,3.0,11.50711301000047,45.13066341142777,51.59777031785529,16.941888821071412,1.4808460491102868,238.39435560354946,136.81410000000002,Very Poor,9.120940000000001,14.077355085029293,136.81410000000002
2.0,28.57179487179487,77.33128205128205,16.030940419738016,67.66871684116626,2.7437053382787924,227.1553594065449,3.0,11.50711301000047,45.13066341142777,51.59777031785529,16.941888821071412,1.4808460491102868,238.39435560354946,136.81410000000002,Very Poor,9.120940000000001,14.077355085029293,136.81410000000002
2.0,28.57179487179487,77.34102564102564,16.030940419738016,67.66871684116626,2.7437053382787924,227.1553594065449,3.0,11.50711301000047,45.13066341142777,51.59777031785529,16.941888821071412,1.4808460491102868,238.39435560354946,136.81410000000002,Very Poor,9.120940000000001,14.077355085029293,136.81410000000002
2.0,28.57179487179487,77.35076923076923,16.030940419738016,67.66871684116626,2.7437053382787924,227.1553594065449,3.0,11.50711301000047,45.13066341142777,51.59777031785529,16.941888821071412,1.4808460491102868,238.39435560354946,136.81410000000002,Very Poor,9.120940000000001,14.077355085029293,136.81410000000002
2.0,28.57179487179487,77.36051282051281,16.030940419738016,67.66871684116626,2.7437053382787924,227.1553594065449,3.0,11.50711301000047,45.13066341142777,51.59777031785529,16.941888821071412,1.4808460491102868,238.39435560354946,136.81410000000002,Very Poor,9.120940000000001,14.077355085029293,136.81410000000002
2.0,28.57179487179487,77.3702564102564,16.030940419738016,67.66871684116626,2.7437053382787924,227.1553594065449,3.0,11.50711301000047,45.13066341142777,51.59777031785529,16.941888821071412,1.4808460491102868,238.39435560354946,136.81410000000002,Very Poor,9.120940000000001,14.077355085029293,136.81410000000002
2.0,28.57179487179487,77.38,16.030940419738016,67.66871684116626,2.7437053382787924,227.1553594065449,3.0,11.50711301000047,45.13066341142777,51.59777031785529,16.941888821071412,1.4808460491102868,238.39435560354946,136.81410000000002,Very Poor,9.120940000000001,14.077355085029293,136.81410000000002
2.0,28.57897435897436,77.0,16.030940419738016,67.66871684116626,2.7437053382787924,227.1553594065449,3.0,11.50711301000047,45.13066341142777,51.59777031785529,16.941888821071412,1.4808460491102868,238.39435560354946,127.61519999999997,Very Poor,8.507679999999999,10.763550109513124,127.61519999999997
2.0,28.57897435897436,77.0097435897436,16.030940419738016,67.66871684116626,2.7437053382787924,227.1553594065449,3.0,11.50711301000047,45.13066341142777,51.59777031785529,16.941888821071412,1.4808460491102868,238.39435560354946,127.61519999999997,Very Poor,8.507679999999999,10.763550109513124,127.61519999999997
2.0,28.57897435897436,77.01948717948719,16.030940419738016,67.66871684116626,2.7437053382787924,227.1553594065449,3.0,11.50711301000047,45.13066341142777,51.59777031785529,16.941888821071412,1.4808460491102868,238.39435560354946,127.61519999999997,Very Poor,8.507679999999999,10.763550109513124,127.61519999999997
2.0,28.57897435897436,77.02923076923076,16.030940419738016,67.66871684116626,2.7437053382787924,227.1553594065449,3.0,11.50711301000047,45.13066341142777,51.59777031785529,16.941888821071412,1.4808460491102868,238.39435560354946,127.61519999999997,Very Poor,8.507679999999999,10.763550109513124,127.61519999999997
2.0,28.57897435897436,77.03897435897436,16.030940419738016,67.66871684116626,2.7437053382787924,227.1553594065449,3.0,11.50711301000047,45.13066341142777,51.59777031785529,16.941888821071412,1.4808460491102868,238.39435560354946,127.61519999999997,Very Poor,8.507679999999999,10.763550109513124,127.61519999999997
2.0,28.57897435897436,77.04871794871795,16.030940419738016,67.66871684116626,2.7437053382787924,227.1553594065449,3.0,11.50711301000047,45.13066341142777,51.59777031785529,16.941888821071412,1.4808460491102868,238.39435560354946,127.61519999999997,Very Poor,8.507679999999999,10.763550109513124,127.61519999999997
2.0,28.57897435897436,77.05846153846154,16.030940419738016,67.66871684116626,2.7437053382787924,227.1553594065449,3.0,11.50711301000047,45.13066341142777,51.59777031785529,16.941888821071412,1.4808460491102868,238.39435560354946,129.7857,Very Poor,8.652379999999999,12.816855406455986,129.7857
2.0,28.57897435897436,77.06820512820512,16.030940419738016,67.66871684116626,2.7437053382787924,227.1553594065449,3.0,11.50711301000047,45.13066341142777,51.59777031785529,16.941888821071412,1.4808460491102868,238.39435560354946,129.7857,Very Poor,8.652379999999999,12.816855406455986,129.7857
2.0,28.57897435897436,77.07794871794871,16.030940419738016,67.66871684116626,2.7437053382787924,227.1553594065449,3.0,11.50711301000047,45.13066341142777,51.59777031785529,16.941888821071412,1.4808460491102868,238.39435560354946,129.7857,Very Poor,8.652379999999999,12.816855406455986,129.7857
2.0,28.57897435897436,77.08769230769231,16.030940419738016,67.66871684116626,2.7437053382787924,227.1553594065449,3.0,11.50711301000047,45.13066341142777,51.59777031785529,16.941888821071412,1.4808460491102868,238.39435560354946,129.7857,Very Poor,8.652379999999999,12.816855406455986,129.7857
2.0,28.57897435897436,77.0974358974359,16.030940419738016,67.66871684116626,2.7437053382787924,227.1553594065449,3.0,11.50711301000047,45.13066341142777,51.59777031785529,16.941888821071412,1.4808460491102868,238.39435560354946,129.7857,Very Poor,8.652379999999999,12.816855406455986,129.7857
2.0,28.57897435897436,77.10717948717948,16.030940419738016,67.66871684116626,2.7437053382787924,227.1553594065449,3.0,11.50711301000047,45.13066341142777,51.59777031785529,16.941888821071412,1.4808460491102868,238.39435560354946,129.87489999999997,Very Poor,8.658326666666664,12.810727418456768,129.87489999999997
2.0,28.57897435897436,77.11692307692307,16.030940419738016,67.66871684116626,2.7437053382787924,227.1553594065449,3.0,11.50711301000047,45.13066341142777,51.59777031785529,16.941888821071412,1.4808460491102868,238.39435560354946,131.3963,Very Poor,8.759753333333332,13.293581357557487,131.3963
2.0,28.57897435897436,77.12666666666667,16.030940419738016,67.66871684116626,2.7437053382787924,227.1553594065449,3.0,11.50711301000047,45.13066341142777,51.59777031785529,16.941888821071412,1.4808460491102868,238.39435560354946,132.06559999999996,Very Poor,8.80437333333333,13.145318734819638,132.06559999999996
2.0,28.57897435897436,77.13641025641026,16.030940419738016,67.66871684116626,2.7437053382787924,227.1553594065449,3.477535910096872,11.50711301000047,45.13066341142777,51.59777031785529,16.941888821071412,1.4808460491102868,238.39435560354946,132.06559999999996,Very Poor,8.80437333333333,13.145318734819638,132.06559999999996
2.0,28.57897435897436,77.14615384615385,16.030940419738016,67.66871684116626,2.7437053382787924,227.1553594065449,4.065410234308926,11.50711301000047,45.13066341142777,51.59777031785529,16.941888821071412,1.4808460491102868,238.39435560354946,132.26749999999996,Very Poor,8.817833333333331,13.680271589043839,132.26749999999996
2.0,28.57897435897436,77.15589743589743,16.030940419738016,67.66871684116626,2.7437053382787924,227.1553594065449,4.604504277085079,11.50711301000047,45.13066341142777,51.59777031785529,16.941888821071412,1.4808460491102868,238.39435560354946,132.26749999999996,Very Poor,8.817833333333331,13.680271589043839,132.26749999999996
2.0,28.57897435897436,77.16564102564102,16.030940419738016,67.66871684116626,2.7437053382787924,227.1553594065449,5.078761026844772,11.50711301000047,45.13066341142777,51.59777031785529,16.941888821071412,1.4808460491102868,238.39435560354946,131.68109999999996,Very Poor,8.778739999999997,13.286822035008974,131.68109999999996
2.0,28.57897435897436,77.17538461538462,16.030940419738016,67.66871684116626,2.7437053382787924,227.1553594065449,5.467780621838656,11.50711301000047,45.13066341142777,51.59777031785529,16.941888821071412,1.4808460491102868,238.39435560354946,131.68109999999996,Very Poor,8.778739999999997,13.286822035008974,131.68109999999996
2.0,28.57897435897436,77.18512820512821,16.030940419738016,67.66871684116626,2.7437053382787924,227.1553594065449,5.748102484933226,11.50711301000047,45.13066341142777,51.59777031785529,16.941888821071412,1.4808460491102868,238.39435560354946,131.68109999999996,Very Poor,8.778739999999997,13.286822035008974,131.68109999999996
2.0,28.57897435897436,77.19487179487179,16.030940419738016,67.66871684116626,2.7437053382787924,227.1553594065449,5.897384615705209,11.50711301000047,45.13066341142777,51.59777031785529,16.941888821071412,1.4808460491102868,238.39435560354946,131.18169999999998,Very Poor,8.745446666666664,13.384974565160741,131.18169999999998
2.0,28.57897435897436,77.20461538461538,16.030940419738016,67.66871684116626,2.7437053382787924,227.1553594065449,5.901283855859079,11.50711301000047,45.13066341142777,51.59777031785529,16.941888821071412,1.4808460491102868,238.39435560354946,131.18169999999998,Very Poor,8.745446666666664,13.384974565160741,131.18169999999998
2.0,28.57897435897436,77.21435897435897,16.030940419738016,67.66871684116626,2.7437053382787924,227.1553594065449,5.759399146936711,11.50711301000047,45.13066341142777,51.59777031785529,16.941888821071412,1.4808460491102868,238.39435560354946,131.18169999999998,Very Poor,8.745446666666664,13.384974565160741,131.18169999999998
2.0,28.57897435897436,77.22410256410257,16.030940419738016,67.66871684116626,2.7437053382787924,227.1553594065449,5.485454874992241,11.50711301000047,45.13066341142777,51.59777031785529,16.941888821071412,1.4808460491102868,238.39435560354946,131.18169999999998,Very Poor,8.745446666666664,13.384974565160741,131.18169999999998
2.0,28.57897435897436,77.23384615384614,16.030940419738016,67.66871684116626,2.7437053382787924,227.1553594065449,5.101557359483942,11.50711301000047,45.13066341142777,51.59777031785529,16.941888821071412,1.4808460491102868,238.39435560354946,131.06529999999998,Very Poor,8.737686666666665,13.294389301882202,131.06529999999998
2.0,28.57897435897436,77.24358974358974,16.030940419738016,67.66871684116626,2.7437053382787924,227.1553594065449,4.63124190849546,11.50711301000047,45.13066341142777,51.59777031785529,16.941888821071412,1.4808460491102868,238.39435560354946,130.95639999999995,Very Poor,8.730426666666663,13.250512104820704,130.95639999999995
2.0,28.57897435897436,77.25333333333333,16.030940419738016,67.66871684116626,2.7437053382787924,227.1553594065449,4.095121752844047,11.50711301000047,45.13066341142777,51.59777031785529,16.941888821071412,1.4808460491102868,238.39435560354946,130.95639999999995,Very Poor,8.730426666666663,13.250512104820704,130.95639999999995
2.0,28.57897435897436,77.26307692307692,16.030940419738016,67.66871684116626,2.7437053382787924,227.1553594065449,3.509482970645081,11.50711301000047,45.13066341142777,51.59777031785529,16.941888821071412,1.4808460491102868,238.39435560354946,130.95639999999995,Very Poor,8.730426666666663,13.250512104820704,130.95639999999995
2.0,28.57897435897436,77.27282051282052,16.030940419738016,67.66871684116626,2.7437053382787924,227.1553594065449,3.0,11.50711301000047,45.13066341142777,51.59777031785529,16.941888821071412,1.4808460491102868,238.39435560354946,130.95639999999995,Very Poor,8.730426666666663,13.250512104820704,130.95639999999995
2.0,28.57897435897436,77.2825641025641,16.030940419738016,67.66871684116626,2.7437053382787924,227.1553594065449,3.0,11.50711301000047,45.13066341142777,51.59777031785529,16.941888821071412,1.4808460491102868,238.39435560354946,130.95639999999995,Very Poor,8.730426666666663,13.250512104820704,130.95639999999995
2.0,28.57897435897436,77.29230769230769,16.030940419738016,67.66871684116626,2.7437053382787924,227.1553594065449,3.0,11.50711301000047,45.13066341142777,51.59777031785529,16.941888821071412,1.4808460491102868,238.39435560354946,130.95639999999995,Very Poor,8.730426666666663,13.250512104820704,130.95639999999995
2.0,28.57897435897436,77.30205128205128,16.030940419738016,67.66871684116626,2.7437053382787924,227.1553594065449,3.0,11.50711301000047,45.13066341142777,51.59777031785529,16.941888821071412,1.4808460491102868,238.39435560354946,130.95639999999995,Very Poor,8.730426666666663,13.250512104820704,130.95639999999995
2.0,28.57897435897436,77.31179487179487,16.030940419738016,67.66871684116626,2.7437053382787924,227.1553594065449,3.0,11.50711301000047,45.13066341142777,51.59777031785529,16.941888821071412,1.4808460491102868,238.39435560354946,130.95639999999995,Very Poor,8.730426666666663,13.250512104820704,130.95639999999995
2.0,28.57897435897436,77.32153846153845,16.030940419738016,67.66871684116626,2.7437053382787924,227.1553594065449,3.0,11.50711301000047,45.13066341142777,51.59777031785529,16.941888821071412,1.4808460491102868,238.39435560354946,130.95639999999995,Very Poor,8.730426666666663,13.250512104820704,130.95639999999995
2.0,28.57897435897436,77.33128205128205,16.030940419738016,67.66871684116626,2.7437053382787924,227.1553594065449,3.0,11.50711301000047,45.13066341142777,51.59777031785529,16.941888821071412,1.4808460491102868,238.39435560354946,130.95639999999995,Very Poor,8.730426666666663,13.250512104820704,130.95639999999995
2.0,28.57897435897436,77.34102564102564,16.030940419738016,67.66871684116626,2.7437053382787924,227.1553594065449,3.0,11.50711301000047,45.13066341142777,51.59777031785529,16.941888821071412,1.4808460491102868,238.39435560354946,130.95639999999995,Very Poor,8.730426666666663,13.250512104820704,130.95639999999995
2.0,28.57897435897436,77.35076923076923,16.030940419738016,67.66871684116626,2.7437053382787924,227.1553594065449,3.0,11.50711301000047,45.13066341142777,51.59777031785529,16.941888821071412,1.4808460491102868,238.39435560354946,130.95639999999995,Very Poor,8.730426666666663,13.250512104820704,130.95639999999995
2.0,28.57897435897436,77.36051282051281,16.030940419738016,67.66871684116626,2.7437053382787924,227.1553594065449,3.0,11.50711301000047,45.13066341142777,51.59777031785529,16.941888821071412,1.4808460491102868,238.39435560354946,130.95639999999995,Very Poor,8.730426666666663,13.250512104820704,130.95639999999995
2.0,28.57897435897436,77.3702564102564,16.030940419738016,67.66871684116626,2.7437053382787924,227.1553594065449,3.0,11.50711301000047,45.13066341142777,51.59777031785529,16.941888821071412,1.4808460491102868,238.39435560354946,130.95639999999995,Very Poor,8.730426666666663,13.250512104820704,130.95639999999995
2.0,28.57897435897436,77.38,16.030940419738016,67.66871684116626,2.7437053382787924,227.1553594065449,3.0,11.50711301000047,45.13066341142777,51.59777031785529,16.941888821071412,1.4808460491102868,238.39435560354946,130.95639999999995,Very Poor,8.730426666666663,13.250512104820704,130.95639999999995
2.0,28.586153846153845,77.0,16.030940419738016,67.66871684116626,2.7437053382787924,227.1553594065449,3.0,11.50711301000047,45.13066341142777,51.59777031785529,16.941888821071412,1.4808460491102868,238.39435560354946,127.61519999999997,Very Poor,8.507679999999999,10.763550109513124,127.61519999999997
2.0,28.586153846153845,77.0097435897436,16.030940419738016,67.66871684116626,2.7437053382787924,227.1553594065449,3.0,11.50711301000047,45.13066341142777,51.59777031785529,16.941888821071412,1.4808460491102868,238.39435560354946,127.61519999999997,Very Poor,8.507679999999999,10.763550109513124,127.61519999999997
2.0,28.586153846153845,77.01948717948719,16.030940419738016,67.66871684116626,2.7437053382787924,227.1553594065449,3.0,11.50711301000047,45.13066341142777,51.59777031785529,16.941888821071412,1.4808460491102868,238.39435560354946,127.61519999999997,Very Poor,8.507679999999999,10.763550109513124,127.61519999999997
2.0,28.586153846153845,77.02923076923076,16.030940419738016,67.66871684116626,2.7437053382787924,227.1553594065449,3.0,11.50711301000047,45.13066341142777,51.59777031785529,16.941888821071412,1.4808460491102868,238.39435560354946,127.61519999999997,Very Poor,8.507679999999999,10.763550109513124,127.61519999999997
2.0,28.586153846153845,77.03897435897436,16.030940419738016,67.66871684116626,2.7437053382787924,227.1553594065449,3.0,11.50711301000047,45.13066341142777,51.59777031785529,16.941888821071412,1.4808460491102868,238.39435560354946,127.61519999999997,Very Poor,8.507679999999999,10.763550109513124,127.61519999999997
2.0,28.586153846153845,77.04871794871795,16.030940419738016,67.66871684116626,2.7437053382787924,227.1553594065449,3.0,11.50711301000047,45.13066341142777,51.59777031785529,16.941888821071412,1.4808460491102868,238.39435560354946,127.61519999999997,Very Poor,8.507679999999999,10.763550109513124,127.61519999999997
2.0,28.586153846153845,77.05846153846154,16.030940419738016,67.66871684116626,2.7437053382787924,227.1553594065449,3.0,11.50711301000047,45.13066341142777,51.59777031785529,16.941888821071412,1.4808460491102868,238.39435560354946,129.7857,Very Poor,8.652379999999999,12.816855406455986,129.7857
2.0,28.586153846153845,77.06820512820512,16.030940419738016,67.66871684116626,2.7437053382787924,227.1553594065449,3.0,11.50711301000047,45.13066341142777,51.59777031785529,16.941888821071412,1.4808460491102868,238.39435560354946,129.7857,Very Poor,8.652379999999999,12.816855406455986,129.7857
2.0,28.586153846153845,77.07794871794871,16.030940419738016,67.66871684116626,2.7437053382787924,227.1553594065449,3.0,11.50711301000047,45.13066341142777,51.59777031785529,16.941888821071412,1.4808460491102868,238.39435560354946,129.7857,Very Poor,8.652379999999999,12.816855406455986,129.7857
2.0,28.586153846153845,77.08769230769231,16.030940419738016,67.66871684116626,2.7437053382787924,227.1553594065449,3.0,11.50711301000047,45.13066341142777,51.59777031785529,16.941888821071412,1.4808460491102868,238.39435560354946,129.7857,Very Poor,8.652379999999999,12.816855406455986,129.7857
2.0,28.586153846153845,77.0974358974359,16.030940419738016,67.66871684116626,2.7437053382787924,227.1553594065449,3.0,11.50711301000047,45.13066341142777,51.59777031785529,16.941888821071412,1.4808460491102868,238.39435560354946,129.7857,Very Poor,8.652379999999999,12.816855406455986,129.7857
2.0,28.586153846153845,77.10717948717948,16.030940419738016,67.66871684116626,2.7437053382787924,227.1553594065449,3.0,11.50711301000047,45.13066341142777,51.59777031785529,16.941888821071412,1.4808460491102868,238.39435560354946,129.87489999999997,Very Poor,8.658326666666664,12.810727418456768,129.87489999999997
2.0,28.586153846153845,77.11692307692307,16.030940419738016,67.66871684116626,2.7437053382787924,227.1553594065449,3.0,11.50711301000047,45.13066341142777,51.59777031785529,16.941888821071412,1.4808460491102868,238.39435560354946,131.3963,Very Poor,8.759753333333332,13.293581357557487,131.3963
2.0,28.586153846153845,77.12666666666667,16.030940419738016,67.66871684116626,2.7437053382787924,227.1553594065449,3.164673884647078,11.50711301000047,45.13066341142777,51.59777031785529,16.941888821071412,1.4808460491102868,238.39435560354946,132.06559999999996,Very Poor,8.80437333333333,13.145318734819638,132.06559999999996
2.0,28.586153846153845,77.13641025641026,16.030940419738016,67.66871684116626,2.7437053382787924,227.1553594065449,3.820736252576321,11.50711301000047,45.13066341142777,51.59777031785529,16.941888821071412,1.4808460491102868,238.39435560354946,132.06559999999996,Very Poor,8.80437333333333,13.145318734819638,132.06559999999996
2.0,28.586153846153845,77.14615384615385,16.030940419738016,67.66871684116626,2.7437053382787924,227.1553594065449,4.444811583465965,11.50711301000047,45.13066341142777,51.59777031785529,16.941888821071412,1.4808460491102868,238.39435560354946,132.26749999999996,Very Poor,8.817833333333331,13.680271589043839,132.26749999999996
2.0,28.586153846153845,77.15589743589743,16.030940419738016,67.66871684116626,2.7437053382787924,227.1553594065449,5.024848067431319,11.50711301000047,45.13066341142777,51.59777031785529,16.941888821071412,1.4808460491102868,238.39435560354946,132.26749999999996,Very Poor,8.817833333333331,13.680271589043839,132.26749999999996
2.0,28.586153846153845,77.16564102564102,16.030940419738016,67.66871684116626,2.7437053382787924,227.1553594065449,5.543616299391331,11.50711301000047,45.13066341142777,51.59777031785529,16.941888821071412,1.4808460491102868,238.39435560354946,131.68109999999996,Very Poor,8.778739999999997,13.286822035008974,131.68109999999996
2.0,28.586153846153845,77.17538461538462,16.030940419738016,67.66871684116626,2.7437053382787924,227.1553594065449,5.977342278054238,11.50711301000047,45.13066341142777,51.59777031785529,16.941888821071412,1.4808460491102868,238.39435560354946,131.68109999999996,Very Poor,8.778739999999997,13.286822035008974,131.68109999999996
2.0,28.586153846153845,77.18512820512821,16.030940419738016,67.66871684116626,2.7437053382787924,227.1553594065449,6.296029814539581,11.50711301000047,45.13066341142777,51.59777031785529,16.941888821071412,1.4808460491102868,238.39435560354946,131.68109999999996,Very Poor,8.778739999999997,13.286822035008974,131.68109999999996
2.0,28.586153846153845,77.19487179487179,16.030940419738016,67.66871684116626,2.7437053382787924,227.1553594065449,6.468397580757289,11.50711301000047,45.13066341142777,51.59777031785529,16.941888821071412,1.4808460491102868,238.39435560354946,131.18169999999998,Very Poor,8.745446666666664,13.384974565160741,131.18169999999998
2.0,28.586153846153845,77.20461538461538,16.030940419738016,67.66871684116626,2.7437053382787924,227.1553594065449,6.472928029315236,11.50711301000047,45.13066341142777,51.59777031785529,16.941888821071412,1.4808460491102868,238.39435560354946,131.18169999999998,Very Poor,8.745446666666664,13.384974565160741,131.18169999999998
2.0,28.586153846153845,77.21435897435897,16.030940419738016,67.66871684116626,2.7437053382787924,227.1553594065449,6.309003081666177,11.50711301000047,45.13066341142777,51.59777031785529,16.941888821071412,1.4808460491102868,238.39435560354946,131.18169999999998,Very Poor,8.745446666666664,13.384974565160741,131.18169999999998
2.0,28.586153846153845,77.22410256410257,16.030940419738016,67.66871684116626,2.7437053382787924,227.1553594065449,5.9972658916835355,11.50711301000047,45.13066341142777,51.59777031785529,16.941888821071412,1.4808460491102868,238.39435560354946,131.18169999999998,Very Poor,8.745446666666664,13.384974565160741,131.18169999999998
2.0,28.586153846153845,77.23384615384614,16.030940419738016,67.66871684116626,2.7437053382787924,227.1553594065449,5.568803439411132,11.50711301000047,45.13066341142777,51.59777031785529,16.941888821071412,1.4808460491102868,238.39435560354946,131.06529999999998,Very Poor,8.737686666666665,13.294389301882202,131.06529999999998
2.0,28.586153846153845,77.24358974358974,16.030940419738016,67.66871684116626,2.7437053382787924,227.1553594065449,5.053857452393416,11.50711301000047,45.13066341142777,51.59777031785529,16.941888821071412,1.4808460491102868,238.39435560354946,130.95639999999995,Very Poor,8.730426666666663,13.250512104820704,130.95639999999995
2.0,28.586153846153845,77.25333333333333,16.030940419738016,67.66871684116626,2.7437053382787924,227.1553594065449,4.476563590491493,11.50711301000047,45.13066341142777,51.59777031785529,16.941888821071412,1.4808460491102868,238.39435560354946,130.95639999999995,Very Poor,8.730426666666663,13.250512104820704,130.95639999999995
2.0,28.586153846153845,77.26307692307692,16.030940419738016,67.66871684116626,2.7437053382787924,227.1553594065449,3.8544671537372066,11.50711301000047,45.13066341142777,51.59777031785529,16.941888821071412,1.4808460491102868,238.39435560354946,130.95639999999995,Very Poor,8.730426666666663,13.250512104820704,130.95639999999995
2.0,28.586153846153845,77.27282051282052,16.030940419738016,67.66871684116626,2.7437053382787924,227.1553594065449,3.1998530394501,11.50711301000047,45.13066341142777,51.59777031785529,16.941888821071412,1.4808460491102868,238.39435560354946,130.95639999999995,Very Poor,8.730426666666663,13.250512104820704,130.95639999999995
2.0,28.586153846153845,77.2825641025641,16.030940419738016,67.66871684116626,2.7437053382787924,227.1553594065449,3.0,11.50711301000047,45.13066341142777,51.59777031785529,16.941888821071412,1.4808460491102868,238.39435560354946,130.95639999999995,Very Poor,8.730426666666663,13.250512104820704,130.95639999999995
2.0,28.586153846153845,77.29230769230769,16.030940419738016,67.66871684116626,2.7437053382787924,227.1553594065449,3.0,11.50711301000047,45.13066341142777,51.59777031785529,16.941888821071412,1.4808460491102868,238.39435560354946,130.95639999999995,Very Poor,8.730426666666663,13.250512104820704,130.95639999999995
2.0,28.586153846153845,77.30205128205128,16.030940419738016,67.66871684116626,2.7437053382787924,227.1553594065449,3.0,11.50711301000047,45.13066341142777,51.59777031785529,16.941888821071412,1.4808460491102868,238.39435560354946,130.95639999999995,Very Poor,8.730426666666663,13.250512104820704,130.95639999999995
2.0,28.586153846153845,77.31179487179487,16.030940419738016,67.66871684116626,2.7437053382787924,227.1553594065449,3.0,11.50711301000047,45.13066341142777,51.59777031785529,16.941888821071412,1.4808460491102868,238.39435560354946,130.95639999999995,Very Poor,8.730426666666663,13.250512104820704,130.95639999999995
2.0,28.586153846153845,77.32153846153845,16.030940419738016,67.66871684116626,2.7437053382787924,227.1553594065449,3.0,11.50711301000047,45.13066341142777,51.59777031785529,16.941888821071412,1.4808460491102868,238.39435560354946,130.95639999999995,Very Poor,8.730426666666663,13.250512104820704,130.95639999999995
2.0,28.586153846153845,77.33128205128205,16.030940419738016,67.66871684116626,2.7437053382787924,227.1553594065449,3.0,11.50711301000047,45.13066341142777,51.59777031785529,16.941888821071412,1.4808460491102868,238.39435560354946,130.95639999999995,Very Poor,8.730426666666663,13.250512104820704,130.95639999999995
2.0,28.586153846153845,77.34102564102564,16.030940419738016,67.66871684116626,2.7437053382787924,227.1553594065449,3.0,11.50711301000047,45.13066341142777,51.59777031785529,16.941888821071412,1.4808460491102868,238.39435560354946,130.95639999999995,Very Poor,8.730426666666663,13.250512104820704,130.95639999999995
2.0,28.586153846153845,77.35076923076923,16.030940419738016,67.66871684116626,2.7437053382787924,227.1553594065449,3.0,11.50711301000047,45.13066341142777,51.59777031785529,16.941888821071412,1.4808460491102868,238.39435560354946,130.95639999999995,Very Poor,8.730426666666663,13.250512104820704,130.95639999999995
2.0,28.586153846153845,77.36051282051281,16.030940419738016,67.66871684116626,2.7437053382787924,227.1553594065449,3.0,11.50711301000047,45.13066341142777,51.59777031785529,16.941888821071412,1.4808460491102868,238.39435560354946,130.95639999999995,Very Poor,8.730426666666663,13.250512104820704,130.95639999999995
2.0,28.586153846153845,77.3702564102564,16.030940419738016,67.66871684116626,2.7437053382787924,227.1553594065449,3.0,11.50711301000047,45.13066341142777,51.59777031785529,16.941888821071412,1.4808460491102868,238.39435560354946,130.95639999999995,Very Poor,8.730426666666663,13.250512104820704,130.95639999999995
2.0,28.586153846153845,77.38,16.030940419738016,67.66871684116626,2.7437053382787924,227.1553594065449,3.0,11.50711301000047,45.13066341142777,51.59777031785529,16.941888821071412,1.4808460491102868,238.39435560354946,130.95639999999995,Very Poor,8.730426666666663,13.250512104820704,130.95639999999995
2.0,28.593333333333334,77.0,16.030940419738016,67.66871684116626,2.7437053382787924,227.1553594065449,3.0,11.50711301000047,45.13066341142777,51.59777031785529,16.941888821071412,1.4808460491102868,238.39435560354946,127.61519999999997,Very Poor,8.507679999999999,10.763550109513124,127.61519999999997
2.0,28.593333333333334,77.0097435897436,16.030940419738016,67.66871684116626,2.7437053382787924,227.1553594065449,3.0,11.50711301000047,45.13066341142777,51.59777031785529,16.941888821071412,1.4808460491102868,238.39435560354946,127.61519999999997,Very Poor,8.507679999999999,10.763550109513124,127.61519999999997
2.0,28.593333333333334,77.01948717948719,16.030940419738016,67.66871684116626,2.7437053382787924,227.1553594065449,3.0,11.50711301000047,45.13066341142777,51.59777031785529,16.941888821071412,1.4808460491102868,238.39435560354946,127.61519999999997,Very Poor,8.507679999999999,10.763550109513124,127.61519999999997
2.0,28.593333333333334,77.02923076923076,16.030940419738016,67.66871684116626,2.7437053382787924,227.1553594065449,3.0,11.50711301000047,45.13066341142777,51.59777031785529,16.941888821071412,1.4808460491102868,238.39435560354946,127.61519999999997,Very Poor,8.507679999999999,10.763550109513124,127.61519999999997
2.0,28.593333333333334,77.03897435897436,16.030940419738016,67.66871684116626,2.7437053382787924,227.1553594065449,3.0,11.50711301000047,45.13066341142777,51.59777031785529,16.941888821071412,1.4808460491102868,238.39435560354946,127.61519999999997,Very Poor,8.507679999999999,10.763550109513124,127.61519999999997
2.0,28.593333333333334,77.04871794871795,16.030940419738016,67.66871684116626,2.7437053382787924,227.1553594065449,3.0,11.50711301000047,45.13066341142777,51.59777031785529,16.941888821071412,1.4808460491102868,238.39435560354946,127.61519999999997,Very Poor,8.507679999999999,10.763550109513124,127.61519999999997
2.0,28.593333333333334,77.05846153846154,16.030940419738016,67.66871684116626,2.7437053382787924,227.1553594065449,3.0,11.50711301000047,45.13066341142777,51.59777031785529,16.941888821071412,1.4808460491102868,238.39435560354946,129.7857,Very Poor,8.652379999999999,12.816855406455986,129.7857
2.0,28.593333333333334,77.06820512820512,16.030940419738016,67.66871684116626,2.7437053382787924,227.1553594065449,3.0,11.50711301000047,45.13066341142777,51.59777031785529,16.941888821071412,1.4808460491102868,238.39435560354946,129.7857,Very Poor,8.652379999999999,12.816855406455986,129.7857
2.0,28.593333333333334,77.07794871794871,16.030940419738016,67.66871684116626,2.7437053382787924,227.1553594065449,3.0,11.50711301000047,45.13066341142777,51.59777031785529,16.941888821071412,1.4808460491102868,238.39435560354946,129.7857,Very Poor,8.652379999999999,12.816855406455986,129.7857
2.0,28.593333333333334,77.08769230769231,16.030940419738016,67.66871684116626,2.7437053382787924,227.1553594065449,3.0,11.50711301000047,45.13066341142777,51.59777031785529,16.941888821071412,1.4808460491102868,238.39435560354946,129.7857,Very Poor,8.652379999999999,12.816855406455986,129.7857
2.0,28.593333333333334,77.0974358974359,16.030940419738016,67.66871684116626,2.7437053382787924,227.1553594065449,3.0,11.50711301000047,45.13066341142777,51.59777031785529,16.941888821071412,1.4808460491102868,238.39435560354946,129.7857,Very Poor,8.652379999999999,12.816855406455986,129.7857
2.0,28.593333333333334,77.10717948717948,16.030940419738016,67.66871684116626,2.7437053382787924,227.1553594065449,3.0,11.50711301000047,45.13066341142777,51.59777031785529,16.941888821071412,1.4808460491102868,238.39435560354946,129.87489999999997,Very Poor,8.658326666666664,12.810727418456768,129.87489999999997
2.0,28.593333333333334,77.11692307692307,16.030940419738016,67.66871684116626,2.7437053382787924,227.1553594065449,3.0,11.50711301000047,45.13066341142777,51.59777031785529,16.941888821071412,1.4808460491102868,238.39435560354946,131.3963,Very Poor,8.759753333333332,13.293581357557487,131.3963
2.0,28.593333333333334,77.12666666666667,16.030940419738016,67.66871684116626,2.7437053382787924,227.1553594065449,3.440867266000355,11.50711301000047,45.13066341142777,51.59777031785529,16.941888821071412,1.4808460491102868,238.39435560354946,132.06559999999996,Very Poor,8.80437333333333,13.145318734819638,132.06559999999996
2.0,28.593333333333334,77.13641025641026,16.030940419738016,67.66871684116626,2.7437053382787924,227.1553594065449,4.12770576527159,11.50711301000047,45.13066341142777,51.59777031785529,16.941888821071412,1.4808460491102868,238.39435560354946,132.06559999999996,Very Poor,8.80437333333333,13.145318734819638,132.06559999999996
2.0,28.593333333333334,77.14615384615385,16.030940419738016,67.66871684116626,2.7437053382787924,227.1553594065449,4.788411234355312,11.50711301000047,45.13066341142777,51.59777031785529,16.941888821071412,1.4808460491102868,238.39435560354946,132.26749999999996,Very Poor,8.817833333333331,13.680271589043839,132.26749999999996
2.0,28.593333333333334,77.15589743589743,16.030940419738016,67.66871684116626,2.7437053382787924,227.1553594065449,5.411680495961305,11.50711301000047,45.13066341142777,51.59777031785529,16.941888821071412,1.4808460491102868,238.39435560354946,132.26749999999996,Very Poor,8.817833333333331,13.680271589043839,132.26749999999996
2.0,28.593333333333334,77.16564102564102,16.030940419738016,67.66871684116626,2.7437053382787924,227.1553594065449,5.980062835559415,11.50711301000047,45.13066341142777,51.59777031785529,16.941888821071412,1.4808460491102868,238.39435560354946,131.68109999999996,Very Poor,8.778739999999997,13.286822035008974,131.68109999999996
2.0,28.593333333333334,77.17538461538462,16.030940419738016,67.66871684116626,2.7437053382787924,227.1553594065449,6.466968119740514,11.50711301000047,45.13066341142777,51.59777031785529,16.941888821071412,1.4808460491102868,238.39435560354946,131.68109999999996,Very Poor,8.778739999999997,13.286822035008974,131.68109999999996
2.0,28.593333333333334,77.18512820512821,16.030940419738016,67.66871684116626,2.7437053382787924,227.1553594065449,6.834572026758517,11.50711301000047,45.13066341142777,51.59777031785529,16.941888821071412,1.4808460491102868,238.39435560354946,131.2872,Very Poor,8.75248,14.48399199668379,131.28719999999998
2.0,28.593333333333334,77.19487179487179,16.030940419738016,67.66871684116626,2.7437053382787924,227.1553594065449,7.038116348233616,11.50711301000047,45.13066341142777,51.59777031785529,16.941888821071412,1.4808460491102868,238.39435560354946,130.8418,Very Poor,8.722786666666668,14.519400771381717,130.8418
2.0,28.593333333333334,77.20461538461538,16.030940419738016,67.66871684116626,2.7437053382787924,227.1553594065449,7.043519693048827,11.50711301000047,45.13066341142777,51.59777031785529,16.941888821071412,1.4808460491102868,238.39435560354946,130.8418,Very Poor,8.722786666666668,14.519400771381717,130.8418
2.0,28.593333333333334,77.21435897435897,16.030940419738016,67.66871684116626,2.7437053382787924,227.1553594065449,6.8497623311645555,11.50711301000047,45.13066341142777,51.59777031785529,16.941888821071412,1.4808460491102868,238.39435560354946,130.6494,Very Poor,8.70996,14.152007972015845,130.6494
2.0,28.593333333333334,77.22410256410257,16.030940419738016,67.66871684116626,2.7437053382787924,227.1553594065449,6.489669608016932,11.50711301000047,45.13066341142777,51.59777031785529,16.941888821071412,1.4808460491102868,238.39435560354946,131.18169999999998,Very Poor,8.745446666666664,13.384974565160741,131.18169999999998
2.0,28.593333333333334,77.23384615384614,16.030940419738016,67.66871684116626,2.7437053382787924,227.1553594065449,6.008002745795708,11.50711301000047,45.13066341142777,51.59777031785529,16.941888821071412,1.4808460491102868,238.39435560354946,131.06529999999998,Very Poor,8.737686666666665,13.294389301882202,131.06529999999998
2.0,28.593333333333334,77.24358974358974,16.030940419738016,67.66871684116626,2.7437053382787924,227.1553594065449,5.443151832654049,11.50711301000047,45.13066341142777,51.59777031785529,16.941888821071412,1.4808460491102868,238.39435560354946,130.95639999999995,Very Poor,8.730426666666663,13.250512104820704,130.95639999999995
2.0,28.593333333333334,77.25333333333333,16.030940419738016,67.66871684116626,2.7437053382787924,227.1553594065449,4.822269909614423,11.50711301000047,45.13066341142777,51.59777031785529,16.941888821071412,1.4808460491102868,238.39435560354946,130.95639999999995,Very Poor,8.730426666666663,13.250512104820704,130.95639999999995
2.0,28.593333333333334,77.26307692307692,16.030940419738016,67.66871684116626,2.7437053382787924,227.1553594065449,4.163210378684626,11.50711301000047,45.13066341142777,51.59777031785529,16.941888821071412,1.4808460491102868,238.39435560354946,130.95639999999995,Very Poor,8.730426666666663,13.250512104820704,130.95639999999995
2.0,28.593333333333334,77.27282051282052,16.030940419738016,67.66871684116626,2.7437053382787924,227.1553594065449,3.477535910096856,11.50711301000047,45.13066341142777,51.59777031785529,16.941888821071412,1.4808460491102868,238.39435560354946,130.95639999999995,Very Poor,8.730426666666663,13.250512104820704,130.95639999999995
2.0,28.593333333333334,77.2825641025641,16.030940419738016,67.66871684116626,2.7437053382787924,227.1553594065449,3.0,11.50711301000047,45.13066341142777,51.59777031785529,16.941888821071412,1.4808460491102868,238.39435560354946,130.95639999999995,Very Poor,8.730426666666663,13.250512104820704,130.95639999999995
2.0,28.593333333333334,77.29230769230769,16.030940419738016,67.66871684116626,2.7437053382787924,227.1553594065449,3.0,11.50711301000047,45.13066341142777,51.59777031785529,16.941888821071412,1.4808460491102868,238.39435560354946,130.95639999999995,Very Poor,8.730426666666663,13.250512104820704,130.95639999999995
2.0,28.593333333333334,77.30205128205128,16.030940419738016,67.66871684116626,2.7437053382787924,227.1553594065449,3.0,11.50711301000047,45.13066341142777,51.59777031785529,16.941888821071412,1.4808460491102868,238.39435560354946,130.95639999999995,Very Poor,8.730426666666663,13.250512104820704,130.95639999999995
2.0,28.593333333333334,77.31179487179487,16.030940419738016,67.66871684116626,2.7437053382787924,227.1553594065449,3.0,11.50711301000047,45.13066341142777,51.59777031785529,16.941888821071412,1.4808460491102868,238.39435560354946,130.95639999999995,Very Poor,8.730426666666663,13.250512104820704,130.95639999999995
2.0,28.593333333333334,77.32153846153845,16.030940419738016,67.66871684116626,2.7437053382787924,227.1553594065449,3.0,11.50711301000047,45.13066341142777,51.59777031785529,16.941888821071412,1.4808460491102868,238.39435560354946,130.95639999999995,Very Poor,8.730426666666663,13.250512104820704,130.95639999999995
2.0,28.593333333333334,77.33128205128205,16.030940419738016,67.66871684116626,2.7437053382787924,227.1553594065449,3.0,11.50711301000047,45.13066341142777,51.59777031785529,16.941888821071412,1.4808460491102868,238.39435560354946,130.95639999999995,Very Poor,8.730426666666663,13.250512104820704,130.95639999999995
2.0,28.593333333333334,77.34102564102564,16.030940419738016,67.66871684116626,2.7437053382787924,227.1553594065449,3.0,11.50711301000047,45.13066341142777,51.59777031785529,16.941888821071412,1.4808460491102868,238.39435560354946,130.95639999999995,Very Poor,8.730426666666663,13.250512104820704,130.95639999999995
2.0,28.593333333333334,77.35076923076923,16.030940419738016,67.66871684116626,2.7437053382787924,227.1553594065449,3.0,11.50711301000047,45.13066341142777,51.59777031785529,16.941888821071412,1.4808460491102868,238.39435560354946,130.95639999999995,Very Poor,8.730426666666663,13.250512104820704,130.95639999999995
2.0,28.593333333333334,77.36051282051281,16.030940419738016,67.66871684116626,2.7437053382787924,227.1553594065449,3.0,11.50711301000047,45.13066341142777,51.59777031785529,16.941888821071412,1.4808460491102868,238.39435560354946,130.95639999999995,Very Poor,8.730426666666663,13.250512104820704,130.95639999999995
2.0,28.593333333333334,77.3702564102564,16.030940419738016,67.66871684116626,2.7437053382787924,227.1553594065449,3.0,11.50711301000047,45.13066341142777,51.59777031785529,16.941888821071412,1.4808460491102868,238.39435560354946,130.95639999999995,Very Poor,8.730426666666663,13.250512104820704,130.95639999999995
2.0,28.593333333333334,77.38,16.030940419738016,67.66871684116626,2.7437053382787924,227.1553594065449,3.0,11.50711301000047,45.13066341142777,51.59777031785529,16.941888821071412,1.4808460491102868,238.39435560354946,130.95639999999995,Very Poor,8.730426666666663,13.250512104820704,130.95639999999995
2.0,28.600512820512822,77.0,16.030940419738016,67.66871684116626,2.7437053382787924,227.1553594065449,3.0,11.50711301000047,45.13066341142777,51.59777031785529,16.941888821071412,1.4808460491102868,238.39435560354946,127.61519999999997,Very Poor,8.507679999999999,10.763550109513124,127.61519999999997
2.0,28.600512820512822,77.0097435897436,16.030940419738016,67.66871684116626,2.7437053382787924,227.1553594065449,3.0,11.50711301000047,45.13066341142777,51.59777031785529,16.941888821071412,1.4808460491102868,238.39435560354946,127.61519999999997,Very Poor,8.507679999999999,10.763550109513124,127.61519999999997
2.0,28.600512820512822,77.01948717948719,16.030940419738016,67.66871684116626,2.7437053382787924,227.1553594065449,3.0,11.50711301000047,45.13066341142777,51.59777031785529,16.941888821071412,1.4808460491102868,238.39435560354946,127.61519999999997,Very Poor,8.507679999999999,10.763550109513124,127.61519999999997
2.0,28.600512820512822,77.02923076923076,16.030940419738016,67.66871684116626,2.7437053382787924,227.1553594065449,3.0,11.50711301000047,45.13066341142777,51.59777031785529,16.941888821071412,1.4808460491102868,238.39435560354946,127.61519999999997,Very Poor,8.507679999999999,10.763550109513124,127.61519999999997
2.0,28.600512820512822,77.03897435897436,16.030940419738016,67.66871684116626,2.7437053382787924,227.1553594065449,3.0,11.50711301000047,45.13066341142777,51.59777031785529,16.941888821071412,1.4808460491102868,238.39435560354946,127.61519999999997,Very Poor,8.507679999999999,10.763550109513124,127.61519999999997
2.0,28.600512820512822,77.04871794871795,16.030940419738016,67.66871684116626,2.7437053382787924,227.1553594065449,3.0,11.50711301000047,45.13066341142777,51.59777031785529,16.941888821071412,1.4808460491102868,238.39435560354946,127.61519999999997,Very Poor,8.507679999999999,10.763550109513124,127.61519999999997
2.0,28.600512820512822,77.05846153846154,16.030940419738016,67.66871684116626,2.7437053382787924,227.1553594065449,3.0,11.50711301000047,45.13066341142777,51.59777031785529,16.941888821071412,1.4808460491102868,238.39435560354946,129.7857,Very Poor,8.652379999999999,12.816855406455986,129.7857
2.0,28.600512820512822,77.06820512820512,16.030940419738016,67.66871684116626,2.7437053382787924,227.1553594065449,3.0,11.50711301000047,45.13066341142777,51.59777031785529,16.941888821071412,1.4808460491102868,238.39435560354946,129.7857,Very Poor,8.652379999999999,12.816855406455986,129.7857
2.0,28.600512820512822,77.07794871794871,16.030940419738016,67.66871684116626,2.7437053382787924,227.1553594065449,3.0,11.50711301000047,45.13066341142777,51.59777031785529,16.941888821071412,1.4808460491102868,238.39435560354946,129.7857,Very Poor,8.652379999999999,12.816855406455986,129.7857
2.0,28.600512820512822,77.08769230769231,16.030940419738016,67.66871684116626,2.7437053382787924,227.1553594065449,3.0,11.50711301000047,45.13066341142777,51.59777031785529,16.941888821071412,1.4808460491102868,238.39435560354946,129.7857,Very Poor,8.652379999999999,12.816855406455986,129.7857
2.0,28.600512820512822,77.0974358974359,16.030940419738016,67.66871684116626,2.7437053382787924,227.1553594065449,3.0,11.50711301000047,45.13066341142777,51.59777031785529,16.941888821071412,1.4808460491102868,238.39435560354946,129.7857,Very Poor,8.652379999999999,12.816855406455986,129.7857
2.0,28.600512820512822,77.10717948717948,16.030940419738016,67.66871684116626,2.7437053382787924,227.1553594065449,3.0,11.50711301000047,45.13066341142777,51.59777031785529,16.941888821071412,1.4808460491102868,238.39435560354946,129.87489999999997,Very Poor,8.658326666666664,12.810727418456768,129.87489999999997
2.0,28.600512820512822,77.11692307692307,16.030940419738016,67.66871684116626,2.7437053382787924,227.1553594065449,3.0,11.50711301000047,45.13066341142777,51.59777031785529,16.941888821071412,1.4808460491102868,238.39435560354946,131.00869999999998,Very Poor,8.733913333333332,13.091548468764115,131.00869999999998
2.0,28.600512820512822,77.12666666666667,16.030940419738016,67.66871684116626,2.7437053382787924,227.1553594065449,3.676825338164436,11.50711301000047,45.13066341142777,51.59777031785529,16.941888821071412,1.4808460491102868,238.39435560354946,131.67799999999994,Very Poor,8.77853333333333,12.961002353213273,131.67799999999994
2.0,28.600512820512822,77.13641025641026,16.030940419738016,67.66871684116626,2.7437053382787924,227.1553594065449,4.392491180472548,11.50711301000047,45.13066341142777,51.59777031785529,16.941888821071412,1.4808460491102868,238.39435560354946,131.67799999999994,Very Poor,8.77853333333333,12.961002353213273,131.67799999999994
2.0,28.600512820512822,77.14615384615385,16.030940419738016,67.66871684116626,2.7437053382787924,227.1553594065449,5.088689274333422,11.50711301000047,45.13066341142777,51.59777031785529,16.941888821071412,1.4808460491102868,238.39435560354946,131.87989999999994,Very Poor,8.791993333333329,13.5090532973262,131.87989999999994
2.0,28.600512820512822,77.15589743589743,16.030940419738016,67.66871684116626,2.7437053382787924,227.1553594065449,5.755828531621804,11.50711301000047,45.13066341142777,51.59777031785529,16.941888821071412,1.4808460491102868,238.39435560354946,131.87989999999994,Very Poor,8.791993333333329,13.5090532973262,131.87989999999994
2.0,28.600512820512822,77.16564102564102,16.030940419738016,67.66871684116626,2.7437053382787924,227.1553594065449,6.377816903039791,11.50711301000047,45.13066341142777,51.59777031785529,16.941888821071412,1.4808460491102868,238.39435560354946,130.74629999999996,Very Poor,8.716419999999998,11.776323590577833,130.74629999999996
2.0,28.600512820512822,77.17538461538462,16.030940419738016,67.66871684116626,2.7437053382787924,227.1553594065449,6.927113759218621,11.50711301000047,45.13066341142777,51.59777031785529,16.941888821071412,1.4808460491102868,238.39435560354946,130.3524,Very Poor,8.690159999999999,13.084026377228078,130.3524
2.0,28.600512820512822,77.18512820512821,16.030940419738016,67.66871684116626,2.7437053382787924,227.1553594065449,7.357983755607599,11.50711301000047,45.13066341142777,51.59777031785529,16.941888821071412,1.4808460491102868,238.39435560354946,130.3524,Very Poor,8.690159999999999,13.084026377228078,130.3524
2.0,28.600512820512822,77.19487179487179,16.030940419738016,67.66871684116626,2.7437053382787924,227.1553594065449,7.605616916937764,11.50711301000047,45.13066341142777,51.59777031785529,16.941888821071412,1.4808460491102868,238.39435560354946,131.7099,Very Poor,8.780660000000001,13.731385181036911,131.7099
2.0,28.600512820512822,77.20461538461538,16.030940419738016,67.66871684116626,2.7437053382787924,227.1553594065449,7.612304167770998,11.50711301000047,45.13066341142777,51.59777031785529,16.941888821071412,1.4808460491102868,238.39435560354946,131.6356,Very Poor,8.775706666666668,13.735701097504998,131.63559999999998
2.0,28.600512820512822,77.21435897435897,16.030940419738016,67.66871684116626,2.7437053382787924,227.1553594065449,7.376202570318466,11.50711301000047,45.13066341142777,51.59777031785529,16.941888821071412,1.4808460491102868,238.39435560354946,129.90699999999998,Very Poor,8.660466666666666,13.091447628127304,129.90699999999998
2.0,28.600512820512822,77.22410256410257,16.030940419738016,67.66871684116626,2.7437053382787924,227.1553594065449,6.953241879844473,11.50711301000047,45.13066341142777,51.59777031785529,16.941888821071412,1.4808460491102868,238.39435560354946,129.7146,Very Poor,8.647639999999999,12.66856822375757,129.71459999999996
2.0,28.600512820512822,77.23384615384614,16.030940419738016,67.66871684116626,2.7437053382787924,227.1553594065449,6.408850092320254,11.50711301000047,45.13066341142777,51.59777031785529,16.941888821071412,1.4808460491102868,238.39435560354946,130.17059999999995,Very Poor,8.678039999999998,11.903153348587928,130.17059999999995
2.0,28.600512820512822,77.24358974358974,16.030940419738016,67.66871684116626,2.7437053382787924,227.1553594065449,5.7898716406625095,11.50711301000047,45.13066341142777,51.59777031785529,16.941888821071412,1.4808460491102868,238.39435560354946,130.22699999999995,Very Poor,8.681799999999997,11.97567547155483,130.22699999999995
2.0,28.600512820512822,77.25333333333333,16.030940419738016,67.66871684116626,2.7437053382787924,227.1553594065449,5.124632888618758,11.50711301000047,45.13066341142777,51.59777031785529,16.941888821071412,1.4808460491102868,238.39435560354946,130.22699999999995,Very Poor,8.681799999999997,11.97567547155483,130.22699999999995
2.0,28.600512820512822,77.26307692307692,16.030940419738016,67.66871684116626,2.7437053382787924,227.1553594065449,4.429683252691234,11.50711301000047,45.13066341142777,51.59777031785529,16.941888821071412,1.4808460491102868,238.39435560354946,130.22699999999995,Very Poor,8.681799999999997,11.97567547155483,130.22699999999995
2.0,28.600512820512822,77.27282051282052,16.030940419738016,67.66871684116626,2.7437053382787924,227.1553594065449,3.714870455915035,11.50711301000047,45.13066341142777,51.59777031785529,16.941888821071412,1.4808460491102868,238.39435560354946,130.22699999999995,Very Poor,8.681799999999997,11.97567547155483,130.22699999999995
2.0,28.600512820512822,77.2825641025641,16.030940419738016,67.66871684116626,2.7437053382787924,227.1553594065449,3.0,11.50711301000047,45.13066341142777,51.59777031785529,16.941888821071412,1.4808460491102868,238.39435560354946,130.22699999999995,Very Poor,8.681799999999997,11.97567547155483,130.22699999999995
2.0,28.600512820512822,77.29230769230769,16.030940419738016,67.66871684116626,2.7437053382787924,227.1553594065449,3.0,11.50711301000047,45.13066341142777,51.59777031785529,16.941888821071412,1.4808460491102868,238.39435560354946,130.22699999999995,Very Poor,8.681799999999997,11.97567547155483,130.22699999999995
2.0,28.600512820512822,77.30205128205128,16.030940419738016,67.66871684116626,2.7437053382787924,227.1553594065449,3.0,11.50711301000047,45.13066341142777,51.59777031785529,16.941888821071412,1.4808460491102868,238.39435560354946,130.22699999999995,Very Poor,8.681799999999997,11.97567547155483,130.22699999999995
2.0,28.600512820512822,77.31179487179487,16.030940419738016,67.66871684116626,2.7437053382787924,227.1553594065449,3.0,11.50711301000047,45.13066341142777,51.59777031785529,16.941888821071412,1.4808460491102868,238.39435560354946,130.22699999999995,Very Poor,8.681799999999997,11.97567547155483,130.22699999999995
2.0,28.600512820512822,77.32153846153845,16.030940419738016,67.66871684116626,2.7437053382787924,227.1553594065449,3.0,11.50711301000047,45.13066341142777,51.59777031785529,16.941888821071412,1.4808460491102868,238.39435560354946,130.22699999999995,Very Poor,8.681799999999997,11.97567547155483,130.22699999999995
2.0,28.600512820512822,77.33128205128205,16.030940419738016,67.66871684116626,2.7437053382787924,227.1553594065449,3.0,11.50711301000047,45.13066341142777,51.59777031785529,16.941888821071412,1.4808460491102868,238.39435560354946,130.22699999999995,Very Poor,8.681799999999997,11.97567547155483,130.22699999999995
2.0,28.600512820512822,77.34102564102564,16.030940419738016,67.66871684116626,2.7437053382787924,227.1553594065449,3.0,11.50711301000047,45.13066341142777,51.59777031785529,16.941888821071412,1.4808460491102868,238.39435560354946,130.22699999999995,Very Poor,8.681799999999997,11.97567547155483,130.22699999999995
2.0,28.600512820512822,77.35076923076923,16.030940419738016,67.66871684116626,2.7437053382787924,227.1553594065449,3.0,11.50711301000047,45.13066341142777,51.59777031785529,16.941888821071412,1.4808460491102868,238.39435560354946,130.22699999999995,Very Poor,8.681799999999997,11.97567547155483,130.22699999999995
2.0,28.600512820512822,77.36051282051281,16.030940419738016,67.66871684116626,2.7437053382787924,227.1553594065449,3.0,11.50711301000047,45.13066341142777,51.59777031785529,16.941888821071412,1.4808460491102868,238.39435560354946,130.22699999999995,Very Poor,8.681799999999997,11.97567547155483,130.22699999999995
2.0,28.600512820512822,77.3702564102564,16.030940419738016,67.66871684116626,2.7437053382787924,227.1553594065449,3.0,11.50711301000047,45.13066341142777,51.59777031785529,16.941888821071412,1.4808460491102868,238.39435560354946,130.22699999999995,Very Poor,8.681799999999997,11.97567547155483,130.22699999999995
2.0,28.600512820512822,77.38,16.030940419738016,67.66871684116626,2.7437053382787924,227.1553594065449,3.0,11.50711301000047,45.13066341142777,51.59777031785529,16.941888821071412,1.4808460491102868,238.39435560354946,130.22699999999995,Very Poor,8.681799999999997,11.97567547155483,130.22699999999995
2.0,28.607692307692307,77.0,16.030940419738016,67.66871684116626,2.7437053382787924,227.1553594065449,3.0,11.50711301000047,45.13066341142777,51.59777031785529,16.941888821071412,1.4808460491102868,238.39435560354946,127.61519999999997,Very Poor,8.507679999999999,10.763550109513124,127.61519999999997
2.0,28.607692307692307,77.0097435897436,16.030940419738016,67.66871684116626,2.7437053382787924,227.1553594065449,3.0,11.50711301000047,45.13066341142777,51.59777031785529,16.941888821071412,1.4808460491102868,238.39435560354946,127.61519999999997,Very Poor,8.507679999999999,10.763550109513124,127.61519999999997
2.0,28.607692307692307,77.01948717948719,16.030940419738016,67.66871684116626,2.7437053382787924,227.1553594065449,3.0,11.50711301000047,45.13066341142777,51.59777031785529,16.941888821071412,1.4808460491102868,238.39435560354946,127.61519999999997,Very Poor,8.507679999999999,10.763550109513124,127.61519999999997
2.0,28.607692307692307,77.02923076923076,16.030940419738016,67.66871684116626,2.7437053382787924,227.1553594065449,3.0,11.50711301000047,45.13066341142777,51.59777031785529,16.941888821071412,1.4808460491102868,238.39435560354946,127.61519999999997,Very Poor,8.507679999999999,10.763550109513124,127.61519999999997
2.0,28.607692307692307,77.03897435897436,16.030940419738016,67.66871684116626,2.7437053382787924,227.1553594065449,3.0,11.50711301000047,45.13066341142777,51.59777031785529,16.941888821071412,1.4808460491102868,238.39435560354946,127.61519999999997,Very Poor,8.507679999999999,10.763550109513124,127.61519999999997
2.0,28.607692307692307,77.04871794871795,16.030940419738016,67.66871684116626,2.7437053382787924,227.1553594065449,3.0,11.50711301000047,45.13066341142777,51.59777031785529,16.941888821071412,1.4808460491102868,238.39435560354946,127.61519999999997,Very Poor,8.507679999999999,10.763550109513124,127.61519999999997
2.0,28.607692307692307,77.05846153846154,16.030940419738016,67.66871684116626,2.7437053382787924,227.1553594065449,3.0,11.50711301000047,45.13066341142777,51.59777031785529,16.941888821071412,1.4808460491102868,238.39435560354946,129.7857,Very Poor,8.652379999999999,12.816855406455986,129.7857
2.0,28.607692307692307,77.06820512820512,16.030940419738016,67.66871684116626,2.7437053382787924,227.1553594065449,3.0,11.50711301000047,45.13066341142777,51.59777031785529,16.941888821071412,1.4808460491102868,238.39435560354946,129.7857,Very Poor,8.652379999999999,12.816855406455986,129.7857
2.0,28.607692307692307,77.07794871794871,16.030940419738016,67.66871684116626,2.7437053382787924,227.1553594065449,3.0,11.50711301000047,45.13066341142777,51.59777031785529,16.941888821071412,1.4808460491102868,238.39435560354946,129.7857,Very Poor,8.652379999999999,12.816855406455986,129.7857
2.0,28.607692307692307,77.08769230769231,16.030940419738016,67.66871684116626,2.7437053382787924,227.1553594065449,3.0,11.50711301000047,45.13066341142777,51.59777031785529,16.941888821071412,1.4808460491102868,238.39435560354946,129.7857,Very Poor,8.652379999999999,12.816855406455986,129.7857
2.0,28.607692307692307,77.0974358974359,16.030940419738016,67.66871684116626,2.7437053382787924,227.1553594065449,3.0,11.50711301000047,45.13066341142777,51.59777031785529,16.941888821071412,1.4808460491102868,238.39435560354946,129.7857,Very Poor,8.652379999999999,12.816855406455986,129.7857
2.0,28.607692307692307,77.10717948717948,16.030940419738016,67.66871684116626,2.7437053382787924,227.1553594065449,3.0,11.50711301000047,45.13066341142777,51.59777031785529,16.941888821071412,1.4808460491102868,238.39435560354946,129.87489999999997,Very Poor,8.658326666666664,12.810727418456768,129.87489999999997
2.0,28.607692307692307,77.11692307692307,16.030940419738016,67.66871684116626,2.7437053382787924,227.1553594065449,3.1184149342059797,11.50711301000047,45.13066341142777,51.59777031785529,16.941888821071412,1.4808460491102868,238.39435560354946,131.00869999999998,Very Poor,8.733913333333332,13.091548468764115,131.00869999999998
2.0,28.607692307692307,77.12666666666667,16.030940419738016,67.66871684116626,2.7437053382787924,227.1553594065449,3.8679016765231484,11.50711301000047,45.13066341142777,51.59777031785529,16.941888821071412,1.4808460491102868,238.39435560354946,131.67799999999994,Very Poor,8.77853333333333,12.961002353213273,131.67799999999994
2.0,28.607692307692307,77.13641025641026,16.030940419738016,67.66871684116626,2.7437053382787924,227.1553594065449,4.608873289767113,11.50711301000047,45.13066341142777,51.59777031785529,16.941888821071412,1.4808460491102868,238.39435560354946,131.67799999999994,Very Poor,8.77853333333333,12.961002353213273,131.67799999999994
2.0,28.607692307692307,77.14615384615385,16.030940419738016,67.66871684116626,2.7437053382787924,227.1553594065449,5.337268494888875,11.50711301000047,45.13066341142777,51.59777031785529,16.941888821071412,1.4808460491102868,238.39435560354946,131.87989999999994,Very Poor,8.791993333333329,13.5090532973262,131.87989999999994
2.0,28.607692307692307,77.15589743589743,16.030940419738016,67.66871684116626,2.7437053382787924,227.1553594065449,6.046130566431938,11.50711301000047,45.13066341142777,51.59777031785529,16.941888821071412,1.4808460491102868,238.39435560354946,131.87989999999994,Very Poor,8.791993333333329,13.5090532973262,131.87989999999994
2.0,28.607692307692307,77.16564102564102,16.030940419738016,67.66871684116626,2.7437053382787924,227.1553594065449,6.722759936682612,11.50711301000047,45.13066341142777,51.59777031785529,16.941888821071412,1.4808460491102868,238.39435560354946,130.3524,Very Poor,8.690159999999999,13.084026377228078,130.3524
2.0,28.607692307692307,77.17538461538462,16.030940419738016,67.66871684116626,2.7437053382787924,227.1553594065449,7.342421799176586,11.50711301000047,45.13066341142777,51.59777031785529,16.941888821071412,1.4808460491102868,238.39435560354946,130.3524,Very Poor,8.690159999999999,13.084026377228078,130.3524
2.0,28.607692307692307,77.18512820512821,16.030940419738016,67.66871684116626,2.7437053382787924,227.1553594065449,7.855159241262506,11.50711301000047,45.13066341142777,51.59777031785529,16.941888821071412,1.4808460491102868,238.39435560354946,132.04930000000002,Very Poor,8.803286666666668,13.86581020027319,132.04930000000002
2.0,28.607692307692307,77.19487179487179,16.030940419738016,67.66871684116626,2.7437053382787924,227.1553594065449,8.16883578203294,11.50711301000047,45.13066341142777,51.59777031785529,16.941888821071412,1.4808460491102868,238.39435560354946,131.7099,Very Poor,8.780660000000001,13.731385181036911,131.7099
2.0,28.607692307692307,77.20461538461538,16.030940419738016,67.66871684116626,2.7437053382787924,227.1553594065449,8.177588566774219,11.50711301000047,45.13066341142777,51.59777031785529,16.941888821071412,1.4808460491102868,238.39435560354946,131.6356,Very Poor,8.775706666666668,13.735701097504998,131.63559999999998
2.0,28.607692307692307,77.21435897435897,16.030940419738016,67.66871684116626,2.7437053382787924,227.1553594065449,7.87764164272107,11.50711301000047,45.13066341142777,51.59777031785529,16.941888821071412,1.4808460491102868,238.39435560354946,131.6356,Very Poor,8.775706666666668,13.735701097504998,131.63559999999998
2.0,28.607692307692307,77.22410256410257,16.030940419738016,67.66871684116626,2.7437053382787924,227.1553594065449,7.372676820898894,11.50711301000047,45.13066341142777,51.59777031785529,16.941888821071412,1.4808460491102868,238.39435560354946,129.90699999999998,Very Poor,8.660466666666666,13.091447628127304,129.90699999999998
2.0,28.607692307692307,77.23384615384614,16.030940419738016,67.66871684116626,2.7437053382787924,227.1553594065449,6.757092399691821,11.50711301000047,45.13066341142777,51.59777031785529,16.941888821071412,1.4808460491102868,238.39435560354946,129.5956,Very Poor,8.639706666666665,12.685338885500853,129.5956
2.0,28.607692307692307,77.24358974358974,16.030940419738016,67.66871684116626,2.7437053382787924,227.1553594065449,6.0826957168473506,11.50711301000047,45.13066341142777,51.59777031785529,16.941888821071412,1.4808460491102868,238.39435560354946,130.22699999999995,Very Poor,8.681799999999997,11.97567547155483,130.22699999999995
2.0,28.607692307692307,77.25333333333333,16.030940419738016,67.66871684116626,2.7437053382787924,227.1553594065449,5.375143622181747,11.50711301000047,45.13066341142777,51.59777031785529,16.941888821071412,1.4808460491102868,238.39435560354946,130.22699999999995,Very Poor,8.681799999999997,11.97567547155483,130.22699999999995
2.0,28.607692307692307,77.26307692307692,16.030940419738016,67.66871684116626,2.7437053382787924,227.1553594065449,4.647568710384334,11.50711301000047,45.13066341142777,51.59777031785529,16.941888821071412,1.4808460491102868,238.39435560354946,130.22699999999995,Very Poor,8.681799999999997,11.97567547155483,130.22699999999995
2.0,28.607692307692307,77.27282051282052,16.030940419738016,67.66871684116626,2.7437053382787924,227.1553594065449,3.907139798859818,11.50711301000047,45.13066341142777,51.59777031785529,16.941888821071412,1.4808460491102868,238.39435560354946,130.22699999999995,Very Poor,8.681799999999997,11.97567547155483,130.22699999999995
2.0,28.607692307692307,77.2825641025641,16.030940419738016,67.66871684116626,2.7437053382787924,227.1553594065449,3.1580287433244294,11.50711301000047,45.13066341142777,51.59777031785529,16.941888821071412,1.4808460491102868,238.39435560354946,130.22699999999995,Very Poor,8.681799999999997,11.97567547155483,130.22699999999995
2.0,28.607692307692307,77.29230769230769,16.030940419738016,67.66871684116626,2.7437053382787924,227.1553594065449,3.0,11.50711301000047,45.13066341142777,51.59777031785529,16.941888821071412,1.4808460491102868,238.39435560354946,130.22699999999995,Very Poor,8.681799999999997,11.97567547155483,130.22699999999995
2.0,28.607692307692307,77.30205128205128,16.030940419738016,67.66871684116626,2.7437053382787924,227.1553594065449,3.0,11.50711301000047,45.13066341142777,51.59777031785529,16.941888821071412,1.4808460491102868,238.39435560354946,130.22699999999995,Very Poor,8.681799999999997,11.97567547155483,130.22699999999995
2.0,28.607692307692307,77.31179487179487,16.030940419738016,67.66871684116626,2.7437053382787924,227.1553594065449,3.0,11.50711301000047,45.13066341142777,51.59777031785529,16.941888821071412,1.4808460491102868,238.39435560354946,130.22699999999995,Very Poor,8.681799999999997,11.97567547155483,130.22699999999995
2.0,28.607692307692307,77.32153846153845,16.030940419738016,67.66871684116626,2.7437053382787924,227.1553594065449,3.0,11.50711301000047,45.13066341142777,51.59777031785529,16.941888821071412,1.4808460491102868,238.39435560354946,130.22699999999995,Very Poor,8.681799999999997,11.97567547155483,130.22699999999995
2.0,28.607692307692307,77.33128205128205,16.030940419738016,67.66871684116626,2.7437053382787924,227.1553594065449,3.0,11.50711301000047,45.13066341142777,51.59777031785529,16.941888821071412,1.4808460491102868,238.39435560354946,130.22699999999995,Very Poor,8.681799999999997,11.97567547155483,130.22699999999995
2.0,28.607692307692307,77.34102564102564,16.030940419738016,67.66871684116626,2.7437053382787924,227.1553594065449,3.0,11.50711301000047,45.13066341142777,51.59777031785529,16.941888821071412,1.4808460491102868,238.39435560354946,130.22699999999995,Very Poor,8.681799999999997,11.97567547155483,130.22699999999995
2.0,28.607692307692307,77.35076923076923,16.030940419738016,67.66871684116626,2.7437053382787924,227.1553594065449,3.0,11.50711301000047,45.13066341142777,51.59777031785529,16.941888821071412,1.4808460491102868,238.39435560354946,130.22699999999995,Very Poor,8.681799999999997,11.97567547155483,130.22699999999995
2.0,28.607692307692307,77.36051282051281,16.030940419738016,67.66871684116626,2.7437053382787924,227.1553594065449,3.0,11.50711301000047,45.13066341142777,51.59777031785529,16.941888821071412,1.4808460491102868,238.39435560354946,130.22699999999995,Very Poor,8.681799999999997,11.97567547155483,130.22699999999995
2.0,28.607692307692307,77.3702564102564,16.030940419738016,67.66871684116626,2.7437053382787924,227.1553594065449,3.0,11.50711301000047,45.13066341142777,51.59777031785529,16.941888821071412,1.4808460491102868,238.39435560354946,130.22699999999995,Very Poor,8.681799999999997,11.97567547155483,130.22699999999995
2.0,28.607692307692307,77.38,16.030940419738016,67.66871684116626,2.7437053382787924,227.1553594065449,3.0,11.50711301000047,45.13066341142777,51.59777031785529,16.941888821071412,1.4808460491102868,238.39435560354946,130.22699999999995,Very Poor,8.681799999999997,11.97567547155483,130.22699999999995
2.0,28.614871794871796,77.0,16.030940419738016,67.66871684116626,2.7437053382787924,227.1553594065449,3.0,11.50711301000047,45.13066341142777,51.59777031785529,16.941888821071412,1.4808460491102868,238.39435560354946,128.13239999999993,Very Poor,8.542159999999996,10.881215935730715,128.13239999999993
2.0,28.614871794871796,77.0097435897436,16.030940419738016,67.66871684116626,2.7437053382787924,227.1553594065449,3.0,11.50711301000047,45.13066341142777,51.59777031785529,16.941888821071412,1.4808460491102868,238.39435560354946,128.13239999999993,Very Poor,8.542159999999996,10.881215935730715,128.13239999999993
2.0,28.614871794871796,77.01948717948719,16.030940419738016,67.66871684116626,2.7437053382787924,227.1553594065449,3.0,11.50711301000047,45.13066341142777,51.59777031785529,16.941888821071412,1.4808460491102868,238.39435560354946,128.13239999999993,Very Poor,8.542159999999996,10.881215935730715,128.13239999999993
2.0,28.614871794871796,77.02923076923076,16.030940419738016,67.66871684116626,2.7437053382787924,227.1553594065449,3.0,11.50711301000047,45.13066341142777,51.59777031785529,16.941888821071412,1.4808460491102868,238.39435560354946,128.13239999999993,Very Poor,8.542159999999996,10.881215935730715,128.13239999999993
2.0,28.614871794871796,77.03897435897436,16.030940419738016,67.66871684116626,2.7437053382787924,227.1553594065449,3.0,11.50711301000047,45.13066341142777,51.59777031785529,16.941888821071412,1.4808460491102868,238.39435560354946,128.13239999999993,Very Poor,8.542159999999996,10.881215935730715,128.13239999999993
2.0,28.614871794871796,77.04871794871795,16.030940419738016,67.66871684116626,2.7437053382787924,227.1553594065449,3.0,11.50711301000047,45.13066341142777,51.59777031785529,16.941888821071412,1.4808460491102868,238.39435560354946,128.13239999999993,Very Poor,8.542159999999996,10.881215935730715,128.13239999999993
2.0,28.614871794871796,77.05846153846154,16.030940419738016,67.66871684116626,2.7437053382787924,227.1553594065449,3.0,11.50711301000047,45.13066341142777,51.59777031785529,16.941888821071412,1.4808460491102868,238.39435560354946,130.40729999999996,Very Poor,8.693819999999997,12.858003644034326,130.40729999999996
2.0,28.614871794871796,77.06820512820512,16.030940419738016,67.66871684116626,2.7437053382787924,227.1553594065449,3.0,11.50711301000047,45.13066341142777,51.59777031785529,16.941888821071412,1.4808460491102868,238.39435560354946,130.40729999999996,Very Poor,8.693819999999997,12.858003644034326,130.40729999999996
2.0,28.614871794871796,77.07794871794871,16.030940419738016,67.66871684116626,2.7437053382787924,227.1553594065449,3.0,11.50711301000047,45.13066341142777,51.59777031785529,16.941888821071412,1.4808460491102868,238.39435560354946,130.40729999999996,Very Poor,8.693819999999997,12.858003644034326,130.40729999999996
2.0,28.614871794871796,77.08769230769231,16.030940419738016,67.66871684116626,2.7437053382787924,227.1553594065449,3.0,11.50711301000047,45.13066341142777,51.59777031785529,16.941888821071412,1.4808460491102868,238.39435560354946,130.40729999999996,Very Poor,8.693819999999997,12.858003644034326,130.40729999999996
2.0,28.614871794871796,77.0974358974359,16.030940419738016,67.66871684116626,2.7437053382787924,227.1553594065449,3.0,11.50711301000047,45.13066341142777,51.59777031785529,16.941888821071412,1.4808460491102868,238.39435560354946,130.40729999999996,Very Poor,8.693819999999997,12.858003644034326,130.40729999999996
2.0,28.614871794871796,77.10717948717948,16.030940419738016,67.66871684116626,2.7437053382787924,227.1553594065449,3.0,11.50711301000047,45.13066341142777,51.59777031785529,16.941888821071412,1.4808460491102868,238.39435560354946,130.52029999999996,Very Poor,8.701353333333332,12.855157677368254,130.52029999999996
2.0,28.614871794871796,77.11692307692307,16.030940419738016,67.66871684116626,2.7437053382787924,227.1553594065449,3.244551715443312,11.50711301000047,45.13066341142777,51.59777031785529,16.941888821071412,1.4808460491102868,238.39435560354946,131.56489999999997,Very Poor,8.770993333333331,13.097325260907287,131.56489999999997
2.0,28.614871794871796,77.12666666666667,16.030940419738016,67.66871684116626,2.7437053382787924,227.1553594065449,4.009799806655189,11.50711301000047,45.13066341142777,51.59777031785529,16.941888821071412,1.4808460491102868,238.39435560354946,132.23419999999993,Very Poor,8.815613333333328,12.938096473593012,132.23419999999993
2.0,28.614871794871796,77.13641025641026,16.030940419738016,67.66871684116626,2.7437053382787924,227.1553594065449,4.7708398653945325,11.50711301000047,45.13066341142777,51.59777031785529,16.941888821071412,1.4808460491102868,238.39435560354946,132.23419999999993,Very Poor,8.815613333333328,12.938096473593012,132.23419999999993
2.0,28.614871794871796,77.14615384615385,16.030940419738016,67.66871684116626,2.7437053382787924,227.1553594065449,5.525524209885982,11.50711301000047,45.13066341142777,51.59777031785529,16.941888821071412,1.4808460491102868,238.39435560354946,132.43609999999993,Very Poor,8.829073333333328,13.47874941491235,132.43609999999993
2.0,28.614871794871796,77.15589743589743,16.030940419738016,67.66871684116626,2.7437053382787924,227.1553594065449,6.269993028791443,11.50711301000047,45.13066341142777,51.59777031785529,16.941888821071412,1.4808460491102868,238.39435560354946,132.43609999999993,Very Poor,8.829073333333328,13.47874941491235,132.43609999999993
2.0,28.614871794871796,77.16564102564102,16.030940419738016,67.66871684116626,2.7437053382787924,227.1553594065449,6.996640058172654,11.50711301000047,45.13066341142777,51.59777031785529,16.941888821071412,1.4808460491102868,238.39435560354946,130.98299999999995,Very Poor,8.732199999999997,13.192234950909569,130.98299999999995
2.0,28.614871794871796,77.17538461538462,16.030940419738016,67.66871684116626,2.7437053382787924,227.1553594065449,7.6885955782138815,11.50711301000047,45.13066341142777,51.59777031785529,16.941888821071412,1.4808460491102868,238.39435560354946,132.659,Very Poor,8.843933333333332,13.803419467653658,132.659
2.0,28.614871794871796,77.18512820512821,16.030940419738016,67.66871684116626,2.7437053382787924,227.1553594065449,8.302881740154143,11.50711301000047,45.13066341142777,51.59777031785529,16.941888821071412,1.4808460491102868,238.39435560354946,132.659,Very Poor,8.843933333333332,13.803419467653658,132.659
2.0,28.614871794871796,77.19487179487179,16.030940419738016,67.66871684116626,2.7437053382787924,227.1553594065449,8.722099025462647,11.50711301000047,45.13066341142777,51.59777031785529,16.941888821071412,1.4808460491102868,238.39435560354946,151.21749999999994,Very Poor,10.081166666666663,14.079498313150225,151.21749999999992
2.0,28.614871794871796,77.20461538461538,16.030940419738016,67.66871684116626,2.7437053382787924,227.1553594065449,8.734673188653364,11.50711301000047,45.13066341142777,51.59777031785529,16.941888821071412,1.4808460491102868,238.39435560354946,150.98149999999995,Very Poor,10.06543333333333,13.767669256268473,150.98149999999995
2.0,28.614871794871796,77.21435897435897,16.030940419738016,67.66871684116626,2.7437053382787924,227.1553594065449,8.331385753305359,11.50711301000047,45.13066341142777,51.59777031785529,16.941888821071412,1.4808460491102868,238.39435560354946,132.1291,Very Poor,8.808606666666666,13.675986845196945,132.12909999999997
2.0,28.614871794871796,77.22410256410257,16.030940419738016,67.66871684116626,2.7437053382787924,227.1553594065449,7.723446553449152,11.50711301000047,45.13066341142777,51.59777031785529,16.941888821071412,1.4808460491102868,238.39435560354946,132.1291,Very Poor,8.808606666666666,13.675986845196945,132.12909999999997
2.0,28.614871794871796,77.23384615384614,16.030940419738016,67.66871684116626,2.7437053382787924,227.1553594065449,7.034141235375975,11.50711301000047,45.13066341142777,51.59777031785529,16.941888821071412,1.4808460491102868,238.39435560354946,130.30429999999996,Very Poor,8.68695333333333,13.195372314186516,130.30429999999996
2.0,28.614871794871796,77.24358974358974,16.030940419738016,67.66871684116626,2.7437053382787924,227.1553594065449,6.308775087539816,11.50711301000047,45.13066341142777,51.59777031785529,16.941888821071412,1.4808460491102868,238.39435560354946,130.6521999999999,Very Poor,8.710146666666661,11.983399983310246,130.6521999999999
2.0,28.614871794871796,77.25333333333333,16.030940419738016,67.66871684116626,2.7437053382787924,227.1553594065449,5.565006761785676,11.50711301000047,45.13066341142777,51.59777031785529,16.941888821071412,1.4808460491102868,238.39435560354946,130.6521999999999,Very Poor,8.710146666666661,11.983399983310246,130.6521999999999
2.0,28.614871794871796,77.26307692307692,16.030940419738016,67.66871684116626,2.7437053382787924,227.1553594065449,4.810742903110561,11.50711301000047,45.13066341142777,51.59777031785529,16.941888821071412,1.4808460491102868,238.39435560354946,130.6521999999999,Very Poor,8.710146666666661,11.983399983310246,130.6521999999999
2.0,28.614871794871796,77.27282051282052,16.030940419738016,67.66871684116626,2.7437053382787924,227.1553594065449,4.049973618697259,11.50711301000047,45.13066341142777,51.59777031785529,16.941888821071412,1.4808460491102868,238.39435560354946,130.6521999999999,Very Poor,8.710146666666661,11.983399983310246,130.6521999999999
2.0,28.614871794871796,77.2825641025641,16.030940419738016,67.66871684116626,2.7437053382787924,227.1553594065449,3.2849095922143166,11.50711301000047,45.13066341142777,51.59777031785529,16.941888821071412,1.4808460491102868,238.39435560354946,130.6521999999999,Very Poor,8.710146666666661,11.983399983310246,130.6521999999999
2.0,28.614871794871796,77.29230769230769,16.030940419738016,67.66871684116626,2.7437053382787924,227.1553594065449,3.0,11.50711301000047,45.13066341142777,51.59777031785529,16.941888821071412,1.4808460491102868,238.39435560354946,130.6521999999999,Very Poor,8.710146666666661,11.983399983310246,130.6521999999999
2.0,28.614871794871796,77.30205128205128,16.030940419738016,67.66871684116626,2.7437053382787924,227.1553594065449,3.0,11.50711301000047,45.13066341142777,51.59777031785529,16.941888821071412,1.4808460491102868,238.39435560354946,130.6521999999999,Very Poor,8.710146666666661,11.983399983310246,130.6521999999999
2.0,28.614871794871796,77.31179487179487,16.030940419738016,67.66871684116626,2.7437053382787924,227.1553594065449,3.0,11.50711301000047,45.13066341142777,51.59777031785529,16.941888821071412,1.4808460491102868,238.39435560354946,130.6521999999999,Very Poor,8.710146666666661,11.983399983310246,130.6521999999999
2.0,28.614871794871796,77.32153846153845,16.030940419738016,67.66871684116626,2.7437053382787924,227.1553594065449,3.0,11.50711301000047,45.13066341142777,51.59777031785529,16.941888821071412,1.4808460491102868,238.39435560354946,130.6521999999999,Very Poor,8.710146666666661,11.983399983310246,130.6521999999999
2.0,28.614871794871796,77.33128205128205,16.030940419738016,67.66871684116626,2.7437053382787924,227.1553594065449,3.0,11.50711301000047,45.13066341142777,51.59777031785529,16.941888821071412,1.4808460491102868,238.39435560354946,130.6521999999999,Very Poor,8.710146666666661,11.983399983310246,130.6521999999999
2.0,28.614871794871796,77.34102564102564,16.030940419738016,67.66871684116626,2.7437053382787924,227.1553594065449,3.0,11.50711301000047,45.13066341142777,51.59777031785529,16.941888821071412,1.4808460491102868,238.39435560354946,130.6521999999999,Very Poor,8.710146666666661,11.983399983310246,130.6521999999999
2.0,28.614871794871796,77.35076923076923,16.030940419738016,67.66871684116626,2.7437053382787924,227.1553594065449,3.0,11.50711301000047,45.13066341142777,51.59777031785529,16.941888821071412,1.4808460491102868,238.39435560354946,130.6521999999999,Very Poor,8.710146666666661,11.983399983310246,130.6521999999999
2.0,28.614871794871796,77.36051282051281,16.030940419738016,67.66871684116626,2.7437053382787924,227.1553594065449,3.0,11.50711301000047,45.13066341142777,51.59777031785529,16.941888821071412,1.4808460491102868,238.39435560354946,130.6521999999999,Very Poor,8.710146666666661,11.983399983310246,130.6521999999999
2.0,28.614871794871796,77.3702564102564,16.030940419738016,67.66871684116626,2.7437053382787924,227.1553594065449,3.0,11.50711301000047,45.13066341142777,51.59777031785529,16.941888821071412,1.4808460491102868,238.39435560354946,130.6521999999999,Very Poor,8.710146666666661,11.983399983310246,130.6521999999999
2.0,28.614871794871796,77.38,16.030940419738016,67.66871684116626,2.7437053382787924,227.1553594065449,3.0,11.50711301000047,45.13066341142777,51.59777031785529,16.941888821071412,1.4808460491102868,238.39435560354946,130.6521999999999,Very Poor,8.710146666666661,11.983399983310246,130.6521999999999
2.0,28.62205128205128,77.0,16.030940419738016,67.66871684116626,2.7437053382787924,227.1553594065449,3.0,11.50711301000047,45.13066341142777,51.59777031785529,16.941888821071412,1.4808460491102868,238.39435560354946,128.13239999999993,Very Poor,8.542159999999996,10.881215935730715,128.13239999999993
2.0,28.62205128205128,77.0097435897436,16.030940419738016,67.66871684116626,2.7437053382787924,227.1553594065449,3.0,11.50711301000047,45.13066341142777,51.59777031785529,16.941888821071412,1.4808460491102868,238.39435560354946,128.13239999999993,Very Poor,8.542159999999996,10.881215935730715,128.13239999999993
2.0,28.62205128205128,77.01948717948719,16.030940419738016,67.66871684116626,2.7437053382787924,227.1553594065449,3.0,11.50711301000047,45.13066341142777,51.59777031785529,16.941888821071412,1.4808460491102868,238.39435560354946,128.13239999999993,Very Poor,8.542159999999996,10.881215935730715,128.13239999999993
2.0,28.62205128205128,77.02923076923076,16.030940419738016,67.66871684116626,2.7437053382787924,227.1553594065449,3.0,11.50711301000047,45.13066341142777,51.59777031785529,16.941888821071412,1.4808460491102868,238.39435560354946,128.13239999999993,Very Poor,8.542159999999996,10.881215935730715,128.13239999999993
2.0,28.62205128205128,77.03897435897436,16.030940419738016,67.66871684116626,2.7437053382787924,227.1553594065449,3.0,11.50711301000047,45.13066341142777,51.59777031785529,16.941888821071412,1.4808460491102868,238.39435560354946,128.13239999999993,Very Poor,8.542159999999996,10.881215935730715,128.13239999999993
2.0,28.62205128205128,77.04871794871795,16.030940419738016,67.66871684116626,2.7437053382787924,227.1553594065449,3.0,11.50711301000047,45.13066341142777,51.59777031785529,16.941888821071412,1.4808460491102868,238.39435560354946,128.13239999999993,Very Poor,8.542159999999996,10.881215935730715,128.13239999999993
2.0,28.62205128205128,77.05846153846154,16.030940419738016,67.66871684116626,2.7437053382787924,227.1553594065449,3.0,11.50711301000047,45.13066341142777,51.59777031785529,16.941888821071412,1.4808460491102868,238.39435560354946,130.40729999999996,Very Poor,8.693819999999997,12.858003644034326,130.40729999999996
2.0,28.62205128205128,77.06820512820512,16.030940419738016,67.66871684116626,2.7437053382787924,227.1553594065449,3.0,11.50711301000047,45.13066341142777,51.59777031785529,16.941888821071412,1.4808460491102868,238.39435560354946,130.40729999999996,Very Poor,8.693819999999997,12.858003644034326,130.40729999999996
2.0,28.62205128205128,77.07794871794871,16.030940419738016,67.66871684116626,2.7437053382787924,227.1553594065449,3.0,11.50711301000047,45.13066341142777,51.59777031785529,16.941888821071412,1.4808460491102868,238.39435560354946,130.40729999999996,Very Poor,8.693819999999997,12.858003644034326,130.40729999999996
2.0,28.62205128205128,77.08769230769231,16.030940419738016,67.66871684116626,2.7437053382787924,227.1553594065449,3.0,11.50711301000047,45.13066341142777,51.59777031785529,16.941888821071412,1.4808460491102868,238.39435560354946,130.40729999999996,Very Poor,8.693819999999997,12.858003644034326,130.40729999999996
2.0,28.62205128205128,77.0974358974359,16.030940419738016,67.66871684116626,2.7437053382787924,227.1553594065449,3.0,11.50711301000047,45.13066341142777,51.59777031785529,16.941888821071412,1.4808460491102868,238.39435560354946,130.40729999999996,Very Poor,8.693819999999997,12.858003644034326,130.40729999999996
2.0,28.62205128205128,77.10717948717948,16.030940419738016,67.66871684116626,2.7437053382787924,227.1553594065449,3.0,11.50711301000047,45.13066341142777,51.59777031785529,16.941888821071412,1.4808460491102868,238.39435560354946,130.52029999999996,Very Poor,8.701353333333332,12.855157677368254,130.52029999999996
2.0,28.62205128205128,77.11692307692307,16.030940419738016,67.66871684116626,2.7437053382787924,227.1553594065449,3.3234944397735644,11.50711301000047,45.13066341142777,51.59777031785529,16.941888821071412,1.4808460491102868,238.39435560354946,131.56489999999997,Very Poor,8.770993333333331,13.097325260907287,131.56489999999997
2.0,28.62205128205128,77.12666666666667,16.030940419738016,67.66871684116626,2.7437053382787924,227.1553594065449,4.098970994244917,11.50711301000047,45.13066341142777,51.59777031785529,16.941888821071412,1.4808460491102868,238.39435560354946,132.23419999999993,Very Poor,8.815613333333328,12.938096473593012,132.23419999999993
2.0,28.62205128205128,77.13641025641026,16.030940419738016,67.66871684116626,2.7437053382787924,227.1553594065449,4.873230970312621,11.50711301000047,45.13066341142777,51.59777031785529,16.941888821071412,1.4808460491102868,238.39435560354946,132.23419999999993,Very Poor,8.815613333333328,12.938096473593012,132.23419999999993
2.0,28.62205128205128,77.14615384615385,16.030940419738016,67.66871684116626,2.7437053382787924,227.1553594065449,5.645625352966161,11.50711301000047,45.13066341142777,51.59777031785529,16.941888821071412,1.4808460491102868,238.39435560354946,132.43609999999993,Very Poor,8.829073333333328,13.47874941491235,132.43609999999993
2.0,28.62205128205128,77.15589743589743,16.030940419738016,67.66871684116626,2.7437053382787924,227.1553594065449,6.414948120922231,11.50711301000047,45.13066341142777,51.59777031785529,16.941888821071412,1.4808460491102868,238.39435560354946,132.43609999999993,Very Poor,8.829073333333328,13.47874941491235,132.43609999999993
2.0,28.62205128205128,77.16564102564102,16.030940419738016,67.66871684116626,2.7437053382787924,227.1553594065449,7.178685428636545,11.50711301000047,45.13066341142777,51.59777031785529,16.941888821071412,1.4808460491102868,238.39435560354946,130.98299999999995,Very Poor,8.732199999999997,13.192234950909569,130.98299999999995
2.0,28.62205128205128,77.17538461538462,16.030940419738016,67.66871684116626,2.7437053382787924,227.1553594065449,7.930643730174278,11.50711301000047,45.13066341142777,51.59777031785529,16.941888821071412,1.4808460491102868,238.39435560354946,132.659,Very Poor,8.843933333333332,13.803419467653658,132.659
2.0,28.62205128205128,77.18512820512821,16.030940419738016,67.66871684116626,2.7437053382787924,227.1553594065449,8.65097985251634,11.50711301000047,45.13066341142777,51.59777031785529,16.941888821071412,1.4808460491102868,238.39435560354946,151.21749999999994,Very Poor,10.081166666666663,14.079498313150225,151.21749999999992
2.0,28.62205128205128,77.19487179487179,16.030940419738016,67.66871684116626,2.7437053382787924,227.1553594065449,9.243246492483765,11.50711301000047,45.13066341142777,51.59777031785529,16.941888821071412,1.4808460491102868,238.39435560354946,151.21749999999994,Very Poor,10.081166666666663,14.079498313150225,151.21749999999992
2.0,28.62205128205128,77.20461538461538,16.030940419738016,67.66871684116626,2.7437053382787924,227.1553594065449,9.26467904291578,11.50711301000047,45.13066341142777,51.59777031785529,16.941888821071412,1.4808460491102868,238.39435560354946,150.98149999999995,Very Poor,10.06543333333333,13.767669256268473,150.98149999999995
2.0,28.62205128205128,77.21435897435897,16.030940419738016,67.66871684116626,2.7437053382787924,227.1553594065449,8.687019240549608,11.50711301000047,45.13066341142777,51.59777031785529,16.941888821071412,1.4808460491102868,238.39435560354946,150.98149999999995,Very Poor,10.06543333333333,13.767669256268473,150.98149999999995
2.0,28.62205128205128,77.22410256410257,16.030940419738016,67.66871684116626,2.7437053382787924,227.1553594065449,7.969645211935326,11.50711301000047,45.13066341142777,51.59777031785529,16.941888821071412,1.4808460491102868,238.39435560354946,132.1291,Very Poor,8.808606666666666,13.675986845196945,132.12909999999997
2.0,28.62205128205128,77.23384615384614,16.030940419738016,67.66871684116626,2.7437053382787924,227.1553594065449,7.218640048085872,11.50711301000047,45.13066341142777,51.59777031785529,16.941888821071412,1.4808460491102868,238.39435560354946,130.30429999999996,Very Poor,8.68695333333333,13.195372314186516,130.30429999999996
2.0,28.62205128205128,77.24358974358974,16.030940419738016,67.66871684116626,2.7437053382787924,227.1553594065449,6.45531576515181,11.50711301000047,45.13066341142777,51.59777031785529,16.941888821071412,1.4808460491102868,238.39435560354946,130.6521999999999,Very Poor,8.710146666666661,11.983399983310246,130.6521999999999
2.0,28.62205128205128,77.25333333333333,16.030940419738016,67.66871684116626,2.7437053382787924,227.1553594065449,5.6862070061926495,11.50711301000047,45.13066341142777,51.59777031785529,16.941888821071412,1.4808460491102868,238.39435560354946,130.6521999999999,Very Poor,8.710146666666661,11.983399983310246,130.6521999999999
2.0,28.62205128205128,77.26307692307692,16.030940419738016,67.66871684116626,2.7437053382787924,227.1553594065449,4.913937260706272,11.50711301000047,45.13066341142777,51.59777031785529,16.941888821071412,1.4808460491102868,238.39435560354946,130.6521999999999,Very Poor,8.710146666666661,11.983399983310246,130.6521999999999
2.0,28.62205128205128,77.27282051282052,16.030940419738016,67.66871684116626,2.7437053382787924,227.1553594065449,4.139756070894899,11.50711301000047,45.13066341142777,51.59777031785529,16.941888821071412,1.4808460491102868,238.39435560354946,130.6521999999999,Very Poor,8.710146666666661,11.983399983310246,130.6521999999999
2.0,28.62205128205128,77.2825641025641,16.030940419738016,67.66871684116626,2.7437053382787924,227.1553594065449,3.3643324258105043,11.50711301000047,45.13066341142777,51.59777031785529,16.941888821071412,1.4808460491102868,238.39435560354946,130.6521999999999,Very Poor,8.710146666666661,11.983399983310246,130.6521999999999
2.0,28.62205128205128,77.29230769230769,16.030940419738016,67.66871684116626,2.7437053382787924,227.1553594065449,3.0,11.50711301000047,45.13066341142777,51.59777031785529,16.941888821071412,1.4808460491102868,238.39435560354946,130.6521999999999,Very Poor,8.710146666666661,11.983399983310246,130.6521999999999
2.0,28.62205128205128,77.30205128205128,16.030940419738016,67.66871684116626,2.7437053382787924,227.1553594065449,3.0,11.50711301000047,45.13066341142777,51.59777031785529,16.941888821071412,1.4808460491102868,238.39435560354946,130.6521999999999,Very Poor,8.710146666666661,11.983399983310246,130.6521999999999
2.0,28.62205128205128,77.31179487179487,16.030940419738016,67.66871684116626,2.7437053382787924,227.1553594065449,3.0,11.50711301000047,45.13066341142777,51.59777031785529,16.941888821071412,1.4808460491102868,238.39435560354946,130.6521999999999,Very Poor,8.710146666666661,11.983399983310246,130.6521999999999
2.0,28.62205128205128,77.32153846153845,16.030940419738016,67.66871684116626,2.7437053382787924,227.1553594065449,3.0,11.50711301000047,45.13066341142777,51.59777031785529,16.941888821071412,1.4808460491102868,238.39435560354946,130.6521999999999,Very Poor,8.710146666666661,11.983399983310246,130.6521999999999
2.0,28.62205128205128,77.33128205128205,16.030940419738016,67.66871684116626,2.7437053382787924,227.1553594065449,3.0,11.50711301000047,45.13066341142777,51.59777031785529,16.941888821071412,1.4808460491102868,238.39435560354946,130.6521999999999,Very Poor,8.710146666666661,11.983399983310246,130.6521999999999
2.0,28.62205128205128,77.34102564102564,16.030940419738016,67.66871684116626,2.7437053382787924,227.1553594065449,3.0,11.50711301000047,45.13066341142777,51.59777031785529,16.941888821071412,1.4808460491102868,238.39435560354946,130.6521999999999,Very Poor,8.710146666666661,11.983399983310246,130.6521999999999
2.0,28.62205128205128,77.35076923076923,16.030940419738016,67.66871684116626,2.7437053382787924,227.1553594065449,3.0,11.50711301000047,45.13066341142777,51.59777031785529,16.941888821071412,1.4808460491102868,238.39435560354946,130.6521999999999,Very Poor,8.710146666666661,11.983399983310246,130.6521999999999
2.0,28.62205128205128,77.36051282051281,16.030940419738016,67.66871684116626,2.7437053382787924,227.1553594065449,3.0,11.50711301000047,45.13066341142777,51.59777031785529,16.941888821071412,1.4808460491102868,238.39435560354946,130.6521999999999,Very Poor,8.710146666666661,11.983399983310246,130.6521999999999
2.0,28.62205128205128,77.3702564102564,16.030940419738016,67.66871684116626,2.7437053382787924,227.1553594065449,3.0,11.50711301000047,45.13066341142777,51.59777031785529,16.941888821071412,1.4808460491102868,238.39435560354946,130.6521999999999,Very Poor,8.710146666666661,11.983399983310246,130.6521999999999
2.0,28.62205128205128,77.38,16.030940419738016,67.66871684116626,2.7437053382787924,227.1553594065449,3.0,11.50711301000047,45.13066341142777,51.59777031785529,16.941888821071412,1.4808460491102868,238.39435560354946,130.6521999999999,Very Poor,8.710146666666661,11.983399983310246,130.6521999999999
2.0,28.62923076923077,77.0,16.030940419738016,67.66871684116626,2.7437053382787924,227.1553594065449,3.0,11.50711301000047,45.13066341142777,51.59777031785529,16.941888821071412,1.4808460491102868,238.39435560354946,128.13239999999993,Very Poor,8.542159999999996,10.881215935730715,128.13239999999993
2.0,28.62923076923077,77.0097435897436,16.030940419738016,67.66871684116626,2.7437053382787924,227.1553594065449,3.0,11.50711301000047,45.13066341142777,51.59777031785529,16.941888821071412,1.4808460491102868,238.39435560354946,128.13239999999993,Very Poor,8.542159999999996,10.881215935730715,128.13239999999993
2.0,28.62923076923077,77.01948717948719,16.030940419738016,67.66871684116626,2.7437053382787924,227.1553594065449,3.0,11.50711301000047,45.13066341142777,51.59777031785529,16.941888821071412,1.4808460491102868,238.39435560354946,128.13239999999993,Very Poor,8.542159999999996,10.881215935730715,128.13239999999993
2.0,28.62923076923077,77.02923076923076,16.030940419738016,67.66871684116626,2.7437053382787924,227.1553594065449,3.0,11.50711301000047,45.13066341142777,51.59777031785529,16.941888821071412,1.4808460491102868,238.39435560354946,128.13239999999993,Very Poor,8.542159999999996,10.881215935730715,128.13239999999993
2.0,28.62923076923077,77.03897435897436,16.030940419738016,67.66871684116626,2.7437053382787924,227.1553594065449,3.0,11.50711301000047,45.13066341142777,51.59777031785529,16.941888821071412,1.4808460491102868,238.39435560354946,128.13239999999993,Very Poor,8.542159999999996,10.881215935730715,128.13239999999993
2.0,28.62923076923077,77.04871794871795,16.030940419738016,67.66871684116626,2.7437053382787924,227.1553594065449,3.0,11.50711301000047,45.13066341142777,51.59777031785529,16.941888821071412,1.4808460491102868,238.39435560354946,128.13239999999993,Very Poor,8.542159999999996,10.881215935730715,128.13239999999993
2.0,28.62923076923077,77.05846153846154,16.030940419738016,67.66871684116626,2.7437053382787924,227.1553594065449,3.0,11.50711301000047,45.13066341142777,51.59777031785529,16.941888821071412,1.4808460491102868,238.39435560354946,130.40729999999996,Very Poor,8.693819999999997,12.858003644034326,130.40729999999996
2.0,28.62923076923077,77.06820512820512,16.030940419738016,67.66871684116626,2.7437053382787924,227.1553594065449,3.0,11.50711301000047,45.13066341142777,51.59777031785529,16.941888821071412,1.4808460491102868,238.39435560354946,130.40729999999996,Very Poor,8.693819999999997,12.858003644034326,130.40729999999996
2.0,28.62923076923077,77.07794871794871,16.030940419738016,67.66871684116626,2.7437053382787924,227.1553594065449,3.0,11.50711301000047,45.13066341142777,51.59777031785529,16.941888821071412,1.4808460491102868,238.39435560354946,130.40729999999996,Very Poor,8.693819999999997,12.858003644034326,130.40729999999996
2.0,28.62923076923077,77.08769230769231,16.030940419738016,67.66871684116626,2.7437053382787924,227.1553594065449,3.0,11.50711301000047,45.13066341142777,51.59777031785529,16.941888821071412,1.4808460491102868,238.39435560354946,130.40729999999996,Very Poor,8.693819999999997,12.858003644034326,130.40729999999996
2.0,28.62923076923077,77.0974358974359,16.030940419738016,67.66871684116626,2.7437053382787924,227.1553594065449,3.0,11.50711301000047,45.13066341142777,51.59777031785529,16.941888821071412,1.4808460491102868,238.39435560354946,130.40729999999996,Very Poor,8.693819999999997,12.858003644034326,130.40729999999996
2.0,28.62923076923077,77.10717948717948,16.030940419738016,67.66871684116626,2.7437053382787924,227.1553594065449,3.0,11.50711301000047,45.13066341142777,51.59777031785529,16.941888821071412,1.4808460491102868,238.39435560354946,130.52029999999996,Very Poor,8.701353333333332,12.855157677368254,130.52029999999996
2.0,28.62923076923077,77.11692307692307,16.030940419738016,67.66871684116626,2.7437053382787924,227.1553594065449,3.353561259666793,11.50711301000047,45.13066341142777,51.59777031785529,16.941888821071412,1.4808460491102868,238.39435560354946,131.56489999999997,Very Poor,8.770993333333331,13.097325260907287,131.56489999999997
2.0,28.62923076923077,77.12666666666667,16.030940419738016,67.66871684116626,2.7437053382787924,227.1553594065449,4.133010588041736,11.50711301000047,45.13066341142777,51.59777031785529,16.941888821071412,1.4808460491102868,238.39435560354946,132.23419999999993,Very Poor,8.815613333333328,12.938096473593012,132.23419999999993
2.0,28.62923076923077,77.13641025641026,16.030940419738016,67.66871684116626,2.7437053382787924,227.1553594065449,4.9124483179991945,11.50711301000047,45.13066341142777,51.59777031785529,16.941888821071412,1.4808460491102868,238.39435560354946,132.23419999999993,Very Poor,8.815613333333328,12.938096473593012,132.23419999999993
2.0,28.62923076923077,77.14615384615385,16.030940419738016,67.66871684116626,2.7437053382787924,227.1553594065449,5.691868154292556,11.50711301000047,45.13066341142777,51.59777031785529,16.941888821071412,1.4808460491102868,238.39435560354946,132.43609999999993,Very Poor,8.829073333333328,13.47874941491235,132.43609999999993
2.0,28.62923076923077,77.15589743589743,16.030940419738016,67.66871684116626,2.7437053382787924,227.1553594065449,6.471258239974679,11.50711301000047,45.13066341142777,51.59777031785529,16.941888821071412,1.4808460491102868,238.39435560354946,132.43609999999993,Very Poor,8.829073333333328,13.47874941491235,132.43609999999993
2.0,28.62923076923077,77.16564102564102,16.030940419738016,67.66871684116626,2.7437053382787924,227.1553594065449,7.250593274203448,11.50711301000047,45.13066341142777,51.59777031785529,16.941888821071412,1.4808460491102868,238.39435560354946,130.98299999999995,Very Poor,8.732199999999997,13.192234950909569,130.98299999999995
2.0,28.62923076923077,77.17538461538462,16.030940419738016,67.66871684116626,2.7437053382787924,227.1553594065449,8.029807926943523,11.50711301000047,45.13066341142777,51.59777031785529,16.941888821071412,1.4808460491102868,238.39435560354946,132.659,Very Poor,8.843933333333332,13.803419467653658,132.659
2.0,28.62923076923077,77.18512820512821,16.030940419738016,67.66871684116626,2.7437053382787924,227.1553594065449,8.808665961375906,11.50711301000047,45.13066341142777,51.59777031785529,16.941888821071412,1.4808460491102868,238.39435560354946,151.21749999999994,Very Poor,10.081166666666663,14.079498313150225,151.21749999999992
2.0,28.62923076923077,77.19487179487179,16.030940419738016,67.66871684116626,2.7437053382787924,227.1553594065449,9.585153878642112,11.50711301000047,45.13066341142777,51.59777031785529,16.941888821071412,1.4808460491102868,238.39435560354946,150.91999999999996,Very Poor,10.06133333333333,13.910302009661764,150.91999999999996
2.0,28.62923076923077,77.20461538461538,16.030940419738016,67.66871684116626,2.7437053382787924,227.1553594065449,9.625676151982255,11.50711301000047,45.13066341142777,51.59777031785529,16.941888821071412,1.4808460491102868,238.39435560354946,150.68399999999997,Very Poor,10.045599999999999,13.58942699307075,150.68399999999994
2.0,28.62923076923077,77.21435897435897,16.030940419738016,67.66871684116626,2.7437053382787924,227.1553594065449,8.849634880590303,11.50711301000047,45.13066341142777,51.59777031785529,16.941888821071412,1.4808460491102868,238.39435560354946,150.98149999999995,Very Poor,10.06543333333333,13.767669256268473,150.98149999999995
2.0,28.62923076923077,77.22410256410257,16.030940419738016,67.66871684116626,2.7437053382787924,227.1553594065449,8.070813124996775,11.50711301000047,45.13066341142777,51.59777031785529,16.941888821071412,1.4808460491102868,238.39435560354946,132.1291,Very Poor,8.808606666666666,13.675986845196945,132.12909999999997
2.0,28.62923076923077,77.23384615384614,16.030940419738016,67.66871684116626,2.7437053382787924,227.1553594065449,7.291608481888314,11.50711301000047,45.13066341142777,51.59777031785529,16.941888821071412,1.4808460491102868,238.39435560354946,130.30429999999996,Very Poor,8.68695333333333,13.195372314186516,130.30429999999996
2.0,28.62923076923077,77.24358974358974,16.030940419738016,67.66871684116626,2.7437053382787924,227.1553594065449,6.512277568663347,11.50711301000047,45.13066341142777,51.59777031785529,16.941888821071412,1.4808460491102868,238.39435560354946,130.14589999999995,Very Poor,8.67639333333333,12.848292734445304,130.14589999999995
2.0,28.62923076923077,77.25333333333333,16.030940419738016,67.66871684116626,2.7437053382787924,227.1553594065449,5.732889569428869,11.50711301000047,45.13066341142777,51.59777031785529,16.941888821071412,1.4808460491102868,238.39435560354946,130.6521999999999,Very Poor,8.710146666666661,11.983399983310246,130.6521999999999
2.0,28.62923076923077,77.26307692307692,16.030940419738016,67.66871684116626,2.7437053382787924,227.1553594065449,4.953470933275072,11.50711301000047,45.13066341142777,51.59777031785529,16.941888821071412,1.4808460491102868,238.39435560354946,130.6521999999999,Very Poor,8.710146666666661,11.983399983310246,130.6521999999999
2.0,28.62923076923077,77.27282051282052,16.030940419738016,67.66871684116626,2.7437053382787924,227.1553594065449,4.17403395633988,11.50711301000047,45.13066341142777,51.59777031785529,16.941888821071412,1.4808460491102868,238.39435560354946,130.6521999999999,Very Poor,8.710146666666661,11.983399983310246,130.6521999999999
2.0,28.62923076923077,77.2825641025641,16.030940419738016,67.66871684116626,2.7437053382787924,227.1553594065449,3.3945851312413797,11.50711301000047,45.13066341142777,51.59777031785529,16.941888821071412,1.4808460491102868,238.39435560354946,130.6521999999999,Very Poor,8.710146666666661,11.983399983310246,130.6521999999999
2.0,28.62923076923077,77.29230769230769,16.030940419738016,67.66871684116626,2.7437053382787924,227.1553594065449,3.0,11.50711301000047,45.13066341142777,51.59777031785529,16.941888821071412,1.4808460491102868,238.39435560354946,130.6521999999999,Very Poor,8.710146666666661,11.983399983310246,130.6521999999999
2.0,28.62923076923077,77.30205128205128,16.030940419738016,67.66871684116626,2.7437053382787924,227.1553594065449,3.0,11.50711301000047,45.13066341142777,51.59777031785529,16.941888821071412,1.4808460491102868,238.39435560354946,130.6521999999999,Very Poor,8.710146666666661,11.983399983310246,130.6521999999999
2.0,28.62923076923077,77.31179487179487,16.030940419738016,67.66871684116626,2.7437053382787924,227.1553594065449,3.0,11.50711301000047,45.13066341142777,51.59777031785529,16.941888821071412,1.4808460491102868,238.39435560354946,130.6521999999999,Very Poor,8.710146666666661,11.983399983310246,130.6521999999999
2.0,28.62923076923077,77.32153846153845,16.030940419738016,67.66871684116626,2.7437053382787924,227.1553594065449,3.0,11.50711301000047,45.13066341142777,51.59777031785529,16.941888821071412,1.4808460491102868,238.39435560354946,130.6521999999999,Very Poor,8.710146666666661,11.983399983310246,130.6521999999999
2.0,28.62923076923077,77.33128205128205,16.030940419738016,67.66871684116626,2.7437053382787924,227.1553594065449,3.0,11.50711301000047,45.13066341142777,51.59777031785529,16.941888821071412,1.4808460491102868,238.39435560354946,130.6521999999999,Very Poor,8.710146666666661,11.983399983310246,130.6521999999999
2.0,28.62923076923077,77.34102564102564,16.030940419738016,67.66871684116626,2.7437053382787924,227.1553594065449,3.0,11.50711301000047,45.13066341142777,51.59777031785529,16.941888821071412,1.4808460491102868,238.39435560354946,130.6521999999999,Very Poor,8.710146666666661,11.983399983310246,130.6521999999999
2.0,28.62923076923077,77.35076923076923,16.030940419738016,67.66871684116626,2.7437053382787924,227.1553594065449,3.0,11.50711301000047,45.13066341142777,51.59777031785529,16.941888821071412,1.4808460491102868,238.39435560354946,130.6521999999999,Very Poor,8.710146666666661,11.983399983310246,130.6521999999999
2.0,28.62923076923077,77.36051282051281,16.030940419738016,67.66871684116626,2.7437053382787924,227.1553594065449,3.0,11.50711301000047,45.13066341142777,51.59777031785529,16.941888821071412,1.4808460491102868,238.39435560354946,130.6521999999999,Very Poor,8.710146666666661,11.983399983310246,130.6521999999999
2.0,28.62923076923077,77.3702564102564,16.030940419738016,67.66871684116626,2.7437053382787924,227.1553594065449,3.0,11.50711301000047,45.13066341142777,51.59777031785529,16.941888821071412,1.4808460491102868,238.39435560354946,130.6521999999999,Very Poor,8.710146666666661,11.983399983310246,130.6521999999999
2.0,28.62923076923077,77.38,16.030940419738016,67.66871684116626,2.7437053382787924,227.1553594065449,3.0,11.50711301000047,45.13066341142777,51.59777031785529,16.941888821071412,1.4808460491102868,238.39435560354946,130.6521999999999,Very Poor,8.710146666666661,11.983399983310246,130.6521999999999
2.0,28.636410256410258,77.0,16.030940419738016,67.66871684116626,2.7437053382787924,227.1553594065449,3.0,11.50711301000047,45.13066341142777,51.59777031785529,16.941888821071412,1.4808460491102868,238.39435560354946,128.13239999999993,Very Poor,8.542159999999996,10.881215935730715,128.13239999999993
2.0,28.636410256410258,77.0097435897436,16.030940419738016,67.66871684116626,2.7437053382787924,227.1553594065449,3.0,11.50711301000047,45.13066341142777,51.59777031785529,16.941888821071412,1.4808460491102868,238.39435560354946,128.13239999999993,Very Poor,8.542159999999996,10.881215935730715,128.13239999999993
2.0,28.636410256410258,77.01948717948719,16.030940419738016,67.66871684116626,2.7437053382787924,227.1553594065449,3.0,11.50711301000047,45.13066341142777,51.59777031785529,16.941888821071412,1.4808460491102868,238.39435560354946,128.13239999999993,Very Poor,8.542159999999996,10.881215935730715,128.13239999999993
2.0,28.636410256410258,77.02923076923076,16.030940419738016,67.66871684116626,2.7437053382787924,227.1553594065449,3.0,11.50711301000047,45.13066341142777,51.59777031785529,16.941888821071412,1.4808460491102868,238.39435560354946,128.13239999999993,Very Poor,8.542159999999996,10.881215935730715,128.13239999999993
2.0,28.636410256410258,77.03897435897436,16.030940419738016,67.66871684116626,2.7437053382787924,227.1553594065449,3.0,11.50711301000047,45.13066341142777,51.59777031785529,16.941888821071412,1.4808460491102868,238.39435560354946,128.13239999999993,Very Poor,8.542159999999996,10.881215935730715,128.13239999999993
2.0,28.636410256410258,77.04871794871795,16.030940419738016,67.66871684116626,2.7437053382787924,227.1553594065449,3.0,11.50711301000047,45.13066341142777,51.59777031785529,16.941888821071412,1.4808460491102868,238.39435560354946,128.13239999999993,Very Poor,8.542159999999996,10.881215935730715,128.13239999999993
2.0,28.636410256410258,77.05846153846154,16.030940419738016,67.66871684116626,2.7437053382787924,227.1553594065449,3.0,11.50711301000047,45.13066341142777,51.59777031785529,16.941888821071412,1.4808460491102868,238.39435560354946,130.40729999999996,Very Poor,8.693819999999997,12.858003644034326,130.40729999999996
2.0,28.636410256410258,77.06820512820512,16.030940419738016,67.66871684116626,2.7437053382787924,227.1553594065449,3.0,11.50711301000047,45.13066341142777,51.59777031785529,16.941888821071412,1.4808460491102868,238.39435560354946,130.40729999999996,Very Poor,8.693819999999997,12.858003644034326,130.40729999999996
2.0,28.636410256410258,77.07794871794871,16.030940419738016,67.66871684116626,2.7437053382787924,227.1553594065449,3.0,11.50711301000047,45.13066341142777,51.59777031785529,16.941888821071412,1.4808460491102868,238.39435560354946,130.40729999999996,Very Poor,8.693819999999997,12.858003644034326,130.40729999999996
2.0,28.636410256410258,77.08769230769231,16.030940419738016,67.66871684116626,2.7437053382787924,227.1553594065449,3.0,11.50711301000047,45.13066341142777,51.59777031785529,16.941888821071412,1.4808460491102868,238.39435560354946,130.40729999999996,Very Poor,8.693819999999997,12.858003644034326,130.40729999999996
2.0,28.636410256410258,77.0974358974359,16.030940419738016,67.66871684116626,2.7437053382787924,227.1553594065449,3.0,11.50711301000047,45.13066341142777,51.59777031785529,16.941888821071412,1.4808460491102868,238.39435560354946,130.40729999999996,Very Poor,8.693819999999997,12.858003644034326,130.40729999999996
2.0,28.636410256410258,77.10717948717948,16.030940419738016,67.66871684116626,2.7437053382787924,227.1553594065449,3.0,11.50711301000047,45.13066341142777,51.59777031785529,16.941888821071412,1.4808460491102868,238.39435560354946,130.52029999999996,Very Poor,8.701353333333332,12.855157677368254,130.52029999999996
2.0,28.636410256410258,77.11692307692307,16.030940419738016,67.66871684116626,2.7437053382787924,227.1553594065449,3.334090772811013,11.50711301000047,45.13066341142777,51.59777031785529,16.941888821071412,1.4808460491102868,238.39435560354946,131.56489999999997,Very Poor,8.770993333333331,13.097325260907287,131.56489999999997
2.0,28.636410256410258,77.12666666666667,16.030940419738016,67.66871684116626,2.7437053382787924,227.1553594065449,4.110962501719692,11.50711301000047,45.13066341142777,51.59777031785529,16.941888821071412,1.4808460491102868,238.39435560354946,132.23419999999993,Very Poor,8.815613333333328,12.938096473593012,132.23419999999993
2.0,28.636410256410258,77.13641025641026,16.030940419738016,67.66871684116626,2.7437053382787924,227.1553594065449,4.8870380391449775,11.50711301000047,45.13066341142777,51.59777031785529,16.941888821071412,1.4808460491102868,238.39435560354946,132.23419999999993,Very Poor,8.815613333333328,12.938096473593012,132.23419999999993
2.0,28.636410256410258,77.14615384615385,16.030940419738016,67.66871684116626,2.7437053382787924,227.1553594065449,5.661890054860316,11.50711301000047,45.13066341142777,51.59777031785529,16.941888821071412,1.4808460491102868,238.39435560354946,132.43609999999993,Very Poor,8.829073333333328,13.47874941491235,132.43609999999993
2.0,28.636410256410258,77.15589743589743,16.030940419738016,67.66871684116626,2.7437053382787924,227.1553594065449,6.434720725515629,11.50711301000047,45.13066341142777,51.59777031785529,16.941888821071412,1.4808460491102868,238.39435560354946,132.43609999999993,Very Poor,8.829073333333328,13.47874941491235,132.43609999999993
2.0,28.636410256410258,77.16564102564102,16.030940419738016,67.66871684116626,2.7437053382787924,227.1553594065449,7.203853501696215,11.50711301000047,45.13066341142777,51.59777031785529,16.941888821071412,1.4808460491102868,238.39435560354946,130.98299999999995,Very Poor,8.732199999999997,13.192234950909569,130.98299999999995
2.0,28.636410256410258,77.17538461538462,16.030940419738016,67.66871684116626,2.7437053382787924,227.1553594065449,7.9650909846246725,11.50711301000047,45.13066341142777,51.59777031785529,16.941888821071412,1.4808460491102868,238.39435560354946,132.659,Very Poor,8.843933333333332,13.803419467653658,132.659
2.0,28.636410256410258,77.18512820512821,16.030940419738016,67.66871684116626,2.7437053382787924,227.1553594065449,8.704440395927074,11.50711301000047,45.13066341142777,51.59777031785529,16.941888821071412,1.4808460491102868,238.39435560354946,151.21749999999994,Very Poor,10.081166666666663,14.079498313150225,151.21749999999992
2.0,28.636410256410258,77.19487179487179,16.030940419738016,67.66871684116626,2.7437053382787924,227.1553594065449,9.343269308980549,11.50711301000047,45.13066341142777,51.59777031785529,16.941888821071412,1.4808460491102868,238.39435560354946,151.21749999999994,Very Poor,10.081166666666663,14.079498313150225,151.21749999999992
2.0,28.636410256410258,77.20461538461538,16.030940419738016,67.66871684116626,2.7437053382787924,227.1553594065449,9.368085259456615,11.50711301000047,45.13066341142777,51.59777031785529,16.941888821071412,1.4808460491102868,238.39435560354946,150.98149999999995,Very Poor,10.06543333333333,13.767669256268473,150.98149999999995
2.0,28.636410256410258,77.21435897435897,16.030940419738016,67.66871684116626,2.7437053382787924,227.1553594065449,8.74201041177771,11.50711301000047,45.13066341142777,51.59777031785529,16.941888821071412,1.4808460491102868,238.39435560354946,150.98149999999995,Very Poor,10.06543333333333,13.767669256268473,150.98149999999995
2.0,28.636410256410258,77.22410256410257,16.030940419738016,67.66871684116626,2.7437053382787924,227.1553594065449,8.00476570428285,11.50711301000047,45.13066341142777,51.59777031785529,16.941888821071412,1.4808460491102868,238.39435560354946,132.1291,Very Poor,8.808606666666666,13.675986845196945,132.12909999999997
2.0,28.636410256410258,77.23384615384614,16.030940419738016,67.66871684116626,2.7437053382787924,227.1553594065449,7.244172989554584,11.50711301000047,45.13066341142777,51.59777031785529,16.941888821071412,1.4808460491102868,238.39435560354946,130.30429999999996,Very Poor,8.68695333333333,13.195372314186516,130.30429999999996
2.0,28.636410256410258,77.24358974358974,16.030940419738016,67.66871684116626,2.7437053382787924,227.1553594065449,6.4753148148848725,11.50711301000047,45.13066341142777,51.59777031785529,16.941888821071412,1.4808460491102868,238.39435560354946,130.6521999999999,Very Poor,8.710146666666661,11.983399983310246,130.6521999999999
2.0,28.636410256410258,77.25333333333333,16.030940419738016,67.66871684116626,2.7437053382787924,227.1553594065449,5.702625298765519,11.50711301000047,45.13066341142777,51.59777031785529,16.941888821071412,1.4808460491102868,238.39435560354946,130.6521999999999,Very Poor,8.710146666666661,11.983399983310246,130.6521999999999
2.0,28.636410256410258,77.26307692307692,16.030940419738016,67.66871684116626,2.7437053382787924,227.1553594065449,4.927855136392418,11.50711301000047,45.13066341142777,51.59777031785529,16.941888821071412,1.4808460491102868,238.39435560354946,130.6521999999999,Very Poor,8.710146666666661,11.983399983310246,130.6521999999999
2.0,28.636410256410258,77.27282051282052,16.030940419738016,67.66871684116626,2.7437053382787924,227.1553594065449,4.151831206437185,11.50711301000047,45.13066341142777,51.59777031785529,16.941888821071412,1.4808460491102868,238.39435560354946,130.6521999999999,Very Poor,8.710146666666661,11.983399983310246,130.6521999999999
2.0,28.636410256410258,77.2825641025641,16.030940419738016,67.66871684116626,2.7437053382787924,227.1553594065449,3.37499407664124,11.50711301000047,45.13066341142777,51.59777031785529,16.941888821071412,1.4808460491102868,238.39435560354946,130.6521999999999,Very Poor,8.710146666666661,11.983399983310246,130.6521999999999
2.0,28.636410256410258,77.29230769230769,16.030940419738016,67.66871684116626,2.7437053382787924,227.1553594065449,3.0,11.50711301000047,45.13066341142777,51.59777031785529,16.941888821071412,1.4808460491102868,238.39435560354946,130.6521999999999,Very Poor,8.710146666666661,11.983399983310246,130.6521999999999
2.0,28.636410256410258,77.30205128205128,16.030940419738016,67.66871684116626,2.7437053382787924,227.1553594065449,3.0,11.50711301000047,45.13066341142777,51.59777031785529,16.941888821071412,1.4808460491102868,238.39435560354946,130.6521999999999,Very Poor,8.710146666666661,11.983399983310246,130.6521999999999
2.0,28.636410256410258,77.31179487179487,16.030940419738016,67.66871684116626,2.7437053382787924,227.1553594065449,3.0,11.50711301000047,45.13066341142777,51.59777031785529,16.941888821071412,1.4808460491102868,238.39435560354946,130.6521999999999,Very Poor,8.710146666666661,11.983399983310246,130.6521999999999
2.0,28.636410256410258,77.32153846153845,16.030940419738016,67.66871684116626,2.7437053382787924,227.1553594065449,3.0,11.50711301000047,45.13066341142777,51.59777031785529,16.941888821071412,1.4808460491102868,238.39435560354946,130.6521999999999,Very Poor,8.710146666666661,11.983399983310246,130.6521999999999
2.0,28.636410256410258,77.33128205128205,16.030940419738016,67.66871684116626,2.7437053382787924,227.1553594065449,3.0,11.50711301000047,45.13066341142777,51.59777031785529,16.941888821071412,1.4808460491102868,238.39435560354946,130.6521999999999,Very Poor,8.710146666666661,11.983399983310246,130.6521999999999
2.0,28.636410256410258,77.34102564102564,16.030940419738016,67.66871684116626,2.7437053382787924,227.1553594065449,3.0,11.50711301000047,45.13066341142777,51.59777031785529,16.941888821071412,1.4808460491102868,238.39435560354946,130.6521999999999,Very Poor,8.710146666666661,11.983399983310246,130.6521999999999
2.0,28.636410256410258,77.35076923076923,16.030940419738016,67.66871684116626,2.7437053382787924,227.1553594065449,3.0,11.50711301000047,45.13066341142777,51.59777031785529,16.941888821071412,1.4808460491102868,238.39435560354946,130.6521999999999,Very Poor,8.710146666666661,11.983399983310246,130.6521999999999
2.0,28.636410256410258,77.36051282051281,16.030940419738016,67.66871684116626,2.7437053382787924,227.1553594065449,3.0,11.50711301000047,45.13066341142777,51.59777031785529,16.941888821071412,1.4808460491102868,238.39435560354946,130.6521999999999,Very Poor,8.710146666666661,11.983399983310246,130.6521999999999
2.0,28.636410256410258,77.3702564102564,16.030940419738016,67.66871684116626,2.7437053382787924,227.1553594065449,3.0,11.50711301000047,45.13066341142777,51.59777031785529,16.941888821071412,1.4808460491102868,238.39435560354946,130.6521999999999,Very Poor,8.710146666666661,11.983399983310246,130.6521999999999
2.0,28.636410256410258,77.38,16.030940419738016,67.66871684116626,2.7437053382787924,227.1553594065449,3.0,11.50711301000047,45.13066341142777,51.59777031785529,16.941888821071412,1.4808460491102868,238.39435560354946,130.6521999999999,Very Poor,8.710146666666661,11.983399983310246,130.6521999999999
2.0,28.643589743589743,77.0,16.030940419738016,67.66871684116626,2.7437053382787924,227.1553594065449,3.0,11.50711301000047,45.13066341142777,51.59777031785529,16.941888821071412,1.4808460491102868,238.39435560354946,140.77439999999996,Very Poor,9.384959999999998,16.096202677650403,140.77439999999996
2.0,28.643589743589743,77.0097435897436,16.030940419738016,67.66871684116626,2.7437053382787924,227.1553594065449,3.0,11.50711301000047,45.13066341142777,51.59777031785529,16.941888821071412,1.4808460491102868,238.39435560354946,140.77439999999996,Very Poor,9.384959999999998,16.096202677650403,140.77439999999996
2.0,28.643589743589743,77.01948717948719,16.030940419738016,67.66871684116626,2.7437053382787924,227.1553594065449,3.0,11.50711301000047,45.13066341142777,51.59777031785529,16.941888821071412,1.4808460491102868,238.39435560354946,140.77439999999996,Very Poor,9.384959999999998,16.096202677650403,140.77439999999996
2.0,28.643589743589743,77.02923076923076,16.030940419738016,67.66871684116626,2.7437053382787924,227.1553594065449,3.0,11.50711301000047,45.13066341142777,51.59777031785529,16.941888821071412,1.4808460491102868,238.39435560354946,140.77439999999996,Very Poor,9.384959999999998,16.096202677650403,140.77439999999996
2.0,28.643589743589743,77.03897435897436,16.030940419738016,67.66871684116626,2.7437053382787924,227.1553594065449,3.0,11.50711301000047,45.13066341142777,51.59777031785529,16.941888821071412,1.4808460491102868,238.39435560354946,140.77439999999996,Very Poor,9.384959999999998,16.096202677650403,140.77439999999996
2.0,28.643589743589743,77.04871794871795,16.030940419738016,67.66871684116626,2.7437053382787924,227.1553594065449,3.0,11.50711301000047,45.13066341142777,51.59777031785529,16.941888821071412,1.4808460491102868,238.39435560354946,140.77439999999996,Very Poor,9.384959999999998,16.096202677650403,140.77439999999996
2.0,28.643589743589743,77.05846153846154,16.030940419738016,67.66871684116626,2.7437053382787924,227.1553594065449,3.0,11.50711301000047,45.13066341142777,51.59777031785529,16.941888821071412,1.4808460491102868,238.39435560354946,143.2274,Very Poor,9.548493333333333,15.743923756167016,143.2274
2.0,28.643589743589743,77.06820512820512,16.030940419738016,67.66871684116626,2.7437053382787924,227.1553594065449,3.0,11.50711301000047,45.13066341142777,51.59777031785529,16.941888821071412,1.4808460491102868,238.39435560354946,143.2274,Very Poor,9.548493333333333,15.743923756167016,143.2274
2.0,28.643589743589743,77.07794871794871,16.030940419738016,67.66871684116626,2.7437053382787924,227.1553594065449,3.0,11.50711301000047,45.13066341142777,51.59777031785529,16.941888821071412,1.4808460491102868,238.39435560354946,143.2274,Very Poor,9.548493333333333,15.743923756167016,143.2274
2.0,28.643589743589743,77.08769230769231,16.030940419738016,67.66871684116626,2.7437053382787924,227.1553594065449,3.0,11.50711301000047,45.13066341142777,51.59777031785529,16.941888821071412,1.4808460491102868,238.39435560354946,143.2274,Very Poor,9.548493333333333,15.743923756167016,143.2274
2.0,28.643589743589743,77.0974358974359,16.030940419738016,67.66871684116626,2.7437053382787924,227.1553594065449,3.0,11.50711301000047,45.13066341142777,51.59777031785529,16.941888821071412,1.4808460491102868,238.39435560354946,143.2274,Very Poor,9.548493333333333,15.743923756167016,143.2274
2.0,28.643589743589743,77.10717948717948,16.030940419738016,67.66871684116626,2.7437053382787924,227.1553594065449,3.0,11.50711301000047,45.13066341142777,51.59777031785529,16.941888821071412,1.4808460491102868,238.39435560354946,144.97019999999998,Very Poor,9.664679999999999,15.599638712483056,144.97019999999998
2.0,28.643589743589743,77.11692307692307,16.030940419738016,67.66871684116626,2.7437053382787924,227.1553594065449,3.2655126264802092,11.50711301000047,45.13066341142777,51.59777031785529,16.941888821071412,1.4808460491102868,238.39435560354946,145.0531,Very Poor,9.670206666666667,15.54114350329473,145.0531
2.0,28.643589743589743,77.12666666666667,16.030940419738016,67.66871684116626,2.7437053382787924,227.1553594065449,4.03344848215271,11.50711301000047,45.13066341142777,51.59777031785529,16.941888821071412,1.4808460491102868,238.39435560354946,145.0531,Very Poor,9.670206666666667,15.54114350329473,145.0531
2.0,28.643589743589743,77.13641025641026,16.030940419738016,67.66871684116626,2.7437053382787924,227.1553594065449,4.797947100218543,11.50711301000047,45.13066341142777,51.59777031785529,16.941888821071412,1.4808460491102868,238.39435560354946,145.0531,Very Poor,9.670206666666667,15.54114350329473,145.0531
2.0,28.643589743589743,77.14615384615385,16.030940419738016,67.66871684116626,2.7437053382787924,227.1553594065449,5.5572337159046885,11.50711301000047,45.13066341142777,51.59777031785529,16.941888821071412,1.4808460491102868,238.39435560354946,146.1103,Very Poor,9.740686666666667,15.764702943918737,146.1103
2.0,28.643589743589743,77.15589743589743,16.030940419738016,67.66871684116626,2.7437053382787924,227.1553594065449,6.308091189636176,11.50711301000047,45.13066341142777,51.59777031785529,16.941888821071412,1.4808460491102868,238.39435560354946,146.1103,Very Poor,9.740686666666667,15.764702943918737,146.1103
2.0,28.643589743589743,77.16564102564102,16.030940419738016,67.66871684116626,2.7437053382787924,227.1553594065449,7.044089040760743,11.50711301000047,45.13066341142777,51.59777031785529,16.941888821071412,1.4808460491102868,238.39435560354946,147.43669999999997,Very Poor,9.829113333333332,16.32468058217373,147.43669999999997
2.0,28.643589743589743,77.17538461538462,16.030940419738016,67.66871684116626,2.7437053382787924,227.1553594065449,7.750593620567859,11.50711301000047,45.13066341142777,51.59777031785529,16.941888821071412,1.4808460491102868,238.39435560354946,147.1572,Very Poor,9.81048,16.486082134940368,147.1572
2.0,28.643589743589743,77.18512820512821,16.030940419738016,67.66871684116626,2.7437053382787924,227.1553594065449,8.388339661504379,11.50711301000047,45.13066341142777,51.59777031785529,16.941888821071412,1.4808460491102868,238.39435560354946,147.1572,Very Poor,9.81048,16.486082134940368,147.1572
2.0,28.643589743589743,77.19487179487179,16.030940419738016,67.66871684116626,2.7437053382787924,227.1553594065449,8.837989001987886,11.50711301000047,45.13066341142777,51.59777031785529,16.941888821071412,1.4808460491102868,238.39435560354946,166.52730000000003,Very Poor,11.101820000000002,16.253518010264724,166.52730000000003
2.0,28.643589743589743,77.20461538461538,16.030940419738016,67.66871684116626,2.7437053382787924,227.1553594065449,8.851831633300133,11.50711301000047,45.13066341142777,51.59777031785529,16.941888821071412,1.4808460491102868,238.39435560354946,166.29130000000004,Very Poor,11.086086666666668,16.20862478157848,166.29130000000004
2.0,28.643589743589743,77.21435897435897,16.030940419738016,67.66871684116626,2.7437053382787924,227.1553594065449,8.418383054260635,11.50711301000047,45.13066341142777,51.59777031785529,16.941888821071412,1.4808460491102868,238.39435560354946,146.64289999999997,Very Poor,9.776193333333332,16.684220227208705,146.64289999999997
2.0,28.643589743589743,77.22410256410257,16.030940419738016,67.66871684116626,2.7437053382787924,227.1553594065449,7.786420488489258,11.50711301000047,45.13066341142777,51.59777031785529,16.941888821071412,1.4808460491102868,238.39435560354946,146.64289999999997,Very Poor,9.776193333333332,16.684220227208705,146.64289999999997
2.0,28.643589743589743,77.23384615384614,16.030940419738016,67.66871684116626,2.7437053382787924,227.1553594065449,7.0821999947777865,11.50711301000047,45.13066341142777,51.59777031785529,16.941888821071412,1.4808460491102868,238.39435560354946,146.74569999999997,Very Poor,9.783046666666666,16.897665060889327,146.74569999999997
2.0,28.643589743589743,77.24358974358974,16.030940419738016,67.66871684116626,2.7437053382787924,227.1553594065449,6.347277725703159,11.50711301000047,45.13066341142777,51.59777031785529,16.941888821071412,1.4808460491102868,238.39435560354946,144.2942,Very Poor,9.619613333333332,15.92214389961352,144.2942
2.0,28.643589743589743,77.25333333333333,16.030940419738016,67.66871684116626,2.7437053382787924,227.1553594065449,5.5970006039309546,11.50711301000047,45.13066341142777,51.59777031785529,16.941888821071412,1.4808460491102868,238.39435560354946,144.2942,Very Poor,9.619613333333332,15.92214389961352,144.2942
2.0,28.643589743589743,77.26307692307692,16.030940419738016,67.66871684116626,2.7437053382787924,227.1553594065449,4.838059679113385,11.50711301000047,45.13066341142777,51.59777031785529,16.941888821071412,1.4808460491102868,238.39435560354946,144.2942,Very Poor,9.619613333333332,15.92214389961352,144.2942
2.0,28.643589743589743,77.27282051282052,16.030940419738016,67.66871684116626,2.7437053382787924,227.1553594065449,4.073782606335119,11.50711301000047,45.13066341142777,51.59777031785529,16.941888821071412,1.4808460491102868,238.39435560354946,144.2942,Very Poor,9.619613333333332,15.92214389961352,144.2942
2.0,28.643589743589743,77.2825641025641,16.030940419738016,67.66871684116626,2.7437053382787924,227.1553594065449,3.305996874551605,11.50711301000047,45.13066341142777,51.59777031785529,16.941888821071412,1.4808460491102868,238.39435560354946,144.2942,Very Poor,9.619613333333332,15.92214389961352,144.2942
2.0,28.643589743589743,77.29230769230769,16.030940419738016,67.66871684116626,2.7437053382787924,227.1553594065449,3.0,11.50711301000047,45.13066341142777,51.59777031785529,16.941888821071412,1.4808460491102868,238.39435560354946,144.2942,Very Poor,9.619613333333332,15.92214389961352,144.2942
2.0,28.643589743589743,77.30205128205128,16.030940419738016,67.66871684116626,2.7437053382787924,227.1553594065449,3.0,11.50711301000047,45.13066341142777,51.59777031785529,16.941888821071412,1.4808460491102868,238.39435560354946,144.2942,Very Poor,9.619613333333332,15.92214389961352,144.2942
2.0,28.643589743589743,77.31179487179487,16.030940419738016,67.66871684116626,2.7437053382787924,227.1553594065449,3.0,11.50711301000047,45.13066341142777,51.59777031785529,16.941888821071412,1.4808460491102868,238.39435560354946,144.2942,Very Poor,9.619613333333332,15.92214389961352,144.2942
2.0,28.643589743589743,77.32153846153845,16.030940419738016,67.66871684116626,2.7437053382787924,227.1553594065449,3.0,11.50711301000047,45.13066341142777,51.59777031785529,16.941888821071412,1.4808460491102868,238.39435560354946,144.2942,Very Poor,9.619613333333332,15.92214389961352,144.2942
2.0,28.643589743589743,77.33128205128205,16.030940419738016,67.66871684116626,2.7437053382787924,227.1553594065449,3.0,11.50711301000047,45.13066341142777,51.59777031785529,16.941888821071412,1.4808460491102868,238.39435560354946,144.2942,Very Poor,9.619613333333332,15.92214389961352,144.2942
2.0,28.643589743589743,77.34102564102564,16.030940419738016,67.66871684116626,2.7437053382787924,227.1553594065449,3.0,11.50711301000047,45.13066341142777,51.59777031785529,16.941888821071412,1.4808460491102868,238.39435560354946,144.2942,Very Poor,9.619613333333332,15.92214389961352,144.2942
2.0,28.643589743589743,77.35076923076923,16.030940419738016,67.66871684116626,2.7437053382787924,227.1553594065449,3.0,11.50711301000047,45.13066341142777,51.59777031785529,16.941888821071412,1.4808460491102868,238.39435560354946,144.2942,Very Poor,9.619613333333332,15.92214389961352,144.2942
2.0,28.643589743589743,77.36051282051281,16.030940419738016,67.66871684116626,2.7437053382787924,227.1553594065449,3.0,11.50711301000047,45.13066341142777,51.59777031785529,16.941888821071412,1.4808460491102868,238.39435560354946,144.2942,Very Poor,9.619613333333332,15.92214389961352,144.2942
2.0,28.643589743589743,77.3702564102564,16.030940419738016,67.66871684116626,2.7437053382787924,227.1553594065449,3.0,11.50711301000047,45.13066341142777,51.59777031785529,16.941888821071412,1.4808460491102868,238.39435560354946,144.2942,Very Poor,9.619613333333332,15.92214389961352,144.2942
2.0,28.643589743589743,77.38,16.030940419738016,67.66871684116626,2.7437053382787924,227.1553594065449,3.0,11.50711301000047,45.13066341142777,51.59777031785529,16.941888821071412,1.4808460491102868,238.39435560354946,144.2942,Very Poor,9.619613333333332,15.92214389961352,144.2942
2.0,28.65076923076923,77.0,16.030940419738016,67.66871684116626,2.7437053382787924,227.1553594065449,3.0,11.50711301000047,45.13066341142777,51.59777031785529,16.941888821071412,1.4808460491102868,238.39435560354946,140.77439999999996,Very Poor,9.384959999999998,16.096202677650403,140.77439999999996
2.0,28.65076923076923,77.0097435897436,16.030940419738016,67.66871684116626,2.7437053382787924,227.1553594065449,3.0,11.50711301000047,45.13066341142777,51.59777031785529,16.941888821071412,1.4808460491102868,238.39435560354946,140.77439999999996,Very Poor,9.384959999999998,16.096202677650403,140.77439999999996
2.0,28.65076923076923,77.01948717948719,16.030940419738016,67.66871684116626,2.7437053382787924,227.1553594065449,3.0,11.50711301000047,45.13066341142777,51.59777031785529,16.941888821071412,1.4808460491102868,238.39435560354946,140.77439999999996,Very Poor,9.384959999999998,16.096202677650403,140.77439999999996
2.0,28.65076923076923,77.02923076923076,16.030940419738016,67.66871684116626,2.7437053382787924,227.1553594065449,3.0,11.50711301000047,45.13066341142777,51.59777031785529,16.941888821071412,1.4808460491102868,238.39435560354946,140.77439999999996,Very Poor,9.384959999999998,16.096202677650403,140.77439999999996
2.0,28.65076923076923,77.03897435897436,16.030940419738016,67.66871684116626,2.7437053382787924,227.1553594065449,3.0,11.50711301000047,45.13066341142777,51.59777031785529,16.941888821071412,1.4808460491102868,238.39435560354946,140.77439999999996,Very Poor,9.384959999999998,16.096202677650403,140.77439999999996
2.0,28.65076923076923,77.04871794871795,16.030940419738016,67.66871684116626,2.7437053382787924,227.1553594065449,3.0,11.50711301000047,45.13066341142777,51.59777031785529,16.941888821071412,1.4808460491102868,238.39435560354946,140.77439999999996,Very Poor,9.384959999999998,16.096202677650403,140.77439999999996
2.0,28.65076923076923,77.05846153846154,16.030940419738016,67.66871684116626,2.7437053382787924,227.1553594065449,3.0,11.50711301000047,45.13066341142777,51.59777031785529,16.941888821071412,1.4808460491102868,238.39435560354946,143.2274,Very Poor,9.548493333333333,15.743923756167016,143.2274
2.0,28.65076923076923,77.06820512820512,16.030940419738016,67.66871684116626,2.7437053382787924,227.1553594065449,3.0,11.50711301000047,45.13066341142777,51.59777031785529,16.941888821071412,1.4808460491102868,238.39435560354946,143.2274,Very Poor,9.548493333333333,15.743923756167016,143.2274
2.0,28.65076923076923,77.07794871794871,16.030940419738016,67.66871684116626,2.7437053382787924,227.1553594065449,3.0,11.50711301000047,45.13066341142777,51.59777031785529,16.941888821071412,1.4808460491102868,238.39435560354946,143.2274,Very Poor,9.548493333333333,15.743923756167016,143.2274
2.0,28.65076923076923,77.08769230769231,16.030940419738016,67.66871684116626,2.7437053382787924,227.1553594065449,3.0,11.50711301000047,45.13066341142777,51.59777031785529,16.941888821071412,1.4808460491102868,238.39435560354946,143.2274,Very Poor,9.548493333333333,15.743923756167016,143.2274
2.0,28.65076923076923,77.0974358974359,16.030940419738016,67.66871684116626,2.7437053382787924,227.1553594065449,3.0,11.50711301000047,45.13066341142777,51.59777031785529,16.941888821071412,1.4808460491102868,238.39435560354946,143.2274,Very Poor,9.548493333333333,15.743923756167016,143.2274
2.0,28.65076923076923,77.10717948717948,16.030940419738016,67.66871684116626,2.7437053382787924,227.1553594065449,3.0,11.50711301000047,45.13066341142777,51.59777031785529,16.941888821071412,1.4808460491102868,238.39435560354946,144.97019999999998,Very Poor,9.664679999999999,15.599638712483056,144.97019999999998
2.0,28.65076923076923,77.11692307692307,16.030940419738016,67.66871684116626,2.7437053382787924,227.1553594065449,3.149301422050036,11.50711301000047,45.13066341142777,51.59777031785529,16.941888821071412,1.4808460491102868,238.39435560354946,145.0531,Very Poor,9.670206666666667,15.54114350329473,145.0531
2.0,28.65076923076923,77.12666666666667,16.030940419738016,67.66871684116626,2.7437053382787924,227.1553594065449,3.9025835112767657,11.50711301000047,45.13066341142777,51.59777031785529,16.941888821071412,1.4808460491102868,238.39435560354946,145.0531,Very Poor,9.670206666666667,15.54114350329473,145.0531
2.0,28.65076923076923,77.13641025641026,16.030940419738016,67.66871684116626,2.7437053382787924,227.1553594065449,4.648354907698678,11.50711301000047,45.13066341142777,51.59777031785529,16.941888821071412,1.4808460491102868,238.39435560354946,145.0531,Very Poor,9.670206666666667,15.54114350329473,145.0531
2.0,28.65076923076923,77.14615384615385,16.030940419738016,67.66871684116626,2.7437053382787924,227.1553594065449,5.382974650608661,11.50711301000047,45.13066341142777,51.59777031785529,16.941888821071412,1.4808460491102868,238.39435560354946,146.1103,Very Poor,9.740686666666667,15.764702943918737,146.1103
2.0,28.65076923076923,77.15589743589743,16.030940419738016,67.66871684116626,2.7437053382787924,227.1553594065449,6.100135709300876,11.50711301000047,45.13066341142777,51.59777031785529,16.941888821071412,1.4808460491102868,238.39435560354946,146.1103,Very Poor,9.740686666666667,15.764702943918737,146.1103
2.0,28.65076923076923,77.16564102564102,16.030940419738016,67.66871684116626,2.7437053382787924,227.1553594065449,6.78812197915629,11.50711301000047,45.13066341142777,51.59777031785529,16.941888821071412,1.4808460491102868,238.39435560354946,147.43669999999997,Very Poor,9.829113333333332,16.32468058217373,147.43669999999997
2.0,28.65076923076923,77.17538461538462,16.030940419738016,67.66871684116626,2.7437053382787924,227.1553594065449,7.42345582578948,11.50711301000047,45.13066341142777,51.59777031785529,16.941888821071412,1.4808460491102868,238.39435560354946,147.43669999999997,Very Poor,9.829113333333332,16.32468058217373,147.43669999999997
2.0,28.65076923076923,77.18512820512821,16.030940419738016,67.66871684116626,2.7437053382787924,227.1553594065449,7.956424733828484,11.50711301000047,45.13066341142777,51.59777031785529,16.941888821071412,1.4808460491102868,238.39435560354946,147.1572,Very Poor,9.81048,16.486082134940368,147.1572
2.0,28.65076923076923,77.19487179487179,16.030940419738016,67.66871684116626,2.7437053382787924,227.1553594065449,8.28856189672858,11.50711301000047,45.13066341142777,51.59777031785529,16.941888821071412,1.4808460491102868,238.39435560354946,146.71719999999996,Very Poor,9.781146666666665,16.613686350716996,146.71719999999996
2.0,28.65076923076923,77.20461538461538,16.030940419738016,67.66871684116626,2.7437053382787924,227.1553594065449,8.297930254038219,11.50711301000047,45.13066341142777,51.59777031785529,16.941888821071412,1.4808460491102868,238.39435560354946,146.64289999999997,Very Poor,9.776193333333332,16.684220227208705,146.64289999999997
2.0,28.65076923076923,77.21435897435897,16.030940419738016,67.66871684116626,2.7437053382787924,227.1553594065449,7.980033914918848,11.50711301000047,45.13066341142777,51.59777031785529,16.941888821071412,1.4808460491102868,238.39435560354946,146.64289999999997,Very Poor,9.776193333333332,16.684220227208705,146.64289999999997
2.0,28.65076923076923,77.22410256410257,16.030940419738016,67.66871684116626,2.7437053382787924,227.1553594065449,7.454673876374915,11.50711301000047,45.13066341142777,51.59777031785529,16.941888821071412,1.4808460491102868,238.39435560354946,146.88449999999997,Very Poor,9.7923,16.7215925303184,146.88449999999997
2.0,28.65076923076923,77.23384615384614,16.030940419738016,67.66871684116626,2.7437053382787924,227.1553594065449,6.823160738673908,11.50711301000047,45.13066341142777,51.59777031785529,16.941888821071412,1.4808460491102868,238.39435560354946,146.55329999999995,Very Poor,9.770219999999997,16.76655110957528,146.55329999999995
2.0,28.65076923076923,77.24358974358974,16.030940419738016,67.66871684116626,2.7437053382787924,227.1553594065449,6.137212038569494,11.50711301000047,45.13066341142777,51.59777031785529,16.941888821071412,1.4808460491102868,238.39435560354946,144.2942,Very Poor,9.619613333333332,15.92214389961352,144.2942
2.0,28.65076923076923,77.25333333333333,16.030940419738016,67.66871684116626,2.7437053382787924,227.1553594065449,5.42122783886198,11.50711301000047,45.13066341142777,51.59777031785529,16.941888821071412,1.4808460491102868,238.39435560354946,144.2942,Very Poor,9.619613333333332,15.92214389961352,144.2942
2.0,28.65076923076923,77.26307692307692,16.030940419738016,67.66871684116626,2.7437053382787924,227.1553594065449,4.687337889699443,11.50711301000047,45.13066341142777,51.59777031785529,16.941888821071412,1.4808460491102868,238.39435560354946,144.2942,Very Poor,9.619613333333332,15.92214389961352,144.2942
2.0,28.65076923076923,77.27282051282052,16.030940419738016,67.66871684116626,2.7437053382787924,227.1553594065449,3.9420462680205013,11.50711301000047,45.13066341142777,51.59777031785529,16.941888821071412,1.4808460491102868,238.39435560354946,144.2942,Very Poor,9.619613333333332,15.92214389961352,144.2942
2.0,28.65076923076923,77.2825641025641,16.030940419738016,67.66871684116626,2.7437053382787924,227.1553594065449,3.189094871800001,11.50711301000047,45.13066341142777,51.59777031785529,16.941888821071412,1.4808460491102868,238.39435560354946,144.2942,Very Poor,9.619613333333332,15.92214389961352,144.2942
2.0,28.65076923076923,77.29230769230769,16.030940419738016,67.66871684116626,2.7437053382787924,227.1553594065449,3.0,11.50711301000047,45.13066341142777,51.59777031785529,16.941888821071412,1.4808460491102868,238.39435560354946,144.2942,Very Poor,9.619613333333332,15.92214389961352,144.2942
2.0,28.65076923076923,77.30205128205128,16.030940419738016,67.66871684116626,2.7437053382787924,227.1553594065449,3.0,11.50711301000047,45.13066341142777,51.59777031785529,16.941888821071412,1.4808460491102868,238.39435560354946,144.2942,Very Poor,9.619613333333332,15.92214389961352,144.2942
2.0,28.65076923076923,77.31179487179487,16.030940419738016,67.66871684116626,2.7437053382787924,227.1553594065449,3.0,11.50711301000047,45.13066341142777,51.59777031785529,16.941888821071412,1.4808460491102868,238.39435560354946,144.2942,Very Poor,9.619613333333332,15.92214389961352,144.2942
2.0,28.65076923076923,77.32153846153845,16.030940419738016,67.66871684116626,2.7437053382787924,227.1553594065449,3.0,11.50711301000047,45.13066341142777,51.59777031785529,16.941888821071412,1.4808460491102868,238.39435560354946,144.2942,Very Poor,9.619613333333332,15.92214389961352,144.2942
2.0,28.65076923076923,77.33128205128205,16.030940419738016,67.66871684116626,2.7437053382787924,227.1553594065449,3.0,11.50711301000047,45.13066341142777,51.59777031785529,16.941888821071412,1.4808460491102868,238.39435560354946,144.2942,Very Poor,9.619613333333332,15.92214389961352,144.2942
2.0,28.65076923076923,77.34102564102564,16.030940419738016,67.66871684116626,2.7437053382787924,227.1553594065449,3.0,11.50711301000047,45.13066341142777,51.59777031785529,16.941888821071412,1.4808460491102868,238.39435560354946,144.2942,Very Poor,9.619613333333332,15.92214389961352,144.2942
2.0,28.65076923076923,77.35076923076923,16.030940419738016,67.66871684116626,2.7437053382787924,227.1553594065449,3.0,11.50711301000047,45.13066341142777,51.59777031785529,16.941888821071412,1.4808460491102868,238.39435560354946,144.2942,Very Poor,9.619613333333332,15.92214389961352,144.2942
2.0,28.65076923076923,77.36051282051281,16.030940419738016,67.66871684116626,2.7437053382787924,227.1553594065449,3.0,11.50711301000047,45.13066341142777,51.59777031785529,16.941888821071412,1.4808460491102868,238.39435560354946,144.2942,Very Poor,9.619613333333332,15.92214389961352,144.2942
2.0,28.65076923076923,77.3702564102564,16.030940419738016,67.66871684116626,2.7437053382787924,227.1553594065449,3.0,11.50711301000047,45.13066341142777,51.59777031785529,16.941888821071412,1.4808460491102868,238.39435560354946,144.2942,Very Poor,9.619613333333332,15.92214389961352,144.2942
2.0,28.65076923076923,77.38,16.030940419738016,67.66871684116626,2.7437053382787924,227.1553594065449,3.0,11.50711301000047,45.13066341142777,51.59777031785529,16.941888821071412,1.4808460491102868,238.39435560354946,144.2942,Very Poor,9.619613333333332,15.92214389961352,144.2942
2.0,28.65794871794872,77.0,16.030940419738016,67.66871684116626,2.7437053382787924,227.1553594065449,3.0,11.50711301000047,45.13066341142777,51.59777031785529,16.941888821071412,1.4808460491102868,238.39435560354946,140.77439999999996,Very Poor,9.384959999999998,16.096202677650403,140.77439999999996
2.0,28.65794871794872,77.0097435897436,16.030940419738016,67.66871684116626,2.7437053382787924,227.1553594065449,3.0,11.50711301000047,45.13066341142777,51.59777031785529,16.941888821071412,1.4808460491102868,238.39435560354946,140.77439999999996,Very Poor,9.384959999999998,16.096202677650403,140.77439999999996
2.0,28.65794871794872,77.01948717948719,16.030940419738016,67.66871684116626,2.7437053382787924,227.1553594065449,3.0,11.50711301000047,45.13066341142777,51.59777031785529,16.941888821071412,1.4808460491102868,238.39435560354946,140.77439999999996,Very Poor,9.384959999999998,16.096202677650403,140.77439999999996
2.0,28.65794871794872,77.02923076923076,16.030940419738016,67.66871684116626,2.7437053382787924,227.1553594065449,3.0,11.50711301000047,45.13066341142777,51.59777031785529,16.941888821071412,1.4808460491102868,238.39435560354946,140.77439999999996,Very Poor,9.384959999999998,16.096202677650403,140.77439999999996
2.0,28.65794871794872,77.03897435897436,16.030940419738016,67.66871684116626,2.7437053382787924,227.1553594065449,3.0,11.50711301000047,45.13066341142777,51.59777031785529,16.941888821071412,1.4808460491102868,238.39435560354946,140.77439999999996,Very Poor,9.384959999999998,16.096202677650403,140.77439999999996
2.0,28.65794871794872,77.04871794871795,16.030940419738016,67.66871684116626,2.7437053382787924,227.1553594065449,3.0,11.50711301000047,45.13066341142777,51.59777031785529,16.941888821071412,1.4808460491102868,238.39435560354946,140.77439999999996,Very Poor,9.384959999999998,16.096202677650403,140.77439999999996
2.0,28.65794871794872,77.05846153846154,16.030940419738016,67.66871684116626,2.7437053382787924,227.1553594065449,3.0,11.50711301000047,45.13066341142777,51.59777031785529,16.941888821071412,1.4808460491102868,238.39435560354946,143.2274,Very Poor,9.548493333333333,15.743923756167016,143.2274
2.0,28.65794871794872,77.06820512820512,16.030940419738016,67.66871684116626,2.7437053382787924,227.1553594065449,3.0,11.50711301000047,45.13066341142777,51.59777031785529,16.941888821071412,1.4808460491102868,238.39435560354946,143.2274,Very Poor,9.548493333333333,15.743923756167016,143.2274
2.0,28.65794871794872,77.07794871794871,16.030940419738016,67.66871684116626,2.7437053382787924,227.1553594065449,3.0,11.50711301000047,45.13066341142777,51.59777031785529,16.941888821071412,1.4808460491102868,238.39435560354946,143.2274,Very Poor,9.548493333333333,15.743923756167016,143.2274
2.0,28.65794871794872,77.08769230769231,16.030940419738016,67.66871684116626,2.7437053382787924,227.1553594065449,3.0,11.50711301000047,45.13066341142777,51.59777031785529,16.941888821071412,1.4808460491102868,238.39435560354946,143.2274,Very Poor,9.548493333333333,15.743923756167016,143.2274
2.0,28.65794871794872,77.0974358974359,16.030940419738016,67.66871684116626,2.7437053382787924,227.1553594065449,3.0,11.50711301000047,45.13066341142777,51.59777031785529,16.941888821071412,1.4808460491102868,238.39435560354946,143.2274,Very Poor,9.548493333333333,15.743923756167016,143.2274
2.0,28.65794871794872,77.10717948717948,16.030940419738016,67.66871684116626,2.7437053382787924,227.1553594065449,3.0,11.50711301000047,45.13066341142777,51.59777031785529,16.941888821071412,1.4808460491102868,238.39435560354946,144.97019999999998,Very Poor,9.664679999999999,15.599638712483056,144.97019999999998
2.0,28.65794871794872,77.11692307692307,16.030940419738016,67.66871684116626,2.7437053382787924,227.1553594065449,3.0,11.50711301000047,45.13066341142777,51.59777031785529,16.941888821071412,1.4808460491102868,238.39435560354946,145.0531,Very Poor,9.670206666666667,15.54114350329473,145.0531
2.0,28.65794871794872,77.12666666666667,16.030940419738016,67.66871684116626,2.7437053382787924,227.1553594065449,3.7217028485714563,11.50711301000047,45.13066341142777,51.59777031785529,16.941888821071412,1.4808460491102868,238.39435560354946,145.0531,Very Poor,9.670206666666667,15.54114350329473,145.0531
2.0,28.65794871794872,77.13641025641026,16.030940419738016,67.66871684116626,2.7437053382787924,227.1553594065449,4.443145451009661,11.50711301000047,45.13066341142777,51.59777031785529,16.941888821071412,1.4808460491102868,238.39435560354946,145.0531,Very Poor,9.670206666666667,15.54114350329473,145.0531
2.0,28.65794871794872,77.14615384615385,16.030940419738016,67.66871684116626,2.7437053382787924,227.1553594065449,5.1466042442838,11.50711301000047,45.13066341142777,51.59777031785529,16.941888821071412,1.4808460491102868,238.39435560354946,146.1103,Very Poor,9.740686666666667,15.764702943918737,146.1103
2.0,28.65794871794872,77.15589743589743,16.030940419738016,67.66871684116626,2.7437053382787924,227.1553594065449,5.822983269060083,11.50711301000047,45.13066341142777,51.59777031785529,16.941888821071412,1.4808460491102868,238.39435560354946,146.1103,Very Poor,9.740686666666667,15.764702943918737,146.1103
2.0,28.65794871794872,77.16564102564102,16.030940419738016,67.66871684116626,2.7437053382787924,227.1553594065449,6.45674052524223,11.50711301000047,45.13066341142777,51.59777031785529,16.941888821071412,1.4808460491102868,238.39435560354946,144.9767,Very Poor,9.665113333333332,15.394034497492855,144.9767
2.0,28.65794871794872,77.17538461538462,16.030940419738016,67.66871684116626,2.7437053382787924,227.1553594065449,7.020552540094057,11.50711301000047,45.13066341142777,51.59777031785529,16.941888821071412,1.4808460491102868,238.39435560354946,147.43669999999997,Very Poor,9.829113333333332,16.32468058217373,147.43669999999997
2.0,28.65794871794872,77.18512820512821,16.030940419738016,67.66871684116626,2.7437053382787924,227.1553594065449,7.46726883519198,11.50711301000047,45.13066341142777,51.59777031785529,16.941888821071412,1.4808460491102868,238.39435560354946,147.43669999999997,Very Poor,9.829113333333332,16.32468058217373,147.43669999999997
2.0,28.65794871794872,77.19487179487179,16.030940419738016,67.66871684116626,2.7437053382787924,227.1553594065449,7.726775931411275,11.50711301000047,45.13066341142777,51.59777031785529,16.941888821071412,1.4808460491102868,238.39435560354946,146.71719999999996,Very Poor,9.781146666666665,16.613686350716996,146.71719999999996
2.0,28.65794871794872,77.20461538461538,16.030940419738016,67.66871684116626,2.7437053382787924,227.1553594065449,7.733820681234557,11.50711301000047,45.13066341142777,51.59777031785529,16.941888821071412,1.4808460491102868,238.39435560354946,146.64289999999997,Very Poor,9.776193333333332,16.684220227208705,146.64289999999997
2.0,28.65794871794872,77.21435897435897,16.030940419738016,67.66871684116626,2.7437053382787924,227.1553594065449,7.486279595985289,11.50711301000047,45.13066341142777,51.59777031785529,16.941888821071412,1.4808460491102868,238.39435560354946,146.88449999999997,Very Poor,9.7923,16.7215925303184,146.88449999999997
2.0,28.65794871794872,77.22410256410257,16.030940419738016,67.66871684116626,2.7437053382787924,227.1553594065449,7.047507432644394,11.50711301000047,45.13066341142777,51.59777031785529,16.941888821071412,1.4808460491102868,238.39435560354946,146.88449999999997,Very Poor,9.7923,16.7215925303184,146.88449999999997
2.0,28.65794871794872,77.23384615384614,16.030940419738016,67.66871684116626,2.7437053382787924,227.1553594065449,6.488471133966757,11.50711301000047,45.13066341142777,51.59777031785529,16.941888821071412,1.4808460491102868,238.39435560354946,144.2942,Very Poor,9.619613333333332,15.92214389961352,144.2942
2.0,28.65794871794872,77.24358974358974,16.030940419738016,67.66871684116626,2.7437053382787924,227.1553594065449,5.8575782301105255,11.50711301000047,45.13066341142777,51.59777031785529,16.941888821071412,1.4808460491102868,238.39435560354946,144.2942,Very Poor,9.619613333333332,15.92214389961352,144.2942
2.0,28.65794871794872,77.25333333333333,16.030940419738016,67.66871684116626,2.7437053382787924,227.1553594065449,5.182979988800717,11.50711301000047,45.13066341142777,51.59777031785529,16.941888821071412,1.4808460491102868,238.39435560354946,144.2942,Very Poor,9.619613333333332,15.92214389961352,144.2942
2.0,28.65794871794872,77.26307692307692,16.030940419738016,67.66871684116626,2.7437053382787924,227.1553594065449,4.48067884763851,11.50711301000047,45.13066341142777,51.59777031785529,16.941888821071412,1.4808460491102868,238.39435560354946,144.2942,Very Poor,9.619613333333332,15.92214389961352,144.2942
2.0,28.65794871794872,77.27282051282052,16.030940419738016,67.66871684116626,2.7437053382787924,227.1553594065449,3.760021578283612,11.50711301000047,45.13066341142777,51.59777031785529,16.941888821071412,1.4808460491102868,238.39435560354946,144.2942,Very Poor,9.619613333333332,15.92214389961352,144.2942
2.0,28.65794871794872,77.2825641025641,16.030940419738016,67.66871684116626,2.7437053382787924,227.1553594065449,3.0266969125081875,11.50711301000047,45.13066341142777,51.59777031785529,16.941888821071412,1.4808460491102868,238.39435560354946,144.2942,Very Poor,9.619613333333332,15.92214389961352,144.2942
2.0,28.65794871794872,77.29230769230769,16.030940419738016,67.66871684116626,2.7437053382787924,227.1553594065449,3.0,11.50711301000047,45.13066341142777,51.59777031785529,16.941888821071412,1.4808460491102868,238.39435560354946,144.2942,Very Poor,9.619613333333332,15.92214389961352,144.2942
2.0,28.65794871794872,77.30205128205128,16.030940419738016,67.66871684116626,2.7437053382787924,227.1553594065449,3.0,11.50711301000047,45.13066341142777,51.59777031785529,16.941888821071412,1.4808460491102868,238.39435560354946,144.2942,Very Poor,9.619613333333332,15.92214389961352,144.2942
2.0,28.65794871794872,77.31179487179487,16.030940419738016,67.66871684116626,2.7437053382787924,227.1553594065449,3.0,11.50711301000047,45.13066341142777,51.59777031785529,16.941888821071412,1.4808460491102868,238.39435560354946,144.2942,Very Poor,9.619613333333332,15.92214389961352,144.2942
2.0,28.65794871794872,77.32153846153845,16.030940419738016,67.66871684116626,2.7437053382787924,227.1553594065449,3.0,11.50711301000047,45.13066341142777,51.59777031785529,16.941888821071412,1.4808460491102868,238.39435560354946,144.2942,Very Poor,9.619613333333332,15.92214389961352,144.2942
2.0,28.65794871794872,77.33128205128205,16.030940419738016,67.66871684116626,2.7437053382787924,227.1553594065449,3.0,11.50711301000047,45.13066341142777,51.59777031785529,16.941888821071412,1.4808460491102868,238.39435560354946,144.2942,Very Poor,9.619613333333332,15.92214389961352,144.2942
2.0,28.65794871794872,77.34102564102564,16.030940419738016,67.66871684116626,2.7437053382787924,227.1553594065449,3.0,11.50711301000047,45.13066341142777,51.59777031785529,16.941888821071412,1.4808460491102868,238.39435560354946,144.2942,Very Poor,9.619613333333332,15.92214389961352,144.2942
2.0,28.65794871794872,77.35076923076923,16.030940419738016,67.66871684116626,2.7437053382787924,227.1553594065449,3.0,11.50711301000047,45.13066341142777,51.59777031785529,16.941888821071412,1.4808460491102868,238.39435560354946,144.2942,Very Poor,9.619613333333332,15.92214389961352,144.2942
2.0,28.65794871794872,77.36051282051281,16.030940419738016,67.66871684116626,2.7437053382787924,227.1553594065449,3.0,11.50711301000047,45.13066341142777,51.59777031785529,16.941888821071412,1.4808460491102868,238.39435560354946,144.2942,Very Poor,9.619613333333332,15.92214389961352,144.2942
2.0,28.65794871794872,77.3702564102564,16.030940419738016,67.66871684116626,2.7437053382787924,227.1553594065449,3.0,11.50711301000047,45.13066341142777,51.59777031785529,16.941888821071412,1.4808460491102868,238.39435560354946,144.2942,Very Poor,9.619613333333332,15.92214389961352,144.2942
2.0,28.65794871794872,77.38,16.030940419738016,67.66871684116626,2.7437053382787924,227.1553594065449,3.0,11.50711301000047,45.13066341142777,51.59777031785529,16.941888821071412,1.4808460491102868,238.39435560354946,144.2942,Very Poor,9.619613333333332,15.92214389961352,144.2942
2.0,28.665128205128205,77.0,16.030940419738016,67.66871684116626,2.7437053382787924,227.1553594065449,3.0,11.50711301000047,45.13066341142777,51.59777031785529,16.941888821071412,1.4808460491102868,238.39435560354946,138.51119999999995,Very Poor,9.234079999999997,14.711644726542303,138.51119999999995
2.0,28.665128205128205,77.0097435897436,16.030940419738016,67.66871684116626,2.7437053382787924,227.1553594065449,3.0,11.50711301000047,45.13066341142777,51.59777031785529,16.941888821071412,1.4808460491102868,238.39435560354946,138.51119999999995,Very Poor,9.234079999999997,14.711644726542303,138.51119999999995
2.0,28.665128205128205,77.01948717948719,16.030940419738016,67.66871684116626,2.7437053382787924,227.1553594065449,3.0,11.50711301000047,45.13066341142777,51.59777031785529,16.941888821071412,1.4808460491102868,238.39435560354946,138.51119999999995,Very Poor,9.234079999999997,14.711644726542303,138.51119999999995
2.0,28.665128205128205,77.02923076923076,16.030940419738016,67.66871684116626,2.7437053382787924,227.1553594065449,3.0,11.50711301000047,45.13066341142777,51.59777031785529,16.941888821071412,1.4808460491102868,238.39435560354946,138.51119999999995,Very Poor,9.234079999999997,14.711644726542303,138.51119999999995
2.0,28.665128205128205,77.03897435897436,16.030940419738016,67.66871684116626,2.7437053382787924,227.1553594065449,3.0,11.50711301000047,45.13066341142777,51.59777031785529,16.941888821071412,1.4808460491102868,238.39435560354946,138.51119999999995,Very Poor,9.234079999999997,14.711644726542303,138.51119999999995
2.0,28.665128205128205,77.04871794871795,16.030940419738016,67.66871684116626,2.7437053382787924,227.1553594065449,3.0,11.50711301000047,45.13066341142777,51.59777031785529,16.941888821071412,1.4808460491102868,238.39435560354946,138.51119999999995,Very Poor,9.234079999999997,14.711644726542303,138.51119999999995
2.0,28.665128205128205,77.05846153846154,16.030940419738016,67.66871684116626,2.7437053382787924,227.1553594065449,3.0,11.50711301000047,45.13066341142777,51.59777031785529,16.941888821071412,1.4808460491102868,238.39435560354946,140.71319999999997,Very Poor,9.380879999999998,14.699544542604034,140.71319999999997
2.0,28.665128205128205,77.06820512820512,16.030940419738016,67.66871684116626,2.7437053382787924,227.1553594065449,3.0,11.50711301000047,45.13066341142777,51.59777031785529,16.941888821071412,1.4808460491102868,238.39435560354946,140.71319999999997,Very Poor,9.380879999999998,14.699544542604034,140.71319999999997
2.0,28.665128205128205,77.07794871794871,16.030940419738016,67.66871684116626,2.7437053382787924,227.1553594065449,3.0,11.50711301000047,45.13066341142777,51.59777031785529,16.941888821071412,1.4808460491102868,238.39435560354946,140.71319999999997,Very Poor,9.380879999999998,14.699544542604034,140.71319999999997
2.0,28.665128205128205,77.08769230769231,16.030940419738016,67.66871684116626,2.7437053382787924,227.1553594065449,3.0,11.50711301000047,45.13066341142777,51.59777031785529,16.941888821071412,1.4808460491102868,238.39435560354946,140.71319999999997,Very Poor,9.380879999999998,14.699544542604034,140.71319999999997
2.0,28.665128205128205,77.0974358974359,16.030940419738016,67.66871684116626,2.7437053382787924,227.1553594065449,3.0,11.50711301000047,45.13066341142777,51.59777031785529,16.941888821071412,1.4808460491102868,238.39435560354946,140.71319999999997,Very Poor,9.380879999999998,14.699544542604034,140.71319999999997
2.0,28.665128205128205,77.10717948717948,16.030940419738016,67.66871684116626,2.7437053382787924,227.1553594065449,3.0,11.50711301000047,45.13066341142777,51.59777031785529,16.941888821071412,1.4808460491102868,238.39435560354946,142.41549999999995,Very Poor,9.494366666666663,14.913507191469082,142.41549999999995
2.0,28.665128205128205,77.11692307692307,16.030940419738016,67.66871684116626,2.7437053382787924,227.1553594065449,3.0,11.50711301000047,45.13066341142777,51.59777031785529,16.941888821071412,1.4808460491102868,238.39435560354946,142.49839999999995,Very Poor,9.499893333333329,14.866562462116118,142.49839999999995
2.0,28.665128205128205,77.12666666666667,16.030940419738016,67.66871684116626,2.7437053382787924,227.1553594065449,3.494977412093821,11.50711301000047,45.13066341142777,51.59777031785529,16.941888821071412,1.4808460491102868,238.39435560354946,142.49839999999995,Very Poor,9.499893333333329,14.866562462116118,142.49839999999995
2.0,28.665128205128205,77.13641025641026,16.030940419738016,67.66871684116626,2.7437053382787924,227.1553594065449,4.188207141839236,11.50711301000047,45.13066341142777,51.59777031785529,16.941888821071412,1.4808460491102868,238.39435560354946,142.49839999999995,Very Poor,9.499893333333329,14.866562462116118,142.49839999999995
2.0,28.665128205128205,77.14615384615385,16.030940419738016,67.66871684116626,2.7437053382787924,227.1553594065449,4.856678688907539,11.50711301000047,45.13066341142777,51.59777031785529,16.941888821071412,1.4808460491102868,238.39435560354946,143.55559999999997,Very Poor,9.57037333333333,15.2779270400143,143.55559999999997
2.0,28.665128205128205,77.15589743589743,16.030940419738016,67.66871684116626,2.7437053382787924,227.1553594065449,5.48937116156895,11.50711301000047,45.13066341142777,51.59777031785529,16.941888821071412,1.4808460491102868,238.39435560354946,143.55559999999997,Very Poor,9.57037333333333,15.2779270400143,143.55559999999997
2.0,28.665128205128205,77.16564102564102,16.030940419738016,67.66871684116626,2.7437053382787924,227.1553594065449,6.068970687848466,11.50711301000047,45.13066341142777,51.59777031785529,16.941888821071412,1.4808460491102868,238.39435560354946,142.59329999999997,Very Poor,9.506219999999997,14.793361893430447,142.59329999999997
2.0,28.665128205128205,77.17538461538462,16.030940419738016,67.66871684116626,2.7437053382787924,227.1553594065449,6.568468138881146,11.50711301000047,45.13066341142777,51.59777031785529,16.941888821071412,1.4808460491102868,238.39435560354946,145.03789999999992,Very Poor,9.669193333333329,16.090782348599465,145.03789999999992
2.0,28.665128205128205,77.18512820512821,16.030940419738016,67.66871684116626,2.7437053382787924,227.1553594065449,6.948274111142412,11.50711301000047,45.13066341142777,51.59777031785529,16.941888821071412,1.4808460491102868,238.39435560354946,145.03789999999992,Very Poor,9.669193333333329,16.090782348599465,145.03789999999992
2.0,28.665128205128205,77.19487179487179,16.030940419738016,67.66871684116626,2.7437053382787924,227.1553594065449,7.159955737396876,11.50711301000047,45.13066341142777,51.59777031785529,16.941888821071412,1.4808460491102868,238.39435560354946,144.58979999999994,Very Poor,9.639319999999996,16.37565986334597,144.58979999999994
2.0,28.665128205128205,77.20461538461538,16.030940419738016,67.66871684116626,2.7437053382787924,227.1553594065449,7.165591339920432,11.50711301000047,45.13066341142777,51.59777031785529,16.941888821071412,1.4808460491102868,238.39435560354946,144.58979999999994,Very Poor,9.639319999999996,16.37565986334597,144.58979999999994
2.0,28.665128205128205,77.21435897435897,16.030940419738016,67.66871684116626,2.7437053382787924,227.1553594065449,6.964033264824246,11.50711301000047,45.13066341142777,51.59777031785529,16.941888821071412,1.4808460491102868,238.39435560354946,144.29329999999993,Very Poor,9.619553333333329,16.251061691778787,144.29329999999993
2.0,28.665128205128205,77.22410256410257,16.030940419738016,67.66871684116626,2.7437053382787924,227.1553594065449,6.591845644953276,11.50711301000047,45.13066341142777,51.59777031785529,16.941888821071412,1.4808460491102868,238.39435560354946,144.29329999999993,Very Poor,9.619553333333329,16.251061691778787,144.29329999999993
2.0,28.665128205128205,77.23384615384614,16.030940419738016,67.66871684116626,2.7437053382787924,227.1553594065449,6.097547088750646,11.50711301000047,45.13066341142777,51.59777031785529,16.941888821071412,1.4808460491102868,238.39435560354946,141.99049999999997,Very Poor,9.466033333333332,15.127855523834173,141.99049999999997
2.0,28.665128205128205,77.24358974358974,16.030940419738016,67.66871684116626,2.7437053382787924,227.1553594065449,5.52138839960551,11.50711301000047,45.13066341142777,51.59777031785529,16.941888821071412,1.4808460491102868,238.39435560354946,141.99049999999997,Very Poor,9.466033333333332,15.127855523834173,141.99049999999997
2.0,28.665128205128205,77.25333333333333,16.030940419738016,67.66871684116626,2.7437053382787924,227.1553594065449,4.890989769453561,11.50711301000047,45.13066341142777,51.59777031785529,16.941888821071412,1.4808460491102868,238.39435560354946,141.99049999999997,Very Poor,9.466033333333332,15.127855523834173,141.99049999999997
2.0,28.665128205128205,77.26307692307692,16.030940419738016,67.66871684116626,2.7437053382787924,227.1553594065449,4.224083645823909,11.50711301000047,45.13066341142777,51.59777031785529,16.941888821071412,1.4808460491102868,238.39435560354946,141.99049999999997,Very Poor,9.466033333333332,15.127855523834173,141.99049999999997
2.0,28.665128205128205,77.27282051282052,16.030940419738016,67.66871684116626,2.7437053382787924,227.1553594065449,3.531952810080928,11.50711301000047,45.13066341142777,51.59777031785529,16.941888821071412,1.4808460491102868,238.39435560354946,141.99049999999997,Very Poor,9.466033333333332,15.127855523834173,141.99049999999997
2.0,28.665128205128205,77.2825641025641,16.030940419738016,67.66871684116626,2.7437053382787924,227.1553594065449,3.0,11.50711301000047,45.13066341142777,51.59777031785529,16.941888821071412,1.4808460491102868,238.39435560354946,141.99049999999997,Very Poor,9.466033333333332,15.127855523834173,141.99049999999997
2.0,28.665128205128205,77.29230769230769,16.030940419738016,67.66871684116626,2.7437053382787924,227.1553594065449,3.0,11.50711301000047,45.13066341142777,51.59777031785529,16.941888821071412,1.4808460491102868,238.39435560354946,141.99049999999997,Very Poor,9.466033333333332,15.127855523834173,141.99049999999997
2.0,28.665128205128205,77.30205128205128,16.030940419738016,67.66871684116626,2.7437053382787924,227.1553594065449,3.0,11.50711301000047,45.13066341142777,51.59777031785529,16.941888821071412,1.4808460491102868,238.39435560354946,141.99049999999997,Very Poor,9.466033333333332,15.127855523834173,141.99049999999997
2.0,28.665128205128205,77.31179487179487,16.030940419738016,67.66871684116626,2.7437053382787924,227.1553594065449,3.0,11.50711301000047,45.13066341142777,51.59777031785529,16.941888821071412,1.4808460491102868,238.39435560354946,141.99049999999997,Very Poor,9.466033333333332,15.127855523834173,141.99049999999997
2.0,28.665128205128205,77.32153846153845,16.030940419738016,67.66871684116626,2.7437053382787924,227.1553594065449,3.0,11.50711301000047,45.13066341142777,51.59777031785529,16.941888821071412,1.4808460491102868,238.39435560354946,141.99049999999997,Very Poor,9.466033333333332,15.127855523834173,141.99049999999997
2.0,28.665128205128205,77.33128205128205,16.030940419738016,67.66871684116626,2.7437053382787924,227.1553594065449,3.0,11.50711301000047,45.13066341142777,51.59777031785529,16.941888821071412,1.4808460491102868,238.39435560354946,141.99049999999997,Very Poor,9.466033333333332,15.127855523834173,141.99049999999997
2.0,28.665128205128205,77.34102564102564,16.030940419738016,67.66871684116626,2.7437053382787924,227.1553594065449,3.0,11.50711301000047,45.13066341142777,51.59777031785529,16.941888821071412,1.4808460491102868,238.39435560354946,141.99049999999997,Very Poor,9.466033333333332,15.127855523834173,141.99049999999997
2.0,28.665128205128205,77.35076923076923,16.030940419738016,67.66871684116626,2.7437053382787924,227.1553594065449,3.0,11.50711301000047,45.13066341142777,51.59777031785529,16.941888821071412,1.4808460491102868,238.39435560354946,141.99049999999997,Very Poor,9.466033333333332,15.127855523834173,141.99049999999997
2.0,28.665128205128205,77.36051282051281,16.030940419738016,67.66871684116626,2.7437053382787924,227.1553594065449,3.0,11.50711301000047,45.13066341142777,51.59777031785529,16.941888821071412,1.4808460491102868,238.39435560354946,141.99049999999997,Very Poor,9.466033333333332,15.127855523834173,141.99049999999997
2.0,28.665128205128205,77.3702564102564,16.030940419738016,67.66871684116626,2.7437053382787924,227.1553594065449,3.0,11.50711301000047,45.13066341142777,51.59777031785529,16.941888821071412,1.4808460491102868,238.39435560354946,141.99049999999997,Very Poor,9.466033333333332,15.127855523834173,141.99049999999997
2.0,28.665128205128205,77.38,16.030940419738016,67.66871684116626,2.7437053382787924,227.1553594065449,3.0,11.50711301000047,45.13066341142777,51.59777031785529,16.941888821071412,1.4808460491102868,238.39435560354946,141.99049999999997,Very Poor,9.466033333333332,15.127855523834173,141.99049999999997
2.0,28.672307692307694,77.0,16.030940419738016,67.66871684116626,2.7437053382787924,227.1553594065449,3.0,11.50711301000047,45.13066341142777,51.59777031785529,16.941888821071412,1.4808460491102868,238.39435560354946,138.56039999999996,Very Poor,9.237359999999997,14.624886182121209,138.56039999999996
2.0,28.672307692307694,77.0097435897436,16.030940419738016,67.66871684116626,2.7437053382787924,227.1553594065449,3.0,11.50711301000047,45.13066341142777,51.59777031785529,16.941888821071412,1.4808460491102868,238.39435560354946,138.56039999999996,Very Poor,9.237359999999997,14.624886182121209,138.56039999999996
2.0,28.672307692307694,77.01948717948719,16.030940419738016,67.66871684116626,2.7437053382787924,227.1553594065449,3.0,11.50711301000047,45.13066341142777,51.59777031785529,16.941888821071412,1.4808460491102868,238.39435560354946,138.56039999999996,Very Poor,9.237359999999997,14.624886182121209,138.56039999999996
2.0,28.672307692307694,77.02923076923076,16.030940419738016,67.66871684116626,2.7437053382787924,227.1553594065449,3.0,11.50711301000047,45.13066341142777,51.59777031785529,16.941888821071412,1.4808460491102868,238.39435560354946,138.56039999999996,Very Poor,9.237359999999997,14.624886182121209,138.56039999999996
2.0,28.672307692307694,77.03897435897436,16.030940419738016,67.66871684116626,2.7437053382787924,227.1553594065449,3.0,11.50711301000047,45.13066341142777,51.59777031785529,16.941888821071412,1.4808460491102868,238.39435560354946,138.56039999999996,Very Poor,9.237359999999997,14.624886182121209,138.56039999999996
2.0,28.672307692307694,77.04871794871795,16.030940419738016,67.66871684116626,2.7437053382787924,227.1553594065449,3.0,11.50711301000047,45.13066341142777,51.59777031785529,16.941888821071412,1.4808460491102868,238.39435560354946,138.56039999999996,Very Poor,9.237359999999997,14.624886182121209,138.56039999999996
2.0,28.672307692307694,77.05846153846154,16.030940419738016,67.66871684116626,2.7437053382787924,227.1553594065449,3.0,11.50711301000047,45.13066341142777,51.59777031785529,16.941888821071412,1.4808460491102868,238.39435560354946,140.76239999999999,Very Poor,9.38416,14.605298293427632,140.76239999999999
2.0,28.672307692307694,77.06820512820512,16.030940419738016,67.66871684116626,2.7437053382787924,227.1553594065449,3.0,11.50711301000047,45.13066341142777,51.59777031785529,16.941888821071412,1.4808460491102868,238.39435560354946,140.76239999999999,Very Poor,9.38416,14.605298293427632,140.76239999999999
2.0,28.672307692307694,77.07794871794871,16.030940419738016,67.66871684116626,2.7437053382787924,227.1553594065449,3.0,11.50711301000047,45.13066341142777,51.59777031785529,16.941888821071412,1.4808460491102868,238.39435560354946,140.76239999999999,Very Poor,9.38416,14.605298293427632,140.76239999999999
2.0,28.672307692307694,77.08769230769231,16.030940419738016,67.66871684116626,2.7437053382787924,227.1553594065449,3.0,11.50711301000047,45.13066341142777,51.59777031785529,16.941888821071412,1.4808460491102868,238.39435560354946,140.76239999999999,Very Poor,9.38416,14.605298293427632,140.76239999999999
2.0,28.672307692307694,77.0974358974359,16.030940419738016,67.66871684116626,2.7437053382787924,227.1553594065449,3.0,11.50711301000047,45.13066341142777,51.59777031785529,16.941888821071412,1.4808460491102868,238.39435560354946,140.76239999999999,Very Poor,9.38416,14.605298293427632,140.76239999999999
2.0,28.672307692307694,77.10717948717948,16.030940419738016,67.66871684116626,2.7437053382787924,227.1553594065449,3.0,11.50711301000047,45.13066341142777,51.59777031785529,16.941888821071412,1.4808460491102868,238.39435560354946,142.46469999999997,Very Poor,9.497646666666665,14.814969419813194,142.46469999999997
2.0,28.672307692307694,77.11692307692307,16.030940419738016,67.66871684116626,2.7437053382787924,227.1553594065449,3.0,11.50711301000047,45.13066341142777,51.59777031785529,16.941888821071412,1.4808460491102868,238.39435560354946,142.54759999999996,Very Poor,9.503173333333331,14.767435262766519,142.54759999999996
2.0,28.672307692307694,77.12666666666667,16.030940419738016,67.66871684116626,2.7437053382787924,227.1553594065449,3.227009591062573,11.50711301000047,45.13066341142777,51.59777031785529,16.941888821071412,1.4808460491102868,238.39435560354946,142.54759999999996,Very Poor,9.503173333333331,14.767435262766519,142.54759999999996
2.0,28.672307692307694,77.13641025641026,16.030940419738016,67.66871684116626,2.7437053382787924,227.1553594065449,3.8897613437315535,11.50711301000047,45.13066341142777,51.59777031785529,16.941888821071412,1.4808460491102868,238.39435560354946,142.54759999999996,Very Poor,9.503173333333331,14.767435262766519,142.54759999999996
2.0,28.672307692307694,77.14615384615385,16.030940419738016,67.66871684116626,2.7437053382787924,227.1553594065449,4.5216942108415825,11.50711301000047,45.13066341142777,51.59777031785529,16.941888821071412,1.4808460491102868,238.39435560354946,143.60479999999998,Very Poor,9.573653333333333,15.178059525512477,143.60479999999998
2.0,28.672307692307694,77.15589743589743,16.030940419738016,67.66871684116626,2.7437053382787924,227.1553594065449,5.110843352021271,11.50711301000047,45.13066341142777,51.59777031785529,16.941888821071412,1.4808460491102868,238.39435560354946,143.60479999999998,Very Poor,9.573653333333333,15.178059525512477,143.60479999999998
2.0,28.672307692307694,77.16564102564102,16.030940419738016,67.66871684116626,2.7437053382787924,227.1553594065449,5.63983123452964,11.50711301000047,45.13066341142777,51.59777031785529,16.941888821071412,1.4808460491102868,238.39435560354946,142.64249999999996,Very Poor,9.509499999999997,14.693423112059355,142.64249999999996
2.0,28.672307692307694,77.17538461538462,16.030940419738016,67.66871684116626,2.7437053382787924,227.1553594065449,6.084199810477738,11.50711301000047,45.13066341142777,51.59777031785529,16.941888821071412,1.4808460491102868,238.39435560354946,142.64249999999996,Very Poor,9.509499999999997,14.693423112059355,142.64249999999996
2.0,28.672307692307694,77.18512820512821,16.030940419738016,67.66871684116626,2.7437053382787924,227.1553594065449,6.412366920780165,11.50711301000047,45.13066341142777,51.59777031785529,16.941888821071412,1.4808460491102868,238.39435560354946,142.64249999999996,Very Poor,9.509499999999997,14.693423112059355,142.64249999999996
2.0,28.672307692307694,77.19487179487179,16.030940419738016,67.66871684116626,2.7437053382787924,227.1553594065449,6.590611253621306,11.50711301000047,45.13066341142777,51.59777031785529,16.941888821071412,1.4808460491102868,238.39435560354946,144.29329999999993,Very Poor,9.619553333333329,16.251061691778787,144.29329999999993
2.0,28.672307692307694,77.20461538461538,16.030940419738016,67.66871684116626,2.7437053382787924,227.1553594065449,6.595304321569575,11.50711301000047,45.13066341142777,51.59777031785529,16.941888821071412,1.4808460491102868,238.39435560354946,144.29329999999993,Very Poor,9.619553333333329,16.251061691778787,144.29329999999993
2.0,28.672307692307694,77.21435897435897,16.030940419738016,67.66871684116626,2.7437053382787924,227.1553594065449,6.425762427106658,11.50711301000047,45.13066341142777,51.59777031785529,16.941888821071412,1.4808460491102868,238.39435560354946,141.98709999999997,Very Poor,9.465806666666664,15.133340430651792,141.98709999999997
2.0,28.672307692307694,77.22410256410257,16.030940419738016,67.66871684116626,2.7437053382787924,227.1553594065449,6.104669934625218,11.50711301000047,45.13066341142777,51.59777031785529,16.941888821071412,1.4808460491102868,238.39435560354946,141.98709999999997,Very Poor,9.465806666666664,15.133340430651792,141.98709999999997
2.0,28.672307692307694,77.23384615384614,16.030940419738016,67.66871684116626,2.7437053382787924,227.1553594065449,5.665577439276678,11.50711301000047,45.13066341142777,51.59777031785529,16.941888821071412,1.4808460491102868,238.39435560354946,141.99049999999997,Very Poor,9.466033333333332,15.127855523834173,141.99049999999997
2.0,28.672307692307694,77.24358974358974,16.030940419738016,67.66871684116626,2.7437053382787924,227.1553594065449,5.1403660551871955,11.50711301000047,45.13066341142777,51.59777031785529,16.941888821071412,1.4808460491102868,238.39435560354946,141.99049999999997,Very Poor,9.466033333333332,15.127855523834173,141.99049999999997
2.0,28.672307692307694,77.25333333333333,16.030940419738016,67.66871684116626,2.7437053382787924,227.1553594065449,4.553894442244353,11.50711301000047,45.13066341142777,51.59777031785529,16.941888821071412,1.4808460491102868,238.39435560354946,141.99049999999997,Very Poor,9.466033333333332,15.127855523834173,141.99049999999997
2.0,28.672307692307694,77.26307692307692,16.030940419738016,67.66871684116626,2.7437053382787924,227.1553594065449,3.923875417601481,11.50711301000047,45.13066341142777,51.59777031785529,16.941888821071412,1.4808460491102868,238.39435560354946,141.99049999999997,Very Poor,9.466033333333332,15.127855523834173,141.99049999999997
2.0,28.672307692307694,77.27282051282052,16.030940419738016,67.66871684116626,2.7437053382787924,227.1553594065449,3.2625142180922753,11.50711301000047,45.13066341142777,51.59777031785529,16.941888821071412,1.4808460491102868,238.39435560354946,141.99049999999997,Very Poor,9.466033333333332,15.127855523834173,141.99049999999997
2.0,28.672307692307694,77.2825641025641,16.030940419738016,67.66871684116626,2.7437053382787924,227.1553594065449,3.0,11.50711301000047,45.13066341142777,51.59777031785529,16.941888821071412,1.4808460491102868,238.39435560354946,141.99049999999997,Very Poor,9.466033333333332,15.127855523834173,141.99049999999997
2.0,28.672307692307694,77.29230769230769,16.030940419738016,67.66871684116626,2.7437053382787924,227.1553594065449,3.0,11.50711301000047,45.13066341142777,51.59777031785529,16.941888821071412,1.4808460491102868,238.39435560354946,141.99049999999997,Very Poor,9.466033333333332,15.127855523834173,141.99049999999997
2.0,28.672307692307694,77.30205128205128,16.030940419738016,67.66871684116626,2.7437053382787924,227.1553594065449,3.0,11.50711301000047,45.13066341142777,51.59777031785529,16.941888821071412,1.4808460491102868,238.39435560354946,141.99049999999997,Very Poor,9.466033333333332,15.127855523834173,141.99049999999997
2.0,28.672307692307694,77.31179487179487,16.030940419738016,67.66871684116626,2.7437053382787924,227.1553594065449,3.0,11.50711301000047,45.13066341142777,51.59777031785529,16.941888821071412,1.4808460491102868,238.39435560354946,141.99049999999997,Very Poor,9.466033333333332,15.127855523834173,141.99049999999997
2.0,28.672307692307694,77.32153846153845,16.030940419738016,67.66871684116626,2.7437053382787924,227.1553594065449,3.0,11.50711301000047,45.13066341142777,51.59777031785529,16.941888821071412,1.4808460491102868,238.39435560354946,141.99049999999997,Very Poor,9.466033333333332,15.127855523834173,141.99049999999997
2.0,28.672307692307694,77.33128205128205,16.030940419738016,67.66871684116626,2.7437053382787924,227.1553594065449,3.0,11.50711301000047,45.13066341142777,51.59777031785529,16.941888821071412,1.4808460491102868,238.39435560354946,141.99049999999997,Very Poor,9.466033333333332,15.127855523834173,141.99049999999997
2.0,28.672307692307694,77.34102564102564,16.030940419738016,67.66871684116626,2.7437053382787924,227.1553594065449,3.0,11.50711301000047,45.13066341142777,51.59777031785529,16.941888821071412,1.4808460491102868,238.39435560354946,141.99049999999997,Very Poor,9.466033333333332,15.127855523834173,141.99049999999997
2.0,28.672307692307694,77.35076923076923,16.030940419738016,67.66871684116626,2.7437053382787924,227.1553594065449,3.0,11.50711301000047,45.13066341142777,51.59777031785529,16.941888821071412,1.4808460491102868,238.39435560354946,141.99049999999997,Very Poor,9.466033333333332,15.127855523834173,141.99049999999997
2.0,28.672307692307694,77.36051282051281,16.030940419738016,67.66871684116626,2.7437053382787924,227.1553594065449,3.0,11.50711301000047,45.13066341142777,51.59777031785529,16.941888821071412,1.4808460491102868,238.39435560354946,141.99049999999997,Very Poor,9.466033333333332,15.127855523834173,141.99049999999997
2.0,28.672307692307694,77.3702564102564,16.030940419738016,67.66871684116626,2.7437053382787924,227.1553594065449,3.0,11.50711301000047,45.13066341142777,51.59777031785529,16.941888821071412,1.4808460491102868,238.39435560354946,141.99049999999997,Very Poor,9.466033333333332,15.127855523834173,141.99049999999997
2.0,28.672307692307694,77.38,16.030940419738016,67.66871684116626,2.7437053382787924,227.1553594065449,3.0,11.50711301000047,45.13066341142777,51.59777031785529,16.941888821071412,1.4808460491102868,238.39435560354946,141.99049999999997,Very Poor,9.466033333333332,15.127855523834173,141.99049999999997
2.0,28.67948717948718,77.0,16.030940419738016,67.66871684116626,2.7437053382787924,227.1553594065449,3.0,11.50711301000047,45.13066341142777,51.59777031785529,16.941888821071412,1.4808460491102868,238.39435560354946,138.56039999999996,Very Poor,9.237359999999997,14.624886182121209,138.56039999999996
2.0,28.67948717948718,77.0097435897436,16.030940419738016,67.66871684116626,2.7437053382787924,227.1553594065449,3.0,11.50711301000047,45.13066341142777,51.59777031785529,16.941888821071412,1.4808460491102868,238.39435560354946,138.56039999999996,Very Poor,9.237359999999997,14.624886182121209,138.56039999999996
2.0,28.67948717948718,77.01948717948719,16.030940419738016,67.66871684116626,2.7437053382787924,227.1553594065449,3.0,11.50711301000047,45.13066341142777,51.59777031785529,16.941888821071412,1.4808460491102868,238.39435560354946,138.56039999999996,Very Poor,9.237359999999997,14.624886182121209,138.56039999999996
2.0,28.67948717948718,77.02923076923076,16.030940419738016,67.66871684116626,2.7437053382787924,227.1553594065449,3.0,11.50711301000047,45.13066341142777,51.59777031785529,16.941888821071412,1.4808460491102868,238.39435560354946,138.56039999999996,Very Poor,9.237359999999997,14.624886182121209,138.56039999999996
2.0,28.67948717948718,77.03897435897436,16.030940419738016,67.66871684116626,2.7437053382787924,227.1553594065449,3.0,11.50711301000047,45.13066341142777,51.59777031785529,16.941888821071412,1.4808460491102868,238.39435560354946,138.56039999999996,Very Poor,9.237359999999997,14.624886182121209,138.56039999999996
2.0,28.67948717948718,77.04871794871795,16.030940419738016,67.66871684116626,2.7437053382787924,227.1553594065449,3.0,11.50711301000047,45.13066341142777,51.59777031785529,16.941888821071412,1.4808460491102868,238.39435560354946,138.56039999999996,Very Poor,9.237359999999997,14.624886182121209,138.56039999999996
2.0,28.67948717948718,77.05846153846154,16.030940419738016,67.66871684116626,2.7437053382787924,227.1553594065449,3.0,11.50711301000047,45.13066341142777,51.59777031785529,16.941888821071412,1.4808460491102868,238.39435560354946,140.76239999999999,Very Poor,9.38416,14.605298293427632,140.76239999999999
2.0,28.67948717948718,77.06820512820512,16.030940419738016,67.66871684116626,2.7437053382787924,227.1553594065449,3.0,11.50711301000047,45.13066341142777,51.59777031785529,16.941888821071412,1.4808460491102868,238.39435560354946,140.76239999999999,Very Poor,9.38416,14.605298293427632,140.76239999999999
2.0,28.67948717948718,77.07794871794871,16.030940419738016,67.66871684116626,2.7437053382787924,227.1553594065449,3.0,11.50711301000047,45.13066341142777,51.59777031785529,16.941888821071412,1.4808460491102868,238.39435560354946,140.76239999999999,Very Poor,9.38416,14.605298293427632,140.76239999999999
2.0,28.67948717948718,77.08769230769231,16.030940419738016,67.66871684116626,2.7437053382787924,227.1553594065449,3.0,11.50711301000047,45.13066341142777,51.59777031785529,16.941888821071412,1.4808460491102868,238.39435560354946,140.76239999999999,Very Poor,9.38416,14.605298293427632,140.76239999999999
2.0,28.67948717948718,77.0974358974359,16.030940419738016,67.66871684116626,2.7437053382787924,227.1553594065449,3.0,11.50711301000047,45.13066341142777,51.59777031785529,16.941888821071412,1.4808460491102868,238.39435560354946,140.76239999999999,Very Poor,9.38416,14.605298293427632,140.76239999999999
2.0,28.67948717948718,77.10717948717948,16.030940419738016,67.66871684116626,2.7437053382787924,227.1553594065449,3.0,11.50711301000047,45.13066341142777,51.59777031785529,16.941888821071412,1.4808460491102868,238.39435560354946,142.46469999999997,Very Poor,9.497646666666665,14.814969419813194,142.46469999999997
2.0,28.67948717948718,77.11692307692307,16.030940419738016,67.66871684116626,2.7437053382787924,227.1553594065449,3.0,11.50711301000047,45.13066341142777,51.59777031785529,16.941888821071412,1.4808460491102868,238.39435560354946,142.54759999999996,Very Poor,9.503173333333331,14.767435262766519,142.54759999999996
2.0,28.67948717948718,77.12666666666667,16.030940419738016,67.66871684116626,2.7437053382787924,227.1553594065449,3.0,11.50711301000047,45.13066341142777,51.59777031785529,16.941888821071412,1.4808460491102868,238.39435560354946,142.54759999999996,Very Poor,9.503173333333331,14.767435262766519,142.54759999999996
2.0,28.67948717948718,77.13641025641026,16.030940419738016,67.66871684116626,2.7437053382787924,227.1553594065449,3.5538481937052255,11.50711301000047,45.13066341142777,51.59777031785529,16.941888821071412,1.4808460491102868,238.39435560354946,142.54759999999996,Very Poor,9.503173333333331,14.767435262766519,142.54759999999996
2.0,28.67948717948718,77.14615384615385,16.030940419738016,67.66871684116626,2.7437053382787924,227.1553594065449,4.149385417516653,11.50711301000047,45.13066341142777,51.59777031785529,16.941888821071412,1.4808460491102868,238.39435560354946,143.60479999999998,Very Poor,9.573653333333333,15.178059525512477,143.60479999999998
2.0,28.67948717948718,77.15589743589743,16.030940419738016,67.66871684116626,2.7437053382787924,227.1553594065449,4.697009390757443,11.50711301000047,45.13066341142777,51.59777031785529,16.941888821071412,1.4808460491102868,238.39435560354946,143.60479999999998,Very Poor,9.573653333333333,15.178059525512477,143.60479999999998
2.0,28.67948717948718,77.16564102564102,16.030940419738016,67.66871684116626,2.7437053382787924,227.1553594065449,5.180360144510435,11.50711301000047,45.13066341142777,51.59777031785529,16.941888821071412,1.4808460491102868,238.39435560354946,142.64249999999996,Very Poor,9.509499999999997,14.693423112059355,142.64249999999996
2.0,28.67948717948718,77.17538461538462,16.030940419738016,67.66871684116626,2.7437053382787924,227.1553594065449,5.578309395999904,11.50711301000047,45.13066341142777,51.59777031785529,16.941888821071412,1.4808460491102868,238.39435560354946,142.64249999999996,Very Poor,9.509499999999997,14.693423112059355,142.64249999999996
2.0,28.67948717948718,77.18512820512821,16.030940419738016,67.66871684116626,2.7437053382787924,227.1553594065449,5.866119524665408,11.50711301000047,45.13066341142777,51.59777031785529,16.941888821071412,1.4808460491102868,238.39435560354946,142.64249999999996,Very Poor,9.509499999999997,14.693423112059355,142.64249999999996
2.0,28.67948717948718,77.19487179487179,16.030940419738016,67.66871684116626,2.7437053382787924,227.1553594065449,6.019825594628568,11.50711301000047,45.13066341142777,51.59777031785529,16.941888821071412,1.4808460491102868,238.39435560354946,141.98709999999997,Very Poor,9.465806666666664,15.133340430651792,141.98709999999997
2.0,28.67948717948718,77.20461538461538,16.030940419738016,67.66871684116626,2.7437053382787924,227.1553594065449,6.023844905444085,11.50711301000047,45.13066341142777,51.59777031785529,16.941888821071412,1.4808460491102868,238.39435560354946,141.98709999999997,Very Poor,9.465806666666664,15.133340430651792,141.98709999999997
2.0,28.67948717948718,77.21435897435897,16.030940419738016,67.66871684116626,2.7437053382787924,227.1553594065449,5.877739588439051,11.50711301000047,45.13066341142777,51.59777031785529,16.941888821071412,1.4808460491102868,238.39435560354946,141.98709999999997,Very Poor,9.465806666666664,15.133340430651792,141.98709999999997
2.0,28.67948717948718,77.22410256410257,16.030940419738016,67.66871684116626,2.7437053382787924,227.1553594065449,5.596427246944493,11.50711301000047,45.13066341142777,51.59777031785529,16.941888821071412,1.4808460491102868,238.39435560354946,141.98709999999997,Very Poor,9.465806666666664,15.133340430651792,141.98709999999997
2.0,28.67948717948718,77.23384615384614,16.030940419738016,67.66871684116626,2.7437053382787924,227.1553594065449,5.203639337148688,11.50711301000047,45.13066341142777,51.59777031785529,16.941888821071412,1.4808460491102868,238.39435560354946,141.99049999999997,Very Poor,9.466033333333332,15.127855523834173,141.99049999999997
2.0,28.67948717948718,77.24358974358974,16.030940419738016,67.66871684116626,2.7437053382787924,227.1553594065449,4.724215816504904,11.50711301000047,45.13066341142777,51.59777031785529,16.941888821071412,1.4808460491102868,238.39435560354946,141.99049999999997,Very Poor,9.466033333333332,15.127855523834173,141.99049999999997
2.0,28.67948717948718,77.25333333333333,16.030940419738016,67.66871684116626,2.7437053382787924,227.1553594065449,4.179525584674639,11.50711301000047,45.13066341142777,51.59777031785529,16.941888821071412,1.4808460491102868,238.39435560354946,141.99049999999997,Very Poor,9.466033333333332,15.127855523834173,141.99049999999997
2.0,28.67948717948718,77.26307692307692,16.030940419738016,67.66871684116626,2.7437053382787924,227.1553594065449,3.5861753520954656,11.50711301000047,45.13066341142777,51.59777031785529,16.941888821071412,1.4808460491102868,238.39435560354946,141.99049999999997,Very Poor,9.466033333333332,15.127855523834173,141.99049999999997
2.0,28.67948717948718,77.27282051282052,16.030940419738016,67.66871684116626,2.7437053382787924,227.1553594065449,3.0,11.50711301000047,45.13066341142777,51.59777031785529,16.941888821071412,1.4808460491102868,238.39435560354946,141.99049999999997,Very Poor,9.466033333333332,15.127855523834173,141.99049999999997
2.0,28.67948717948718,77.2825641025641,16.030940419738016,67.66871684116626,2.7437053382787924,227.1553594065449,3.0,11.50711301000047,45.13066341142777,51.59777031785529,16.941888821071412,1.4808460491102868,238.39435560354946,141.99049999999997,Very Poor,9.466033333333332,15.127855523834173,141.99049999999997
2.0,28.67948717948718,77.29230769230769,16.030940419738016,67.66871684116626,2.7437053382787924,227.1553594065449,3.0,11.50711301000047,45.13066341142777,51.59777031785529,16.941888821071412,1.4808460491102868,238.39435560354946,141.99049999999997,Very Poor,9.466033333333332,15.127855523834173,141.99049999999997
2.0,28.67948717948718,77.30205128205128,16.030940419738016,67.66871684116626,2.7437053382787924,227.1553594065449,3.0,11.50711301000047,45.13066341142777,51.59777031785529,16.941888821071412,1.4808460491102868,238.39435560354946,141.99049999999997,Very Poor,9.466033333333332,15.127855523834173,141.99049999999997
2.0,28.67948717948718,77.31179487179487,16.030940419738016,67.66871684116626,2.7437053382787924,227.1553594065449,3.0,11.50711301000047,45.13066341142777,51.59777031785529,16.941888821071412,1.4808460491102868,238.39435560354946,141.99049999999997,Very Poor,9.466033333333332,15.127855523834173,141.99049999999997
2.0,28.67948717948718,77.32153846153845,16.030940419738016,67.66871684116626,2.7437053382787924,227.1553594065449,3.0,11.50711301000047,45.13066341142777,51.59777031785529,16.941888821071412,1.4808460491102868,238.39435560354946,141.99049999999997,Very Poor,9.466033333333332,15.127855523834173,141.99049999999997
2.0,28.67948717948718,77.33128205128205,16.030940419738016,67.66871684116626,2.7437053382787924,227.1553594065449,3.0,11.50711301000047,45.13066341142777,51.59777031785529,16.941888821071412,1.4808460491102868,238.39435560354946,141.99049999999997,Very Poor,9.466033333333332,15.127855523834173,141.99049999999997
2.0,28.67948717948718,77.34102564102564,16.030940419738016,67.66871684116626,2.7437053382787924,227.1553594065449,3.0,11.50711301000047,45.13066341142777,51.59777031785529,16.941888821071412,1.4808460491102868,238.39435560354946,141.99049999999997,Very Poor,9.466033333333332,15.127855523834173,141.99049999999997
2.0,28.67948717948718,77.35076923076923,16.030940419738016,67.66871684116626,2.7437053382787924,227.1553594065449,3.0,11.50711301000047,45.13066341142777,51.59777031785529,16.941888821071412,1.4808460491102868,238.39435560354946,141.99049999999997,Very Poor,9.466033333333332,15.127855523834173,141.99049999999997
2.0,28.67948717948718,77.36051282051281,16.030940419738016,67.66871684116626,2.7437053382787924,227.1553594065449,3.0,11.50711301000047,45.13066341142777,51.59777031785529,16.941888821071412,1.4808460491102868,238.39435560354946,141.99049999999997,Very Poor,9.466033333333332,15.127855523834173,141.99049999999997
2.0,28.67948717948718,77.3702564102564,16.030940419738016,67.66871684116626,2.7437053382787924,227.1553594065449,3.0,11.50711301000047,45.13066341142777,51.59777031785529,16.941888821071412,1.4808460491102868,238.39435560354946,141.99049999999997,Very Poor,9.466033333333332,15.127855523834173,141.99049999999997
2.0,28.67948717948718,77.38,16.030940419738016,67.66871684116626,2.7437053382787924,227.1553594065449,3.0,11.50711301000047,45.13066341142777,51.59777031785529,16.941888821071412,1.4808460491102868,238.39435560354946,141.99049999999997,Very Poor,9.466033333333332,15.127855523834173,141.99049999999997
2.0,28.686666666666667,77.0,16.030940419738016,67.66871684116626,2.7437053382787924,227.1553594065449,3.0,11.50711301000047,45.13066341142777,51.59777031785529,16.941888821071412,1.4808460491102868,238.39435560354946,138.56039999999996,Very Poor,9.237359999999997,14.624886182121209,138.56039999999996
2.0,28.686666666666667,77.0097435897436,16.030940419738016,67.66871684116626,2.7437053382787924,227.1553594065449,3.0,11.50711301000047,45.13066341142777,51.59777031785529,16.941888821071412,1.4808460491102868,238.39435560354946,138.56039999999996,Very Poor,9.237359999999997,14.624886182121209,138.56039999999996
2.0,28.686666666666667,77.01948717948719,16.030940419738016,67.66871684116626,2.7437053382787924,227.1553594065449,3.0,11.50711301000047,45.13066341142777,51.59777031785529,16.941888821071412,1.4808460491102868,238.39435560354946,138.56039999999996,Very Poor,9.237359999999997,14.624886182121209,138.56039999999996
2.0,28.686666666666667,77.02923076923076,16.030940419738016,67.66871684116626,2.7437053382787924,227.1553594065449,3.0,11.50711301000047,45.13066341142777,51.59777031785529,16.941888821071412,1.4808460491102868,238.39435560354946,138.56039999999996,Very Poor,9.237359999999997,14.624886182121209,138.56039999999996
2.0,28.686666666666667,77.03897435897436,16.030940419738016,67.66871684116626,2.7437053382787924,227.1553594065449,3.0,11.50711301000047,45.13066341142777,51.59777031785529,16.941888821071412,1.4808460491102868,238.39435560354946,138.56039999999996,Very Poor,9.237359999999997,14.624886182121209,138.56039999999996
2.0,28.686666666666667,77.04871794871795,16.030940419738016,67.66871684116626,2.7437053382787924,227.1553594065449,3.0,11.50711301000047,45.13066341142777,51.59777031785529,16.941888821071412,1.4808460491102868,238.39435560354946,138.56039999999996,Very Poor,9.237359999999997,14.624886182121209,138.56039999999996
2.0,28.686666666666667,77.05846153846154,16.030940419738016,67.66871684116626,2.7437053382787924,227.1553594065449,3.0,11.50711301000047,45.13066341142777,51.59777031785529,16.941888821071412,1.4808460491102868,238.39435560354946,140.76239999999999,Very Poor,9.38416,14.605298293427632,140.76239999999999
2.0,28.686666666666667,77.06820512820512,16.030940419738016,67.66871684116626,2.7437053382787924,227.1553594065449,3.0,11.50711301000047,45.13066341142777,51.59777031785529,16.941888821071412,1.4808460491102868,238.39435560354946,140.76239999999999,Very Poor,9.38416,14.605298293427632,140.76239999999999
2.0,28.686666666666667,77.07794871794871,16.030940419738016,67.66871684116626,2.7437053382787924,227.1553594065449,3.0,11.50711301000047,45.13066341142777,51.59777031785529,16.941888821071412,1.4808460491102868,238.39435560354946,140.76239999999999,Very Poor,9.38416,14.605298293427632,140.76239999999999
2.0,28.686666666666667,77.08769230769231,16.030940419738016,67.66871684116626,2.7437053382787924,227.1553594065449,3.0,11.50711301000047,45.13066341142777,51.59777031785529,16.941888821071412,1.4808460491102868,238.39435560354946,140.76239999999999,Very Poor,9.38416,14.605298293427632,140.76239999999999
2.0,28.686666666666667,77.0974358974359,16.030940419738016,67.66871684116626,2.7437053382787924,227.1553594065449,3.0,11.50711301000047,45.13066341142777,51.59777031785529,16.941888821071412,1.4808460491102868,238.39435560354946,140.76239999999999,Very Poor,9.38416,14.605298293427632,140.76239999999999
2.0,28.686666666666667,77.10717948717948,16.030940419738016,67.66871684116626,2.7437053382787924,227.1553594065449,3.0,11.50711301000047,45.13066341142777,51.59777031785529,16.941888821071412,1.4808460491102868,238.39435560354946,142.46469999999997,Very Poor,9.497646666666665,14.814969419813194,142.46469999999997
2.0,28.686666666666667,77.11692307692307,16.030940419738016,67.66871684116626,2.7437053382787924,227.1553594065449,3.0,11.50711301000047,45.13066341142777,51.59777031785529,16.941888821071412,1.4808460491102868,238.39435560354946,142.54759999999996,Very Poor,9.503173333333331,14.767435262766519,142.54759999999996
2.0,28.686666666666667,77.12666666666667,16.030940419738016,67.66871684116626,2.7437053382787924,227.1553594065449,3.0,11.50711301000047,45.13066341142777,51.59777031785529,16.941888821071412,1.4808460491102868,238.39435560354946,142.54759999999996,Very Poor,9.503173333333331,14.767435262766519,142.54759999999996
2.0,28.686666666666667,77.13641025641026,16.030940419738016,67.66871684116626,2.7437053382787924,227.1553594065449,3.186006586010439,11.50711301000047,45.13066341142777,51.59777031785529,16.941888821071412,1.4808460491102868,238.39435560354946,142.54759999999996,Very Poor,9.503173333333331,14.767435262766519,142.54759999999996
2.0,28.686666666666667,77.14615384615385,16.030940419738016,67.66871684116626,2.7437053382787924,227.1553594065449,3.7464150978128954,11.50711301000047,45.13066341142777,51.59777031785529,16.941888821071412,1.4808460491102868,238.39435560354946,143.60479999999998,Very Poor,9.573653333333333,15.178059525512477,143.60479999999998
2.0,28.686666666666667,77.15589743589743,16.030940419738016,67.66871684116626,2.7437053382787924,227.1553594065449,4.255494578485414,11.50711301000047,45.13066341142777,51.59777031785529,16.941888821071412,1.4808460491102868,238.39435560354946,143.60479999999998,Very Poor,9.573653333333333,15.178059525512477,143.60479999999998
2.0,28.686666666666667,77.16564102564102,16.030940419738016,67.66871684116626,2.7437053382787924,227.1553594065449,4.698437827138195,11.50711301000047,45.13066341142777,51.59777031785529,16.941888821071412,1.4808460491102868,238.39435560354946,142.64249999999996,Very Poor,9.509499999999997,14.693423112059355,142.64249999999996
2.0,28.686666666666667,77.17538461538462,16.030940419738016,67.66871684116626,2.7437053382787924,227.1553594065449,5.057431747198785,11.50711301000047,45.13066341142777,51.59777031785529,16.941888821071412,1.4808460491102868,238.39435560354946,142.64249999999996,Very Poor,9.509499999999997,14.693423112059355,142.64249999999996
2.0,28.686666666666667,77.18512820512821,16.030940419738016,67.66871684116626,2.7437053382787924,227.1553594065449,5.313145946325161,11.50711301000047,45.13066341142777,51.59777031785529,16.941888821071412,1.4808460491102868,238.39435560354946,142.64249999999996,Very Poor,9.509499999999997,14.693423112059355,142.64249999999996
2.0,28.686666666666667,77.19487179487179,16.030940419738016,67.66871684116626,2.7437053382787924,227.1553594065449,5.448140881654007,11.50711301000047,45.13066341142777,51.59777031785529,16.941888821071412,1.4808460491102868,238.39435560354946,141.98709999999997,Very Poor,9.465806666666664,15.133340430651792,141.98709999999997
2.0,28.686666666666667,77.20461538461538,16.030940419738016,67.66871684116626,2.7437053382787924,227.1553594065449,5.451654974382585,11.50711301000047,45.13066341142777,51.59777031785529,16.941888821071412,1.4808460491102868,238.39435560354946,141.98709999999997,Very Poor,9.465806666666664,15.133340430651792,141.98709999999997
2.0,28.686666666666667,77.21435897435897,16.030940419738016,67.66871684116626,2.7437053382787924,227.1553594065449,5.3233918234666735,11.50711301000047,45.13066341142777,51.59777031785529,16.941888821071412,1.4808460491102868,238.39435560354946,141.98709999999997,Very Poor,9.465806666666664,15.133340430651792,141.98709999999997
2.0,28.686666666666667,77.22410256410257,16.030940419738016,67.66871684116626,2.7437053382787924,227.1553594065449,5.073633577620461,11.50711301000047,45.13066341142777,51.59777031785529,16.941888821071412,1.4808460491102868,238.39435560354946,141.98709999999997,Very Poor,9.465806666666664,15.133340430651792,141.98709999999997
2.0,28.686666666666667,77.23384615384614,16.030940419738016,67.66871684116626,2.7437053382787924,227.1553594065449,4.719591990741322,11.50711301000047,45.13066341142777,51.59777031785529,16.941888821071412,1.4808460491102868,238.39435560354946,141.99049999999997,Very Poor,9.466033333333332,15.127855523834173,141.99049999999997
2.0,28.686666666666667,77.24358974358974,16.030940419738016,67.66871684116626,2.7437053382787924,227.1553594065449,4.280600391045164,11.50711301000047,45.13066341142777,51.59777031785529,16.941888821071412,1.4808460491102868,238.39435560354946,141.99049999999997,Very Poor,9.466033333333332,15.127855523834173,141.99049999999997
2.0,28.686666666666667,77.25333333333333,16.030940419738016,67.66871684116626,2.7437053382787924,227.1553594065449,3.774603984038219,11.50711301000047,45.13066341142777,51.59777031785529,16.941888821071412,1.4808460491102868,238.39435560354946,141.99049999999997,Very Poor,9.466033333333332,15.127855523834173,141.99049999999997
2.0,28.686666666666667,77.26307692307692,16.030940419738016,67.66871684116626,2.7437053382787924,227.1553594065449,3.2165805267429137,11.50711301000047,45.13066341142777,51.59777031785529,16.941888821071412,1.4808460491102868,238.39435560354946,141.99049999999997,Very Poor,9.466033333333332,15.127855523834173,141.99049999999997
2.0,28.686666666666667,77.27282051282052,16.030940419738016,67.66871684116626,2.7437053382787924,227.1553594065449,3.0,11.50711301000047,45.13066341142777,51.59777031785529,16.941888821071412,1.4808460491102868,238.39435560354946,141.99049999999997,Very Poor,9.466033333333332,15.127855523834173,141.99049999999997
2.0,28.686666666666667,77.2825641025641,16.030940419738016,67.66871684116626,2.7437053382787924,227.1553594065449,3.0,11.50711301000047,45.13066341142777,51.59777031785529,16.941888821071412,1.4808460491102868,238.39435560354946,141.99049999999997,Very Poor,9.466033333333332,15.127855523834173,141.99049999999997
2.0,28.686666666666667,77.29230769230769,16.030940419738016,67.66871684116626,2.7437053382787924,227.1553594065449,3.0,11.50711301000047,45.13066341142777,51.59777031785529,16.941888821071412,1.4808460491102868,238.39435560354946,141.99049999999997,Very Poor,9.466033333333332,15.127855523834173,141.99049999999997
2.0,28.686666666666667,77.30205128205128,16.030940419738016,67.66871684116626,2.7437053382787924,227.1553594065449,3.0,11.50711301000047,45.13066341142777,51.59777031785529,16.941888821071412,1.4808460491102868,238.39435560354946,141.99049999999997,Very Poor,9.466033333333332,15.127855523834173,141.99049999999997
2.0,28.686666666666667,77.31179487179487,16.030940419738016,67.66871684116626,2.7437053382787924,227.1553594065449,3.0,11.50711301000047,45.13066341142777,51.59777031785529,16.941888821071412,1.4808460491102868,238.39435560354946,141.99049999999997,Very Poor,9.466033333333332,15.127855523834173,141.99049999999997
2.0,28.686666666666667,77.32153846153845,16.030940419738016,67.66871684116626,2.7437053382787924,227.1553594065449,3.0,11.50711301000047,45.13066341142777,51.59777031785529,16.941888821071412,1.4808460491102868,238.39435560354946,141.99049999999997,Very Poor,9.466033333333332,15.127855523834173,141.99049999999997
2.0,28.686666666666667,77.33128205128205,16.030940419738016,67.66871684116626,2.7437053382787924,227.1553594065449,3.0,11.50711301000047,45.13066341142777,51.59777031785529,16.941888821071412,1.4808460491102868,238.39435560354946,141.99049999999997,Very Poor,9.466033333333332,15.127855523834173,141.99049999999997
2.0,28.686666666666667,77.34102564102564,16.030940419738016,67.66871684116626,2.7437053382787924,227.1553594065449,3.0,11.50711301000047,45.13066341142777,51.59777031785529,16.941888821071412,1.4808460491102868,238.39435560354946,141.99049999999997,Very Poor,9.466033333333332,15.127855523834173,141.99049999999997
2.0,28.686666666666667,77.35076923076923,16.030940419738016,67.66871684116626,2.7437053382787924,227.1553594065449,3.0,11.50711301000047,45.13066341142777,51.59777031785529,16.941888821071412,1.4808460491102868,238.39435560354946,141.99049999999997,Very Poor,9.466033333333332,15.127855523834173,141.99049999999997
2.0,28.686666666666667,77.36051282051281,16.030940419738016,67.66871684116626,2.7437053382787924,227.1553594065449,3.0,11.50711301000047,45.13066341142777,51.59777031785529,16.941888821071412,1.4808460491102868,238.39435560354946,141.99049999999997,Very Poor,9.466033333333332,15.127855523834173,141.99049999999997
2.0,28.686666666666667,77.3702564102564,16.030940419738016,67.66871684116626,2.7437053382787924,227.1553594065449,3.0,11.50711301000047,45.13066341142777,51.59777031785529,16.941888821071412,1.4808460491102868,238.39435560354946,141.99049999999997,Very Poor,9.466033333333332,15.127855523834173,141.99049999999997
2.0,28.686666666666667,77.38,16.030940419738016,67.66871684116626,2.7437053382787924,227.1553594065449,3.0,11.50711301000047,45.13066341142777,51.59777031785529,16.941888821071412,1.4808460491102868,238.39435560354946,141.99049999999997,Very Poor,9.466033333333332,15.127855523834173,141.99049999999997
2.0,28.693846153846156,77.0,16.030940419738016,67.66871684116626,2.7437053382787924,227.1553594065449,3.0,11.50711301000047,45.13066341142777,51.59777031785529,16.941888821071412,1.4808460491102868,238.39435560354946,138.56039999999996,Very Poor,9.237359999999997,14.624886182121209,138.56039999999996
2.0,28.693846153846156,77.0097435897436,16.030940419738016,67.66871684116626,2.7437053382787924,227.1553594065449,3.0,11.50711301000047,45.13066341142777,51.59777031785529,16.941888821071412,1.4808460491102868,238.39435560354946,138.56039999999996,Very Poor,9.237359999999997,14.624886182121209,138.56039999999996
2.0,28.693846153846156,77.01948717948719,16.030940419738016,67.66871684116626,2.7437053382787924,227.1553594065449,3.0,11.50711301000047,45.13066341142777,51.59777031785529,16.941888821071412,1.4808460491102868,238.39435560354946,138.56039999999996,Very Poor,9.237359999999997,14.624886182121209,138.56039999999996
2.0,28.693846153846156,77.02923076923076,16.030940419738016,67.66871684116626,2.7437053382787924,227.1553594065449,3.0,11.50711301000047,45.13066341142777,51.59777031785529,16.941888821071412,1.4808460491102868,238.39435560354946,138.56039999999996,Very Poor,9.237359999999997,14.624886182121209,138.56039999999996
2.0,28.693846153846156,77.03897435897436,16.030940419738016,67.66871684116626,2.7437053382787924,227.1553594065449,3.0,11.50711301000047,45.13066341142777,51.59777031785529,16.941888821071412,1.4808460491102868,238.39435560354946,138.56039999999996,Very Poor,9.237359999999997,14.624886182121209,138.56039999999996
2.0,28.693846153846156,77.04871794871795,16.030940419738016,67.66871684116626,2.7437053382787924,227.1553594065449,3.0,11.50711301000047,45.13066341142777,51.59777031785529,16.941888821071412,1.4808460491102868,238.39435560354946,138.56039999999996,Very Poor,9.237359999999997,14.624886182121209,138.56039999999996
2.0,28.693846153846156,77.05846153846154,16.030940419738016,67.66871684116626,2.7437053382787924,227.1553594065449,3.0,11.50711301000047,45.13066341142777,51.59777031785529,16.941888821071412,1.4808460491102868,238.39435560354946,141.09029999999996,Very Poor,9.406019999999996,15.314211599360902,141.09029999999996
2.0,28.693846153846156,77.06820512820512,16.030940419738016,67.66871684116626,2.7437053382787924,227.1553594065449,3.0,11.50711301000047,45.13066341142777,51.59777031785529,16.941888821071412,1.4808460491102868,238.39435560354946,141.09029999999996,Very Poor,9.406019999999996,15.314211599360902,141.09029999999996
2.0,28.693846153846156,77.07794871794871,16.030940419738016,67.66871684116626,2.7437053382787924,227.1553594065449,3.0,11.50711301000047,45.13066341142777,51.59777031785529,16.941888821071412,1.4808460491102868,238.39435560354946,141.09029999999996,Very Poor,9.406019999999996,15.314211599360902,141.09029999999996
2.0,28.693846153846156,77.08769230769231,16.030940419738016,67.66871684116626,2.7437053382787924,227.1553594065449,3.0,11.50711301000047,45.13066341142777,51.59777031785529,16.941888821071412,1.4808460491102868,238.39435560354946,141.09029999999996,Very Poor,9.406019999999996,15.314211599360902,141.09029999999996
2.0,28.693846153846156,77.0974358974359,16.030940419738016,67.66871684116626,2.7437053382787924,227.1553594065449,3.0,11.50711301000047,45.13066341142777,51.59777031785529,16.941888821071412,1.4808460491102868,238.39435560354946,141.09029999999996,Very Poor,9.406019999999996,15.314211599360902,141.09029999999996
2.0,28.693846153846156,77.10717948717948,16.030940419738016,67.66871684116626,2.7437053382787924,227.1553594065449,3.0,11.50711301000047,45.13066341142777,51.59777031785529,16.941888821071412,1.4808460491102868,238.39435560354946,142.79259999999994,Very Poor,9.519506666666663,15.478284441112978,142.79259999999994
2.0,28.693846153846156,77.11692307692307,16.030940419738016,67.66871684116626,2.7437053382787924,227.1553594065449,3.0,11.50711301000047,45.13066341142777,51.59777031785529,16.941888821071412,1.4808460491102868,238.39435560354946,142.87549999999996,Very Poor,9.525033333333331,15.431032005345596,142.87549999999996
2.0,28.693846153846156,77.12666666666667,16.030940419738016,67.66871684116626,2.7437053382787924,227.1553594065449,3.0,11.50711301000047,45.13066341142777,51.59777031785529,16.941888821071412,1.4808460491102868,238.39435560354946,142.87549999999996,Very Poor,9.525033333333331,15.431032005345596,142.87549999999996
2.0,28.693846153846156,77.13641025641026,16.030940419738016,67.66871684116626,2.7437053382787924,227.1553594065449,3.0,11.50711301000047,45.13066341142777,51.59777031785529,16.941888821071412,1.4808460491102868,238.39435560354946,142.87549999999996,Very Poor,9.525033333333331,15.431032005345596,142.87549999999996
2.0,28.693846153846156,77.14615384615385,16.030940419738016,67.66871684116626,2.7437053382787924,227.1553594065449,3.318328522905974,11.50711301000047,45.13066341142777,51.59777031785529,16.941888821071412,1.4808460491102868,238.39435560354946,143.93269999999995,Very Poor,9.595513333333331,15.802524599253124,143.93269999999995
2.0,28.693846153846156,77.15589743589743,16.030940419738016,67.66871684116626,2.7437053382787924,227.1553594065449,3.7922023118693824,11.50711301000047,45.13066341142777,51.59777031785529,16.941888821071412,1.4808460491102868,238.39435560354946,143.93269999999995,Very Poor,9.595513333333331,15.802524599253124,143.93269999999995
2.0,28.693846153846156,77.16564102564102,16.030940419738016,67.66871684116626,2.7437053382787924,227.1553594065449,4.199657676337667,11.50711301000047,45.13066341142777,51.59777031785529,16.941888821071412,1.4808460491102868,238.39435560354946,142.97039999999998,Very Poor,9.53136,15.358191685221282,142.97039999999998
2.0,28.693846153846156,77.17538461538462,16.030940419738016,67.66871684116626,2.7437053382787924,227.1553594065449,4.525843395321266,11.50711301000047,45.13066341142777,51.59777031785529,16.941888821071412,1.4808460491102868,238.39435560354946,142.97039999999998,Very Poor,9.53136,15.358191685221282,142.97039999999998
2.0,28.693846153846156,77.18512820512821,16.030940419738016,67.66871684116626,2.7437053382787924,227.1553594065449,4.755573385068904,11.50711301000047,45.13066341142777,51.59777031785529,16.941888821071412,1.4808460491102868,238.39435560354946,142.97039999999998,Very Poor,9.53136,15.358191685221282,142.97039999999998
2.0,28.693846153846156,77.19487179487179,16.030940419738016,67.66871684116626,2.7437053382787924,227.1553594065449,4.875858019900413,11.50711301000047,45.13066341142777,51.59777031785529,16.941888821071412,1.4808460491102868,238.39435560354946,142.31499999999997,Very Poor,9.487666666666664,15.793200214016158,142.31499999999997
2.0,28.693846153846156,77.20461538461538,16.030940419738016,67.66871684116626,2.7437053382787924,227.1553594065449,4.87897939166341,11.50711301000047,45.13066341142777,51.59777031785529,16.941888821071412,1.4808460491102868,238.39435560354946,142.31499999999997,Very Poor,9.487666666666664,15.793200214016158,142.31499999999997
2.0,28.693846153846156,77.21435897435897,16.030940419738016,67.66871684116626,2.7437053382787924,227.1553594065449,4.764727931065308,11.50711301000047,45.13066341142777,51.59777031785529,16.941888821071412,1.4808460491102868,238.39435560354946,142.31499999999997,Very Poor,9.487666666666664,15.793200214016158,142.31499999999997
2.0,28.693846153846156,77.22410256410257,16.030940419738016,67.66871684116626,2.7437053382787924,227.1553594065449,4.540467444322917,11.50711301000047,45.13066341142777,51.59777031785529,16.941888821071412,1.4808460491102868,238.39435560354946,142.31499999999997,Very Poor,9.487666666666664,15.793200214016158,142.31499999999997
2.0,28.693846153846156,77.23384615384614,16.030940419738016,67.66871684116626,2.7437053382787924,227.1553594065449,4.218986391367638,11.50711301000047,45.13066341142777,51.59777031785529,16.941888821071412,1.4808460491102868,238.39435560354946,142.31839999999997,Very Poor,9.48789333333333,15.787873936664175,142.31839999999997
2.0,28.693846153846156,77.24358974358974,16.030940419738016,67.66871684116626,2.7437053382787924,227.1553594065449,3.8154271379615796,11.50711301000047,45.13066341142777,51.59777031785529,16.941888821071412,1.4808460491102868,238.39435560354946,142.31839999999997,Very Poor,9.48789333333333,15.787873936664175,142.31839999999997
2.0,28.693846153846156,77.25333333333333,16.030940419738016,67.66871684116626,2.7437053382787924,227.1553594065449,3.3447039769442117,11.50711301000047,45.13066341142777,51.59777031785529,16.941888821071412,1.4808460491102868,238.39435560354946,142.31839999999997,Very Poor,9.48789333333333,15.787873936664175,142.31839999999997
2.0,28.693846153846156,77.26307692307692,16.030940419738016,67.66871684116626,2.7437053382787924,227.1553594065449,3.0,11.50711301000047,45.13066341142777,51.59777031785529,16.941888821071412,1.4808460491102868,238.39435560354946,142.31839999999997,Very Poor,9.48789333333333,15.787873936664175,142.31839999999997
2.0,28.693846153846156,77.27282051282052,16.030940419738016,67.66871684116626,2.7437053382787924,227.1553594065449,3.0,11.50711301000047,45.13066341142777,51.59777031785529,16.941888821071412,1.4808460491102868,238.39435560354946,142.31839999999997,Very Poor,9.48789333333333,15.787873936664175,142.31839999999997
2.0,28.693846153846156,77.2825641025641,16.030940419738016,67.66871684116626,2.7437053382787924,227.1553594065449,3.0,11.50711301000047,45.13066341142777,51.59777031785529,16.941888821071412,1.4808460491102868,238.39435560354946,142.31839999999997,Very Poor,9.48789333333333,15.787873936664175,142.31839999999997
2.0,28.693846153846156,77.29230769230769,16.030940419738016,67.66871684116626,2.7437053382787924,227.1553594065449,3.0,11.50711301000047,45.13066341142777,51.59777031785529,16.941888821071412,1.4808460491102868,238.39435560354946,142.31839999999997,Very Poor,9.48789333333333,15.787873936664175,142.31839999999997
2.0,28.693846153846156,77.30205128205128,16.030940419738016,67.66871684116626,2.7437053382787924,227.1553594065449,3.0,11.50711301000047,45.13066341142777,51.59777031785529,16.941888821071412,1.4808460491102868,238.39435560354946,142.31839999999997,Very Poor,9.48789333333333,15.787873936664175,142.31839999999997
2.0,28.693846153846156,77.31179487179487,16.030940419738016,67.66871684116626,2.7437053382787924,227.1553594065449,3.0,11.50711301000047,45.13066341142777,51.59777031785529,16.941888821071412,1.4808460491102868,238.39435560354946,142.31839999999997,Very Poor,9.48789333333333,15.787873936664175,142.31839999999997
2.0,28.693846153846156,77.32153846153845,16.030940419738016,67.66871684116626,2.7437053382787924,227.1553594065449,3.0,11.50711301000047,45.13066341142777,51.59777031785529,16.941888821071412,1.4808460491102868,238.39435560354946,142.31839999999997,Very Poor,9.48789333333333,15.787873936664175,142.31839999999997
2.0,28.693846153846156,77.33128205128205,16.030940419738016,67.66871684116626,2.7437053382787924,227.1553594065449,3.0,11.50711301000047,45.13066341142777,51.59777031785529,16.941888821071412,1.4808460491102868,238.39435560354946,142.31839999999997,Very Poor,9.48789333333333,15.787873936664175,142.31839999999997
2.0,28.693846153846156,77.34102564102564,16.030940419738016,67.66871684116626,2.7437053382787924,227.1553594065449,3.0,11.50711301000047,45.13066341142777,51.59777031785529,16.941888821071412,1.4808460491102868,238.39435560354946,142.31839999999997,Very Poor,9.48789333333333,15.787873936664175,142.31839999999997
2.0,28.693846153846156,77.35076923076923,16.030940419738016,67.66871684116626,2.7437053382787924,227.1553594065449,3.0,11.50711301000047,45.13066341142777,51.59777031785529,16.941888821071412,1.4808460491102868,238.39435560354946,142.31839999999997,Very Poor,9.48789333333333,15.787873936664175,142.31839999999997
2.0,28.693846153846156,77.36051282051281,16.030940419738016,67.66871684116626,2.7437053382787924,227.1553594065449,3.0,11.50711301000047,45.13066341142777,51.59777031785529,16.941888821071412,1.4808460491102868,238.39435560354946,142.31839999999997,Very Poor,9.48789333333333,15.787873936664175,142.31839999999997
2.0,28.693846153846156,77.3702564102564,16.030940419738016,67.66871684116626,2.7437053382787924,227.1553594065449,3.0,11.50711301000047,45.13066341142777,51.59777031785529,16.941888821071412,1.4808460491102868,238.39435560354946,142.31839999999997,Very Poor,9.48789333333333,15.787873936664175,142.31839999999997
2.0,28.693846153846156,77.38,16.030940419738016,67.66871684116626,2.7437053382787924,227.1553594065449,3.0,11.50711301000047,45.13066341142777,51.59777031785529,16.941888821071412,1.4808460491102868,238.39435560354946,142.31839999999997,Very Poor,9.48789333333333,15.787873936664175,142.31839999999997
2.0,28.70102564102564,77.0,16.030940419738016,67.66871684116626,2.7437053382787924,227.1553594065449,3.0,11.50711301000047,45.13066341142777,51.59777031785529,16.941888821071412,1.4808460491102868,238.39435560354946,138.30419999999995,Very Poor,9.220279999999997,14.632268120834853,138.30419999999995
2.0,28.70102564102564,77.0097435897436,16.030940419738016,67.66871684116626,2.7437053382787924,227.1553594065449,3.0,11.50711301000047,45.13066341142777,51.59777031785529,16.941888821071412,1.4808460491102868,238.39435560354946,138.30419999999995,Very Poor,9.220279999999997,14.632268120834853,138.30419999999995
2.0,28.70102564102564,77.01948717948719,16.030940419738016,67.66871684116626,2.7437053382787924,227.1553594065449,3.0,11.50711301000047,45.13066341142777,51.59777031785529,16.941888821071412,1.4808460491102868,238.39435560354946,138.30419999999995,Very Poor,9.220279999999997,14.632268120834853,138.30419999999995
2.0,28.70102564102564,77.02923076923076,16.030940419738016,67.66871684116626,2.7437053382787924,227.1553594065449,3.0,11.50711301000047,45.13066341142777,51.59777031785529,16.941888821071412,1.4808460491102868,238.39435560354946,138.30419999999995,Very Poor,9.220279999999997,14.632268120834853,138.30419999999995
2.0,28.70102564102564,77.03897435897436,16.030940419738016,67.66871684116626,2.7437053382787924,227.1553594065449,3.0,11.50711301000047,45.13066341142777,51.59777031785529,16.941888821071412,1.4808460491102868,238.39435560354946,138.30419999999995,Very Poor,9.220279999999997,14.632268120834853,138.30419999999995
2.0,28.70102564102564,77.04871794871795,16.030940419738016,67.66871684116626,2.7437053382787924,227.1553594065449,3.0,11.50711301000047,45.13066341142777,51.59777031785529,16.941888821071412,1.4808460491102868,238.39435560354946,138.30419999999995,Very Poor,9.220279999999997,14.632268120834853,138.30419999999995
2.0,28.70102564102564,77.05846153846154,16.030940419738016,67.66871684116626,2.7437053382787924,227.1553594065449,3.0,11.50711301000047,45.13066341142777,51.59777031785529,16.941888821071412,1.4808460491102868,238.39435560354946,140.83409999999998,Very Poor,9.388939999999998,15.36350780876555,140.83409999999998
2.0,28.70102564102564,77.06820512820512,16.030940419738016,67.66871684116626,2.7437053382787924,227.1553594065449,3.0,11.50711301000047,45.13066341142777,51.59777031785529,16.941888821071412,1.4808460491102868,238.39435560354946,140.83409999999998,Very Poor,9.388939999999998,15.36350780876555,140.83409999999998
2.0,28.70102564102564,77.07794871794871,16.030940419738016,67.66871684116626,2.7437053382787924,227.1553594065449,3.0,11.50711301000047,45.13066341142777,51.59777031785529,16.941888821071412,1.4808460491102868,238.39435560354946,140.83409999999998,Very Poor,9.388939999999998,15.36350780876555,140.83409999999998
2.0,28.70102564102564,77.08769230769231,16.030940419738016,67.66871684116626,2.7437053382787924,227.1553594065449,3.0,11.50711301000047,45.13066341142777,51.59777031785529,16.941888821071412,1.4808460491102868,238.39435560354946,140.83409999999998,Very Poor,9.388939999999998,15.36350780876555,140.83409999999998
2.0,28.70102564102564,77.0974358974359,16.030940419738016,67.66871684116626,2.7437053382787924,227.1553594065449,3.0,11.50711301000047,45.13066341142777,51.59777031785529,16.941888821071412,1.4808460491102868,238.39435560354946,140.83409999999998,Very Poor,9.388939999999998,15.36350780876555,140.83409999999998
2.0,28.70102564102564,77.10717948717948,16.030940419738016,67.66871684116626,2.7437053382787924,227.1553594065449,3.0,11.50711301000047,45.13066341142777,51.59777031785529,16.941888821071412,1.4808460491102868,238.39435560354946,142.53639999999996,Very Poor,9.502426666666663,15.55512272661325,142.53639999999996
2.0,28.70102564102564,77.11692307692307,16.030940419738016,67.66871684116626,2.7437053382787924,227.1553594065449,3.0,11.50711301000047,45.13066341142777,51.59777031785529,16.941888821071412,1.4808460491102868,238.39435560354946,142.61929999999995,Very Poor,9.50795333333333,15.509473895332489,142.61929999999995
2.0,28.70102564102564,77.12666666666667,16.030940419738016,67.66871684116626,2.7437053382787924,227.1553594065449,3.0,11.50711301000047,45.13066341142777,51.59777031785529,16.941888821071412,1.4808460491102868,238.39435560354946,142.61929999999995,Very Poor,9.50795333333333,15.509473895332489,142.61929999999995
2.0,28.70102564102564,77.13641025641026,16.030940419738016,67.66871684116626,2.7437053382787924,227.1553594065449,3.0,11.50711301000047,45.13066341142777,51.59777031785529,16.941888821071412,1.4808460491102868,238.39435560354946,142.61929999999995,Very Poor,9.50795333333333,15.509473895332489,142.61929999999995
2.0,28.70102564102564,77.14615384615385,16.030940419738016,67.66871684116626,2.7437053382787924,227.1553594065449,3.0,11.50711301000047,45.13066341142777,51.59777031785529,16.941888821071412,1.4808460491102868,238.39435560354946,143.67649999999998,Very Poor,9.578433333333331,15.896179564599791,143.67649999999998
2.0,28.70102564102564,77.15589743589743,16.030940419738016,67.66871684116626,2.7437053382787924,227.1553594065449,3.311656543017576,11.50711301000047,45.13066341142777,51.59777031785529,16.941888821071412,1.4808460491102868,238.39435560354946,143.67649999999998,Very Poor,9.578433333333331,15.896179564599791,143.67649999999998
2.0,28.70102564102564,77.16564102564102,16.030940419738016,67.66871684116626,2.7437053382787924,227.1553594065449,3.6880148024992696,11.50711301000047,45.13066341142777,51.59777031785529,16.941888821071412,1.4808460491102868,238.39435560354946,142.71419999999998,Very Poor,9.514279999999998,15.438578637944621,142.71419999999998
2.0,28.70102564102564,77.17538461538462,16.030940419738016,67.66871684116626,2.7437053382787924,227.1553594065449,3.9863840666078785,11.50711301000047,45.13066341142777,51.59777031785529,16.941888821071412,1.4808460491102868,238.39435560354946,142.71419999999998,Very Poor,9.514279999999998,15.438578637944621,142.71419999999998
2.0,28.70102564102564,77.18512820512821,16.030940419738016,67.66871684116626,2.7437053382787924,227.1553594065449,4.194726829752334,11.50711301000047,45.13066341142777,51.59777031785529,16.941888821071412,1.4808460491102868,238.39435560354946,142.71419999999998,Very Poor,9.514279999999998,15.438578637944621,142.71419999999998
2.0,28.70102564102564,77.19487179487179,16.030940419738016,67.66871684116626,2.7437053382787924,227.1553594065449,4.303157269678345,11.50711301000047,45.13066341142777,51.59777031785529,16.941888821071412,1.4808460491102868,238.39435560354946,142.05879999999996,Very Poor,9.470586666666664,15.860800880157344,142.05879999999996
2.0,28.70102564102564,77.20461538461538,16.030940419738016,67.66871684116626,2.7437053382787924,227.1553594065449,4.305964688131288,11.50711301000047,45.13066341142777,51.59777031785529,16.941888821071412,1.4808460491102868,238.39435560354946,142.05879999999996,Very Poor,9.470586666666664,15.860800880157344,142.05879999999996
2.0,28.70102564102564,77.21435897435897,16.030940419738016,67.66871684116626,2.7437053382787924,227.1553594065449,4.20299562725993,11.50711301000047,45.13066341142777,51.59777031785529,16.941888821071412,1.4808460491102868,238.39435560354946,142.05879999999996,Very Poor,9.470586666666664,15.860800880157344,142.05879999999996
2.0,28.70102564102564,77.22410256410257,16.030940419738016,67.66871684116626,2.7437053382787924,227.1553594065449,3.999693192152778,11.50711301000047,45.13066341142777,51.59777031785529,16.941888821071412,1.4808460491102868,238.39435560354946,142.05879999999996,Very Poor,9.470586666666664,15.860800880157344,142.05879999999996
2.0,28.70102564102564,77.23384615384614,16.030940419738016,67.66871684116626,2.7437053382787924,227.1553594065449,3.7057721359175178,11.50711301000047,45.13066341142777,51.59777031785529,16.941888821071412,1.4808460491102868,238.39435560354946,142.06219999999996,Very Poor,9.47081333333333,15.855552250237144,142.06219999999996
2.0,28.70102564102564,77.24358974358974,16.030940419738016,67.66871684116626,2.7437053382787924,227.1553594065449,3.3332071017871066,11.50711301000047,45.13066341142777,51.59777031785529,16.941888821071412,1.4808460491102868,238.39435560354946,142.06219999999996,Very Poor,9.47081333333333,15.855552250237144,142.06219999999996
2.0,28.70102564102564,77.25333333333333,16.030940419738016,67.66871684116626,2.7437053382787924,227.1553594065449,3.0,11.50711301000047,45.13066341142777,51.59777031785529,16.941888821071412,1.4808460491102868,238.39435560354946,142.06219999999996,Very Poor,9.47081333333333,15.855552250237144,142.06219999999996
2.0,28.70102564102564,77.26307692307692,16.030940419738016,67.66871684116626,2.7437053382787924,227.1553594065449,3.0,11.50711301000047,45.13066341142777,51.59777031785529,16.941888821071412,1.4808460491102868,238.39435560354946,142.06219999999996,Very Poor,9.47081333333333,15.855552250237144,142.06219999999996
2.0,28.70102564102564,77.27282051282052,16.030940419738016,67.66871684116626,2.7437053382787924,227.1553594065449,3.0,11.50711301000047,45.13066341142777,51.59777031785529,16.941888821071412,1.4808460491102868,238.39435560354946,142.06219999999996,Very Poor,9.47081333333333,15.855552250237144,142.06219999999996
2.0,28.70102564102564,77.2825641025641,16.030940419738016,67.66871684116626,2.7437053382787924,227.1553594065449,3.0,11.50711301000047,45.13066341142777,51.59777031785529,16.941888821071412,1.4808460491102868,238.39435560354946,142.06219999999996,Very Poor,9.47081333333333,15.855552250237144,142.06219999999996
2.0,28.70102564102564,77.29230769230769,16.030940419738016,67.66871684116626,2.7437053382787924,227.1553594065449,3.0,11.50711301000047,45.13066341142777,51.59777031785529,16.941888821071412,1.4808460491102868,238.39435560354946,142.06219999999996,Very Poor,9.47081333333333,15.855552250237144,142.06219999999996
2.0,28.70102564102564,77.30205128205128,16.030940419738016,67.66871684116626,2.7437053382787924,227.1553594065449,3.0,11.50711301000047,45.13066341142777,51.59777031785529,16.941888821071412,1.4808460491102868,238.39435560354946,142.06219999999996,Very Poor,9.47081333333333,15.855552250237144,142.06219999999996
2.0,28.70102564102564,77.31179487179487,16.030940419738016,67.66871684116626,2.7437053382787924,227.1553594065449,3.0,11.50711301000047,45.13066341142777,51.59777031785529,16.941888821071412,1.4808460491102868,238.39435560354946,142.06219999999996,Very Poor,9.47081333333333,15.855552250237144,142.06219999999996
2.0,28.70102564102564,77.32153846153845,16.030940419738016,67.66871684116626,2.7437053382787924,227.1553594065449,3.0,11.50711301000047,45.13066341142777,51.59777031785529,16.941888821071412,1.4808460491102868,238.39435560354946,142.06219999999996,Very Poor,9.47081333333333,15.855552250237144,142.06219999999996
2.0,28.70102564102564,77.33128205128205,16.030940419738016,67.66871684116626,2.7437053382787924,227.1553594065449,3.0,11.50711301000047,45.13066341142777,51.59777031785529,16.941888821071412,1.4808460491102868,238.39435560354946,142.06219999999996,Very Poor,9.47081333333333,15.855552250237144,142.06219999999996
2.0,28.70102564102564,77.34102564102564,16.030940419738016,67.66871684116626,2.7437053382787924,227.1553594065449,3.0,11.50711301000047,45.13066341142777,51.59777031785529,16.941888821071412,1.4808460491102868,238.39435560354946,142.06219999999996,Very Poor,9.47081333333333,15.855552250237144,142.06219999999996
2.0,28.70102564102564,77.35076923076923,16.030940419738016,67.66871684116626,2.7437053382787924,227.1553594065449,3.0,11.50711301000047,45.13066341142777,51.59777031785529,16.941888821071412,1.4808460491102868,238.39435560354946,142.06219999999996,Very Poor,9.47081333333333,15.855552250237144,142.06219999999996
2.0,28.70102564102564,77.36051282051281,16.030940419738016,67.66871684116626,2.7437053382787924,227.1553594065449,3.0,11.50711301000047,45.13066341142777,51.59777031785529,16.941888821071412,1.4808460491102868,238.39435560354946,142.06219999999996,Very Poor,9.47081333333333,15.855552250237144,142.06219999999996
2.0,28.70102564102564,77.3702564102564,16.030940419738016,67.66871684116626,2.7437053382787924,227.1553594065449,3.0,11.50711301000047,45.13066341142777,51.59777031785529,16.941888821071412,1.4808460491102868,238.39435560354946,142.06219999999996,Very Poor,9.47081333333333,15.855552250237144,142.06219999999996
2.0,28.70102564102564,77.38,16.030940419738016,67.66871684116626,2.7437053382787924,227.1553594065449,3.0,11.50711301000047,45.13066341142777,51.59777031785529,16.941888821071412,1.4808460491102868,238.39435560354946,142.06219999999996,Very Poor,9.47081333333333,15.855552250237144,142.06219999999996
2.0,28.70820512820513,77.0,16.030940419738016,67.66871684116626,2.7437053382787924,227.1553594065449,3.0,11.50711301000047,45.13066341142777,51.59777031785529,16.941888821071412,1.4808460491102868,238.39435560354946,138.30419999999995,Very Poor,9.220279999999997,14.632268120834853,138.30419999999995
2.0,28.70820512820513,77.0097435897436,16.030940419738016,67.66871684116626,2.7437053382787924,227.1553594065449,3.0,11.50711301000047,45.13066341142777,51.59777031785529,16.941888821071412,1.4808460491102868,238.39435560354946,138.30419999999995,Very Poor,9.220279999999997,14.632268120834853,138.30419999999995
2.0,28.70820512820513,77.01948717948719,16.030940419738016,67.66871684116626,2.7437053382787924,227.1553594065449,3.0,11.50711301000047,45.13066341142777,51.59777031785529,16.941888821071412,1.4808460491102868,238.39435560354946,138.30419999999995,Very Poor,9.220279999999997,14.632268120834853,138.30419999999995
2.0,28.70820512820513,77.02923076923076,16.030940419738016,67.66871684116626,2.7437053382787924,227.1553594065449,3.0,11.50711301000047,45.13066341142777,51.59777031785529,16.941888821071412,1.4808460491102868,238.39435560354946,138.30419999999995,Very Poor,9.220279999999997,14.632268120834853,138.30419999999995
2.0,28.70820512820513,77.03897435897436,16.030940419738016,67.66871684116626,2.7437053382787924,227.1553594065449,3.0,11.50711301000047,45.13066341142777,51.59777031785529,16.941888821071412,1.4808460491102868,238.39435560354946,138.30419999999995,Very Poor,9.220279999999997,14.632268120834853,138.30419999999995
2.0,28.70820512820513,77.04871794871795,16.030940419738016,67.66871684116626,2.7437053382787924,227.1553594065449,3.0,11.50711301000047,45.13066341142777,51.59777031785529,16.941888821071412,1.4808460491102868,238.39435560354946,138.30419999999995,Very Poor,9.220279999999997,14.632268120834853,138.30419999999995
2.0,28.70820512820513,77.05846153846154,16.030940419738016,67.66871684116626,2.7437053382787924,227.1553594065449,3.0,11.50711301000047,45.13066341142777,51.59777031785529,16.941888821071412,1.4808460491102868,238.39435560354946,140.83409999999998,Very Poor,9.388939999999998,15.36350780876555,140.83409999999998
2.0,28.70820512820513,77.06820512820512,16.030940419738016,67.66871684116626,2.7437053382787924,227.1553594065449,3.0,11.50711301000047,45.13066341142777,51.59777031785529,16.941888821071412,1.4808460491102868,238.39435560354946,140.83409999999998,Very Poor,9.388939999999998,15.36350780876555,140.83409999999998
2.0,28.70820512820513,77.07794871794871,16.030940419738016,67.66871684116626,2.7437053382787924,227.1553594065449,3.0,11.50711301000047,45.13066341142777,51.59777031785529,16.941888821071412,1.4808460491102868,238.39435560354946,140.83409999999998,Very Poor,9.388939999999998,15.36350780876555,140.83409999999998
2.0,28.70820512820513,77.08769230769231,16.030940419738016,67.66871684116626,2.7437053382787924,227.1553594065449,3.0,11.50711301000047,45.13066341142777,51.59777031785529,16.941888821071412,1.4808460491102868,238.39435560354946,140.83409999999998,Very Poor,9.388939999999998,15.36350780876555,140.83409999999998
2.0,28.70820512820513,77.0974358974359,16.030940419738016,67.66871684116626,2.7437053382787924,227.1553594065449,3.0,11.50711301000047,45.13066341142777,51.59777031785529,16.941888821071412,1.4808460491102868,238.39435560354946,140.83409999999998,Very Poor,9.388939999999998,15.36350780876555,140.83409999999998
2.0,28.70820512820513,77.10717948717948,16.030940419738016,67.66871684116626,2.7437053382787924,227.1553594065449,3.0,11.50711301000047,45.13066341142777,51.59777031785529,16.941888821071412,1.4808460491102868,238.39435560354946,142.53639999999996,Very Poor,9.502426666666663,15.55512272661325,142.53639999999996
2.0,28.70820512820513,77.11692307692307,16.030940419738016,67.66871684116626,2.7437053382787924,227.1553594065449,3.0,11.50711301000047,45.13066341142777,51.59777031785529,16.941888821071412,1.4808460491102868,238.39435560354946,142.61929999999995,Very Poor,9.50795333333333,15.509473895332489,142.61929999999995
2.0,28.70820512820513,77.12666666666667,16.030940419738016,67.66871684116626,2.7437053382787924,227.1553594065449,3.0,11.50711301000047,45.13066341142777,51.59777031785529,16.941888821071412,1.4808460491102868,238.39435560354946,142.61929999999995,Very Poor,9.50795333333333,15.509473895332489,142.61929999999995
2.0,28.70820512820513,77.13641025641026,16.030940419738016,67.66871684116626,2.7437053382787924,227.1553594065449,3.0,11.50711301000047,45.13066341142777,51.59777031785529,16.941888821071412,1.4808460491102868,238.39435560354946,142.61929999999995,Very Poor,9.50795333333333,15.509473895332489,142.61929999999995
2.0,28.70820512820513,77.14615384615385,16.030940419738016,67.66871684116626,2.7437053382787924,227.1553594065449,3.0,11.50711301000047,45.13066341142777,51.59777031785529,16.941888821071412,1.4808460491102868,238.39435560354946,143.67649999999998,Very Poor,9.578433333333331,15.896179564599791,143.67649999999998
2.0,28.70820512820513,77.15589743589743,16.030940419738016,67.66871684116626,2.7437053382787924,227.1553594065449,3.0,11.50711301000047,45.13066341142777,51.59777031785529,16.941888821071412,1.4808460491102868,238.39435560354946,143.67649999999998,Very Poor,9.578433333333331,15.896179564599791,143.67649999999998
2.0,28.70820512820513,77.16564102564102,16.030940419738016,67.66871684116626,2.7437053382787924,227.1553594065449,3.1663977538837793,11.50711301000047,45.13066341142777,51.59777031785529,16.941888821071412,1.4808460491102868,238.39435560354946,142.71419999999998,Very Poor,9.514279999999998,15.438578637944621,142.71419999999998
2.0,28.70820512820513,77.17538461538462,16.030940419738016,67.66871684116626,2.7437053382787924,227.1553594065449,3.4409955695239915,11.50711301000047,45.13066341142777,51.59777031785529,16.941888821071412,1.4808460491102868,238.39435560354946,142.71419999999998,Very Poor,9.514279999999998,15.438578637944621,142.71419999999998
2.0,28.70820512820513,77.18512820512821,16.030940419738016,67.66871684116626,2.7437053382787924,227.1553594065449,3.6314711976898684,11.50711301000047,45.13066341142777,51.59777031785529,16.941888821071412,1.4808460491102868,238.39435560354946,142.71419999999998,Very Poor,9.514279999999998,15.438578637944621,142.71419999999998
2.0,28.70820512820513,77.19487179487179,16.030940419738016,67.66871684116626,2.7437053382787924,227.1553594065449,3.730153142326759,11.50711301000047,45.13066341142777,51.59777031785529,16.941888821071412,1.4808460491102868,238.39435560354946,142.05879999999996,Very Poor,9.470586666666664,15.860800880157344,142.05879999999996
2.0,28.70820512820513,77.20461538461538,16.030940419738016,67.66871684116626,2.7437053382787924,227.1553594065449,3.732703879864607,11.50711301000047,45.13066341142777,51.59777031785529,16.941888821071412,1.4808460491102868,238.39435560354946,142.05879999999996,Very Poor,9.470586666666664,15.860800880157344,142.05879999999996
2.0,28.70820512820513,77.21435897435897,16.030940419738016,67.66871684116626,2.7437053382787924,227.1553594065449,3.6390077643323737,11.50711301000047,45.13066341142777,51.59777031785529,16.941888821071412,1.4808460491102868,238.39435560354946,142.05879999999996,Very Poor,9.470586666666664,15.860800880157344,142.05879999999996
2.0,28.70820512820513,77.22410256410257,16.030940419738016,67.66871684116626,2.7437053382787924,227.1553594065449,3.4531958702773125,11.50711301000047,45.13066341142777,51.59777031785529,16.941888821071412,1.4808460491102868,238.39435560354946,142.05879999999996,Very Poor,9.470586666666664,15.860800880157344,142.05879999999996
2.0,28.70820512820513,77.23384615384614,16.030940419738016,67.66871684116626,2.7437053382787924,227.1553594065449,3.1827962528872114,11.50711301000047,45.13066341142777,51.59777031785529,16.941888821071412,1.4808460491102868,238.39435560354946,142.06219999999996,Very Poor,9.47081333333333,15.855552250237144,142.06219999999996
2.0,28.70820512820513,77.24358974358974,16.030940419738016,67.66871684116626,2.7437053382787924,227.1553594065449,3.0,11.50711301000047,45.13066341142777,51.59777031785529,16.941888821071412,1.4808460491102868,238.39435560354946,142.06219999999996,Very Poor,9.47081333333333,15.855552250237144,142.06219999999996
2.0,28.70820512820513,77.25333333333333,16.030940419738016,67.66871684116626,2.7437053382787924,227.1553594065449,3.0,11.50711301000047,45.13066341142777,51.59777031785529,16.941888821071412,1.4808460491102868,238.39435560354946,142.06219999999996,Very Poor,9.47081333333333,15.855552250237144,142.06219999999996
2.0,28.70820512820513,77.26307692307692,16.030940419738016,67.66871684116626,2.7437053382787924,227.1553594065449,3.0,11.50711301000047,45.13066341142777,51.59777031785529,16.941888821071412,1.4808460491102868,238.39435560354946,142.06219999999996,Very Poor,9.47081333333333,15.855552250237144,142.06219999999996
2.0,28.70820512820513,77.27282051282052,16.030940419738016,67.66871684116626,2.7437053382787924,227.1553594065449,3.0,11.50711301000047,45.13066341142777,51.59777031785529,16.941888821071412,1.4808460491102868,238.39435560354946,142.06219999999996,Very Poor,9.47081333333333,15.855552250237144,142.06219999999996
2.0,28.70820512820513,77.2825641025641,16.030940419738016,67.66871684116626,2.7437053382787924,227.1553594065449,3.0,11.50711301000047,45.13066341142777,51.59777031785529,16.941888821071412,1.4808460491102868,238.39435560354946,142.06219999999996,Very Poor,9.47081333333333,15.855552250237144,142.06219999999996
2.0,28.70820512820513,77.29230769230769,16.030940419738016,67.66871684116626,2.7437053382787924,227.1553594065449,3.0,11.50711301000047,45.13066341142777,51.59777031785529,16.941888821071412,1.4808460491102868,238.39435560354946,142.06219999999996,Very Poor,9.47081333333333,15.855552250237144,142.06219999999996
2.0,28.70820512820513,77.30205128205128,16.030940419738016,67.66871684116626,2.7437053382787924,227.1553594065449,3.0,11.50711301000047,45.13066341142777,51.59777031785529,16.941888821071412,1.4808460491102868,238.39435560354946,142.06219999999996,Very Poor,9.47081333333333,15.855552250237144,142.06219999999996
2.0,28.70820512820513,77.31179487179487,16.030940419738016,67.66871684116626,2.7437053382787924,227.1553594065449,3.0,11.50711301000047,45.13066341142777,51.59777031785529,16.941888821071412,1.4808460491102868,238.39435560354946,142.06219999999996,Very Poor,9.47081333333333,15.855552250237144,142.06219999999996
2.0,28.70820512820513,77.32153846153845,16.030940419738016,67.66871684116626,2.7437053382787924,227.1553594065449,3.0,11.50711301000047,45.13066341142777,51.59777031785529,16.941888821071412,1.4808460491102868,238.39435560354946,142.06219999999996,Very Poor,9.47081333333333,15.855552250237144,142.06219999999996
2.0,28.70820512820513,77.33128205128205,16.030940419738016,67.66871684116626,2.7437053382787924,227.1553594065449,3.0,11.50711301000047,45.13066341142777,51.59777031785529,16.941888821071412,1.4808460491102868,238.39435560354946,142.06219999999996,Very Poor,9.47081333333333,15.855552250237144,142.06219999999996
2.0,28.70820512820513,77.34102564102564,16.030940419738016,67.66871684116626,2.7437053382787924,227.1553594065449,3.0,11.50711301000047,45.13066341142777,51.59777031785529,16.941888821071412,1.4808460491102868,238.39435560354946,142.06219999999996,Very Poor,9.47081333333333,15.855552250237144,142.06219999999996
2.0,28.70820512820513,77.35076923076923,16.030940419738016,67.66871684116626,2.7437053382787924,227.1553594065449,3.0,11.50711301000047,45.13066341142777,51.59777031785529,16.941888821071412,1.4808460491102868,238.39435560354946,142.06219999999996,Very Poor,9.47081333333333,15.855552250237144,142.06219999999996
2.0,28.70820512820513,77.36051282051281,16.030940419738016,67.66871684116626,2.7437053382787924,227.1553594065449,3.0,11.50711301000047,45.13066341142777,51.59777031785529,16.941888821071412,1.4808460491102868,238.39435560354946,142.06219999999996,Very Poor,9.47081333333333,15.855552250237144,142.06219999999996
2.0,28.70820512820513,77.3702564102564,16.030940419738016,67.66871684116626,2.7437053382787924,227.1553594065449,3.0,11.50711301000047,45.13066341142777,51.59777031785529,16.941888821071412,1.4808460491102868,238.39435560354946,142.06219999999996,Very Poor,9.47081333333333,15.855552250237144,142.06219999999996
2.0,28.70820512820513,77.38,16.030940419738016,67.66871684116626,2.7437053382787924,227.1553594065449,3.0,11.50711301000047,45.13066341142777,51.59777031785529,16.941888821071412,1.4808460491102868,238.39435560354946,142.06219999999996,Very Poor,9.47081333333333,15.855552250237144,142.06219999999996
2.0,28.715384615384615,77.0,16.030940419738016,67.66871684116626,2.7437053382787924,227.1553594065449,3.0,11.50711301000047,45.13066341142777,51.59777031785529,16.941888821071412,1.4808460491102868,238.39435560354946,137.33959999999996,Very Poor,9.15597333333333,14.602662422996705,137.33959999999996
2.0,28.715384615384615,77.0097435897436,16.030940419738016,67.66871684116626,2.7437053382787924,227.1553594065449,3.0,11.50711301000047,45.13066341142777,51.59777031785529,16.941888821071412,1.4808460491102868,238.39435560354946,137.33959999999996,Very Poor,9.15597333333333,14.602662422996705,137.33959999999996
2.0,28.715384615384615,77.01948717948719,16.030940419738016,67.66871684116626,2.7437053382787924,227.1553594065449,3.0,11.50711301000047,45.13066341142777,51.59777031785529,16.941888821071412,1.4808460491102868,238.39435560354946,137.33959999999996,Very Poor,9.15597333333333,14.602662422996705,137.33959999999996
2.0,28.715384615384615,77.02923076923076,16.030940419738016,67.66871684116626,2.7437053382787924,227.1553594065449,3.0,11.50711301000047,45.13066341142777,51.59777031785529,16.941888821071412,1.4808460491102868,238.39435560354946,137.33959999999996,Very Poor,9.15597333333333,14.602662422996705,137.33959999999996
2.0,28.715384615384615,77.03897435897436,16.030940419738016,67.66871684116626,2.7437053382787924,227.1553594065449,3.0,11.50711301000047,45.13066341142777,51.59777031785529,16.941888821071412,1.4808460491102868,238.39435560354946,137.33959999999996,Very Poor,9.15597333333333,14.602662422996705,137.33959999999996
2.0,28.715384615384615,77.04871794871795,16.030940419738016,67.66871684116626,2.7437053382787924,227.1553594065449,3.0,11.50711301000047,45.13066341142777,51.59777031785529,16.941888821071412,1.4808460491102868,238.39435560354946,137.33959999999996,Very Poor,9.15597333333333,14.602662422996705,137.33959999999996
2.0,28.715384615384615,77.05846153846154,16.030940419738016,67.66871684116626,2.7437053382787924,227.1553594065449,3.0,11.50711301000047,45.13066341142777,51.59777031785529,16.941888821071412,1.4808460491102868,238.39435560354946,139.8902,Very Poor,9.326013333333332,15.464964660806695,139.8902
2.0,28.715384615384615,77.06820512820512,16.030940419738016,67.66871684116626,2.7437053382787924,227.1553594065449,3.0,11.50711301000047,45.13066341142777,51.59777031785529,16.941888821071412,1.4808460491102868,238.39435560354946,139.8902,Very Poor,9.326013333333332,15.464964660806695,139.8902
2.0,28.715384615384615,77.07794871794871,16.030940419738016,67.66871684116626,2.7437053382787924,227.1553594065449,3.0,11.50711301000047,45.13066341142777,51.59777031785529,16.941888821071412,1.4808460491102868,238.39435560354946,139.8902,Very Poor,9.326013333333332,15.464964660806695,139.8902
2.0,28.715384615384615,77.08769230769231,16.030940419738016,67.66871684116626,2.7437053382787924,227.1553594065449,3.0,11.50711301000047,45.13066341142777,51.59777031785529,16.941888821071412,1.4808460491102868,238.39435560354946,139.8902,Very Poor,9.326013333333332,15.464964660806695,139.8902
2.0,28.715384615384615,77.0974358974359,16.030940419738016,67.66871684116626,2.7437053382787924,227.1553594065449,3.0,11.50711301000047,45.13066341142777,51.59777031785529,16.941888821071412,1.4808460491102868,238.39435560354946,139.8902,Very Poor,9.326013333333332,15.464964660806695,139.8902
2.0,28.715384615384615,77.10717948717948,16.030940419738016,67.66871684116626,2.7437053382787924,227.1553594065449,3.0,11.50711301000047,45.13066341142777,51.59777031785529,16.941888821071412,1.4808460491102868,238.39435560354946,141.59249999999997,Very Poor,9.439499999999999,15.75763956784137,141.59249999999997
2.0,28.715384615384615,77.11692307692307,16.030940419738016,67.66871684116626,2.7437053382787924,227.1553594065449,3.0,11.50711301000047,45.13066341142777,51.59777031785529,16.941888821071412,1.4808460491102868,238.39435560354946,141.6754,Very Poor,9.445026666666667,15.717558361272275,141.6754
2.0,28.715384615384615,77.12666666666667,16.030940419738016,67.66871684116626,2.7437053382787924,227.1553594065449,3.0,11.50711301000047,45.13066341142777,51.59777031785529,16.941888821071412,1.4808460491102868,238.39435560354946,141.6754,Very Poor,9.445026666666667,15.717558361272275,141.6754
2.0,28.715384615384615,77.13641025641026,16.030940419738016,67.66871684116626,2.7437053382787924,227.1553594065449,3.0,11.50711301000047,45.13066341142777,51.59777031785529,16.941888821071412,1.4808460491102868,238.39435560354946,141.6754,Very Poor,9.445026666666667,15.717558361272275,141.6754
2.0,28.715384615384615,77.14615384615385,16.030940419738016,67.66871684116626,2.7437053382787924,227.1553594065449,3.0,11.50711301000047,45.13066341142777,51.59777031785529,16.941888821071412,1.4808460491102868,238.39435560354946,142.80370000000002,Very Poor,9.520246666666669,16.154349485819605,142.80370000000002
2.0,28.715384615384615,77.15589743589743,16.030940419738016,67.66871684116626,2.7437053382787924,227.1553594065449,3.0,11.50711301000047,45.13066341142777,51.59777031785529,16.941888821071412,1.4808460491102868,238.39435560354946,142.80370000000002,Very Poor,9.520246666666669,16.154349485819605,142.80370000000002
2.0,28.715384615384615,77.16564102564102,16.030940419738016,67.66871684116626,2.7437053382787924,227.1553594065449,3.0,11.50711301000047,45.13066341142777,51.59777031785529,16.941888821071412,1.4808460491102868,238.39435560354946,141.84140000000002,Very Poor,9.456093333333335,15.650699730044023,141.84140000000002
2.0,28.715384615384615,77.17538461538462,16.030940419738016,67.66871684116626,2.7437053382787924,227.1553594065449,3.0,11.50711301000047,45.13066341142777,51.59777031785529,16.941888821071412,1.4808460491102868,238.39435560354946,141.84140000000002,Very Poor,9.456093333333335,15.650699730044023,141.84140000000002
2.0,28.715384615384615,77.18512820512821,16.030940419738016,67.66871684116626,2.7437053382787924,227.1553594065449,3.0663935723636717,11.50711301000047,45.13066341142777,51.59777031785529,16.941888821071412,1.4808460491102868,238.39435560354946,141.84140000000002,Very Poor,9.456093333333335,15.650699730044023,141.84140000000002
2.0,28.715384615384615,77.19487179487179,16.030940419738016,67.66871684116626,2.7437053382787924,227.1553594065449,3.156921847137716,11.50711301000047,45.13066341142777,51.59777031785529,16.941888821071412,1.4808460491102868,238.39435560354946,141.186,Very Poor,9.4124,16.031707020776047,141.186
2.0,28.715384615384615,77.20461538461538,16.030940419738016,67.66871684116626,2.7437053382787924,227.1553594065449,3.159258838037342,11.50711301000047,45.13066341142777,51.59777031785529,16.941888821071412,1.4808460491102868,238.39435560354946,141.186,Very Poor,9.4124,16.031707020776047,141.186
2.0,28.715384615384615,77.21435897435897,16.030940419738016,67.66871684116626,2.7437053382787924,227.1553594065449,3.0733152800398154,11.50711301000047,45.13066341142777,51.59777031785529,16.941888821071412,1.4808460491102868,238.39435560354946,141.186,Very Poor,9.4124,16.031707020776047,141.186
2.0,28.715384615384615,77.22410256410257,16.030940419738016,67.66871684116626,2.7437053382787924,227.1553594065449,3.0,11.50711301000047,45.13066341142777,51.59777031785529,16.941888821071412,1.4808460491102868,238.39435560354946,141.186,Very Poor,9.4124,16.031707020776047,141.186
2.0,28.715384615384615,77.23384615384614,16.030940419738016,67.66871684116626,2.7437053382787924,227.1553594065449,3.0,11.50711301000047,45.13066341142777,51.59777031785529,16.941888821071412,1.4808460491102868,238.39435560354946,141.1687,Very Poor,9.411246666666667,16.05603585291214,141.1687
2.0,28.715384615384615,77.24358974358974,16.030940419738016,67.66871684116626,2.7437053382787924,227.1553594065449,3.0,11.50711301000047,45.13066341142777,51.59777031785529,16.941888821071412,1.4808460491102868,238.39435560354946,141.1687,Very Poor,9.411246666666667,16.05603585291214,141.1687
2.0,28.715384615384615,77.25333333333333,16.030940419738016,67.66871684116626,2.7437053382787924,227.1553594065449,3.0,11.50711301000047,45.13066341142777,51.59777031785529,16.941888821071412,1.4808460491102868,238.39435560354946,141.1687,Very Poor,9.411246666666667,16.05603585291214,141.1687
2.0,28.715384615384615,77.26307692307692,16.030940419738016,67.66871684116626,2.7437053382787924,227.1553594065449,3.0,11.50711301000047,45.13066341142777,51.59777031785529,16.941888821071412,1.4808460491102868,238.39435560354946,141.1687,Very Poor,9.411246666666667,16.05603585291214,141.1687
2.0,28.715384615384615,77.27282051282052,16.030940419738016,67.66871684116626,2.7437053382787924,227.1553594065449,3.0,11.50711301000047,45.13066341142777,51.59777031785529,16.941888821071412,1.4808460491102868,238.39435560354946,141.1687,Very Poor,9.411246666666667,16.05603585291214,141.1687
2.0,28.715384615384615,77.2825641025641,16.030940419738016,67.66871684116626,2.7437053382787924,227.1553594065449,3.0,11.50711301000047,45.13066341142777,51.59777031785529,16.941888821071412,1.4808460491102868,238.39435560354946,141.1687,Very Poor,9.411246666666667,16.05603585291214,141.1687
2.0,28.715384615384615,77.29230769230769,16.030940419738016,67.66871684116626,2.7437053382787924,227.1553594065449,3.0,11.50711301000047,45.13066341142777,51.59777031785529,16.941888821071412,1.4808460491102868,238.39435560354946,141.1687,Very Poor,9.411246666666667,16.05603585291214,141.1687
2.0,28.715384615384615,77.30205128205128,16.030940419738016,67.66871684116626,2.7437053382787924,227.1553594065449,3.0,11.50711301000047,45.13066341142777,51.59777031785529,16.941888821071412,1.4808460491102868,238.39435560354946,141.1687,Very Poor,9.411246666666667,16.05603585291214,141.1687
2.0,28.715384615384615,77.31179487179487,16.030940419738016,67.66871684116626,2.7437053382787924,227.1553594065449,3.0,11.50711301000047,45.13066341142777,51.59777031785529,16.941888821071412,1.4808460491102868,238.39435560354946,141.1687,Very Poor,9.411246666666667,16.05603585291214,141.1687
2.0,28.715384615384615,77.32153846153845,16.030940419738016,67.66871684116626,2.7437053382787924,227.1553594065449,3.0,11.50711301000047,45.13066341142777,51.59777031785529,16.941888821071412,1.4808460491102868,238.39435560354946,141.1687,Very Poor,9.411246666666667,16.05603585291214,141.1687
2.0,28.715384615384615,77.33128205128205,16.030940419738016,67.66871684116626,2.7437053382787924,227.1553594065449,3.0,11.50711301000047,45.13066341142777,51.59777031785529,16.941888821071412,1.4808460491102868,238.39435560354946,141.1687,Very Poor,9.411246666666667,16.05603585291214,141.1687
2.0,28.715384615384615,77.34102564102564,16.030940419738016,67.66871684116626,2.7437053382787924,227.1553594065449,3.0,11.50711301000047,45.13066341142777,51.59777031785529,16.941888821071412,1.4808460491102868,238.39435560354946,141.1687,Very Poor,9.411246666666667,16.05603585291214,141.1687
2.0,28.715384615384615,77.35076923076923,16.030940419738016,67.66871684116626,2.7437053382787924,227.1553594065449,3.0,11.50711301000047,45.13066341142777,51.59777031785529,16.941888821071412,1.4808460491102868,238.39435560354946,141.1687,Very Poor,9.411246666666667,16.05603585291214,141.1687
2.0,28.715384615384615,77.36051282051281,16.030940419738016,67.66871684116626,2.7437053382787924,227.1553594065449,3.0,11.50711301000047,45.13066341142777,51.59777031785529,16.941888821071412,1.4808460491102868,238.39435560354946,141.1687,Very Poor,9.411246666666667,16.05603585291214,141.1687
2.0,28.715384615384615,77.3702564102564,16.030940419738016,67.66871684116626,2.7437053382787924,227.1553594065449,3.0,11.50711301000047,45.13066341142777,51.59777031785529,16.941888821071412,1.4808460491102868,238.39435560354946,141.1687,Very Poor,9.411246666666667,16.05603585291214,141.1687
2.0,28.715384615384615,77.38,16.030940419738016,67.66871684116626,2.7437053382787924,227.1553594065449,3.0,11.50711301000047,45.13066341142777,51.59777031785529,16.941888821071412,1.4808460491102868,238.39435560354946,141.1687,Very Poor,9.411246666666667,16.05603585291214,141.1687
2.0,28.722564102564103,77.0,16.030940419738016,67.66871684116626,2.7437053382787924,227.1553594065449,3.0,11.50711301000047,45.13066341142777,51.59777031785529,16.941888821071412,1.4808460491102868,238.39435560354946,137.33959999999996,Very Poor,9.15597333333333,14.602662422996705,137.33959999999996
2.0,28.722564102564103,77.0097435897436,16.030940419738016,67.66871684116626,2.7437053382787924,227.1553594065449,3.0,11.50711301000047,45.13066341142777,51.59777031785529,16.941888821071412,1.4808460491102868,238.39435560354946,137.33959999999996,Very Poor,9.15597333333333,14.602662422996705,137.33959999999996
2.0,28.722564102564103,77.01948717948719,16.030940419738016,67.66871684116626,2.7437053382787924,227.1553594065449,3.0,11.50711301000047,45.13066341142777,51.59777031785529,16.941888821071412,1.4808460491102868,238.39435560354946,137.33959999999996,Very Poor,9.15597333333333,14.602662422996705,137.33959999999996
2.0,28.722564102564103,77.02923076923076,16.030940419738016,67.66871684116626,2.7437053382787924,227.1553594065449,3.0,11.50711301000047,45.13066341142777,51.59777031785529,16.941888821071412,1.4808460491102868,238.39435560354946,137.33959999999996,Very Poor,9.15597333333333,14.602662422996705,137.33959999999996
2.0,28.722564102564103,77.03897435897436,16.030940419738016,67.66871684116626,2.7437053382787924,227.1553594065449,3.0,11.50711301000047,45.13066341142777,51.59777031785529,16.941888821071412,1.4808460491102868,238.39435560354946,137.33959999999996,Very Poor,9.15597333333333,14.602662422996705,137.33959999999996
2.0,28.722564102564103,77.04871794871795,16.030940419738016,67.66871684116626,2.7437053382787924,227.1553594065449,3.0,11.50711301000047,45.13066341142777,51.59777031785529,16.941888821071412,1.4808460491102868,238.39435560354946,137.33959999999996,Very Poor,9.15597333333333,14.602662422996705,137.33959999999996
2.0,28.722564102564103,77.05846153846154,16.030940419738016,67.66871684116626,2.7437053382787924,227.1553594065449,3.0,11.50711301000047,45.13066341142777,51.59777031785529,16.941888821071412,1.4808460491102868,238.39435560354946,139.8902,Very Poor,9.326013333333332,15.464964660806695,139.8902
2.0,28.722564102564103,77.06820512820512,16.030940419738016,67.66871684116626,2.7437053382787924,227.1553594065449,3.0,11.50711301000047,45.13066341142777,51.59777031785529,16.941888821071412,1.4808460491102868,238.39435560354946,139.8902,Very Poor,9.326013333333332,15.464964660806695,139.8902
2.0,28.722564102564103,77.07794871794871,16.030940419738016,67.66871684116626,2.7437053382787924,227.1553594065449,3.0,11.50711301000047,45.13066341142777,51.59777031785529,16.941888821071412,1.4808460491102868,238.39435560354946,139.8902,Very Poor,9.326013333333332,15.464964660806695,139.8902
2.0,28.722564102564103,77.08769230769231,16.030940419738016,67.66871684116626,2.7437053382787924,227.1553594065449,3.0,11.50711301000047,45.13066341142777,51.59777031785529,16.941888821071412,1.4808460491102868,238.39435560354946,139.8902,Very Poor,9.326013333333332,15.464964660806695,139.8902
2.0,28.722564102564103,77.0974358974359,16.030940419738016,67.66871684116626,2.7437053382787924,227.1553594065449,3.0,11.50711301000047,45.13066341142777,51.59777031785529,16.941888821071412,1.4808460491102868,238.39435560354946,139.8902,Very Poor,9.326013333333332,15.464964660806695,139.8902
2.0,28.722564102564103,77.10717948717948,16.030940419738016,67.66871684116626,2.7437053382787924,227.1553594065449,3.0,11.50711301000047,45.13066341142777,51.59777031785529,16.941888821071412,1.4808460491102868,238.39435560354946,141.59249999999997,Very Poor,9.439499999999999,15.75763956784137,141.59249999999997
2.0,28.722564102564103,77.11692307692307,16.030940419738016,67.66871684116626,2.7437053382787924,227.1553594065449,3.0,11.50711301000047,45.13066341142777,51.59777031785529,16.941888821071412,1.4808460491102868,238.39435560354946,141.6754,Very Poor,9.445026666666667,15.717558361272275,141.6754
2.0,28.722564102564103,77.12666666666667,16.030940419738016,67.66871684116626,2.7437053382787924,227.1553594065449,3.0,11.50711301000047,45.13066341142777,51.59777031785529,16.941888821071412,1.4808460491102868,238.39435560354946,141.6754,Very Poor,9.445026666666667,15.717558361272275,141.6754
2.0,28.722564102564103,77.13641025641026,16.030940419738016,67.66871684116626,2.7437053382787924,227.1553594065449,3.0,11.50711301000047,45.13066341142777,51.59777031785529,16.941888821071412,1.4808460491102868,238.39435560354946,141.6754,Very Poor,9.445026666666667,15.717558361272275,141.6754
2.0,28.722564102564103,77.14615384615385,16.030940419738016,67.66871684116626,2.7437053382787924,227.1553594065449,3.0,11.50711301000047,45.13066341142777,51.59777031785529,16.941888821071412,1.4808460491102868,238.39435560354946,142.80370000000002,Very Poor,9.520246666666669,16.154349485819605,142.80370000000002
2.0,28.722564102564103,77.15589743589743,16.030940419738016,67.66871684116626,2.7437053382787924,227.1553594065449,3.0,11.50711301000047,45.13066341142777,51.59777031785529,16.941888821071412,1.4808460491102868,238.39435560354946,142.80370000000002,Very Poor,9.520246666666669,16.154349485819605,142.80370000000002
2.0,28.722564102564103,77.16564102564102,16.030940419738016,67.66871684116626,2.7437053382787924,227.1553594065449,3.0,11.50711301000047,45.13066341142777,51.59777031785529,16.941888821071412,1.4808460491102868,238.39435560354946,141.84140000000002,Very Poor,9.456093333333335,15.650699730044023,141.84140000000002
2.0,28.722564102564103,77.17538461538462,16.030940419738016,67.66871684116626,2.7437053382787924,227.1553594065449,3.0,11.50711301000047,45.13066341142777,51.59777031785529,16.941888821071412,1.4808460491102868,238.39435560354946,141.84140000000002,Very Poor,9.456093333333335,15.650699730044023,141.84140000000002
2.0,28.722564102564103,77.18512820512821,16.030940419738016,67.66871684116626,2.7437053382787924,227.1553594065449,3.0,11.50711301000047,45.13066341142777,51.59777031785529,16.941888821071412,1.4808460491102868,238.39435560354946,141.84140000000002,Very Poor,9.456093333333335,15.650699730044023,141.84140000000002
2.0,28.722564102564103,77.19487179487179,16.030940419738016,67.66871684116626,2.7437053382787924,227.1553594065449,3.0,11.50711301000047,45.13066341142777,51.59777031785529,16.941888821071412,1.4808460491102868,238.39435560354946,141.186,Very Poor,9.4124,16.031707020776047,141.186
2.0,28.722564102564103,77.20461538461538,16.030940419738016,67.66871684116626,2.7437053382787924,227.1553594065449,3.0,11.50711301000047,45.13066341142777,51.59777031785529,16.941888821071412,1.4808460491102868,238.39435560354946,141.186,Very Poor,9.4124,16.031707020776047,141.186
2.0,28.722564102564103,77.21435897435897,16.030940419738016,67.66871684116626,2.7437053382787924,227.1553594065449,3.0,11.50711301000047,45.13066341142777,51.59777031785529,16.941888821071412,1.4808460491102868,238.39435560354946,141.186,Very Poor,9.4124,16.031707020776047,141.186
2.0,28.722564102564103,77.22410256410257,16.030940419738016,67.66871684116626,2.7437053382787924,227.1553594065449,3.0,11.50711301000047,45.13066341142777,51.59777031785529,16.941888821071412,1.4808460491102868,238.39435560354946,141.186,Very Poor,9.4124,16.031707020776047,141.186
2.0,28.722564102564103,77.23384615384614,16.030940419738016,67.66871684116626,2.7437053382787924,227.1553594065449,3.0,11.50711301000047,45.13066341142777,51.59777031785529,16.941888821071412,1.4808460491102868,238.39435560354946,141.1687,Very Poor,9.411246666666667,16.05603585291214,141.1687
2.0,28.722564102564103,77.24358974358974,16.030940419738016,67.66871684116626,2.7437053382787924,227.1553594065449,3.0,11.50711301000047,45.13066341142777,51.59777031785529,16.941888821071412,1.4808460491102868,238.39435560354946,141.1687,Very Poor,9.411246666666667,16.05603585291214,141.1687
2.0,28.722564102564103,77.25333333333333,16.030940419738016,67.66871684116626,2.7437053382787924,227.1553594065449,3.0,11.50711301000047,45.13066341142777,51.59777031785529,16.941888821071412,1.4808460491102868,238.39435560354946,141.1687,Very Poor,9.411246666666667,16.05603585291214,141.1687
2.0,28.722564102564103,77.26307692307692,16.030940419738016,67.66871684116626,2.7437053382787924,227.1553594065449,3.0,11.50711301000047,45.13066341142777,51.59777031785529,16.941888821071412,1.4808460491102868,238.39435560354946,141.1687,Very Poor,9.411246666666667,16.05603585291214,141.1687
2.0,28.722564102564103,77.27282051282052,16.030940419738016,67.66871684116626,2.7437053382787924,227.1553594065449,3.0,11.50711301000047,45.13066341142777,51.59777031785529,16.941888821071412,1.4808460491102868,238.39435560354946,141.1687,Very Poor,9.411246666666667,16.05603585291214,141.1687
2.0,28.722564102564103,77.2825641025641,16.030940419738016,67.66871684116626,2.7437053382787924,227.1553594065449,3.0,11.50711301000047,45.13066341142777,51.59777031785529,16.941888821071412,1.4808460491102868,238.39435560354946,141.1687,Very Poor,9.411246666666667,16.05603585291214,141.1687
2.0,28.722564102564103,77.29230769230769,16.030940419738016,67.66871684116626,2.7437053382787924,227.1553594065449,3.0,11.50711301000047,45.13066341142777,51.59777031785529,16.941888821071412,1.4808460491102868,238.39435560354946,141.1687,Very Poor,9.411246666666667,16.05603585291214,141.1687
2.0,28.722564102564103,77.30205128205128,16.030940419738016,67.66871684116626,2.7437053382787924,227.1553594065449,3.0,11.50711301000047,45.13066341142777,51.59777031785529,16.941888821071412,1.4808460491102868,238.39435560354946,141.1687,Very Poor,9.411246666666667,16.05603585291214,141.1687
2.0,28.722564102564103,77.31179487179487,16.030940419738016,67.66871684116626,2.7437053382787924,227.1553594065449,3.0,11.50711301000047,45.13066341142777,51.59777031785529,16.941888821071412,1.4808460491102868,238.39435560354946,141.1687,Very Poor,9.411246666666667,16.05603585291214,141.1687
2.0,28.722564102564103,77.32153846153845,16.030940419738016,67.66871684116626,2.7437053382787924,227.1553594065449,3.0,11.50711301000047,45.13066341142777,51.59777031785529,16.941888821071412,1.4808460491102868,238.39435560354946,141.1687,Very Poor,9.411246666666667,16.05603585291214,141.1687
2.0,28.722564102564103,77.33128205128205,16.030940419738016,67.66871684116626,2.7437053382787924,227.1553594065449,3.0,11.50711301000047,45.13066341142777,51.59777031785529,16.941888821071412,1.4808460491102868,238.39435560354946,141.1687,Very Poor,9.411246666666667,16.05603585291214,141.1687
2.0,28.722564102564103,77.34102564102564,16.030940419738016,67.66871684116626,2.7437053382787924,227.1553594065449,3.0,11.50711301000047,45.13066341142777,51.59777031785529,16.941888821071412,1.4808460491102868,238.39435560354946,141.1687,Very Poor,9.411246666666667,16.05603585291214,141.1687
2.0,28.722564102564103,77.35076923076923,16.030940419738016,67.66871684116626,2.7437053382787924,227.1553594065449,3.0,11.50711301000047,45.13066341142777,51.59777031785529,16.941888821071412,1.4808460491102868,238.39435560354946,141.1687,Very Poor,9.411246666666667,16.05603585291214,141.1687
2.0,28.722564102564103,77.36051282051281,16.030940419738016,67.66871684116626,2.7437053382787924,227.1553594065449,3.0,11.50711301000047,45.13066341142777,51.59777031785529,16.941888821071412,1.4808460491102868,238.39435560354946,141.1687,Very Poor,9.411246666666667,16.05603585291214,141.1687
2.0,28.722564102564103,77.3702564102564,16.030940419738016,67.66871684116626,2.7437053382787924,227.1553594065449,3.0,11.50711301000047,45.13066341142777,51.59777031785529,16.941888821071412,1.4808460491102868,238.39435560354946,141.1687,Very Poor,9.411246666666667,16.05603585291214,141.1687
2.0,28.722564102564103,77.38,16.030940419738016,67.66871684116626,2.7437053382787924,227.1553594065449,3.0,11.50711301000047,45.13066341142777,51.59777031785529,16.941888821071412,1.4808460491102868,238.39435560354946,141.1687,Very Poor,9.411246666666667,16.05603585291214,141.1687
2.0,28.72974358974359,77.0,16.030940419738016,67.66871684116626,2.7437053382787924,227.1553594065449,3.0,11.50711301000047,45.13066341142777,51.59777031785529,16.941888821071412,1.4808460491102868,238.39435560354946,137.33959999999996,Very Poor,9.15597333333333,14.602662422996705,137.33959999999996
2.0,28.72974358974359,77.0097435897436,16.030940419738016,67.66871684116626,2.7437053382787924,227.1553594065449,3.0,11.50711301000047,45.13066341142777,51.59777031785529,16.941888821071412,1.4808460491102868,238.39435560354946,137.33959999999996,Very Poor,9.15597333333333,14.602662422996705,137.33959999999996
2.0,28.72974358974359,77.01948717948719,16.030940419738016,67.66871684116626,2.7437053382787924,227.1553594065449,3.0,11.50711301000047,45.13066341142777,51.59777031785529,16.941888821071412,1.4808460491102868,238.39435560354946,137.33959999999996,Very Poor,9.15597333333333,14.602662422996705,137.33959999999996
2.0,28.72974358974359,77.02923076923076,16.030940419738016,67.66871684116626,2.7437053382787924,227.1553594065449,3.0,11.50711301000047,45.13066341142777,51.59777031785529,16.941888821071412,1.4808460491102868,238.39435560354946,137.33959999999996,Very Poor,9.15597333333333,14.602662422996705,137.33959999999996
2.0,28.72974358974359,77.03897435897436,16.030940419738016,67.66871684116626,2.7437053382787924,227.1553594065449,3.0,11.50711301000047,45.13066341142777,51.59777031785529,16.941888821071412,1.4808460491102868,238.39435560354946,137.33959999999996,Very Poor,9.15597333333333,14.602662422996705,137.33959999999996
2.0,28.72974358974359,77.04871794871795,16.030940419738016,67.66871684116626,2.7437053382787924,227.1553594065449,3.0,11.50711301000047,45.13066341142777,51.59777031785529,16.941888821071412,1.4808460491102868,238.39435560354946,137.33959999999996,Very Poor,9.15597333333333,14.602662422996705,137.33959999999996
2.0,28.72974358974359,77.05846153846154,16.030940419738016,67.66871684116626,2.7437053382787924,227.1553594065449,3.0,11.50711301000047,45.13066341142777,51.59777031785529,16.941888821071412,1.4808460491102868,238.39435560354946,139.8902,Very Poor,9.326013333333332,15.464964660806695,139.8902
2.0,28.72974358974359,77.06820512820512,16.030940419738016,67.66871684116626,2.7437053382787924,227.1553594065449,3.0,11.50711301000047,45.13066341142777,51.59777031785529,16.941888821071412,1.4808460491102868,238.39435560354946,139.8902,Very Poor,9.326013333333332,15.464964660806695,139.8902
2.0,28.72974358974359,77.07794871794871,16.030940419738016,67.66871684116626,2.7437053382787924,227.1553594065449,3.0,11.50711301000047,45.13066341142777,51.59777031785529,16.941888821071412,1.4808460491102868,238.39435560354946,139.8902,Very Poor,9.326013333333332,15.464964660806695,139.8902
2.0,28.72974358974359,77.08769230769231,16.030940419738016,67.66871684116626,2.7437053382787924,227.1553594065449,3.0,11.50711301000047,45.13066341142777,51.59777031785529,16.941888821071412,1.4808460491102868,238.39435560354946,139.8902,Very Poor,9.326013333333332,15.464964660806695,139.8902
2.0,28.72974358974359,77.0974358974359,16.030940419738016,67.66871684116626,2.7437053382787924,227.1553594065449,3.0,11.50711301000047,45.13066341142777,51.59777031785529,16.941888821071412,1.4808460491102868,238.39435560354946,139.8902,Very Poor,9.326013333333332,15.464964660806695,139.8902
2.0,28.72974358974359,77.10717948717948,16.030940419738016,67.66871684116626,2.7437053382787924,227.1553594065449,3.0,11.50711301000047,45.13066341142777,51.59777031785529,16.941888821071412,1.4808460491102868,238.39435560354946,141.59249999999997,Very Poor,9.439499999999999,15.75763956784137,141.59249999999997
2.0,28.72974358974359,77.11692307692307,16.030940419738016,67.66871684116626,2.7437053382787924,227.1553594065449,3.0,11.50711301000047,45.13066341142777,51.59777031785529,16.941888821071412,1.4808460491102868,238.39435560354946,141.6754,Very Poor,9.445026666666667,15.717558361272275,141.6754
2.0,28.72974358974359,77.12666666666667,16.030940419738016,67.66871684116626,2.7437053382787924,227.1553594065449,3.0,11.50711301000047,45.13066341142777,51.59777031785529,16.941888821071412,1.4808460491102868,238.39435560354946,141.6754,Very Poor,9.445026666666667,15.717558361272275,141.6754
2.0,28.72974358974359,77.13641025641026,16.030940419738016,67.66871684116626,2.7437053382787924,227.1553594065449,3.0,11.50711301000047,45.13066341142777,51.59777031785529,16.941888821071412,1.4808460491102868,238.39435560354946,141.6754,Very Poor,9.445026666666667,15.717558361272275,141.6754
2.0,28.72974358974359,77.14615384615385,16.030940419738016,67.66871684116626,2.7437053382787924,227.1553594065449,3.0,11.50711301000047,45.13066341142777,51.59777031785529,16.941888821071412,1.4808460491102868,238.39435560354946,142.80370000000002,Very Poor,9.520246666666669,16.154349485819605,142.80370000000002
2.0,28.72974358974359,77.15589743589743,16.030940419738016,67.66871684116626,2.7437053382787924,227.1553594065449,3.0,11.50711301000047,45.13066341142777,51.59777031785529,16.941888821071412,1.4808460491102868,238.39435560354946,142.80370000000002,Very Poor,9.520246666666669,16.154349485819605,142.80370000000002
2.0,28.72974358974359,77.16564102564102,16.030940419738016,67.66871684116626,2.7437053382787924,227.1553594065449,3.0,11.50711301000047,45.13066341142777,51.59777031785529,16.941888821071412,1.4808460491102868,238.39435560354946,141.84140000000002,Very Poor,9.456093333333335,15.650699730044023,141.84140000000002
2.0,28.72974358974359,77.17538461538462,16.030940419738016,67.66871684116626,2.7437053382787924,227.1553594065449,3.0,11.50711301000047,45.13066341142777,51.59777031785529,16.941888821071412,1.4808460491102868,238.39435560354946,141.84140000000002,Very Poor,9.456093333333335,15.650699730044023,141.84140000000002
2.0,28.72974358974359,77.18512820512821,16.030940419738016,67.66871684116626,2.7437053382787924,227.1553594065449,3.0,11.50711301000047,45.13066341142777,51.59777031785529,16.941888821071412,1.4808460491102868,238.39435560354946,141.84140000000002,Very Poor,9.456093333333335,15.650699730044023,141.84140000000002
2.0,28.72974358974359,77.19487179487179,16.030940419738016,67.66871684116626,2.7437053382787924,227.1553594065449,3.0,11.50711301000047,45.13066341142777,51.59777031785529,16.941888821071412,1.4808460491102868,238.39435560354946,141.186,Very Poor,9.4124,16.031707020776047,141.186
2.0,28.72974358974359,77.20461538461538,16.030940419738016,67.66871684116626,2.7437053382787924,227.1553594065449,3.0,11.50711301000047,45.13066341142777,51.59777031785529,16.941888821071412,1.4808460491102868,238.39435560354946,141.186,Very Poor,9.4124,16.031707020776047,141.186
2.0,28.72974358974359,77.21435897435897,16.030940419738016,67.66871684116626,2.7437053382787924,227.1553594065449,3.0,11.50711301000047,45.13066341142777,51.59777031785529,16.941888821071412,1.4808460491102868,238.39435560354946,141.186,Very Poor,9.4124,16.031707020776047,141.186
2.0,28.72974358974359,77.22410256410257,16.030940419738016,67.66871684116626,2.7437053382787924,227.1553594065449,3.0,11.50711301000047,45.13066341142777,51.59777031785529,16.941888821071412,1.4808460491102868,238.39435560354946,141.186,Very Poor,9.4124,16.031707020776047,141.186
2.0,28.72974358974359,77.23384615384614,16.030940419738016,67.66871684116626,2.7437053382787924,227.1553594065449,3.0,11.50711301000047,45.13066341142777,51.59777031785529,16.941888821071412,1.4808460491102868,238.39435560354946,141.1687,Very Poor,9.411246666666667,16.05603585291214,141.1687
2.0,28.72974358974359,77.24358974358974,16.030940419738016,67.66871684116626,2.7437053382787924,227.1553594065449,3.0,11.50711301000047,45.13066341142777,51.59777031785529,16.941888821071412,1.4808460491102868,238.39435560354946,141.1687,Very Poor,9.411246666666667,16.05603585291214,141.1687
2.0,28.72974358974359,77.25333333333333,16.030940419738016,67.66871684116626,2.7437053382787924,227.1553594065449,3.0,11.50711301000047,45.13066341142777,51.59777031785529,16.941888821071412,1.4808460491102868,238.39435560354946,141.1687,Very Poor,9.411246666666667,16.05603585291214,141.1687
2.0,28.72974358974359,77.26307692307692,16.030940419738016,67.66871684116626,2.7437053382787924,227.1553594065449,3.0,11.50711301000047,45.13066341142777,51.59777031785529,16.941888821071412,1.4808460491102868,238.39435560354946,141.1687,Very Poor,9.411246666666667,16.05603585291214,141.1687
2.0,28.72974358974359,77.27282051282052,16.030940419738016,67.66871684116626,2.7437053382787924,227.1553594065449,3.0,11.50711301000047,45.13066341142777,51.59777031785529,16.941888821071412,1.4808460491102868,238.39435560354946,141.1687,Very Poor,9.411246666666667,16.05603585291214,141.1687
2.0,28.72974358974359,77.2825641025641,16.030940419738016,67.66871684116626,2.7437053382787924,227.1553594065449,3.0,11.50711301000047,45.13066341142777,51.59777031785529,16.941888821071412,1.4808460491102868,238.39435560354946,141.1687,Very Poor,9.411246666666667,16.05603585291214,141.1687
2.0,28.72974358974359,77.29230769230769,16.030940419738016,67.66871684116626,2.7437053382787924,227.1553594065449,3.0,11.50711301000047,45.13066341142777,51.59777031785529,16.941888821071412,1.4808460491102868,238.39435560354946,141.1687,Very Poor,9.411246666666667,16.05603585291214,141.1687
2.0,28.72974358974359,77.30205128205128,16.030940419738016,67.66871684116626,2.7437053382787924,227.1553594065449,3.0,11.50711301000047,45.13066341142777,51.59777031785529,16.941888821071412,1.4808460491102868,238.39435560354946,141.1687,Very Poor,9.411246666666667,16.05603585291214,141.1687
2.0,28.72974358974359,77.31179487179487,16.030940419738016,67.66871684116626,2.7437053382787924,227.1553594065449,3.0,11.50711301000047,45.13066341142777,51.59777031785529,16.941888821071412,1.4808460491102868,238.39435560354946,141.1687,Very Poor,9.411246666666667,16.05603585291214,141.1687
2.0,28.72974358974359,77.32153846153845,16.030940419738016,67.66871684116626,2.7437053382787924,227.1553594065449,3.0,11.50711301000047,45.13066341142777,51.59777031785529,16.941888821071412,1.4808460491102868,238.39435560354946,141.1687,Very Poor,9.411246666666667,16.05603585291214,141.1687
2.0,28.72974358974359,77.33128205128205,16.030940419738016,67.66871684116626,2.7437053382787924,227.1553594065449,3.0,11.50711301000047,45.13066341142777,51.59777031785529,16.941888821071412,1.4808460491102868,238.39435560354946,141.1687,Very Poor,9.411246666666667,16.05603585291214,141.1687
2.0,28.72974358974359,77.34102564102564,16.030940419738016,67.66871684116626,2.7437053382787924,227.1553594065449,3.0,11.50711301000047,45.13066341142777,51.59777031785529,16.941888821071412,1.4808460491102868,238.39435560354946,141.1687,Very Poor,9.411246666666667,16.05603585291214,141.1687
2.0,28.72974358974359,77.35076923076923,16.030940419738016,67.66871684116626,2.7437053382787924,227.1553594065449,3.0,11.50711301000047,45.13066341142777,51.59777031785529,16.941888821071412,1.4808460491102868,238.39435560354946,141.1687,Very Poor,9.411246666666667,16.05603585291214,141.1687
2.0,28.72974358974359,77.36051282051281,16.030940419738016,67.66871684116626,2.7437053382787924,227.1553594065449,3.0,11.50711301000047,45.13066341142777,51.59777031785529,16.941888821071412,1.4808460491102868,238.39435560354946,141.1687,Very Poor,9.411246666666667,16.05603585291214,141.1687
2.0,28.72974358974359,77.3702564102564,16.030940419738016,67.66871684116626,2.7437053382787924,227.1553594065449,3.0,11.50711301000047,45.13066341142777,51.59777031785529,16.941888821071412,1.4808460491102868,238.39435560354946,141.1687,Very Poor,9.411246666666667,16.05603585291214,141.1687
2.0,28.72974358974359,77.38,16.030940419738016,67.66871684116626,2.7437053382787924,227.1553594065449,3.0,11.50711301000047,45.13066341142777,51.59777031785529,16.941888821071412,1.4808460491102868,238.39435560354946,141.1687,Very Poor,9.411246666666667,16.05603585291214,141.1687
2.0,28.736923076923077,77.0,16.030940419738016,67.66871684116626,2.7437053382787924,227.1553594065449,3.0,11.50711301000047,45.13066341142777,51.59777031785529,16.941888821071412,1.4808460491102868,238.39435560354946,137.33959999999996,Very Poor,9.15597333333333,14.602662422996705,137.33959999999996
2.0,28.736923076923077,77.0097435897436,16.030940419738016,67.66871684116626,2.7437053382787924,227.1553594065449,3.0,11.50711301000047,45.13066341142777,51.59777031785529,16.941888821071412,1.4808460491102868,238.39435560354946,137.33959999999996,Very Poor,9.15597333333333,14.602662422996705,137.33959999999996
2.0,28.736923076923077,77.01948717948719,16.030940419738016,67.66871684116626,2.7437053382787924,227.1553594065449,3.0,11.50711301000047,45.13066341142777,51.59777031785529,16.941888821071412,1.4808460491102868,238.39435560354946,137.33959999999996,Very Poor,9.15597333333333,14.602662422996705,137.33959999999996
2.0,28.736923076923077,77.02923076923076,16.030940419738016,67.66871684116626,2.7437053382787924,227.1553594065449,3.0,11.50711301000047,45.13066341142777,51.59777031785529,16.941888821071412,1.4808460491102868,238.39435560354946,137.33959999999996,Very Poor,9.15597333333333,14.602662422996705,137.33959999999996
2.0,28.736923076923077,77.03897435897436,16.030940419738016,67.66871684116626,2.7437053382787924,227.1553594065449,3.0,11.50711301000047,45.13066341142777,51.59777031785529,16.941888821071412,1.4808460491102868,238.39435560354946,137.33959999999996,Very Poor,9.15597333333333,14.602662422996705,137.33959999999996
2.0,28.736923076923077,77.04871794871795,16.030940419738016,67.66871684116626,2.7437053382787924,227.1553594065449,3.0,11.50711301000047,45.13066341142777,51.59777031785529,16.941888821071412,1.4808460491102868,238.39435560354946,137.33959999999996,Very Poor,9.15597333333333,14.602662422996705,137.33959999999996
2.0,28.736923076923077,77.05846153846154,16.030940419738016,67.66871684116626,2.7437053382787924,227.1553594065449,3.0,11.50711301000047,45.13066341142777,51.59777031785529,16.941888821071412,1.4808460491102868,238.39435560354946,139.8902,Very Poor,9.326013333333332,15.464964660806695,139.8902
2.0,28.736923076923077,77.06820512820512,16.030940419738016,67.66871684116626,2.7437053382787924,227.1553594065449,3.0,11.50711301000047,45.13066341142777,51.59777031785529,16.941888821071412,1.4808460491102868,238.39435560354946,139.8902,Very Poor,9.326013333333332,15.464964660806695,139.8902
2.0,28.736923076923077,77.07794871794871,16.030940419738016,67.66871684116626,2.7437053382787924,227.1553594065449,3.0,11.50711301000047,45.13066341142777,51.59777031785529,16.941888821071412,1.4808460491102868,238.39435560354946,139.8902,Very Poor,9.326013333333332,15.464964660806695,139.8902
2.0,28.736923076923077,77.08769230769231,16.030940419738016,67.66871684116626,2.7437053382787924,227.1553594065449,3.0,11.50711301000047,45.13066341142777,51.59777031785529,16.941888821071412,1.4808460491102868,238.39435560354946,139.8902,Very Poor,9.326013333333332,15.464964660806695,139.8902
2.0,28.736923076923077,77.0974358974359,16.030940419738016,67.66871684116626,2.7437053382787924,227.1553594065449,3.0,11.50711301000047,45.13066341142777,51.59777031785529,16.941888821071412,1.4808460491102868,238.39435560354946,139.8902,Very Poor,9.326013333333332,15.464964660806695,139.8902
2.0,28.736923076923077,77.10717948717948,16.030940419738016,67.66871684116626,2.7437053382787924,227.1553594065449,3.0,11.50711301000047,45.13066341142777,51.59777031785529,16.941888821071412,1.4808460491102868,238.39435560354946,141.59249999999997,Very Poor,9.439499999999999,15.75763956784137,141.59249999999997
2.0,28.736923076923077,77.11692307692307,16.030940419738016,67.66871684116626,2.7437053382787924,227.1553594065449,3.0,11.50711301000047,45.13066341142777,51.59777031785529,16.941888821071412,1.4808460491102868,238.39435560354946,141.6754,Very Poor,9.445026666666667,15.717558361272275,141.6754
2.0,28.736923076923077,77.12666666666667,16.030940419738016,67.66871684116626,2.7437053382787924,227.1553594065449,3.0,11.50711301000047,45.13066341142777,51.59777031785529,16.941888821071412,1.4808460491102868,238.39435560354946,141.6754,Very Poor,9.445026666666667,15.717558361272275,141.6754
2.0,28.736923076923077,77.13641025641026,16.030940419738016,67.66871684116626,2.7437053382787924,227.1553594065449,3.0,11.50711301000047,45.13066341142777,51.59777031785529,16.941888821071412,1.4808460491102868,238.39435560354946,141.6754,Very Poor,9.445026666666667,15.717558361272275,141.6754
2.0,28.736923076923077,77.14615384615385,16.030940419738016,67.66871684116626,2.7437053382787924,227.1553594065449,3.0,11.50711301000047,45.13066341142777,51.59777031785529,16.941888821071412,1.4808460491102868,238.39435560354946,142.80370000000002,Very Poor,9.520246666666669,16.154349485819605,142.80370000000002
2.0,28.736923076923077,77.15589743589743,16.030940419738016,67.66871684116626,2.7437053382787924,227.1553594065449,3.0,11.50711301000047,45.13066341142777,51.59777031785529,16.941888821071412,1.4808460491102868,238.39435560354946,142.80370000000002,Very Poor,9.520246666666669,16.154349485819605,142.80370000000002
2.0,28.736923076923077,77.16564102564102,16.030940419738016,67.66871684116626,2.7437053382787924,227.1553594065449,3.0,11.50711301000047,45.13066341142777,51.59777031785529,16.941888821071412,1.4808460491102868,238.39435560354946,141.84140000000002,Very Poor,9.456093333333335,15.650699730044023,141.84140000000002
2.0,28.736923076923077,77.17538461538462,16.030940419738016,67.66871684116626,2.7437053382787924,227.1553594065449,3.0,11.50711301000047,45.13066341142777,51.59777031785529,16.941888821071412,1.4808460491102868,238.39435560354946,141.84140000000002,Very Poor,9.456093333333335,15.650699730044023,141.84140000000002
2.0,28.736923076923077,77.18512820512821,16.030940419738016,67.66871684116626,2.7437053382787924,227.1553594065449,3.0,11.50711301000047,45.13066341142777,51.59777031785529,16.941888821071412,1.4808460491102868,238.39435560354946,141.84140000000002,Very Poor,9.456093333333335,15.650699730044023,141.84140000000002
2.0,28.736923076923077,77.19487179487179,16.030940419738016,67.66871684116626,2.7437053382787924,227.1553594065449,3.0,11.50711301000047,45.13066341142777,51.59777031785529,16.941888821071412,1.4808460491102868,238.39435560354946,141.186,Very Poor,9.4124,16.031707020776047,141.186
2.0,28.736923076923077,77.20461538461538,16.030940419738016,67.66871684116626,2.7437053382787924,227.1553594065449,3.0,11.50711301000047,45.13066341142777,51.59777031785529,16.941888821071412,1.4808460491102868,238.39435560354946,141.186,Very Poor,9.4124,16.031707020776047,141.186
2.0,28.736923076923077,77.21435897435897,16.030940419738016,67.66871684116626,2.7437053382787924,227.1553594065449,3.0,11.50711301000047,45.13066341142777,51.59777031785529,16.941888821071412,1.4808460491102868,238.39435560354946,141.186,Very Poor,9.4124,16.031707020776047,141.186
2.0,28.736923076923077,77.22410256410257,16.030940419738016,67.66871684116626,2.7437053382787924,227.1553594065449,3.0,11.50711301000047,45.13066341142777,51.59777031785529,16.941888821071412,1.4808460491102868,238.39435560354946,141.186,Very Poor,9.4124,16.031707020776047,141.186
2.0,28.736923076923077,77.23384615384614,16.030940419738016,67.66871684116626,2.7437053382787924,227.1553594065449,3.0,11.50711301000047,45.13066341142777,51.59777031785529,16.941888821071412,1.4808460491102868,238.39435560354946,141.1687,Very Poor,9.411246666666667,16.05603585291214,141.1687
2.0,28.736923076923077,77.24358974358974,16.030940419738016,67.66871684116626,2.7437053382787924,227.1553594065449,3.0,11.50711301000047,45.13066341142777,51.59777031785529,16.941888821071412,1.4808460491102868,238.39435560354946,141.1687,Very Poor,9.411246666666667,16.05603585291214,141.1687
2.0,28.736923076923077,77.25333333333333,16.030940419738016,67.66871684116626,2.7437053382787924,227.1553594065449,3.0,11.50711301000047,45.13066341142777,51.59777031785529,16.941888821071412,1.4808460491102868,238.39435560354946,141.1687,Very Poor,9.411246666666667,16.05603585291214,141.1687
2.0,28.736923076923077,77.26307692307692,16.030940419738016,67.66871684116626,2.7437053382787924,227.1553594065449,3.0,11.50711301000047,45.13066341142777,51.59777031785529,16.941888821071412,1.4808460491102868,238.39435560354946,141.1687,Very Poor,9.411246666666667,16.05603585291214,141.1687
2.0,28.736923076923077,77.27282051282052,16.030940419738016,67.66871684116626,2.7437053382787924,227.1553594065449,3.0,11.50711301000047,45.13066341142777,51.59777031785529,16.941888821071412,1.4808460491102868,238.39435560354946,141.1687,Very Poor,9.411246666666667,16.05603585291214,141.1687
2.0,28.736923076923077,77.2825641025641,16.030940419738016,67.66871684116626,2.7437053382787924,227.1553594065449,3.0,11.50711301000047,45.13066341142777,51.59777031785529,16.941888821071412,1.4808460491102868,238.39435560354946,141.1687,Very Poor,9.411246666666667,16.05603585291214,141.1687
2.0,28.736923076923077,77.29230769230769,16.030940419738016,67.66871684116626,2.7437053382787924,227.1553594065449,3.0,11.50711301000047,45.13066341142777,51.59777031785529,16.941888821071412,1.4808460491102868,238.39435560354946,141.1687,Very Poor,9.411246666666667,16.05603585291214,141.1687
2.0,28.736923076923077,77.30205128205128,16.030940419738016,67.66871684116626,2.7437053382787924,227.1553594065449,3.0,11.50711301000047,45.13066341142777,51.59777031785529,16.941888821071412,1.4808460491102868,238.39435560354946,141.1687,Very Poor,9.411246666666667,16.05603585291214,141.1687
2.0,28.736923076923077,77.31179487179487,16.030940419738016,67.66871684116626,2.7437053382787924,227.1553594065449,3.0,11.50711301000047,45.13066341142777,51.59777031785529,16.941888821071412,1.4808460491102868,238.39435560354946,141.1687,Very Poor,9.411246666666667,16.05603585291214,141.1687
2.0,28.736923076923077,77.32153846153845,16.030940419738016,67.66871684116626,2.7437053382787924,227.1553594065449,3.0,11.50711301000047,45.13066341142777,51.59777031785529,16.941888821071412,1.4808460491102868,238.39435560354946,141.1687,Very Poor,9.411246666666667,16.05603585291214,141.1687
2.0,28.736923076923077,77.33128205128205,16.030940419738016,67.66871684116626,2.7437053382787924,227.1553594065449,3.0,11.50711301000047,45.13066341142777,51.59777031785529,16.941888821071412,1.4808460491102868,238.39435560354946,141.1687,Very Poor,9.411246666666667,16.05603585291214,141.1687
2.0,28.736923076923077,77.34102564102564,16.030940419738016,67.66871684116626,2.7437053382787924,227.1553594065449,3.0,11.50711301000047,45.13066341142777,51.59777031785529,16.941888821071412,1.4808460491102868,238.39435560354946,141.1687,Very Poor,9.411246666666667,16.05603585291214,141.1687
2.0,28.736923076923077,77.35076923076923,16.030940419738016,67.66871684116626,2.7437053382787924,227.1553594065449,3.0,11.50711301000047,45.13066341142777,51.59777031785529,16.941888821071412,1.4808460491102868,238.39435560354946,141.1687,Very Poor,9.411246666666667,16.05603585291214,141.1687
2.0,28.736923076923077,77.36051282051281,16.030940419738016,67.66871684116626,2.7437053382787924,227.1553594065449,3.0,11.50711301000047,45.13066341142777,51.59777031785529,16.941888821071412,1.4808460491102868,238.39435560354946,141.1687,Very Poor,9.411246666666667,16.05603585291214,141.1687
2.0,28.736923076923077,77.3702564102564,16.030940419738016,67.66871684116626,2.7437053382787924,227.1553594065449,3.0,11.50711301000047,45.13066341142777,51.59777031785529,16.941888821071412,1.4808460491102868,238.39435560354946,141.1687,Very Poor,9.411246666666667,16.05603585291214,141.1687
2.0,28.736923076923077,77.38,16.030940419738016,67.66871684116626,2.7437053382787924,227.1553594065449,3.0,11.50711301000047,45.13066341142777,51.59777031785529,16.941888821071412,1.4808460491102868,238.39435560354946,141.1687,Very Poor,9.411246666666667,16.05603585291214,141.1687
2.0,28.744102564102565,77.0,16.030940419738016,67.66871684116626,2.7437053382787924,227.1553594065449,3.0,11.50711301000047,45.13066341142777,51.59777031785529,16.941888821071412,1.4808460491102868,238.39435560354946,137.33959999999996,Very Poor,9.15597333333333,14.602662422996705,137.33959999999996
2.0,28.744102564102565,77.0097435897436,16.030940419738016,67.66871684116626,2.7437053382787924,227.1553594065449,3.0,11.50711301000047,45.13066341142777,51.59777031785529,16.941888821071412,1.4808460491102868,238.39435560354946,137.33959999999996,Very Poor,9.15597333333333,14.602662422996705,137.33959999999996
2.0,28.744102564102565,77.01948717948719,16.030940419738016,67.66871684116626,2.7437053382787924,227.1553594065449,3.0,11.50711301000047,45.13066341142777,51.59777031785529,16.941888821071412,1.4808460491102868,238.39435560354946,137.33959999999996,Very Poor,9.15597333333333,14.602662422996705,137.33959999999996
2.0,28.744102564102565,77.02923076923076,16.030940419738016,67.66871684116626,2.7437053382787924,227.1553594065449,3.0,11.50711301000047,45.13066341142777,51.59777031785529,16.941888821071412,1.4808460491102868,238.39435560354946,137.33959999999996,Very Poor,9.15597333333333,14.602662422996705,137.33959999999996
2.0,28.744102564102565,77.03897435897436,16.030940419738016,67.66871684116626,2.7437053382787924,227.1553594065449,3.0,11.50711301000047,45.13066341142777,51.59777031785529,16.941888821071412,1.4808460491102868,238.39435560354946,137.33959999999996,Very Poor,9.15597333333333,14.602662422996705,137.33959999999996
2.0,28.744102564102565,77.04871794871795,16.030940419738016,67.66871684116626,2.7437053382787924,227.1553594065449,3.0,11.50711301000047,45.13066341142777,51.59777031785529,16.941888821071412,1.4808460491102868,238.39435560354946,137.33959999999996,Very Poor,9.15597333333333,14.602662422996705,137.33959999999996
2.0,28.744102564102565,77.05846153846154,16.030940419738016,67.66871684116626,2.7437053382787924,227.1553594065449,3.0,11.50711301000047,45.13066341142777,51.59777031785529,16.941888821071412,1.4808460491102868,238.39435560354946,139.8902,Very Poor,9.326013333333332,15.464964660806695,139.8902
2.0,28.744102564102565,77.06820512820512,16.030940419738016,67.66871684116626,2.7437053382787924,227.1553594065449,3.0,11.50711301000047,45.13066341142777,51.59777031785529,16.941888821071412,1.4808460491102868,238.39435560354946,139.8902,Very Poor,9.326013333333332,15.464964660806695,139.8902
2.0,28.744102564102565,77.07794871794871,16.030940419738016,67.66871684116626,2.7437053382787924,227.1553594065449,3.0,11.50711301000047,45.13066341142777,51.59777031785529,16.941888821071412,1.4808460491102868,238.39435560354946,139.8902,Very Poor,9.326013333333332,15.464964660806695,139.8902
2.0,28.744102564102565,77.08769230769231,16.030940419738016,67.66871684116626,2.7437053382787924,227.1553594065449,3.0,11.50711301000047,45.13066341142777,51.59777031785529,16.941888821071412,1.4808460491102868,238.39435560354946,139.8902,Very Poor,9.326013333333332,15.464964660806695,139.8902
2.0,28.744102564102565,77.0974358974359,16.030940419738016,67.66871684116626,2.7437053382787924,227.1553594065449,3.0,11.50711301000047,45.13066341142777,51.59777031785529,16.941888821071412,1.4808460491102868,238.39435560354946,139.8902,Very Poor,9.326013333333332,15.464964660806695,139.8902
2.0,28.744102564102565,77.10717948717948,16.030940419738016,67.66871684116626,2.7437053382787924,227.1553594065449,3.0,11.50711301000047,45.13066341142777,51.59777031785529,16.941888821071412,1.4808460491102868,238.39435560354946,141.59249999999997,Very Poor,9.439499999999999,15.75763956784137,141.59249999999997
2.0,28.744102564102565,77.11692307692307,16.030940419738016,67.66871684116626,2.7437053382787924,227.1553594065449,3.0,11.50711301000047,45.13066341142777,51.59777031785529,16.941888821071412,1.4808460491102868,238.39435560354946,141.6754,Very Poor,9.445026666666667,15.717558361272275,141.6754
2.0,28.744102564102565,77.12666666666667,16.030940419738016,67.66871684116626,2.7437053382787924,227.1553594065449,3.0,11.50711301000047,45.13066341142777,51.59777031785529,16.941888821071412,1.4808460491102868,238.39435560354946,141.6754,Very Poor,9.445026666666667,15.717558361272275,141.6754
2.0,28.744102564102565,77.13641025641026,16.030940419738016,67.66871684116626,2.7437053382787924,227.1553594065449,3.0,11.50711301000047,45.13066341142777,51.59777031785529,16.941888821071412,1.4808460491102868,238.39435560354946,141.6754,Very Poor,9.445026666666667,15.717558361272275,141.6754
2.0,28.744102564102565,77.14615384615385,16.030940419738016,67.66871684116626,2.7437053382787924,227.1553594065449,3.0,11.50711301000047,45.13066341142777,51.59777031785529,16.941888821071412,1.4808460491102868,238.39435560354946,142.80370000000002,Very Poor,9.520246666666669,16.154349485819605,142.80370000000002
2.0,28.744102564102565,77.15589743589743,16.030940419738016,67.66871684116626,2.7437053382787924,227.1553594065449,3.0,11.50711301000047,45.13066341142777,51.59777031785529,16.941888821071412,1.4808460491102868,238.39435560354946,142.80370000000002,Very Poor,9.520246666666669,16.154349485819605,142.80370000000002
2.0,28.744102564102565,77.16564102564102,16.030940419738016,67.66871684116626,2.7437053382787924,227.1553594065449,3.0,11.50711301000047,45.13066341142777,51.59777031785529,16.941888821071412,1.4808460491102868,238.39435560354946,141.84140000000002,Very Poor,9.456093333333335,15.650699730044023,141.84140000000002
2.0,28.744102564102565,77.17538461538462,16.030940419738016,67.66871684116626,2.7437053382787924,227.1553594065449,3.0,11.50711301000047,45.13066341142777,51.59777031785529,16.941888821071412,1.4808460491102868,238.39435560354946,141.84140000000002,Very Poor,9.456093333333335,15.650699730044023,141.84140000000002
2.0,28.744102564102565,77.18512820512821,16.030940419738016,67.66871684116626,2.7437053382787924,227.1553594065449,3.0,11.50711301000047,45.13066341142777,51.59777031785529,16.941888821071412,1.4808460491102868,238.39435560354946,141.84140000000002,Very Poor,9.456093333333335,15.650699730044023,141.84140000000002
2.0,28.744102564102565,77.19487179487179,16.030940419738016,67.66871684116626,2.7437053382787924,227.1553594065449,3.0,11.50711301000047,45.13066341142777,51.59777031785529,16.941888821071412,1.4808460491102868,238.39435560354946,141.186,Very Poor,9.4124,16.031707020776047,141.186
2.0,28.744102564102565,77.20461538461538,16.030940419738016,67.66871684116626,2.7437053382787924,227.1553594065449,3.0,11.50711301000047,45.13066341142777,51.59777031785529,16.941888821071412,1.4808460491102868,238.39435560354946,141.186,Very Poor,9.4124,16.031707020776047,141.186
2.0,28.744102564102565,77.21435897435897,16.030940419738016,67.66871684116626,2.7437053382787924,227.1553594065449,3.0,11.50711301000047,45.13066341142777,51.59777031785529,16.941888821071412,1.4808460491102868,238.39435560354946,141.186,Very Poor,9.4124,16.031707020776047,141.186
2.0,28.744102564102565,77.22410256410257,16.030940419738016,67.66871684116626,2.7437053382787924,227.1553594065449,3.0,11.50711301000047,45.13066341142777,51.59777031785529,16.941888821071412,1.4808460491102868,238.39435560354946,141.186,Very Poor,9.4124,16.031707020776047,141.186
2.0,28.744102564102565,77.23384615384614,16.030940419738016,67.66871684116626,2.7437053382787924,227.1553594065449,3.0,11.50711301000047,45.13066341142777,51.59777031785529,16.941888821071412,1.4808460491102868,238.39435560354946,141.1687,Very Poor,9.411246666666667,16.05603585291214,141.1687
2.0,28.744102564102565,77.24358974358974,16.030940419738016,67.66871684116626,2.7437053382787924,227.1553594065449,3.0,11.50711301000047,45.13066341142777,51.59777031785529,16.941888821071412,1.4808460491102868,238.39435560354946,141.1687,Very Poor,9.411246666666667,16.05603585291214,141.1687
2.0,28.744102564102565,77.25333333333333,16.030940419738016,67.66871684116626,2.7437053382787924,227.1553594065449,3.0,11.50711301000047,45.13066341142777,51.59777031785529,16.941888821071412,1.4808460491102868,238.39435560354946,141.1687,Very Poor,9.411246666666667,16.05603585291214,141.1687
2.0,28.744102564102565,77.26307692307692,16.030940419738016,67.66871684116626,2.7437053382787924,227.1553594065449,3.0,11.50711301000047,45.13066341142777,51.59777031785529,16.941888821071412,1.4808460491102868,238.39435560354946,141.1687,Very Poor,9.411246666666667,16.05603585291214,141.1687
2.0,28.744102564102565,77.27282051282052,16.030940419738016,67.66871684116626,2.7437053382787924,227.1553594065449,3.0,11.50711301000047,45.13066341142777,51.59777031785529,16.941888821071412,1.4808460491102868,238.39435560354946,141.1687,Very Poor,9.411246666666667,16.05603585291214,141.1687
2.0,28.744102564102565,77.2825641025641,16.030940419738016,67.66871684116626,2.7437053382787924,227.1553594065449,3.0,11.50711301000047,45.13066341142777,51.59777031785529,16.941888821071412,1.4808460491102868,238.39435560354946,141.1687,Very Poor,9.411246666666667,16.05603585291214,141.1687
2.0,28.744102564102565,77.29230769230769,16.030940419738016,67.66871684116626,2.7437053382787924,227.1553594065449,3.0,11.50711301000047,45.13066341142777,51.59777031785529,16.941888821071412,1.4808460491102868,238.39435560354946,141.1687,Very Poor,9.411246666666667,16.05603585291214,141.1687
2.0,28.744102564102565,77.30205128205128,16.030940419738016,67.66871684116626,2.7437053382787924,227.1553594065449,3.0,11.50711301000047,45.13066341142777,51.59777031785529,16.941888821071412,1.4808460491102868,238.39435560354946,141.1687,Very Poor,9.411246666666667,16.05603585291214,141.1687
2.0,28.744102564102565,77.31179487179487,16.030940419738016,67.66871684116626,2.7437053382787924,227.1553594065449,3.0,11.50711301000047,45.13066341142777,51.59777031785529,16.941888821071412,1.4808460491102868,238.39435560354946,141.1687,Very Poor,9.411246666666667,16.05603585291214,141.1687
2.0,28.744102564102565,77.32153846153845,16.030940419738016,67.66871684116626,2.7437053382787924,227.1553594065449,3.0,11.50711301000047,45.13066341142777,51.59777031785529,16.941888821071412,1.4808460491102868,238.39435560354946,141.1687,Very Poor,9.411246666666667,16.05603585291214,141.1687
2.0,28.744102564102565,77.33128205128205,16.030940419738016,67.66871684116626,2.7437053382787924,227.1553594065449,3.0,11.50711301000047,45.13066341142777,51.59777031785529,16.941888821071412,1.4808460491102868,238.39435560354946,141.1687,Very Poor,9.411246666666667,16.05603585291214,141.1687
2.0,28.744102564102565,77.34102564102564,16.030940419738016,67.66871684116626,2.7437053382787924,227.1553594065449,3.0,11.50711301000047,45.13066341142777,51.59777031785529,16.941888821071412,1.4808460491102868,238.39435560354946,141.1687,Very Poor,9.411246666666667,16.05603585291214,141.1687
2.0,28.744102564102565,77.35076923076923,16.030940419738016,67.66871684116626,2.7437053382787924,227.1553594065449,3.0,11.50711301000047,45.13066341142777,51.59777031785529,16.941888821071412,1.4808460491102868,238.39435560354946,141.1687,Very Poor,9.411246666666667,16.05603585291214,141.1687
2.0,28.744102564102565,77.36051282051281,16.030940419738016,67.66871684116626,2.7437053382787924,227.1553594065449,3.0,11.50711301000047,45.13066341142777,51.59777031785529,16.941888821071412,1.4808460491102868,238.39435560354946,141.1687,Very Poor,9.411246666666667,16.05603585291214,141.1687
2.0,28.744102564102565,77.3702564102564,16.030940419738016,67.66871684116626,2.7437053382787924,227.1553594065449,3.0,11.50711301000047,45.13066341142777,51.59777031785529,16.941888821071412,1.4808460491102868,238.39435560354946,141.1687,Very Poor,9.411246666666667,16.05603585291214,141.1687
2.0,28.744102564102565,77.38,16.030940419738016,67.66871684116626,2.7437053382787924,227.1553594065449,3.0,11.50711301000047,45.13066341142777,51.59777031785529,16.941888821071412,1.4808460491102868,238.39435560354946,141.1687,Very Poor,9.411246666666667,16.05603585291214,141.1687
2.0,28.751282051282054,77.0,16.030940419738016,67.66871684116626,2.7437053382787924,227.1553594065449,3.0,11.50711301000047,45.13066341142777,51.59777031785529,16.941888821071412,1.4808460491102868,238.39435560354946,137.33959999999996,Very Poor,9.15597333333333,14.602662422996705,137.33959999999996
2.0,28.751282051282054,77.0097435897436,16.030940419738016,67.66871684116626,2.7437053382787924,227.1553594065449,3.0,11.50711301000047,45.13066341142777,51.59777031785529,16.941888821071412,1.4808460491102868,238.39435560354946,137.33959999999996,Very Poor,9.15597333333333,14.602662422996705,137.33959999999996
2.0,28.751282051282054,77.01948717948719,16.030940419738016,67.66871684116626,2.7437053382787924,227.1553594065449,3.0,11.50711301000047,45.13066341142777,51.59777031785529,16.941888821071412,1.4808460491102868,238.39435560354946,137.33959999999996,Very Poor,9.15597333333333,14.602662422996705,137.33959999999996
2.0,28.751282051282054,77.02923076923076,16.030940419738016,67.66871684116626,2.7437053382787924,227.1553594065449,3.0,11.50711301000047,45.13066341142777,51.59777031785529,16.941888821071412,1.4808460491102868,238.39435560354946,137.33959999999996,Very Poor,9.15597333333333,14.602662422996705,137.33959999999996
2.0,28.751282051282054,77.03897435897436,16.030940419738016,67.66871684116626,2.7437053382787924,227.1553594065449,3.0,11.50711301000047,45.13066341142777,51.59777031785529,16.941888821071412,1.4808460491102868,238.39435560354946,137.33959999999996,Very Poor,9.15597333333333,14.602662422996705,137.33959999999996
2.0,28.751282051282054,77.04871794871795,16.030940419738016,67.66871684116626,2.7437053382787924,227.1553594065449,3.0,11.50711301000047,45.13066341142777,51.59777031785529,16.941888821071412,1.4808460491102868,238.39435560354946,137.33959999999996,Very Poor,9.15597333333333,14.602662422996705,137.33959999999996
2.0,28.751282051282054,77.05846153846154,16.030940419738016,67.66871684116626,2.7437053382787924,227.1553594065449,3.0,11.50711301000047,45.13066341142777,51.59777031785529,16.941888821071412,1.4808460491102868,238.39435560354946,139.8902,Very Poor,9.326013333333332,15.464964660806695,139.8902
2.0,28.751282051282054,77.06820512820512,16.030940419738016,67.66871684116626,2.7437053382787924,227.1553594065449,3.0,11.50711301000047,45.13066341142777,51.59777031785529,16.941888821071412,1.4808460491102868,238.39435560354946,139.8902,Very Poor,9.326013333333332,15.464964660806695,139.8902
2.0,28.751282051282054,77.07794871794871,16.030940419738016,67.66871684116626,2.7437053382787924,227.1553594065449,3.0,11.50711301000047,45.13066341142777,51.59777031785529,16.941888821071412,1.4808460491102868,238.39435560354946,139.8902,Very Poor,9.326013333333332,15.464964660806695,139.8902
2.0,28.751282051282054,77.08769230769231,16.030940419738016,67.66871684116626,2.7437053382787924,227.1553594065449,3.0,11.50711301000047,45.13066341142777,51.59777031785529,16.941888821071412,1.4808460491102868,238.39435560354946,139.8902,Very Poor,9.326013333333332,15.464964660806695,139.8902
2.0,28.751282051282054,77.0974358974359,16.030940419738016,67.66871684116626,2.7437053382787924,227.1553594065449,3.0,11.50711301000047,45.13066341142777,51.59777031785529,16.941888821071412,1.4808460491102868,238.39435560354946,139.8902,Very Poor,9.326013333333332,15.464964660806695,139.8902
2.0,28.751282051282054,77.10717948717948,16.030940419738016,67.66871684116626,2.7437053382787924,227.1553594065449,3.0,11.50711301000047,45.13066341142777,51.59777031785529,16.941888821071412,1.4808460491102868,238.39435560354946,141.59249999999997,Very Poor,9.439499999999999,15.75763956784137,141.59249999999997
2.0,28.751282051282054,77.11692307692307,16.030940419738016,67.66871684116626,2.7437053382787924,227.1553594065449,3.0,11.50711301000047,45.13066341142777,51.59777031785529,16.941888821071412,1.4808460491102868,238.39435560354946,141.6754,Very Poor,9.445026666666667,15.717558361272275,141.6754
2.0,28.751282051282054,77.12666666666667,16.030940419738016,67.66871684116626,2.7437053382787924,227.1553594065449,3.0,11.50711301000047,45.13066341142777,51.59777031785529,16.941888821071412,1.4808460491102868,238.39435560354946,141.6754,Very Poor,9.445026666666667,15.717558361272275,141.6754
2.0,28.751282051282054,77.13641025641026,16.030940419738016,67.66871684116626,2.7437053382787924,227.1553594065449,3.0,11.50711301000047,45.13066341142777,51.59777031785529,16.941888821071412,1.4808460491102868,238.39435560354946,141.6754,Very Poor,9.445026666666667,15.717558361272275,141.6754
2.0,28.751282051282054,77.14615384615385,16.030940419738016,67.66871684116626,2.7437053382787924,227.1553594065449,3.0,11.50711301000047,45.13066341142777,51.59777031785529,16.941888821071412,1.4808460491102868,238.39435560354946,142.80370000000002,Very Poor,9.520246666666669,16.154349485819605,142.80370000000002
2.0,28.751282051282054,77.15589743589743,16.030940419738016,67.66871684116626,2.7437053382787924,227.1553594065449,3.0,11.50711301000047,45.13066341142777,51.59777031785529,16.941888821071412,1.4808460491102868,238.39435560354946,142.80370000000002,Very Poor,9.520246666666669,16.154349485819605,142.80370000000002
2.0,28.751282051282054,77.16564102564102,16.030940419738016,67.66871684116626,2.7437053382787924,227.1553594065449,3.0,11.50711301000047,45.13066341142777,51.59777031785529,16.941888821071412,1.4808460491102868,238.39435560354946,141.84140000000002,Very Poor,9.456093333333335,15.650699730044023,141.84140000000002
2.0,28.751282051282054,77.17538461538462,16.030940419738016,67.66871684116626,2.7437053382787924,227.1553594065449,3.0,11.50711301000047,45.13066341142777,51.59777031785529,16.941888821071412,1.4808460491102868,238.39435560354946,141.84140000000002,Very Poor,9.456093333333335,15.650699730044023,141.84140000000002
2.0,28.751282051282054,77.18512820512821,16.030940419738016,67.66871684116626,2.7437053382787924,227.1553594065449,3.0,11.50711301000047,45.13066341142777,51.59777031785529,16.941888821071412,1.4808460491102868,238.39435560354946,141.84140000000002,Very Poor,9.456093333333335,15.650699730044023,141.84140000000002
2.0,28.751282051282054,77.19487179487179,16.030940419738016,67.66871684116626,2.7437053382787924,227.1553594065449,3.0,11.50711301000047,45.13066341142777,51.59777031785529,16.941888821071412,1.4808460491102868,238.39435560354946,141.186,Very Poor,9.4124,16.031707020776047,141.186
2.0,28.751282051282054,77.20461538461538,16.030940419738016,67.66871684116626,2.7437053382787924,227.1553594065449,3.0,11.50711301000047,45.13066341142777,51.59777031785529,16.941888821071412,1.4808460491102868,238.39435560354946,141.186,Very Poor,9.4124,16.031707020776047,141.186
2.0,28.751282051282054,77.21435897435897,16.030940419738016,67.66871684116626,2.7437053382787924,227.1553594065449,3.0,11.50711301000047,45.13066341142777,51.59777031785529,16.941888821071412,1.4808460491102868,238.39435560354946,141.186,Very Poor,9.4124,16.031707020776047,141.186
2.0,28.751282051282054,77.22410256410257,16.030940419738016,67.66871684116626,2.7437053382787924,227.1553594065449,3.0,11.50711301000047,45.13066341142777,51.59777031785529,16.941888821071412,1.4808460491102868,238.39435560354946,141.186,Very Poor,9.4124,16.031707020776047,141.186
2.0,28.751282051282054,77.23384615384614,16.030940419738016,67.66871684116626,2.7437053382787924,227.1553594065449,3.0,11.50711301000047,45.13066341142777,51.59777031785529,16.941888821071412,1.4808460491102868,238.39435560354946,141.1687,Very Poor,9.411246666666667,16.05603585291214,141.1687
2.0,28.751282051282054,77.24358974358974,16.030940419738016,67.66871684116626,2.7437053382787924,227.1553594065449,3.0,11.50711301000047,45.13066341142777,51.59777031785529,16.941888821071412,1.4808460491102868,238.39435560354946,141.1687,Very Poor,9.411246666666667,16.05603585291214,141.1687
2.0,28.751282051282054,77.25333333333333,16.030940419738016,67.66871684116626,2.7437053382787924,227.1553594065449,3.0,11.50711301000047,45.13066341142777,51.59777031785529,16.941888821071412,1.4808460491102868,238.39435560354946,141.1687,Very Poor,9.411246666666667,16.05603585291214,141.1687
2.0,28.751282051282054,77.26307692307692,16.030940419738016,67.66871684116626,2.7437053382787924,227.1553594065449,3.0,11.50711301000047,45.13066341142777,51.59777031785529,16.941888821071412,1.4808460491102868,238.39435560354946,141.1687,Very Poor,9.411246666666667,16.05603585291214,141.1687
2.0,28.751282051282054,77.27282051282052,16.030940419738016,67.66871684116626,2.7437053382787924,227.1553594065449,3.0,11.50711301000047,45.13066341142777,51.59777031785529,16.941888821071412,1.4808460491102868,238.39435560354946,141.1687,Very Poor,9.411246666666667,16.05603585291214,141.1687
2.0,28.751282051282054,77.2825641025641,16.030940419738016,67.66871684116626,2.7437053382787924,227.1553594065449,3.0,11.50711301000047,45.13066341142777,51.59777031785529,16.941888821071412,1.4808460491102868,238.39435560354946,141.1687,Very Poor,9.411246666666667,16.05603585291214,141.1687
2.0,28.751282051282054,77.29230769230769,16.030940419738016,67.66871684116626,2.7437053382787924,227.1553594065449,3.0,11.50711301000047,45.13066341142777,51.59777031785529,16.941888821071412,1.4808460491102868,238.39435560354946,141.1687,Very Poor,9.411246666666667,16.05603585291214,141.1687
2.0,28.751282051282054,77.30205128205128,16.030940419738016,67.66871684116626,2.7437053382787924,227.1553594065449,3.0,11.50711301000047,45.13066341142777,51.59777031785529,16.941888821071412,1.4808460491102868,238.39435560354946,141.1687,Very Poor,9.411246666666667,16.05603585291214,141.1687
2.0,28.751282051282054,77.31179487179487,16.030940419738016,67.66871684116626,2.7437053382787924,227.1553594065449,3.0,11.50711301000047,45.13066341142777,51.59777031785529,16.941888821071412,1.4808460491102868,238.39435560354946,141.1687,Very Poor,9.411246666666667,16.05603585291214,141.1687
2.0,28.751282051282054,77.32153846153845,16.030940419738016,67.66871684116626,2.7437053382787924,227.1553594065449,3.0,11.50711301000047,45.13066341142777,51.59777031785529,16.941888821071412,1.4808460491102868,238.39435560354946,141.1687,Very Poor,9.411246666666667,16.05603585291214,141.1687
2.0,28.751282051282054,77.33128205128205,16.030940419738016,67.66871684116626,2.7437053382787924,227.1553594065449,3.0,11.50711301000047,45.13066341142777,51.59777031785529,16.941888821071412,1.4808460491102868,238.39435560354946,141.1687,Very Poor,9.411246666666667,16.05603585291214,141.1687
2.0,28.751282051282054,77.34102564102564,16.030940419738016,67.66871684116626,2.7437053382787924,227.1553594065449,3.0,11.50711301000047,45.13066341142777,51.59777031785529,16.941888821071412,1.4808460491102868,238.39435560354946,141.1687,Very Poor,9.411246666666667,16.05603585291214,141.1687
2.0,28.751282051282054,77.35076923076923,16.030940419738016,67.66871684116626,2.7437053382787924,227.1553594065449,3.0,11.50711301000047,45.13066341142777,51.59777031785529,16.941888821071412,1.4808460491102868,238.39435560354946,141.1687,Very Poor,9.411246666666667,16.05603585291214,141.1687
2.0,28.751282051282054,77.36051282051281,16.030940419738016,67.66871684116626,2.7437053382787924,227.1553594065449,3.0,11.50711301000047,45.13066341142777,51.59777031785529,16.941888821071412,1.4808460491102868,238.39435560354946,141.1687,Very Poor,9.411246666666667,16.05603585291214,141.1687
2.0,28.751282051282054,77.3702564102564,16.030940419738016,67.66871684116626,2.7437053382787924,227.1553594065449,3.0,11.50711301000047,45.13066341142777,51.59777031785529,16.941888821071412,1.4808460491102868,238.39435560354946,141.1687,Very Poor,9.411246666666667,16.05603585291214,141.1687
2.0,28.751282051282054,77.38,16.030940419738016,67.66871684116626,2.7437053382787924,227.1553594065449,3.0,11.50711301000047,45.13066341142777,51.59777031785529,16.941888821071412,1.4808460491102868,238.39435560354946,141.1687,Very Poor,9.411246666666667,16.05603585291214,141.1687
2.0,28.75846153846154,77.0,16.030940419738016,67.66871684116626,2.7437053382787924,227.1553594065449,3.0,11.50711301000047,45.13066341142777,51.59777031785529,16.941888821071412,1.4808460491102868,238.39435560354946,137.33959999999996,Very Poor,9.15597333333333,14.602662422996705,137.33959999999996
2.0,28.75846153846154,77.0097435897436,16.030940419738016,67.66871684116626,2.7437053382787924,227.1553594065449,3.0,11.50711301000047,45.13066341142777,51.59777031785529,16.941888821071412,1.4808460491102868,238.39435560354946,137.33959999999996,Very Poor,9.15597333333333,14.602662422996705,137.33959999999996
2.0,28.75846153846154,77.01948717948719,16.030940419738016,67.66871684116626,2.7437053382787924,227.1553594065449,3.0,11.50711301000047,45.13066341142777,51.59777031785529,16.941888821071412,1.4808460491102868,238.39435560354946,137.33959999999996,Very Poor,9.15597333333333,14.602662422996705,137.33959999999996
2.0,28.75846153846154,77.02923076923076,16.030940419738016,67.66871684116626,2.7437053382787924,227.1553594065449,3.0,11.50711301000047,45.13066341142777,51.59777031785529,16.941888821071412,1.4808460491102868,238.39435560354946,137.33959999999996,Very Poor,9.15597333333333,14.602662422996705,137.33959999999996
2.0,28.75846153846154,77.03897435897436,16.030940419738016,67.66871684116626,2.7437053382787924,227.1553594065449,3.0,11.50711301000047,45.13066341142777,51.59777031785529,16.941888821071412,1.4808460491102868,238.39435560354946,137.33959999999996,Very Poor,9.15597333333333,14.602662422996705,137.33959999999996
2.0,28.75846153846154,77.04871794871795,16.030940419738016,67.66871684116626,2.7437053382787924,227.1553594065449,3.0,11.50711301000047,45.13066341142777,51.59777031785529,16.941888821071412,1.4808460491102868,238.39435560354946,137.33959999999996,Very Poor,9.15597333333333,14.602662422996705,137.33959999999996
2.0,28.75846153846154,77.05846153846154,16.030940419738016,67.66871684116626,2.7437053382787924,227.1553594065449,3.0,11.50711301000047,45.13066341142777,51.59777031785529,16.941888821071412,1.4808460491102868,238.39435560354946,139.8902,Very Poor,9.326013333333332,15.464964660806695,139.8902
2.0,28.75846153846154,77.06820512820512,16.030940419738016,67.66871684116626,2.7437053382787924,227.1553594065449,3.0,11.50711301000047,45.13066341142777,51.59777031785529,16.941888821071412,1.4808460491102868,238.39435560354946,139.8902,Very Poor,9.326013333333332,15.464964660806695,139.8902
2.0,28.75846153846154,77.07794871794871,16.030940419738016,67.66871684116626,2.7437053382787924,227.1553594065449,3.0,11.50711301000047,45.13066341142777,51.59777031785529,16.941888821071412,1.4808460491102868,238.39435560354946,139.8902,Very Poor,9.326013333333332,15.464964660806695,139.8902
2.0,28.75846153846154,77.08769230769231,16.030940419738016,67.66871684116626,2.7437053382787924,227.1553594065449,3.0,11.50711301000047,45.13066341142777,51.59777031785529,16.941888821071412,1.4808460491102868,238.39435560354946,139.8902,Very Poor,9.326013333333332,15.464964660806695,139.8902
2.0,28.75846153846154,77.0974358974359,16.030940419738016,67.66871684116626,2.7437053382787924,227.1553594065449,3.0,11.50711301000047,45.13066341142777,51.59777031785529,16.941888821071412,1.4808460491102868,238.39435560354946,139.8902,Very Poor,9.326013333333332,15.464964660806695,139.8902
2.0,28.75846153846154,77.10717948717948,16.030940419738016,67.66871684116626,2.7437053382787924,227.1553594065449,3.0,11.50711301000047,45.13066341142777,51.59777031785529,16.941888821071412,1.4808460491102868,238.39435560354946,141.59249999999997,Very Poor,9.439499999999999,15.75763956784137,141.59249999999997
2.0,28.75846153846154,77.11692307692307,16.030940419738016,67.66871684116626,2.7437053382787924,227.1553594065449,3.0,11.50711301000047,45.13066341142777,51.59777031785529,16.941888821071412,1.4808460491102868,238.39435560354946,141.6754,Very Poor,9.445026666666667,15.717558361272275,141.6754
2.0,28.75846153846154,77.12666666666667,16.030940419738016,67.66871684116626,2.7437053382787924,227.1553594065449,3.0,11.50711301000047,45.13066341142777,51.59777031785529,16.941888821071412,1.4808460491102868,238.39435560354946,141.6754,Very Poor,9.445026666666667,15.717558361272275,141.6754
2.0,28.75846153846154,77.13641025641026,16.030940419738016,67.66871684116626,2.7437053382787924,227.1553594065449,3.0,11.50711301000047,45.13066341142777,51.59777031785529,16.941888821071412,1.4808460491102868,238.39435560354946,141.6754,Very Poor,9.445026666666667,15.717558361272275,141.6754
2.0,28.75846153846154,77.14615384615385,16.030940419738016,67.66871684116626,2.7437053382787924,227.1553594065449,3.0,11.50711301000047,45.13066341142777,51.59777031785529,16.941888821071412,1.4808460491102868,238.39435560354946,142.80370000000002,Very Poor,9.520246666666669,16.154349485819605,142.80370000000002
2.0,28.75846153846154,77.15589743589743,16.030940419738016,67.66871684116626,2.7437053382787924,227.1553594065449,3.0,11.50711301000047,45.13066341142777,51.59777031785529,16.941888821071412,1.4808460491102868,238.39435560354946,142.80370000000002,Very Poor,9.520246666666669,16.154349485819605,142.80370000000002
2.0,28.75846153846154,77.16564102564102,16.030940419738016,67.66871684116626,2.7437053382787924,227.1553594065449,3.0,11.50711301000047,45.13066341142777,51.59777031785529,16.941888821071412,1.4808460491102868,238.39435560354946,141.84140000000002,Very Poor,9.456093333333335,15.650699730044023,141.84140000000002
2.0,28.75846153846154,77.17538461538462,16.030940419738016,67.66871684116626,2.7437053382787924,227.1553594065449,3.0,11.50711301000047,45.13066341142777,51.59777031785529,16.941888821071412,1.4808460491102868,238.39435560354946,141.84140000000002,Very Poor,9.456093333333335,15.650699730044023,141.84140000000002
2.0,28.75846153846154,77.18512820512821,16.030940419738016,67.66871684116626,2.7437053382787924,227.1553594065449,3.0,11.50711301000047,45.13066341142777,51.59777031785529,16.941888821071412,1.4808460491102868,238.39435560354946,141.84140000000002,Very Poor,9.456093333333335,15.650699730044023,141.84140000000002
2.0,28.75846153846154,77.19487179487179,16.030940419738016,67.66871684116626,2.7437053382787924,227.1553594065449,3.0,11.50711301000047,45.13066341142777,51.59777031785529,16.941888821071412,1.4808460491102868,238.39435560354946,141.186,Very Poor,9.4124,16.031707020776047,141.186
2.0,28.75846153846154,77.20461538461538,16.030940419738016,67.66871684116626,2.7437053382787924,227.1553594065449,3.0,11.50711301000047,45.13066341142777,51.59777031785529,16.941888821071412,1.4808460491102868,238.39435560354946,141.186,Very Poor,9.4124,16.031707020776047,141.186
2.0,28.75846153846154,77.21435897435897,16.030940419738016,67.66871684116626,2.7437053382787924,227.1553594065449,3.0,11.50711301000047,45.13066341142777,51.59777031785529,16.941888821071412,1.4808460491102868,238.39435560354946,141.186,Very Poor,9.4124,16.031707020776047,141.186
2.0,28.75846153846154,77.22410256410257,16.030940419738016,67.66871684116626,2.7437053382787924,227.1553594065449,3.0,11.50711301000047,45.13066341142777,51.59777031785529,16.941888821071412,1.4808460491102868,238.39435560354946,141.186,Very Poor,9.4124,16.031707020776047,141.186
2.0,28.75846153846154,77.23384615384614,16.030940419738016,67.66871684116626,2.7437053382787924,227.1553594065449,3.0,11.50711301000047,45.13066341142777,51.59777031785529,16.941888821071412,1.4808460491102868,238.39435560354946,141.1687,Very Poor,9.411246666666667,16.05603585291214,141.1687
2.0,28.75846153846154,77.24358974358974,16.030940419738016,67.66871684116626,2.7437053382787924,227.1553594065449,3.0,11.50711301000047,45.13066341142777,51.59777031785529,16.941888821071412,1.4808460491102868,238.39435560354946,141.1687,Very Poor,9.411246666666667,16.05603585291214,141.1687
2.0,28.75846153846154,77.25333333333333,16.030940419738016,67.66871684116626,2.7437053382787924,227.1553594065449,3.0,11.50711301000047,45.13066341142777,51.59777031785529,16.941888821071412,1.4808460491102868,238.39435560354946,141.1687,Very Poor,9.411246666666667,16.05603585291214,141.1687
2.0,28.75846153846154,77.26307692307692,16.030940419738016,67.66871684116626,2.7437053382787924,227.1553594065449,3.0,11.50711301000047,45.13066341142777,51.59777031785529,16.941888821071412,1.4808460491102868,238.39435560354946,141.1687,Very Poor,9.411246666666667,16.05603585291214,141.1687
2.0,28.75846153846154,77.27282051282052,16.030940419738016,67.66871684116626,2.7437053382787924,227.1553594065449,3.0,11.50711301000047,45.13066341142777,51.59777031785529,16.941888821071412,1.4808460491102868,238.39435560354946,141.1687,Very Poor,9.411246666666667,16.05603585291214,141.1687
2.0,28.75846153846154,77.2825641025641,16.030940419738016,67.66871684116626,2.7437053382787924,227.1553594065449,3.0,11.50711301000047,45.13066341142777,51.59777031785529,16.941888821071412,1.4808460491102868,238.39435560354946,141.1687,Very Poor,9.411246666666667,16.05603585291214,141.1687
2.0,28.75846153846154,77.29230769230769,16.030940419738016,67.66871684116626,2.7437053382787924,227.1553594065449,3.0,11.50711301000047,45.13066341142777,51.59777031785529,16.941888821071412,1.4808460491102868,238.39435560354946,141.1687,Very Poor,9.411246666666667,16.05603585291214,141.1687
2.0,28.75846153846154,77.30205128205128,16.030940419738016,67.66871684116626,2.7437053382787924,227.1553594065449,3.0,11.50711301000047,45.13066341142777,51.59777031785529,16.941888821071412,1.4808460491102868,238.39435560354946,141.1687,Very Poor,9.411246666666667,16.05603585291214,141.1687
2.0,28.75846153846154,77.31179487179487,16.030940419738016,67.66871684116626,2.7437053382787924,227.1553594065449,3.0,11.50711301000047,45.13066341142777,51.59777031785529,16.941888821071412,1.4808460491102868,238.39435560354946,141.1687,Very Poor,9.411246666666667,16.05603585291214,141.1687
2.0,28.75846153846154,77.32153846153845,16.030940419738016,67.66871684116626,2.7437053382787924,227.1553594065449,3.0,11.50711301000047,45.13066341142777,51.59777031785529,16.941888821071412,1.4808460491102868,238.39435560354946,141.1687,Very Poor,9.411246666666667,16.05603585291214,141.1687
2.0,28.75846153846154,77.33128205128205,16.030940419738016,67.66871684116626,2.7437053382787924,227.1553594065449,3.0,11.50711301000047,45.13066341142777,51.59777031785529,16.941888821071412,1.4808460491102868,238.39435560354946,141.1687,Very Poor,9.411246666666667,16.05603585291214,141.1687
2.0,28.75846153846154,77.34102564102564,16.030940419738016,67.66871684116626,2.7437053382787924,227.1553594065449,3.0,11.50711301000047,45.13066341142777,51.59777031785529,16.941888821071412,1.4808460491102868,238.39435560354946,141.1687,Very Poor,9.411246666666667,16.05603585291214,141.1687
2.0,28.75846153846154,77.35076923076923,16.030940419738016,67.66871684116626,2.7437053382787924,227.1553594065449,3.0,11.50711301000047,45.13066341142777,51.59777031785529,16.941888821071412,1.4808460491102868,238.39435560354946,141.1687,Very Poor,9.411246666666667,16.05603585291214,141.1687
2.0,28.75846153846154,77.36051282051281,16.030940419738016,67.66871684116626,2.7437053382787924,227.1553594065449,3.0,11.50711301000047,45.13066341142777,51.59777031785529,16.941888821071412,1.4808460491102868,238.39435560354946,141.1687,Very Poor,9.411246666666667,16.05603585291214,141.1687
2.0,28.75846153846154,77.3702564102564,16.030940419738016,67.66871684116626,2.7437053382787924,227.1553594065449,3.0,11.50711301000047,45.13066341142777,51.59777031785529,16.941888821071412,1.4808460491102868,238.39435560354946,141.1687,Very Poor,9.411246666666667,16.05603585291214,141.1687
2.0,28.75846153846154,77.38,16.030940419738016,67.66871684116626,2.7437053382787924,227.1553594065449,3.0,11.50711301000047,45.13066341142777,51.59777031785529,16.941888821071412,1.4808460491102868,238.39435560354946,141.1687,Very Poor,9.411246666666667,16.05603585291214,141.1687
2.0,28.765641025641028,77.0,16.030940419738016,67.66871684116626,2.7437053382787924,227.1553594065449,3.0,11.50711301000047,45.13066341142777,51.59777031785529,16.941888821071412,1.4808460491102868,238.39435560354946,137.33959999999996,Very Poor,9.15597333333333,14.602662422996705,137.33959999999996
2.0,28.765641025641028,77.0097435897436,16.030940419738016,67.66871684116626,2.7437053382787924,227.1553594065449,3.0,11.50711301000047,45.13066341142777,51.59777031785529,16.941888821071412,1.4808460491102868,238.39435560354946,137.33959999999996,Very Poor,9.15597333333333,14.602662422996705,137.33959999999996
2.0,28.765641025641028,77.01948717948719,16.030940419738016,67.66871684116626,2.7437053382787924,227.1553594065449,3.0,11.50711301000047,45.13066341142777,51.59777031785529,16.941888821071412,1.4808460491102868,238.39435560354946,137.33959999999996,Very Poor,9.15597333333333,14.602662422996705,137.33959999999996
2.0,28.765641025641028,77.02923076923076,16.030940419738016,67.66871684116626,2.7437053382787924,227.1553594065449,3.0,11.50711301000047,45.13066341142777,51.59777031785529,16.941888821071412,1.4808460491102868,238.39435560354946,137.33959999999996,Very Poor,9.15597333333333,14.602662422996705,137.33959999999996
2.0,28.765641025641028,77.03897435897436,16.030940419738016,67.66871684116626,2.7437053382787924,227.1553594065449,3.0,11.50711301000047,45.13066341142777,51.59777031785529,16.941888821071412,1.4808460491102868,238.39435560354946,137.33959999999996,Very Poor,9.15597333333333,14.602662422996705,137.33959999999996
2.0,28.765641025641028,77.04871794871795,16.030940419738016,67.66871684116626,2.7437053382787924,227.1553594065449,3.0,11.50711301000047,45.13066341142777,51.59777031785529,16.941888821071412,1.4808460491102868,238.39435560354946,137.33959999999996,Very Poor,9.15597333333333,14.602662422996705,137.33959999999996
2.0,28.765641025641028,77.05846153846154,16.030940419738016,67.66871684116626,2.7437053382787924,227.1553594065449,3.0,11.50711301000047,45.13066341142777,51.59777031785529,16.941888821071412,1.4808460491102868,238.39435560354946,139.8902,Very Poor,9.326013333333332,15.464964660806695,139.8902
2.0,28.765641025641028,77.06820512820512,16.030940419738016,67.66871684116626,2.7437053382787924,227.1553594065449,3.0,11.50711301000047,45.13066341142777,51.59777031785529,16.941888821071412,1.4808460491102868,238.39435560354946,139.8902,Very Poor,9.326013333333332,15.464964660806695,139.8902
2.0,28.765641025641028,77.07794871794871,16.030940419738016,67.66871684116626,2.7437053382787924,227.1553594065449,3.0,11.50711301000047,45.13066341142777,51.59777031785529,16.941888821071412,1.4808460491102868,238.39435560354946,139.8902,Very Poor,9.326013333333332,15.464964660806695,139.8902
2.0,28.765641025641028,77.08769230769231,16.030940419738016,67.66871684116626,2.7437053382787924,227.1553594065449,3.0,11.50711301000047,45.13066341142777,51.59777031785529,16.941888821071412,1.4808460491102868,238.39435560354946,139.8902,Very Poor,9.326013333333332,15.464964660806695,139.8902
2.0,28.765641025641028,77.0974358974359,16.030940419738016,67.66871684116626,2.7437053382787924,227.1553594065449,3.0,11.50711301000047,45.13066341142777,51.59777031785529,16.941888821071412,1.4808460491102868,238.39435560354946,139.8902,Very Poor,9.326013333333332,15.464964660806695,139.8902
2.0,28.765641025641028,77.10717948717948,16.030940419738016,67.66871684116626,2.7437053382787924,227.1553594065449,3.0,11.50711301000047,45.13066341142777,51.59777031785529,16.941888821071412,1.4808460491102868,238.39435560354946,141.59249999999997,Very Poor,9.439499999999999,15.75763956784137,141.59249999999997
2.0,28.765641025641028,77.11692307692307,16.030940419738016,67.66871684116626,2.7437053382787924,227.1553594065449,3.0,11.50711301000047,45.13066341142777,51.59777031785529,16.941888821071412,1.4808460491102868,238.39435560354946,141.6754,Very Poor,9.445026666666667,15.717558361272275,141.6754
2.0,28.765641025641028,77.12666666666667,16.030940419738016,67.66871684116626,2.7437053382787924,227.1553594065449,3.0,11.50711301000047,45.13066341142777,51.59777031785529,16.941888821071412,1.4808460491102868,238.39435560354946,141.6754,Very Poor,9.445026666666667,15.717558361272275,141.6754
2.0,28.765641025641028,77.13641025641026,16.030940419738016,67.66871684116626,2.7437053382787924,227.1553594065449,3.0,11.50711301000047,45.13066341142777,51.59777031785529,16.941888821071412,1.4808460491102868,238.39435560354946,141.6754,Very Poor,9.445026666666667,15.717558361272275,141.6754
2.0,28.765641025641028,77.14615384615385,16.030940419738016,67.66871684116626,2.7437053382787924,227.1553594065449,3.0,11.50711301000047,45.13066341142777,51.59777031785529,16.941888821071412,1.4808460491102868,238.39435560354946,142.80370000000002,Very Poor,9.520246666666669,16.154349485819605,142.80370000000002
2.0,28.765641025641028,77.15589743589743,16.030940419738016,67.66871684116626,2.7437053382787924,227.1553594065449,3.0,11.50711301000047,45.13066341142777,51.59777031785529,16.941888821071412,1.4808460491102868,238.39435560354946,142.80370000000002,Very Poor,9.520246666666669,16.154349485819605,142.80370000000002
2.0,28.765641025641028,77.16564102564102,16.030940419738016,67.66871684116626,2.7437053382787924,227.1553594065449,3.0,11.50711301000047,45.13066341142777,51.59777031785529,16.941888821071412,1.4808460491102868,238.39435560354946,141.84140000000002,Very Poor,9.456093333333335,15.650699730044023,141.84140000000002
2.0,28.765641025641028,77.17538461538462,16.030940419738016,67.66871684116626,2.7437053382787924,227.1553594065449,3.0,11.50711301000047,45.13066341142777,51.59777031785529,16.941888821071412,1.4808460491102868,238.39435560354946,141.84140000000002,Very Poor,9.456093333333335,15.650699730044023,141.84140000000002
2.0,28.765641025641028,77.18512820512821,16.030940419738016,67.66871684116626,2.7437053382787924,227.1553594065449,3.0,11.50711301000047,45.13066341142777,51.59777031785529,16.941888821071412,1.4808460491102868,238.39435560354946,141.84140000000002,Very Poor,9.456093333333335,15.650699730044023,141.84140000000002
2.0,28.765641025641028,77.19487179487179,16.030940419738016,67.66871684116626,2.7437053382787924,227.1553594065449,3.0,11.50711301000047,45.13066341142777,51.59777031785529,16.941888821071412,1.4808460491102868,238.39435560354946,141.186,Very Poor,9.4124,16.031707020776047,141.186
2.0,28.765641025641028,77.20461538461538,16.030940419738016,67.66871684116626,2.7437053382787924,227.1553594065449,3.0,11.50711301000047,45.13066341142777,51.59777031785529,16.941888821071412,1.4808460491102868,238.39435560354946,141.186,Very Poor,9.4124,16.031707020776047,141.186
2.0,28.765641025641028,77.21435897435897,16.030940419738016,67.66871684116626,2.7437053382787924,227.1553594065449,3.0,11.50711301000047,45.13066341142777,51.59777031785529,16.941888821071412,1.4808460491102868,238.39435560354946,141.186,Very Poor,9.4124,16.031707020776047,141.186
2.0,28.765641025641028,77.22410256410257,16.030940419738016,67.66871684116626,2.7437053382787924,227.1553594065449,3.0,11.50711301000047,45.13066341142777,51.59777031785529,16.941888821071412,1.4808460491102868,238.39435560354946,141.186,Very Poor,9.4124,16.031707020776047,141.186
2.0,28.765641025641028,77.23384615384614,16.030940419738016,67.66871684116626,2.7437053382787924,227.1553594065449,3.0,11.50711301000047,45.13066341142777,51.59777031785529,16.941888821071412,1.4808460491102868,238.39435560354946,141.1687,Very Poor,9.411246666666667,16.05603585291214,141.1687
2.0,28.765641025641028,77.24358974358974,16.030940419738016,67.66871684116626,2.7437053382787924,227.1553594065449,3.0,11.50711301000047,45.13066341142777,51.59777031785529,16.941888821071412,1.4808460491102868,238.39435560354946,141.1687,Very Poor,9.411246666666667,16.05603585291214,141.1687
2.0,28.765641025641028,77.25333333333333,16.030940419738016,67.66871684116626,2.7437053382787924,227.1553594065449,3.0,11.50711301000047,45.13066341142777,51.59777031785529,16.941888821071412,1.4808460491102868,238.39435560354946,141.1687,Very Poor,9.411246666666667,16.05603585291214,141.1687
2.0,28.765641025641028,77.26307692307692,16.030940419738016,67.66871684116626,2.7437053382787924,227.1553594065449,3.0,11.50711301000047,45.13066341142777,51.59777031785529,16.941888821071412,1.4808460491102868,238.39435560354946,141.1687,Very Poor,9.411246666666667,16.05603585291214,141.1687
2.0,28.765641025641028,77.27282051282052,16.030940419738016,67.66871684116626,2.7437053382787924,227.1553594065449,3.0,11.50711301000047,45.13066341142777,51.59777031785529,16.941888821071412,1.4808460491102868,238.39435560354946,141.1687,Very Poor,9.411246666666667,16.05603585291214,141.1687
2.0,28.765641025641028,77.2825641025641,16.030940419738016,67.66871684116626,2.7437053382787924,227.1553594065449,3.0,11.50711301000047,45.13066341142777,51.59777031785529,16.941888821071412,1.4808460491102868,238.39435560354946,141.1687,Very Poor,9.411246666666667,16.05603585291214,141.1687
2.0,28.765641025641028,77.29230769230769,16.030940419738016,67.66871684116626,2.7437053382787924,227.1553594065449,3.0,11.50711301000047,45.13066341142777,51.59777031785529,16.941888821071412,1.4808460491102868,238.39435560354946,141.1687,Very Poor,9.411246666666667,16.05603585291214,141.1687
2.0,28.765641025641028,77.30205128205128,16.030940419738016,67.66871684116626,2.7437053382787924,227.1553594065449,3.0,11.50711301000047,45.13066341142777,51.59777031785529,16.941888821071412,1.4808460491102868,238.39435560354946,141.1687,Very Poor,9.411246666666667,16.05603585291214,141.1687
2.0,28.765641025641028,77.31179487179487,16.030940419738016,67.66871684116626,2.7437053382787924,227.1553594065449,3.0,11.50711301000047,45.13066341142777,51.59777031785529,16.941888821071412,1.4808460491102868,238.39435560354946,141.1687,Very Poor,9.411246666666667,16.05603585291214,141.1687
2.0,28.765641025641028,77.32153846153845,16.030940419738016,67.66871684116626,2.7437053382787924,227.1553594065449,3.0,11.50711301000047,45.13066341142777,51.59777031785529,16.941888821071412,1.4808460491102868,238.39435560354946,141.1687,Very Poor,9.411246666666667,16.05603585291214,141.1687
2.0,28.765641025641028,77.33128205128205,16.030940419738016,67.66871684116626,2.7437053382787924,227.1553594065449,3.0,11.50711301000047,45.13066341142777,51.59777031785529,16.941888821071412,1.4808460491102868,238.39435560354946,141.1687,Very Poor,9.411246666666667,16.05603585291214,141.1687
2.0,28.765641025641028,77.34102564102564,16.030940419738016,67.66871684116626,2.7437053382787924,227.1553594065449,3.0,11.50711301000047,45.13066341142777,51.59777031785529,16.941888821071412,1.4808460491102868,238.39435560354946,141.1687,Very Poor,9.411246666666667,16.05603585291214,141.1687
2.0,28.765641025641028,77.35076923076923,16.030940419738016,67.66871684116626,2.7437053382787924,227.1553594065449,3.0,11.50711301000047,45.13066341142777,51.59777031785529,16.941888821071412,1.4808460491102868,238.39435560354946,141.1687,Very Poor,9.411246666666667,16.05603585291214,141.1687
2.0,28.765641025641028,77.36051282051281,16.030940419738016,67.66871684116626,2.7437053382787924,227.1553594065449,3.0,11.50711301000047,45.13066341142777,51.59777031785529,16.941888821071412,1.4808460491102868,238.39435560354946,141.1687,Very Poor,9.411246666666667,16.05603585291214,141.1687
2.0,28.765641025641028,77.3702564102564,16.030940419738016,67.66871684116626,2.7437053382787924,227.1553594065449,3.0,11.50711301000047,45.13066341142777,51.59777031785529,16.941888821071412,1.4808460491102868,238.39435560354946,141.1687,Very Poor,9.411246666666667,16.05603585291214,141.1687
2.0,28.765641025641028,77.38,16.030940419738016,67.66871684116626,2.7437053382787924,227.1553594065449,3.0,11.50711301000047,45.13066341142777,51.59777031785529,16.941888821071412,1.4808460491102868,238.39435560354946,141.1687,Very Poor,9.411246666666667,16.05603585291214,141.1687
2.0,28.772820512820513,77.0,16.030940419738016,67.66871684116626,2.7437053382787924,227.1553594065449,3.0,11.50711301000047,45.13066341142777,51.59777031785529,16.941888821071412,1.4808460491102868,238.39435560354946,137.33959999999996,Very Poor,9.15597333333333,14.602662422996705,137.33959999999996
2.0,28.772820512820513,77.0097435897436,16.030940419738016,67.66871684116626,2.7437053382787924,227.1553594065449,3.0,11.50711301000047,45.13066341142777,51.59777031785529,16.941888821071412,1.4808460491102868,238.39435560354946,137.33959999999996,Very Poor,9.15597333333333,14.602662422996705,137.33959999999996
2.0,28.772820512820513,77.01948717948719,16.030940419738016,67.66871684116626,2.7437053382787924,227.1553594065449,3.0,11.50711301000047,45.13066341142777,51.59777031785529,16.941888821071412,1.4808460491102868,238.39435560354946,137.33959999999996,Very Poor,9.15597333333333,14.602662422996705,137.33959999999996
2.0,28.772820512820513,77.02923076923076,16.030940419738016,67.66871684116626,2.7437053382787924,227.1553594065449,3.0,11.50711301000047,45.13066341142777,51.59777031785529,16.941888821071412,1.4808460491102868,238.39435560354946,137.33959999999996,Very Poor,9.15597333333333,14.602662422996705,137.33959999999996
2.0,28.772820512820513,77.03897435897436,16.030940419738016,67.66871684116626,2.7437053382787924,227.1553594065449,3.0,11.50711301000047,45.13066341142777,51.59777031785529,16.941888821071412,1.4808460491102868,238.39435560354946,137.33959999999996,Very Poor,9.15597333333333,14.602662422996705,137.33959999999996
2.0,28.772820512820513,77.04871794871795,16.030940419738016,67.66871684116626,2.7437053382787924,227.1553594065449,3.0,11.50711301000047,45.13066341142777,51.59777031785529,16.941888821071412,1.4808460491102868,238.39435560354946,137.33959999999996,Very Poor,9.15597333333333,14.602662422996705,137.33959999999996
2.0,28.772820512820513,77.05846153846154,16.030940419738016,67.66871684116626,2.7437053382787924,227.1553594065449,3.0,11.50711301000047,45.13066341142777,51.59777031785529,16.941888821071412,1.4808460491102868,238.39435560354946,139.8902,Very Poor,9.326013333333332,15.464964660806695,139.8902
2.0,28.772820512820513,77.06820512820512,16.030940419738016,67.66871684116626,2.7437053382787924,227.1553594065449,3.0,11.50711301000047,45.13066341142777,51.59777031785529,16.941888821071412,1.4808460491102868,238.39435560354946,139.8902,Very Poor,9.326013333333332,15.464964660806695,139.8902
2.0,28.772820512820513,77.07794871794871,16.030940419738016,67.66871684116626,2.7437053382787924,227.1553594065449,3.0,11.50711301000047,45.13066341142777,51.59777031785529,16.941888821071412,1.4808460491102868,238.39435560354946,139.8902,Very Poor,9.326013333333332,15.464964660806695,139.8902
2.0,28.772820512820513,77.08769230769231,16.030940419738016,67.66871684116626,2.7437053382787924,227.1553594065449,3.0,11.50711301000047,45.13066341142777,51.59777031785529,16.941888821071412,1.4808460491102868,238.39435560354946,139.8902,Very Poor,9.326013333333332,15.464964660806695,139.8902
2.0,28.772820512820513,77.0974358974359,16.030940419738016,67.66871684116626,2.7437053382787924,227.1553594065449,3.0,11.50711301000047,45.13066341142777,51.59777031785529,16.941888821071412,1.4808460491102868,238.39435560354946,139.8902,Very Poor,9.326013333333332,15.464964660806695,139.8902
2.0,28.772820512820513,77.10717948717948,16.030940419738016,67.66871684116626,2.7437053382787924,227.1553594065449,3.0,11.50711301000047,45.13066341142777,51.59777031785529,16.941888821071412,1.4808460491102868,238.39435560354946,141.59249999999997,Very Poor,9.439499999999999,15.75763956784137,141.59249999999997
2.0,28.772820512820513,77.11692307692307,16.030940419738016,67.66871684116626,2.7437053382787924,227.1553594065449,3.0,11.50711301000047,45.13066341142777,51.59777031785529,16.941888821071412,1.4808460491102868,238.39435560354946,141.6754,Very Poor,9.445026666666667,15.717558361272275,141.6754
2.0,28.772820512820513,77.12666666666667,16.030940419738016,67.66871684116626,2.7437053382787924,227.1553594065449,3.0,11.50711301000047,45.13066341142777,51.59777031785529,16.941888821071412,1.4808460491102868,238.39435560354946,141.6754,Very Poor,9.445026666666667,15.717558361272275,141.6754
2.0,28.772820512820513,77.13641025641026,16.030940419738016,67.66871684116626,2.7437053382787924,227.1553594065449,3.0,11.50711301000047,45.13066341142777,51.59777031785529,16.941888821071412,1.4808460491102868,238.39435560354946,141.6754,Very Poor,9.445026666666667,15.717558361272275,141.6754
2.0,28.772820512820513,77.14615384615385,16.030940419738016,67.66871684116626,2.7437053382787924,227.1553594065449,3.0,11.50711301000047,45.13066341142777,51.59777031785529,16.941888821071412,1.4808460491102868,238.39435560354946,142.80370000000002,Very Poor,9.520246666666669,16.154349485819605,142.80370000000002
2.0,28.772820512820513,77.15589743589743,16.030940419738016,67.66871684116626,2.7437053382787924,227.1553594065449,3.0,11.50711301000047,45.13066341142777,51.59777031785529,16.941888821071412,1.4808460491102868,238.39435560354946,142.80370000000002,Very Poor,9.520246666666669,16.154349485819605,142.80370000000002
2.0,28.772820512820513,77.16564102564102,16.030940419738016,67.66871684116626,2.7437053382787924,227.1553594065449,3.0,11.50711301000047,45.13066341142777,51.59777031785529,16.941888821071412,1.4808460491102868,238.39435560354946,141.84140000000002,Very Poor,9.456093333333335,15.650699730044023,141.84140000000002
2.0,28.772820512820513,77.17538461538462,16.030940419738016,67.66871684116626,2.7437053382787924,227.1553594065449,3.0,11.50711301000047,45.13066341142777,51.59777031785529,16.941888821071412,1.4808460491102868,238.39435560354946,141.84140000000002,Very Poor,9.456093333333335,15.650699730044023,141.84140000000002
2.0,28.772820512820513,77.18512820512821,16.030940419738016,67.66871684116626,2.7437053382787924,227.1553594065449,3.0,11.50711301000047,45.13066341142777,51.59777031785529,16.941888821071412,1.4808460491102868,238.39435560354946,141.84140000000002,Very Poor,9.456093333333335,15.650699730044023,141.84140000000002
2.0,28.772820512820513,77.19487179487179,16.030940419738016,67.66871684116626,2.7437053382787924,227.1553594065449,3.0,11.50711301000047,45.13066341142777,51.59777031785529,16.941888821071412,1.4808460491102868,238.39435560354946,141.186,Very Poor,9.4124,16.031707020776047,141.186
2.0,28.772820512820513,77.20461538461538,16.030940419738016,67.66871684116626,2.7437053382787924,227.1553594065449,3.0,11.50711301000047,45.13066341142777,51.59777031785529,16.941888821071412,1.4808460491102868,238.39435560354946,141.186,Very Poor,9.4124,16.031707020776047,141.186
2.0,28.772820512820513,77.21435897435897,16.030940419738016,67.66871684116626,2.7437053382787924,227.1553594065449,3.0,11.50711301000047,45.13066341142777,51.59777031785529,16.941888821071412,1.4808460491102868,238.39435560354946,141.186,Very Poor,9.4124,16.031707020776047,141.186
2.0,28.772820512820513,77.22410256410257,16.030940419738016,67.66871684116626,2.7437053382787924,227.1553594065449,3.0,11.50711301000047,45.13066341142777,51.59777031785529,16.941888821071412,1.4808460491102868,238.39435560354946,141.186,Very Poor,9.4124,16.031707020776047,141.186
2.0,28.772820512820513,77.23384615384614,16.030940419738016,67.66871684116626,2.7437053382787924,227.1553594065449,3.0,11.50711301000047,45.13066341142777,51.59777031785529,16.941888821071412,1.4808460491102868,238.39435560354946,141.1687,Very Poor,9.411246666666667,16.05603585291214,141.1687
2.0,28.772820512820513,77.24358974358974,16.030940419738016,67.66871684116626,2.7437053382787924,227.1553594065449,3.0,11.50711301000047,45.13066341142777,51.59777031785529,16.941888821071412,1.4808460491102868,238.39435560354946,141.1687,Very Poor,9.411246666666667,16.05603585291214,141.1687
2.0,28.772820512820513,77.25333333333333,16.030940419738016,67.66871684116626,2.7437053382787924,227.1553594065449,3.0,11.50711301000047,45.13066341142777,51.59777031785529,16.941888821071412,1.4808460491102868,238.39435560354946,141.1687,Very Poor,9.411246666666667,16.05603585291214,141.1687
2.0,28.772820512820513,77.26307692307692,16.030940419738016,67.66871684116626,2.7437053382787924,227.1553594065449,3.0,11.50711301000047,45.13066341142777,51.59777031785529,16.941888821071412,1.4808460491102868,238.39435560354946,141.1687,Very Poor,9.411246666666667,16.05603585291214,141.1687
2.0,28.772820512820513,77.27282051282052,16.030940419738016,67.66871684116626,2.7437053382787924,227.1553594065449,3.0,11.50711301000047,45.13066341142777,51.59777031785529,16.941888821071412,1.4808460491102868,238.39435560354946,141.1687,Very Poor,9.411246666666667,16.05603585291214,141.1687
2.0,28.772820512820513,77.2825641025641,16.030940419738016,67.66871684116626,2.7437053382787924,227.1553594065449,3.0,11.50711301000047,45.13066341142777,51.59777031785529,16.941888821071412,1.4808460491102868,238.39435560354946,141.1687,Very Poor,9.411246666666667,16.05603585291214,141.1687
2.0,28.772820512820513,77.29230769230769,16.030940419738016,67.66871684116626,2.7437053382787924,227.1553594065449,3.0,11.50711301000047,45.13066341142777,51.59777031785529,16.941888821071412,1.4808460491102868,238.39435560354946,141.1687,Very Poor,9.411246666666667,16.05603585291214,141.1687
2.0,28.772820512820513,77.30205128205128,16.030940419738016,67.66871684116626,2.7437053382787924,227.1553594065449,3.0,11.50711301000047,45.13066341142777,51.59777031785529,16.941888821071412,1.4808460491102868,238.39435560354946,141.1687,Very Poor,9.411246666666667,16.05603585291214,141.1687
2.0,28.772820512820513,77.31179487179487,16.030940419738016,67.66871684116626,2.7437053382787924,227.1553594065449,3.0,11.50711301000047,45.13066341142777,51.59777031785529,16.941888821071412,1.4808460491102868,238.39435560354946,141.1687,Very Poor,9.411246666666667,16.05603585291214,141.1687
2.0,28.772820512820513,77.32153846153845,16.030940419738016,67.66871684116626,2.7437053382787924,227.1553594065449,3.0,11.50711301000047,45.13066341142777,51.59777031785529,16.941888821071412,1.4808460491102868,238.39435560354946,141.1687,Very Poor,9.411246666666667,16.05603585291214,141.1687
2.0,28.772820512820513,77.33128205128205,16.030940419738016,67.66871684116626,2.7437053382787924,227.1553594065449,3.0,11.50711301000047,45.13066341142777,51.59777031785529,16.941888821071412,1.4808460491102868,238.39435560354946,141.1687,Very Poor,9.411246666666667,16.05603585291214,141.1687
2.0,28.772820512820513,77.34102564102564,16.030940419738016,67.66871684116626,2.7437053382787924,227.1553594065449,3.0,11.50711301000047,45.13066341142777,51.59777031785529,16.941888821071412,1.4808460491102868,238.39435560354946,141.1687,Very Poor,9.411246666666667,16.05603585291214,141.1687
2.0,28.772820512820513,77.35076923076923,16.030940419738016,67.66871684116626,2.7437053382787924,227.1553594065449,3.0,11.50711301000047,45.13066341142777,51.59777031785529,16.941888821071412,1.4808460491102868,238.39435560354946,141.1687,Very Poor,9.411246666666667,16.05603585291214,141.1687
2.0,28.772820512820513,77.36051282051281,16.030940419738016,67.66871684116626,2.7437053382787924,227.1553594065449,3.0,11.50711301000047,45.13066341142777,51.59777031785529,16.941888821071412,1.4808460491102868,238.39435560354946,141.1687,Very Poor,9.411246666666667,16.05603585291214,141.1687
2.0,28.772820512820513,77.3702564102564,16.030940419738016,67.66871684116626,2.7437053382787924,227.1553594065449,3.0,11.50711301000047,45.13066341142777,51.59777031785529,16.941888821071412,1.4808460491102868,238.39435560354946,141.1687,Very Poor,9.411246666666667,16.05603585291214,141.1687
2.0,28.772820512820513,77.38,16.030940419738016,67.66871684116626,2.7437053382787924,227.1553594065449,3.0,11.50711301000047,45.13066341142777,51.59777031785529,16.941888821071412,1.4808460491102868,238.39435560354946,141.1687,Very Poor,9.411246666666667,16.05603585291214,141.1687
2.0,28.78,77.0,16.030940419738016,67.66871684116626,2.7437053382787924,227.1553594065449,3.0,11.50711301000047,45.13066341142777,51.59777031785529,16.941888821071412,1.4808460491102868,238.39435560354946,137.33959999999996,Very Poor,9.15597333333333,14.602662422996705,137.33959999999996
2.0,28.78,77.0097435897436,16.030940419738016,67.66871684116626,2.7437053382787924,227.1553594065449,3.0,11.50711301000047,45.13066341142777,51.59777031785529,16.941888821071412,1.4808460491102868,238.39435560354946,137.33959999999996,Very Poor,9.15597333333333,14.602662422996705,137.33959999999996
2.0,28.78,77.01948717948719,16.030940419738016,67.66871684116626,2.7437053382787924,227.1553594065449,3.0,11.50711301000047,45.13066341142777,51.59777031785529,16.941888821071412,1.4808460491102868,238.39435560354946,137.33959999999996,Very Poor,9.15597333333333,14.602662422996705,137.33959999999996
2.0,28.78,77.02923076923076,16.030940419738016,67.66871684116626,2.7437053382787924,227.1553594065449,3.0,11.50711301000047,45.13066341142777,51.59777031785529,16.941888821071412,1.4808460491102868,238.39435560354946,137.33959999999996,Very Poor,9.15597333333333,14.602662422996705,137.33959999999996
2.0,28.78,77.03897435897436,16.030940419738016,67.66871684116626,2.7437053382787924,227.1553594065449,3.0,11.50711301000047,45.13066341142777,51.59777031785529,16.941888821071412,1.4808460491102868,238.39435560354946,137.33959999999996,Very Poor,9.15597333333333,14.602662422996705,137.33959999999996
2.0,28.78,77.04871794871795,16.030940419738016,67.66871684116626,2.7437053382787924,227.1553594065449,3.0,11.50711301000047,45.13066341142777,51.59777031785529,16.941888821071412,1.4808460491102868,238.39435560354946,137.33959999999996,Very Poor,9.15597333333333,14.602662422996705,137.33959999999996
2.0,28.78,77.05846153846154,16.030940419738016,67.66871684116626,2.7437053382787924,227.1553594065449,3.0,11.50711301000047,45.13066341142777,51.59777031785529,16.941888821071412,1.4808460491102868,238.39435560354946,139.8902,Very Poor,9.326013333333332,15.464964660806695,139.8902
2.0,28.78,77.06820512820512,16.030940419738016,67.66871684116626,2.7437053382787924,227.1553594065449,3.0,11.50711301000047,45.13066341142777,51.59777031785529,16.941888821071412,1.4808460491102868,238.39435560354946,139.8902,Very Poor,9.326013333333332,15.464964660806695,139.8902
2.0,28.78,77.07794871794871,16.030940419738016,67.66871684116626,2.7437053382787924,227.1553594065449,3.0,11.50711301000047,45.13066341142777,51.59777031785529,16.941888821071412,1.4808460491102868,238.39435560354946,139.8902,Very Poor,9.326013333333332,15.464964660806695,139.8902
2.0,28.78,77.08769230769231,16.030940419738016,67.66871684116626,2.7437053382787924,227.1553594065449,3.0,11.50711301000047,45.13066341142777,51.59777031785529,16.941888821071412,1.4808460491102868,238.39435560354946,139.8902,Very Poor,9.326013333333332,15.464964660806695,139.8902
2.0,28.78,77.0974358974359,16.030940419738016,67.66871684116626,2.7437053382787924,227.1553594065449,3.0,11.50711301000047,45.13066341142777,51.59777031785529,16.941888821071412,1.4808460491102868,238.39435560354946,139.8902,Very Poor,9.326013333333332,15.464964660806695,139.8902
2.0,28.78,77.10717948717948,16.030940419738016,67.66871684116626,2.7437053382787924,227.1553594065449,3.0,11.50711301000047,45.13066341142777,51.59777031785529,16.941888821071412,1.4808460491102868,238.39435560354946,141.59249999999997,Very Poor,9.439499999999999,15.75763956784137,141.59249999999997
2.0,28.78,77.11692307692307,16.030940419738016,67.66871684116626,2.7437053382787924,227.1553594065449,3.0,11.50711301000047,45.13066341142777,51.59777031785529,16.941888821071412,1.4808460491102868,238.39435560354946,141.6754,Very Poor,9.445026666666667,15.717558361272275,141.6754
2.0,28.78,77.12666666666667,16.030940419738016,67.66871684116626,2.7437053382787924,227.1553594065449,3.0,11.50711301000047,45.13066341142777,51.59777031785529,16.941888821071412,1.4808460491102868,238.39435560354946,141.6754,Very Poor,9.445026666666667,15.717558361272275,141.6754
2.0,28.78,77.13641025641026,16.030940419738016,67.66871684116626,2.7437053382787924,227.1553594065449,3.0,11.50711301000047,45.13066341142777,51.59777031785529,16.941888821071412,1.4808460491102868,238.39435560354946,141.6754,Very Poor,9.445026666666667,15.717558361272275,141.6754
2.0,28.78,77.14615384615385,16.030940419738016,67.66871684116626,2.7437053382787924,227.1553594065449,3.0,11.50711301000047,45.13066341142777,51.59777031785529,16.941888821071412,1.4808460491102868,238.39435560354946,142.80370000000002,Very Poor,9.520246666666669,16.154349485819605,142.80370000000002
2.0,28.78,77.15589743589743,16.030940419738016,67.66871684116626,2.7437053382787924,227.1553594065449,3.0,11.50711301000047,45.13066341142777,51.59777031785529,16.941888821071412,1.4808460491102868,238.39435560354946,142.80370000000002,Very Poor,9.520246666666669,16.154349485819605,142.80370000000002
2.0,28.78,77.16564102564102,16.030940419738016,67.66871684116626,2.7437053382787924,227.1553594065449,3.0,11.50711301000047,45.13066341142777,51.59777031785529,16.941888821071412,1.4808460491102868,238.39435560354946,141.84140000000002,Very Poor,9.456093333333335,15.650699730044023,141.84140000000002
2.0,28.78,77.17538461538462,16.030940419738016,67.66871684116626,2.7437053382787924,227.1553594065449,3.0,11.50711301000047,45.13066341142777,51.59777031785529,16.941888821071412,1.4808460491102868,238.39435560354946,141.84140000000002,Very Poor,9.456093333333335,15.650699730044023,141.84140000000002
2.0,28.78,77.18512820512821,16.030940419738016,67.66871684116626,2.7437053382787924,227.1553594065449,3.0,11.50711301000047,45.13066341142777,51.59777031785529,16.941888821071412,1.4808460491102868,238.39435560354946,141.84140000000002,Very Poor,9.456093333333335,15.650699730044023,141.84140000000002
2.0,28.78,77.19487179487179,16.030940419738016,67.66871684116626,2.7437053382787924,227.1553594065449,3.0,11.50711301000047,45.13066341142777,51.59777031785529,16.941888821071412,1.4808460491102868,238.39435560354946,141.186,Very Poor,9.4124,16.031707020776047,141.186
2.0,28.78,77.20461538461538,16.030940419738016,67.66871684116626,2.7437053382787924,227.1553594065449,3.0,11.50711301000047,45.13066341142777,51.59777031785529,16.941888821071412,1.4808460491102868,238.39435560354946,141.186,Very Poor,9.4124,16.031707020776047,141.186
2.0,28.78,77.21435897435897,16.030940419738016,67.66871684116626,2.7437053382787924,227.1553594065449,3.0,11.50711301000047,45.13066341142777,51.59777031785529,16.941888821071412,1.4808460491102868,238.39435560354946,141.186,Very Poor,9.4124,16.031707020776047,141.186
2.0,28.78,77.22410256410257,16.030940419738016,67.66871684116626,2.7437053382787924,227.1553594065449,3.0,11.50711301000047,45.13066341142777,51.59777031785529,16.941888821071412,1.4808460491102868,238.39435560354946,141.186,Very Poor,9.4124,16.031707020776047,141.186
2.0,28.78,77.23384615384614,16.030940419738016,67.66871684116626,2.7437053382787924,227.1553594065449,3.0,11.50711301000047,45.13066341142777,51.59777031785529,16.941888821071412,1.4808460491102868,238.39435560354946,141.1687,Very Poor,9.411246666666667,16.05603585291214,141.1687
2.0,28.78,77.24358974358974,16.030940419738016,67.66871684116626,2.7437053382787924,227.1553594065449,3.0,11.50711301000047,45.13066341142777,51.59777031785529,16.941888821071412,1.4808460491102868,238.39435560354946,141.1687,Very Poor,9.411246666666667,16.05603585291214,141.1687
2.0,28.78,77.25333333333333,16.030940419738016,67.66871684116626,2.7437053382787924,227.1553594065449,3.0,11.50711301000047,45.13066341142777,51.59777031785529,16.941888821071412,1.4808460491102868,238.39435560354946,141.1687,Very Poor,9.411246666666667,16.05603585291214,141.1687
2.0,28.78,77.26307692307692,16.030940419738016,67.66871684116626,2.7437053382787924,227.1553594065449,3.0,11.50711301000047,45.13066341142777,51.59777031785529,16.941888821071412,1.4808460491102868,238.39435560354946,141.1687,Very Poor,9.411246666666667,16.05603585291214,141.1687
2.0,28.78,77.27282051282052,16.030940419738016,67.66871684116626,2.7437053382787924,227.1553594065449,3.0,11.50711301000047,45.13066341142777,51.59777031785529,16.941888821071412,1.4808460491102868,238.39435560354946,141.1687,Very Poor,9.411246666666667,16.05603585291214,141.1687
2.0,28.78,77.2825641025641,16.030940419738016,67.66871684116626,2.7437053382787924,227.1553594065449,3.0,11.50711301000047,45.13066341142777,51.59777031785529,16.941888821071412,1.4808460491102868,238.39435560354946,141.1687,Very Poor,9.411246666666667,16.05603585291214,141.1687
2.0,28.78,77.29230769230769,16.030940419738016,67.66871684116626,2.7437053382787924,227.1553594065449,3.0,11.50711301000047,45.13066341142777,51.59777031785529,16.941888821071412,1.4808460491102868,238.39435560354946,141.1687,Very Poor,9.411246666666667,16.05603585291214,141.1687
2.0,28.78,77.30205128205128,16.030940419738016,67.66871684116626,2.7437053382787924,227.1553594065449,3.0,11.50711301000047,45.13066341142777,51.59777031785529,16.941888821071412,1.4808460491102868,238.39435560354946,141.1687,Very Poor,9.411246666666667,16.05603585291214,141.1687
2.0,28.78,77.31179487179487,16.030940419738016,67.66871684116626,2.7437053382787924,227.1553594065449,3.0,11.50711301000047,45.13066341142777,51.59777031785529,16.941888821071412,1.4808460491102868,238.39435560354946,141.1687,Very Poor,9.411246666666667,16.05603585291214,141.1687
2.0,28.78,77.32153846153845,16.030940419738016,67.66871684116626,2.7437053382787924,227.1553594065449,3.0,11.50711301000047,45.13066341142777,51.59777031785529,16.941888821071412,1.4808460491102868,238.39435560354946,141.1687,Very Poor,9.411246666666667,16.05603585291214,141.1687
2.0,28.78,77.33128205128205,16.030940419738016,67.66871684116626,2.7437053382787924,227.1553594065449,3.0,11.50711301000047,45.13066341142777,51.59777031785529,16.941888821071412,1.4808460491102868,238.39435560354946,141.1687,Very Poor,9.411246666666667,16.05603585291214,141.1687
2.0,28.78,77.34102564102564,16.030940419738016,67.66871684116626,2.7437053382787924,227.1553594065449,3.0,11.50711301000047,45.13066341142777,51.59777031785529,16.941888821071412,1.4808460491102868,238.39435560354946,141.1687,Very Poor,9.411246666666667,16.05603585291214,141.1687
2.0,28.78,77.35076923076923,16.030940419738016,67.66871684116626,2.7437053382787924,227.1553594065449,3.0,11.50711301000047,45.13066341142777,51.59777031785529,16.941888821071412,1.4808460491102868,238.39435560354946,141.1687,Very Poor,9.411246666666667,16.05603585291214,141.1687
2.0,28.78,77.36051282051281,16.030940419738016,67.66871684116626,2.7437053382787924,227.1553594065449,3.0,11.50711301000047,45.13066341142777,51.59777031785529,16.941888821071412,1.4808460491102868,238.39435560354946,141.1687,Very Poor,9.411246666666667,16.05603585291214,141.1687
2.0,28.78,77.3702564102564,16.030940419738016,67.66871684116626,2.7437053382787924,227.1553594065449,3.0,11.50711301000047,45.13066341142777,51.59777031785529,16.941888821071412,1.4808460491102868,238.39435560354946,141.1687,Very Poor,9.411246666666667,16.05603585291214,141.1687
2.0,28.78,77.38,16.030940419738016,67.66871684116626,2.7437053382787924,227.1553594065449,3.0,11.50711301000047,45.13066341142777,51.59777031785529,16.941888821071412,1.4808460491102868,238.39435560354946,141.1687,Very Poor,9.411246666666667,16.05603585291214,141.1687
