city_encoded,lat,lon,temperature,humidity,wind_speed,wind_deg,road_density,hour,day_of_year,NO2,SO2,CO,PM10,predicted_pm25,aqi_category,who_exceedance,rf_std,rf_mean
3.0,17.2,78.25,24.327281235376695,52.879270004679455,2.356303228825456,139.46607393542348,3.0,11.494618624239589,45.02105755732335,42.77674777725783,8.800336920917173,0.6482171268132897,122.54985025737014,53.894400000000005,Satisfactory,3.59296,7.390673490284902,53.8944
3.0,17.2,78.26025641025642,24.327281235376695,52.879270004679455,2.356303228825456,139.46607393542348,3.0,11.494618624239589,45.02105755732335,42.77674777725783,8.800336920917173,0.6482171268132897,122.54985025737014,53.894400000000005,Satisfactory,3.59296,7.390673490284902,53.8944
3.0,17.2,78.27051282051282,24.327281235376695,52.879270004679455,2.356303228825456,139.46607393542348,3.0,11.494618624239589,45.02105755732335,42.77674777725783,8.800336920917173,0.6482171268132897,122.54985025737014,53.894400000000005,Satisfactory,3.59296,7.390673490284902,53.8944
3.0,17.2,78.28076923076924,24.327281235376695,52.879270004679455,2.356303228825456,139.46607393542348,3.0,11.494618624239589,45.02105755732335,42.77674777725783,8.800336920917173,0.6482171268132897,122.54985025737014,53.894400000000005,Satisfactory,3.59296,7.390673490284902,53.8944
3.0,17.2,78.29102564102564,24.327281235376695,52.879270004679455,2.356303228825456,139.46607393542348,3.0,11.494618624239589,45.02105755732335,42.77674777725783,8.800336920917173,0.6482171268132897,122.54985025737014,53.894400000000005,Satisfactory,3.59296,7.390673490284902,53.8944
3.0,17.2,78.30128205128206,24.327281235376695,52.879270004679455,2.356303228825456,139.46607393542348,3.0,11.494618624239589,45.02105755732335,42.77674777725783,8.800336920917173,0.6482171268132897,122.54985025737014,53.971500000000006,Satisfactory,3.5981000000000005,7.328782214665681,53.9715
3.0,17.2,78.31153846153846,24.327281235376695,52.879270004679455,2.356303228825456,139.46607393542348,3.0,11.494618624239589,45.02105755732335,42.77674777725783,8.800336920917173,0.6482171268132897,122.54985025737014,53.971500000000006,Satisfactory,3.5981000000000005,7.328782214665681,53.9715
3.0,17.2,78.32179487179488,24.327281235376695,52.879270004679455,2.356303228825456,139.46607393542348,3.0,11.494618624239589,45.02105755732335,42.77674777725783,8.800336920917173,0.6482171268132897,122.54985025737014,53.971500000000006,Satisfactory,3.5981000000000005,7.328782214665681,53.9715
3.0,17.2,78.33205128205128,24.327281235376695,52.879270004679455,2.356303228825456,139.46607393542348,3.0,11.494618624239589,45.02105755732335,42.77674777725783,8.800336920917173,0.6482171268132897,122.54985025737014,53.971500000000006,Satisfactory,3.5981000000000005,7.328782214665681,53.9715
3.0,17.2,78.3423076923077,24.327281235376695,52.879270004679455,2.356303228825456,139.46607393542348,3.0,11.494618624239589,45.02105755732335,42.77674777725783,8.800336920917173,0.6482171268132897,122.54985025737014,53.971500000000006,Satisfactory,3.5981000000000005,7.328782214665681,53.9715
3.0,17.2,78.3525641025641,24.327281235376695,52.879270004679455,2.356303228825456,139.46607393542348,3.0,11.494618624239589,45.02105755732335,42.77674777725783,8.800336920917173,0.6482171268132897,122.54985025737014,53.971500000000006,Satisfactory,3.5981000000000005,7.328782214665681,53.9715
3.0,17.2,78.36282051282052,24.327281235376695,52.879270004679455,2.356303228825456,139.46607393542348,3.0,11.494618624239589,45.02105755732335,42.77674777725783,8.800336920917173,0.6482171268132897,122.54985025737014,53.971500000000006,Satisfactory,3.5981000000000005,7.328782214665681,53.9715
3.0,17.2,78.37307692307692,24.327281235376695,52.879270004679455,2.356303228825456,139.46607393542348,3.0,11.494618624239589,45.02105755732335,42.77674777725783,8.800336920917173,0.6482171268132897,122.54985025737014,53.971500000000006,Satisfactory,3.5981000000000005,7.328782214665681,53.9715
3.0,17.2,78.38333333333334,24.327281235376695,52.879270004679455,2.356303228825456,139.46607393542348,3.0,11.494618624239589,45.02105755732335,42.77674777725783,8.800336920917173,0.6482171268132897,122.54985025737014,53.97290000000002,Satisfactory,3.5981933333333345,7.336514880377467,53.97290000000001
3.0,17.2,78.39358974358974,24.327281235376695,52.879270004679455,2.356303228825456,139.46607393542348,3.0,11.494618624239589,45.02105755732335,42.77674777725783,8.800336920917173,0.6482171268132897,122.54985025737014,53.97290000000002,Satisfactory,3.5981933333333345,7.336514880377467,53.97290000000001
3.0,17.2,78.40384615384616,24.327281235376695,52.879270004679455,2.356303228825456,139.46607393542348,3.0,11.494618624239589,45.02105755732335,42.77674777725783,8.800336920917173,0.6482171268132897,122.54985025737014,53.97290000000002,Satisfactory,3.5981933333333345,7.336514880377467,53.97290000000001
3.0,17.2,78.41410256410256,24.327281235376695,52.879270004679455,2.356303228825456,139.46607393542348,3.0,11.494618624239589,45.02105755732335,42.77674777725783,8.800336920917173,0.6482171268132897,122.54985025737014,53.97290000000002,Satisfactory,3.5981933333333345,7.336514880377467,53.97290000000001
3.0,17.2,78.42435897435898,24.327281235376695,52.879270004679455,2.356303228825456,139.46607393542348,3.0,11.494618624239589,45.02105755732335,42.77674777725783,8.800336920917173,0.6482171268132897,122.54985025737014,53.85990000000002,Satisfactory,3.590660000000001,7.3358433046242215,53.85990000000001
3.0,17.2,78.43461538461538,24.327281235376695,52.879270004679455,2.356303228825456,139.46607393542348,3.0,11.494618624239589,45.02105755732335,42.77674777725783,8.800336920917173,0.6482171268132897,122.54985025737014,53.85990000000002,Satisfactory,3.590660000000001,7.3358433046242215,53.85990000000001
3.0,17.2,78.4448717948718,24.327281235376695,52.879270004679455,2.356303228825456,139.46607393542348,3.0,11.494618624239589,45.02105755732335,42.77674777725783,8.800336920917173,0.6482171268132897,122.54985025737014,53.85990000000002,Satisfactory,3.590660000000001,7.3358433046242215,53.85990000000001
3.0,17.2,78.4551282051282,24.327281235376695,52.879270004679455,2.356303228825456,139.46607393542348,3.0,11.494618624239589,45.02105755732335,42.77674777725783,8.800336920917173,0.6482171268132897,122.54985025737014,53.85610000000001,Satisfactory,3.5904066666666674,7.34072924102231,53.856100000000005
3.0,17.2,78.46538461538462,24.327281235376695,52.879270004679455,2.356303228825456,139.46607393542348,3.0,11.494618624239589,45.02105755732335,42.77674777725783,8.800336920917173,0.6482171268132897,122.54985025737014,53.85610000000001,Satisfactory,3.5904066666666674,7.34072924102231,53.856100000000005
3.0,17.2,78.47564102564102,24.327281235376695,52.879270004679455,2.356303228825456,139.46607393542348,3.0,11.494618624239589,45.02105755732335,42.77674777725783,8.800336920917173,0.6482171268132897,122.54985025737014,53.85610000000001,Satisfactory,3.5904066666666674,7.34072924102231,53.856100000000005
3.0,17.2,78.48589743589744,24.327281235376695,52.879270004679455,2.356303228825456,139.46607393542348,3.0,11.494618624239589,45.02105755732335,42.77674777725783,8.800336920917173,0.6482171268132897,122.54985025737014,53.85610000000001,Satisfactory,3.5904066666666674,7.34072924102231,53.856100000000005
3.0,17.2,78.49615384615385,24.327281235376695,52.879270004679455,2.356303228825456,139.46607393542348,3.0,11.494618624239589,45.02105755732335,42.77674777725783,8.800336920917173,0.6482171268132897,122.54985025737014,53.85610000000001,Satisfactory,3.5904066666666674,7.34072924102231,53.856100000000005
3.0,17.2,78.50641025641026,24.327281235376695,52.879270004679455,2.356303228825456,139.46607393542348,3.0,11.494618624239589,45.02105755732335,42.77674777725783,8.800336920917173,0.6482171268132897,122.54985025737014,53.85610000000001,Satisfactory,3.5904066666666674,7.34072924102231,53.856100000000005
3.0,17.2,78.51666666666667,24.327281235376695,52.879270004679455,2.356303228825456,139.46607393542348,3.0,11.494618624239589,45.02105755732335,42.77674777725783,8.800336920917173,0.6482171268132897,122.54985025737014,53.85610000000001,Satisfactory,3.5904066666666674,7.34072924102231,53.856100000000005
3.0,17.2,78.52692307692308,24.327281235376695,52.879270004679455,2.356303228825456,139.46607393542348,3.0,11.494618624239589,45.02105755732335,42.77674777725783,8.800336920917173,0.6482171268132897,122.54985025737014,53.59780000000001,Satisfactory,3.573186666666667,7.023638740709832,53.597799999999985
3.0,17.2,78.53717948717949,24.327281235376695,52.879270004679455,2.356303228825456,139.46607393542348,3.0,11.494618624239589,45.02105755732335,42.77674777725783,8.800336920917173,0.6482171268132897,122.54985025737014,53.59780000000001,Satisfactory,3.573186666666667,7.023638740709832,53.597799999999985
3.0,17.2,78.5474358974359,24.327281235376695,52.879270004679455,2.356303228825456,139.46607393542348,3.0,11.494618624239589,45.02105755732335,42.77674777725783,8.800336920917173,0.6482171268132897,122.54985025737014,53.327,Satisfactory,3.555133333333333,7.1493706716046,53.32699999999999
3.0,17.2,78.5576923076923,24.327281235376695,52.879270004679455,2.356303228825456,139.46607393542348,3.0,11.494618624239589,45.02105755732335,42.77674777725783,8.800336920917173,0.6482171268132897,122.54985025737014,53.327,Satisfactory,3.555133333333333,7.1493706716046,53.32699999999999
3.0,17.2,78.56794871794872,24.327281235376695,52.879270004679455,2.356303228825456,139.46607393542348,3.0,11.494618624239589,45.02105755732335,42.77674777725783,8.800336920917173,0.6482171268132897,122.54985025737014,53.327,Satisfactory,3.555133333333333,7.1493706716046,53.32699999999999
3.0,17.2,78.57820512820513,24.327281235376695,52.879270004679455,2.356303228825456,139.46607393542348,3.0,11.494618624239589,45.02105755732335,42.77674777725783,8.800336920917173,0.6482171268132897,122.54985025737014,53.327,Satisfactory,3.555133333333333,7.1493706716046,53.32699999999999
3.0,17.2,78.58846153846154,24.327281235376695,52.879270004679455,2.356303228825456,139.46607393542348,3.0,11.494618624239589,45.02105755732335,42.77674777725783,8.800336920917173,0.6482171268132897,122.54985025737014,53.327,Satisfactory,3.555133333333333,7.1493706716046,53.32699999999999
3.0,17.2,78.59871794871795,24.327281235376695,52.879270004679455,2.356303228825456,139.46607393542348,3.0,11.494618624239589,45.02105755732335,42.77674777725783,8.800336920917173,0.6482171268132897,122.54985025737014,53.327,Satisfactory,3.555133333333333,7.1493706716046,53.32699999999999
3.0,17.2,78.60897435897436,24.327281235376695,52.879270004679455,2.356303228825456,139.46607393542348,3.0,11.494618624239589,45.02105755732335,42.77674777725783,8.800336920917173,0.6482171268132897,122.54985025737014,53.327,Satisfactory,3.555133333333333,7.1493706716046,53.32699999999999
3.0,17.2,78.61923076923077,24.327281235376695,52.879270004679455,2.356303228825456,139.46607393542348,3.0,11.494618624239589,45.02105755732335,42.77674777725783,8.800336920917173,0.6482171268132897,122.54985025737014,53.327,Satisfactory,3.555133333333333,7.1493706716046,53.32699999999999
3.0,17.2,78.62948717948719,24.327281235376695,52.879270004679455,2.356303228825456,139.46607393542348,3.0,11.494618624239589,45.02105755732335,42.77674777725783,8.800336920917173,0.6482171268132897,122.54985025737014,53.327,Satisfactory,3.555133333333333,7.1493706716046,53.32699999999999
3.0,17.2,78.63974358974359,24.327281235376695,52.879270004679455,2.356303228825456,139.46607393542348,3.0,11.494618624239589,45.02105755732335,42.77674777725783,8.800336920917173,0.6482171268132897,122.54985025737014,53.327,Satisfactory,3.555133333333333,7.1493706716046,53.32699999999999
3.0,17.2,78.65,24.327281235376695,52.879270004679455,2.356303228825456,139.46607393542348,3.0,11.494618624239589,45.02105755732335,42.77674777725783,8.800336920917173,0.6482171268132897,122.54985025737014,53.327,Satisfactory,3.555133333333333,7.1493706716046,53.32699999999999
3.0,17.21025641025641,78.25,24.327281235376695,52.879270004679455,2.356303228825456,139.46607393542348,3.0,11.494618624239589,45.02105755732335,42.77674777725783,8.800336920917173,0.6482171268132897,122.54985025737014,53.894400000000005,Satisfactory,3.59296,7.390673490284902,53.8944
3.0,17.21025641025641,78.26025641025642,24.327281235376695,52.879270004679455,2.356303228825456,139.46607393542348,3.0,11.494618624239589,45.02105755732335,42.77674777725783,8.800336920917173,0.6482171268132897,122.54985025737014,53.894400000000005,Satisfactory,3.59296,7.390673490284902,53.8944
3.0,17.21025641025641,78.27051282051282,24.327281235376695,52.879270004679455,2.356303228825456,139.46607393542348,3.0,11.494618624239589,45.02105755732335,42.77674777725783,8.800336920917173,0.6482171268132897,122.54985025737014,53.894400000000005,Satisfactory,3.59296,7.390673490284902,53.8944
3.0,17.21025641025641,78.28076923076924,24.327281235376695,52.879270004679455,2.356303228825456,139.46607393542348,3.0,11.494618624239589,45.02105755732335,42.77674777725783,8.800336920917173,0.6482171268132897,122.54985025737014,53.894400000000005,Satisfactory,3.59296,7.390673490284902,53.8944
3.0,17.21025641025641,78.29102564102564,24.327281235376695,52.879270004679455,2.356303228825456,139.46607393542348,3.0,11.494618624239589,45.02105755732335,42.77674777725783,8.800336920917173,0.6482171268132897,122.54985025737014,53.894400000000005,Satisfactory,3.59296,7.390673490284902,53.8944
3.0,17.21025641025641,78.30128205128206,24.327281235376695,52.879270004679455,2.356303228825456,139.46607393542348,3.0,11.494618624239589,45.02105755732335,42.77674777725783,8.800336920917173,0.6482171268132897,122.54985025737014,53.971500000000006,Satisfactory,3.5981000000000005,7.328782214665681,53.9715
3.0,17.21025641025641,78.31153846153846,24.327281235376695,52.879270004679455,2.356303228825456,139.46607393542348,3.0,11.494618624239589,45.02105755732335,42.77674777725783,8.800336920917173,0.6482171268132897,122.54985025737014,53.971500000000006,Satisfactory,3.5981000000000005,7.328782214665681,53.9715
3.0,17.21025641025641,78.32179487179488,24.327281235376695,52.879270004679455,2.356303228825456,139.46607393542348,3.0,11.494618624239589,45.02105755732335,42.77674777725783,8.800336920917173,0.6482171268132897,122.54985025737014,53.971500000000006,Satisfactory,3.5981000000000005,7.328782214665681,53.9715
3.0,17.21025641025641,78.33205128205128,24.327281235376695,52.879270004679455,2.356303228825456,139.46607393542348,3.0,11.494618624239589,45.02105755732335,42.77674777725783,8.800336920917173,0.6482171268132897,122.54985025737014,53.971500000000006,Satisfactory,3.5981000000000005,7.328782214665681,53.9715
3.0,17.21025641025641,78.3423076923077,24.327281235376695,52.879270004679455,2.356303228825456,139.46607393542348,3.0,11.494618624239589,45.02105755732335,42.77674777725783,8.800336920917173,0.6482171268132897,122.54985025737014,53.971500000000006,Satisfactory,3.5981000000000005,7.328782214665681,53.9715
3.0,17.21025641025641,78.3525641025641,24.327281235376695,52.879270004679455,2.356303228825456,139.46607393542348,3.0,11.494618624239589,45.02105755732335,42.77674777725783,8.800336920917173,0.6482171268132897,122.54985025737014,53.971500000000006,Satisfactory,3.5981000000000005,7.328782214665681,53.9715
3.0,17.21025641025641,78.36282051282052,24.327281235376695,52.879270004679455,2.356303228825456,139.46607393542348,3.0,11.494618624239589,45.02105755732335,42.77674777725783,8.800336920917173,0.6482171268132897,122.54985025737014,53.971500000000006,Satisfactory,3.5981000000000005,7.328782214665681,53.9715
3.0,17.21025641025641,78.37307692307692,24.327281235376695,52.879270004679455,2.356303228825456,139.46607393542348,3.0,11.494618624239589,45.02105755732335,42.77674777725783,8.800336920917173,0.6482171268132897,122.54985025737014,53.971500000000006,Satisfactory,3.5981000000000005,7.328782214665681,53.9715
3.0,17.21025641025641,78.38333333333334,24.327281235376695,52.879270004679455,2.356303228825456,139.46607393542348,3.0,11.494618624239589,45.02105755732335,42.77674777725783,8.800336920917173,0.6482171268132897,122.54985025737014,53.97290000000002,Satisfactory,3.5981933333333345,7.336514880377467,53.97290000000001
3.0,17.21025641025641,78.39358974358974,24.327281235376695,52.879270004679455,2.356303228825456,139.46607393542348,3.0,11.494618624239589,45.02105755732335,42.77674777725783,8.800336920917173,0.6482171268132897,122.54985025737014,53.97290000000002,Satisfactory,3.5981933333333345,7.336514880377467,53.97290000000001
3.0,17.21025641025641,78.40384615384616,24.327281235376695,52.879270004679455,2.356303228825456,139.46607393542348,3.0,11.494618624239589,45.02105755732335,42.77674777725783,8.800336920917173,0.6482171268132897,122.54985025737014,53.97290000000002,Satisfactory,3.5981933333333345,7.336514880377467,53.97290000000001
3.0,17.21025641025641,78.41410256410256,24.327281235376695,52.879270004679455,2.356303228825456,139.46607393542348,3.0,11.494618624239589,45.02105755732335,42.77674777725783,8.800336920917173,0.6482171268132897,122.54985025737014,53.97290000000002,Satisfactory,3.5981933333333345,7.336514880377467,53.97290000000001
3.0,17.21025641025641,78.42435897435898,24.327281235376695,52.879270004679455,2.356303228825456,139.46607393542348,3.0,11.494618624239589,45.02105755732335,42.77674777725783,8.800336920917173,0.6482171268132897,122.54985025737014,53.85990000000002,Satisfactory,3.590660000000001,7.3358433046242215,53.85990000000001
3.0,17.21025641025641,78.43461538461538,24.327281235376695,52.879270004679455,2.356303228825456,139.46607393542348,3.0,11.494618624239589,45.02105755732335,42.77674777725783,8.800336920917173,0.6482171268132897,122.54985025737014,53.85990000000002,Satisfactory,3.590660000000001,7.3358433046242215,53.85990000000001
3.0,17.21025641025641,78.4448717948718,24.327281235376695,52.879270004679455,2.356303228825456,139.46607393542348,3.0,11.494618624239589,45.02105755732335,42.77674777725783,8.800336920917173,0.6482171268132897,122.54985025737014,53.85990000000002,Satisfactory,3.590660000000001,7.3358433046242215,53.85990000000001
3.0,17.21025641025641,78.4551282051282,24.327281235376695,52.879270004679455,2.356303228825456,139.46607393542348,3.0,11.494618624239589,45.02105755732335,42.77674777725783,8.800336920917173,0.6482171268132897,122.54985025737014,53.85610000000001,Satisfactory,3.5904066666666674,7.34072924102231,53.856100000000005
3.0,17.21025641025641,78.46538461538462,24.327281235376695,52.879270004679455,2.356303228825456,139.46607393542348,3.0,11.494618624239589,45.02105755732335,42.77674777725783,8.800336920917173,0.6482171268132897,122.54985025737014,53.85610000000001,Satisfactory,3.5904066666666674,7.34072924102231,53.856100000000005
3.0,17.21025641025641,78.47564102564102,24.327281235376695,52.879270004679455,2.356303228825456,139.46607393542348,3.0,11.494618624239589,45.02105755732335,42.77674777725783,8.800336920917173,0.6482171268132897,122.54985025737014,53.85610000000001,Satisfactory,3.5904066666666674,7.34072924102231,53.856100000000005
3.0,17.21025641025641,78.48589743589744,24.327281235376695,52.879270004679455,2.356303228825456,139.46607393542348,3.0,11.494618624239589,45.02105755732335,42.77674777725783,8.800336920917173,0.6482171268132897,122.54985025737014,53.85610000000001,Satisfactory,3.5904066666666674,7.34072924102231,53.856100000000005
3.0,17.21025641025641,78.49615384615385,24.327281235376695,52.879270004679455,2.356303228825456,139.46607393542348,3.0,11.494618624239589,45.02105755732335,42.77674777725783,8.800336920917173,0.6482171268132897,122.54985025737014,53.85610000000001,Satisfactory,3.5904066666666674,7.34072924102231,53.856100000000005
3.0,17.21025641025641,78.50641025641026,24.327281235376695,52.879270004679455,2.356303228825456,139.46607393542348,3.0,11.494618624239589,45.02105755732335,42.77674777725783,8.800336920917173,0.6482171268132897,122.54985025737014,53.85610000000001,Satisfactory,3.5904066666666674,7.34072924102231,53.856100000000005
3.0,17.21025641025641,78.51666666666667,24.327281235376695,52.879270004679455,2.356303228825456,139.46607393542348,3.0,11.494618624239589,45.02105755732335,42.77674777725783,8.800336920917173,0.6482171268132897,122.54985025737014,53.85610000000001,Satisfactory,3.5904066666666674,7.34072924102231,53.856100000000005
3.0,17.21025641025641,78.52692307692308,24.327281235376695,52.879270004679455,2.356303228825456,139.46607393542348,3.0,11.494618624239589,45.02105755732335,42.77674777725783,8.800336920917173,0.6482171268132897,122.54985025737014,53.59780000000001,Satisfactory,3.573186666666667,7.023638740709832,53.597799999999985
3.0,17.21025641025641,78.53717948717949,24.327281235376695,52.879270004679455,2.356303228825456,139.46607393542348,3.0,11.494618624239589,45.02105755732335,42.77674777725783,8.800336920917173,0.6482171268132897,122.54985025737014,53.59780000000001,Satisfactory,3.573186666666667,7.023638740709832,53.597799999999985
3.0,17.21025641025641,78.5474358974359,24.327281235376695,52.879270004679455,2.356303228825456,139.46607393542348,3.0,11.494618624239589,45.02105755732335,42.77674777725783,8.800336920917173,0.6482171268132897,122.54985025737014,53.327,Satisfactory,3.555133333333333,7.1493706716046,53.32699999999999
3.0,17.21025641025641,78.5576923076923,24.327281235376695,52.879270004679455,2.356303228825456,139.46607393542348,3.0,11.494618624239589,45.02105755732335,42.77674777725783,8.800336920917173,0.6482171268132897,122.54985025737014,53.327,Satisfactory,3.555133333333333,7.1493706716046,53.32699999999999
3.0,17.21025641025641,78.56794871794872,24.327281235376695,52.879270004679455,2.356303228825456,139.46607393542348,3.0,11.494618624239589,45.02105755732335,42.77674777725783,8.800336920917173,0.6482171268132897,122.54985025737014,53.327,Satisfactory,3.555133333333333,7.1493706716046,53.32699999999999
3.0,17.21025641025641,78.57820512820513,24.327281235376695,52.879270004679455,2.356303228825456,139.46607393542348,3.0,11.494618624239589,45.02105755732335,42.77674777725783,8.800336920917173,0.6482171268132897,122.54985025737014,53.327,Satisfactory,3.555133333333333,7.1493706716046,53.32699999999999
3.0,17.21025641025641,78.58846153846154,24.327281235376695,52.879270004679455,2.356303228825456,139.46607393542348,3.0,11.494618624239589,45.02105755732335,42.77674777725783,8.800336920917173,0.6482171268132897,122.54985025737014,53.327,Satisfactory,3.555133333333333,7.1493706716046,53.32699999999999
3.0,17.21025641025641,78.59871794871795,24.327281235376695,52.879270004679455,2.356303228825456,139.46607393542348,3.0,11.494618624239589,45.02105755732335,42.77674777725783,8.800336920917173,0.6482171268132897,122.54985025737014,53.327,Satisfactory,3.555133333333333,7.1493706716046,53.32699999999999
3.0,17.21025641025641,78.60897435897436,24.327281235376695,52.879270004679455,2.356303228825456,139.46607393542348,3.0,11.494618624239589,45.02105755732335,42.77674777725783,8.800336920917173,0.6482171268132897,122.54985025737014,53.327,Satisfactory,3.555133333333333,7.1493706716046,53.32699999999999
3.0,17.21025641025641,78.61923076923077,24.327281235376695,52.879270004679455,2.356303228825456,139.46607393542348,3.0,11.494618624239589,45.02105755732335,42.77674777725783,8.800336920917173,0.6482171268132897,122.54985025737014,53.327,Satisfactory,3.555133333333333,7.1493706716046,53.32699999999999
3.0,17.21025641025641,78.62948717948719,24.327281235376695,52.879270004679455,2.356303228825456,139.46607393542348,3.0,11.494618624239589,45.02105755732335,42.77674777725783,8.800336920917173,0.6482171268132897,122.54985025737014,53.327,Satisfactory,3.555133333333333,7.1493706716046,53.32699999999999
3.0,17.21025641025641,78.63974358974359,24.327281235376695,52.879270004679455,2.356303228825456,139.46607393542348,3.0,11.494618624239589,45.02105755732335,42.77674777725783,8.800336920917173,0.6482171268132897,122.54985025737014,53.327,Satisfactory,3.555133333333333,7.1493706716046,53.32699999999999
3.0,17.21025641025641,78.65,24.327281235376695,52.879270004679455,2.356303228825456,139.46607393542348,3.0,11.494618624239589,45.02105755732335,42.77674777725783,8.800336920917173,0.6482171268132897,122.54985025737014,53.327,Satisfactory,3.555133333333333,7.1493706716046,53.32699999999999
3.0,17.22051282051282,78.25,24.327281235376695,52.879270004679455,2.356303228825456,139.46607393542348,3.0,11.494618624239589,45.02105755732335,42.77674777725783,8.800336920917173,0.6482171268132897,122.54985025737014,53.894400000000005,Satisfactory,3.59296,7.390673490284902,53.8944
3.0,17.22051282051282,78.26025641025642,24.327281235376695,52.879270004679455,2.356303228825456,139.46607393542348,3.0,11.494618624239589,45.02105755732335,42.77674777725783,8.800336920917173,0.6482171268132897,122.54985025737014,53.894400000000005,Satisfactory,3.59296,7.390673490284902,53.8944
3.0,17.22051282051282,78.27051282051282,24.327281235376695,52.879270004679455,2.356303228825456,139.46607393542348,3.0,11.494618624239589,45.02105755732335,42.77674777725783,8.800336920917173,0.6482171268132897,122.54985025737014,53.894400000000005,Satisfactory,3.59296,7.390673490284902,53.8944
3.0,17.22051282051282,78.28076923076924,24.327281235376695,52.879270004679455,2.356303228825456,139.46607393542348,3.0,11.494618624239589,45.02105755732335,42.77674777725783,8.800336920917173,0.6482171268132897,122.54985025737014,53.894400000000005,Satisfactory,3.59296,7.390673490284902,53.8944
3.0,17.22051282051282,78.29102564102564,24.327281235376695,52.879270004679455,2.356303228825456,139.46607393542348,3.0,11.494618624239589,45.02105755732335,42.77674777725783,8.800336920917173,0.6482171268132897,122.54985025737014,53.894400000000005,Satisfactory,3.59296,7.390673490284902,53.8944
3.0,17.22051282051282,78.30128205128206,24.327281235376695,52.879270004679455,2.356303228825456,139.46607393542348,3.0,11.494618624239589,45.02105755732335,42.77674777725783,8.800336920917173,0.6482171268132897,122.54985025737014,53.971500000000006,Satisfactory,3.5981000000000005,7.328782214665681,53.9715
3.0,17.22051282051282,78.31153846153846,24.327281235376695,52.879270004679455,2.356303228825456,139.46607393542348,3.0,11.494618624239589,45.02105755732335,42.77674777725783,8.800336920917173,0.6482171268132897,122.54985025737014,53.971500000000006,Satisfactory,3.5981000000000005,7.328782214665681,53.9715
3.0,17.22051282051282,78.32179487179488,24.327281235376695,52.879270004679455,2.356303228825456,139.46607393542348,3.0,11.494618624239589,45.02105755732335,42.77674777725783,8.800336920917173,0.6482171268132897,122.54985025737014,53.971500000000006,Satisfactory,3.5981000000000005,7.328782214665681,53.9715
3.0,17.22051282051282,78.33205128205128,24.327281235376695,52.879270004679455,2.356303228825456,139.46607393542348,3.0,11.494618624239589,45.02105755732335,42.77674777725783,8.800336920917173,0.6482171268132897,122.54985025737014,53.971500000000006,Satisfactory,3.5981000000000005,7.328782214665681,53.9715
3.0,17.22051282051282,78.3423076923077,24.327281235376695,52.879270004679455,2.356303228825456,139.46607393542348,3.0,11.494618624239589,45.02105755732335,42.77674777725783,8.800336920917173,0.6482171268132897,122.54985025737014,53.971500000000006,Satisfactory,3.5981000000000005,7.328782214665681,53.9715
3.0,17.22051282051282,78.3525641025641,24.327281235376695,52.879270004679455,2.356303228825456,139.46607393542348,3.0,11.494618624239589,45.02105755732335,42.77674777725783,8.800336920917173,0.6482171268132897,122.54985025737014,53.971500000000006,Satisfactory,3.5981000000000005,7.328782214665681,53.9715
3.0,17.22051282051282,78.36282051282052,24.327281235376695,52.879270004679455,2.356303228825456,139.46607393542348,3.0,11.494618624239589,45.02105755732335,42.77674777725783,8.800336920917173,0.6482171268132897,122.54985025737014,53.971500000000006,Satisfactory,3.5981000000000005,7.328782214665681,53.9715
3.0,17.22051282051282,78.37307692307692,24.327281235376695,52.879270004679455,2.356303228825456,139.46607393542348,3.0,11.494618624239589,45.02105755732335,42.77674777725783,8.800336920917173,0.6482171268132897,122.54985025737014,53.971500000000006,Satisfactory,3.5981000000000005,7.328782214665681,53.9715
3.0,17.22051282051282,78.38333333333334,24.327281235376695,52.879270004679455,2.356303228825456,139.46607393542348,3.0,11.494618624239589,45.02105755732335,42.77674777725783,8.800336920917173,0.6482171268132897,122.54985025737014,53.97290000000002,Satisfactory,3.5981933333333345,7.336514880377467,53.97290000000001
3.0,17.22051282051282,78.39358974358974,24.327281235376695,52.879270004679455,2.356303228825456,139.46607393542348,3.0,11.494618624239589,45.02105755732335,42.77674777725783,8.800336920917173,0.6482171268132897,122.54985025737014,53.97290000000002,Satisfactory,3.5981933333333345,7.336514880377467,53.97290000000001
3.0,17.22051282051282,78.40384615384616,24.327281235376695,52.879270004679455,2.356303228825456,139.46607393542348,3.0,11.494618624239589,45.02105755732335,42.77674777725783,8.800336920917173,0.6482171268132897,122.54985025737014,53.97290000000002,Satisfactory,3.5981933333333345,7.336514880377467,53.97290000000001
3.0,17.22051282051282,78.41410256410256,24.327281235376695,52.879270004679455,2.356303228825456,139.46607393542348,3.0,11.494618624239589,45.02105755732335,42.77674777725783,8.800336920917173,0.6482171268132897,122.54985025737014,53.97290000000002,Satisfactory,3.5981933333333345,7.336514880377467,53.97290000000001
3.0,17.22051282051282,78.42435897435898,24.327281235376695,52.879270004679455,2.356303228825456,139.46607393542348,3.0,11.494618624239589,45.02105755732335,42.77674777725783,8.800336920917173,0.6482171268132897,122.54985025737014,53.85990000000002,Satisfactory,3.590660000000001,7.3358433046242215,53.85990000000001
3.0,17.22051282051282,78.43461538461538,24.327281235376695,52.879270004679455,2.356303228825456,139.46607393542348,3.0,11.494618624239589,45.02105755732335,42.77674777725783,8.800336920917173,0.6482171268132897,122.54985025737014,53.85990000000002,Satisfactory,3.590660000000001,7.3358433046242215,53.85990000000001
3.0,17.22051282051282,78.4448717948718,24.327281235376695,52.879270004679455,2.356303228825456,139.46607393542348,3.0,11.494618624239589,45.02105755732335,42.77674777725783,8.800336920917173,0.6482171268132897,122.54985025737014,53.85990000000002,Satisfactory,3.590660000000001,7.3358433046242215,53.85990000000001
3.0,17.22051282051282,78.4551282051282,24.327281235376695,52.879270004679455,2.356303228825456,139.46607393542348,3.0,11.494618624239589,45.02105755732335,42.77674777725783,8.800336920917173,0.6482171268132897,122.54985025737014,53.85610000000001,Satisfactory,3.5904066666666674,7.34072924102231,53.856100000000005
3.0,17.22051282051282,78.46538461538462,24.327281235376695,52.879270004679455,2.356303228825456,139.46607393542348,3.0,11.494618624239589,45.02105755732335,42.77674777725783,8.800336920917173,0.6482171268132897,122.54985025737014,53.85610000000001,Satisfactory,3.5904066666666674,7.34072924102231,53.856100000000005
3.0,17.22051282051282,78.47564102564102,24.327281235376695,52.879270004679455,2.356303228825456,139.46607393542348,3.0,11.494618624239589,45.02105755732335,42.77674777725783,8.800336920917173,0.6482171268132897,122.54985025737014,53.85610000000001,Satisfactory,3.5904066666666674,7.34072924102231,53.856100000000005
3.0,17.22051282051282,78.48589743589744,24.327281235376695,52.879270004679455,2.356303228825456,139.46607393542348,3.0,11.494618624239589,45.02105755732335,42.77674777725783,8.800336920917173,0.6482171268132897,122.54985025737014,53.85610000000001,Satisfactory,3.5904066666666674,7.34072924102231,53.856100000000005
3.0,17.22051282051282,78.49615384615385,24.327281235376695,52.879270004679455,2.356303228825456,139.46607393542348,3.0,11.494618624239589,45.02105755732335,42.77674777725783,8.800336920917173,0.6482171268132897,122.54985025737014,53.85610000000001,Satisfactory,3.5904066666666674,7.34072924102231,53.856100000000005
3.0,17.22051282051282,78.50641025641026,24.327281235376695,52.879270004679455,2.356303228825456,139.46607393542348,3.0,11.494618624239589,45.02105755732335,42.77674777725783,8.800336920917173,0.6482171268132897,122.54985025737014,53.85610000000001,Satisfactory,3.5904066666666674,7.34072924102231,53.856100000000005
3.0,17.22051282051282,78.51666666666667,24.327281235376695,52.879270004679455,2.356303228825456,139.46607393542348,3.0,11.494618624239589,45.02105755732335,42.77674777725783,8.800336920917173,0.6482171268132897,122.54985025737014,53.85610000000001,Satisfactory,3.5904066666666674,7.34072924102231,53.856100000000005
3.0,17.22051282051282,78.52692307692308,24.327281235376695,52.879270004679455,2.356303228825456,139.46607393542348,3.0,11.494618624239589,45.02105755732335,42.77674777725783,8.800336920917173,0.6482171268132897,122.54985025737014,53.59780000000001,Satisfactory,3.573186666666667,7.023638740709832,53.597799999999985
3.0,17.22051282051282,78.53717948717949,24.327281235376695,52.879270004679455,2.356303228825456,139.46607393542348,3.0,11.494618624239589,45.02105755732335,42.77674777725783,8.800336920917173,0.6482171268132897,122.54985025737014,53.59780000000001,Satisfactory,3.573186666666667,7.023638740709832,53.597799999999985
3.0,17.22051282051282,78.5474358974359,24.327281235376695,52.879270004679455,2.356303228825456,139.46607393542348,3.0,11.494618624239589,45.02105755732335,42.77674777725783,8.800336920917173,0.6482171268132897,122.54985025737014,53.327,Satisfactory,3.555133333333333,7.1493706716046,53.32699999999999
3.0,17.22051282051282,78.5576923076923,24.327281235376695,52.879270004679455,2.356303228825456,139.46607393542348,3.0,11.494618624239589,45.02105755732335,42.77674777725783,8.800336920917173,0.6482171268132897,122.54985025737014,53.327,Satisfactory,3.555133333333333,7.1493706716046,53.32699999999999
3.0,17.22051282051282,78.56794871794872,24.327281235376695,52.879270004679455,2.356303228825456,139.46607393542348,3.0,11.494618624239589,45.02105755732335,42.77674777725783,8.800336920917173,0.6482171268132897,122.54985025737014,53.327,Satisfactory,3.555133333333333,7.1493706716046,53.32699999999999
3.0,17.22051282051282,78.57820512820513,24.327281235376695,52.879270004679455,2.356303228825456,139.46607393542348,3.0,11.494618624239589,45.02105755732335,42.77674777725783,8.800336920917173,0.6482171268132897,122.54985025737014,53.327,Satisfactory,3.555133333333333,7.1493706716046,53.32699999999999
3.0,17.22051282051282,78.58846153846154,24.327281235376695,52.879270004679455,2.356303228825456,139.46607393542348,3.0,11.494618624239589,45.02105755732335,42.77674777725783,8.800336920917173,0.6482171268132897,122.54985025737014,53.327,Satisfactory,3.555133333333333,7.1493706716046,53.32699999999999
3.0,17.22051282051282,78.59871794871795,24.327281235376695,52.879270004679455,2.356303228825456,139.46607393542348,3.0,11.494618624239589,45.02105755732335,42.77674777725783,8.800336920917173,0.6482171268132897,122.54985025737014,53.327,Satisfactory,3.555133333333333,7.1493706716046,53.32699999999999
3.0,17.22051282051282,78.60897435897436,24.327281235376695,52.879270004679455,2.356303228825456,139.46607393542348,3.0,11.494618624239589,45.02105755732335,42.77674777725783,8.800336920917173,0.6482171268132897,122.54985025737014,53.327,Satisfactory,3.555133333333333,7.1493706716046,53.32699999999999
3.0,17.22051282051282,78.61923076923077,24.327281235376695,52.879270004679455,2.356303228825456,139.46607393542348,3.0,11.494618624239589,45.02105755732335,42.77674777725783,8.800336920917173,0.6482171268132897,122.54985025737014,53.327,Satisfactory,3.555133333333333,7.1493706716046,53.32699999999999
3.0,17.22051282051282,78.62948717948719,24.327281235376695,52.879270004679455,2.356303228825456,139.46607393542348,3.0,11.494618624239589,45.02105755732335,42.77674777725783,8.800336920917173,0.6482171268132897,122.54985025737014,53.327,Satisfactory,3.555133333333333,7.1493706716046,53.32699999999999
3.0,17.22051282051282,78.63974358974359,24.327281235376695,52.879270004679455,2.356303228825456,139.46607393542348,3.0,11.494618624239589,45.02105755732335,42.77674777725783,8.800336920917173,0.6482171268132897,122.54985025737014,53.327,Satisfactory,3.555133333333333,7.1493706716046,53.32699999999999
3.0,17.22051282051282,78.65,24.327281235376695,52.879270004679455,2.356303228825456,139.46607393542348,3.0,11.494618624239589,45.02105755732335,42.77674777725783,8.800336920917173,0.6482171268132897,122.54985025737014,53.327,Satisfactory,3.555133333333333,7.1493706716046,53.32699999999999
3.0,17.23076923076923,78.25,24.327281235376695,52.879270004679455,2.356303228825456,139.46607393542348,3.0,11.494618624239589,45.02105755732335,42.77674777725783,8.800336920917173,0.6482171268132897,122.54985025737014,53.894400000000005,Satisfactory,3.59296,7.390673490284902,53.8944
3.0,17.23076923076923,78.26025641025642,24.327281235376695,52.879270004679455,2.356303228825456,139.46607393542348,3.0,11.494618624239589,45.02105755732335,42.77674777725783,8.800336920917173,0.6482171268132897,122.54985025737014,53.894400000000005,Satisfactory,3.59296,7.390673490284902,53.8944
3.0,17.23076923076923,78.27051282051282,24.327281235376695,52.879270004679455,2.356303228825456,139.46607393542348,3.0,11.494618624239589,45.02105755732335,42.77674777725783,8.800336920917173,0.6482171268132897,122.54985025737014,53.894400000000005,Satisfactory,3.59296,7.390673490284902,53.8944
3.0,17.23076923076923,78.28076923076924,24.327281235376695,52.879270004679455,2.356303228825456,139.46607393542348,3.0,11.494618624239589,45.02105755732335,42.77674777725783,8.800336920917173,0.6482171268132897,122.54985025737014,53.894400000000005,Satisfactory,3.59296,7.390673490284902,53.8944
3.0,17.23076923076923,78.29102564102564,24.327281235376695,52.879270004679455,2.356303228825456,139.46607393542348,3.0,11.494618624239589,45.02105755732335,42.77674777725783,8.800336920917173,0.6482171268132897,122.54985025737014,53.894400000000005,Satisfactory,3.59296,7.390673490284902,53.8944
3.0,17.23076923076923,78.30128205128206,24.327281235376695,52.879270004679455,2.356303228825456,139.46607393542348,3.0,11.494618624239589,45.02105755732335,42.77674777725783,8.800336920917173,0.6482171268132897,122.54985025737014,53.971500000000006,Satisfactory,3.5981000000000005,7.328782214665681,53.9715
3.0,17.23076923076923,78.31153846153846,24.327281235376695,52.879270004679455,2.356303228825456,139.46607393542348,3.0,11.494618624239589,45.02105755732335,42.77674777725783,8.800336920917173,0.6482171268132897,122.54985025737014,53.971500000000006,Satisfactory,3.5981000000000005,7.328782214665681,53.9715
3.0,17.23076923076923,78.32179487179488,24.327281235376695,52.879270004679455,2.356303228825456,139.46607393542348,3.0,11.494618624239589,45.02105755732335,42.77674777725783,8.800336920917173,0.6482171268132897,122.54985025737014,53.971500000000006,Satisfactory,3.5981000000000005,7.328782214665681,53.9715
3.0,17.23076923076923,78.33205128205128,24.327281235376695,52.879270004679455,2.356303228825456,139.46607393542348,3.0,11.494618624239589,45.02105755732335,42.77674777725783,8.800336920917173,0.6482171268132897,122.54985025737014,53.971500000000006,Satisfactory,3.5981000000000005,7.328782214665681,53.9715
3.0,17.23076923076923,78.3423076923077,24.327281235376695,52.879270004679455,2.356303228825456,139.46607393542348,3.0,11.494618624239589,45.02105755732335,42.77674777725783,8.800336920917173,0.6482171268132897,122.54985025737014,53.971500000000006,Satisfactory,3.5981000000000005,7.328782214665681,53.9715
3.0,17.23076923076923,78.3525641025641,24.327281235376695,52.879270004679455,2.356303228825456,139.46607393542348,3.0,11.494618624239589,45.02105755732335,42.77674777725783,8.800336920917173,0.6482171268132897,122.54985025737014,53.971500000000006,Satisfactory,3.5981000000000005,7.328782214665681,53.9715
3.0,17.23076923076923,78.36282051282052,24.327281235376695,52.879270004679455,2.356303228825456,139.46607393542348,3.0,11.494618624239589,45.02105755732335,42.77674777725783,8.800336920917173,0.6482171268132897,122.54985025737014,53.971500000000006,Satisfactory,3.5981000000000005,7.328782214665681,53.9715
3.0,17.23076923076923,78.37307692307692,24.327281235376695,52.879270004679455,2.356303228825456,139.46607393542348,3.0,11.494618624239589,45.02105755732335,42.77674777725783,8.800336920917173,0.6482171268132897,122.54985025737014,53.971500000000006,Satisfactory,3.5981000000000005,7.328782214665681,53.9715
3.0,17.23076923076923,78.38333333333334,24.327281235376695,52.879270004679455,2.356303228825456,139.46607393542348,3.0,11.494618624239589,45.02105755732335,42.77674777725783,8.800336920917173,0.6482171268132897,122.54985025737014,53.97290000000002,Satisfactory,3.5981933333333345,7.336514880377467,53.97290000000001
3.0,17.23076923076923,78.39358974358974,24.327281235376695,52.879270004679455,2.356303228825456,139.46607393542348,3.0,11.494618624239589,45.02105755732335,42.77674777725783,8.800336920917173,0.6482171268132897,122.54985025737014,53.97290000000002,Satisfactory,3.5981933333333345,7.336514880377467,53.97290000000001
3.0,17.23076923076923,78.40384615384616,24.327281235376695,52.879270004679455,2.356303228825456,139.46607393542348,3.0,11.494618624239589,45.02105755732335,42.77674777725783,8.800336920917173,0.6482171268132897,122.54985025737014,53.97290000000002,Satisfactory,3.5981933333333345,7.336514880377467,53.97290000000001
3.0,17.23076923076923,78.41410256410256,24.327281235376695,52.879270004679455,2.356303228825456,139.46607393542348,3.0,11.494618624239589,45.02105755732335,42.77674777725783,8.800336920917173,0.6482171268132897,122.54985025737014,53.97290000000002,Satisfactory,3.5981933333333345,7.336514880377467,53.97290000000001
3.0,17.23076923076923,78.42435897435898,24.327281235376695,52.879270004679455,2.356303228825456,139.46607393542348,3.0,11.494618624239589,45.02105755732335,42.77674777725783,8.800336920917173,0.6482171268132897,122.54985025737014,53.85990000000002,Satisfactory,3.590660000000001,7.3358433046242215,53.85990000000001
3.0,17.23076923076923,78.43461538461538,24.327281235376695,52.879270004679455,2.356303228825456,139.46607393542348,3.0,11.494618624239589,45.02105755732335,42.77674777725783,8.800336920917173,0.6482171268132897,122.54985025737014,53.85990000000002,Satisfactory,3.590660000000001,7.3358433046242215,53.85990000000001
3.0,17.23076923076923,78.4448717948718,24.327281235376695,52.879270004679455,2.356303228825456,139.46607393542348,3.0,11.494618624239589,45.02105755732335,42.77674777725783,8.800336920917173,0.6482171268132897,122.54985025737014,53.85990000000002,Satisfactory,3.590660000000001,7.3358433046242215,53.85990000000001
3.0,17.23076923076923,78.4551282051282,24.327281235376695,52.879270004679455,2.356303228825456,139.46607393542348,3.0,11.494618624239589,45.02105755732335,42.77674777725783,8.800336920917173,0.6482171268132897,122.54985025737014,53.85610000000001,Satisfactory,3.5904066666666674,7.34072924102231,53.856100000000005
3.0,17.23076923076923,78.46538461538462,24.327281235376695,52.879270004679455,2.356303228825456,139.46607393542348,3.0,11.494618624239589,45.02105755732335,42.77674777725783,8.800336920917173,0.6482171268132897,122.54985025737014,53.85610000000001,Satisfactory,3.5904066666666674,7.34072924102231,53.856100000000005
3.0,17.23076923076923,78.47564102564102,24.327281235376695,52.879270004679455,2.356303228825456,139.46607393542348,3.0,11.494618624239589,45.02105755732335,42.77674777725783,8.800336920917173,0.6482171268132897,122.54985025737014,53.85610000000001,Satisfactory,3.5904066666666674,7.34072924102231,53.856100000000005
3.0,17.23076923076923,78.48589743589744,24.327281235376695,52.879270004679455,2.356303228825456,139.46607393542348,3.0,11.494618624239589,45.02105755732335,42.77674777725783,8.800336920917173,0.6482171268132897,122.54985025737014,53.85610000000001,Satisfactory,3.5904066666666674,7.34072924102231,53.856100000000005
3.0,17.23076923076923,78.49615384615385,24.327281235376695,52.879270004679455,2.356303228825456,139.46607393542348,3.0,11.494618624239589,45.02105755732335,42.77674777725783,8.800336920917173,0.6482171268132897,122.54985025737014,53.85610000000001,Satisfactory,3.5904066666666674,7.34072924102231,53.856100000000005
3.0,17.23076923076923,78.50641025641026,24.327281235376695,52.879270004679455,2.356303228825456,139.46607393542348,3.0,11.494618624239589,45.02105755732335,42.77674777725783,8.800336920917173,0.6482171268132897,122.54985025737014,53.85610000000001,Satisfactory,3.5904066666666674,7.34072924102231,53.856100000000005
3.0,17.23076923076923,78.51666666666667,24.327281235376695,52.879270004679455,2.356303228825456,139.46607393542348,3.0,11.494618624239589,45.02105755732335,42.77674777725783,8.800336920917173,0.6482171268132897,122.54985025737014,53.85610000000001,Satisfactory,3.5904066666666674,7.34072924102231,53.856100000000005
3.0,17.23076923076923,78.52692307692308,24.327281235376695,52.879270004679455,2.356303228825456,139.46607393542348,3.0,11.494618624239589,45.02105755732335,42.77674777725783,8.800336920917173,0.6482171268132897,122.54985025737014,53.59780000000001,Satisfactory,3.573186666666667,7.023638740709832,53.597799999999985
3.0,17.23076923076923,78.53717948717949,24.327281235376695,52.879270004679455,2.356303228825456,139.46607393542348,3.0,11.494618624239589,45.02105755732335,42.77674777725783,8.800336920917173,0.6482171268132897,122.54985025737014,53.59780000000001,Satisfactory,3.573186666666667,7.023638740709832,53.597799999999985
3.0,17.23076923076923,78.5474358974359,24.327281235376695,52.879270004679455,2.356303228825456,139.46607393542348,3.0,11.494618624239589,45.02105755732335,42.77674777725783,8.800336920917173,0.6482171268132897,122.54985025737014,53.327,Satisfactory,3.555133333333333,7.1493706716046,53.32699999999999
3.0,17.23076923076923,78.5576923076923,24.327281235376695,52.879270004679455,2.356303228825456,139.46607393542348,3.0,11.494618624239589,45.02105755732335,42.77674777725783,8.800336920917173,0.6482171268132897,122.54985025737014,53.327,Satisfactory,3.555133333333333,7.1493706716046,53.32699999999999
3.0,17.23076923076923,78.56794871794872,24.327281235376695,52.879270004679455,2.356303228825456,139.46607393542348,3.0,11.494618624239589,45.02105755732335,42.77674777725783,8.800336920917173,0.6482171268132897,122.54985025737014,53.327,Satisfactory,3.555133333333333,7.1493706716046,53.32699999999999
3.0,17.23076923076923,78.57820512820513,24.327281235376695,52.879270004679455,2.356303228825456,139.46607393542348,3.0,11.494618624239589,45.02105755732335,42.77674777725783,8.800336920917173,0.6482171268132897,122.54985025737014,53.327,Satisfactory,3.555133333333333,7.1493706716046,53.32699999999999
3.0,17.23076923076923,78.58846153846154,24.327281235376695,52.879270004679455,2.356303228825456,139.46607393542348,3.0,11.494618624239589,45.02105755732335,42.77674777725783,8.800336920917173,0.6482171268132897,122.54985025737014,53.327,Satisfactory,3.555133333333333,7.1493706716046,53.32699999999999
3.0,17.23076923076923,78.59871794871795,24.327281235376695,52.879270004679455,2.356303228825456,139.46607393542348,3.0,11.494618624239589,45.02105755732335,42.77674777725783,8.800336920917173,0.6482171268132897,122.54985025737014,53.327,Satisfactory,3.555133333333333,7.1493706716046,53.32699999999999
3.0,17.23076923076923,78.60897435897436,24.327281235376695,52.879270004679455,2.356303228825456,139.46607393542348,3.0,11.494618624239589,45.02105755732335,42.77674777725783,8.800336920917173,0.6482171268132897,122.54985025737014,53.327,Satisfactory,3.555133333333333,7.1493706716046,53.32699999999999
3.0,17.23076923076923,78.61923076923077,24.327281235376695,52.879270004679455,2.356303228825456,139.46607393542348,3.0,11.494618624239589,45.02105755732335,42.77674777725783,8.800336920917173,0.6482171268132897,122.54985025737014,53.327,Satisfactory,3.555133333333333,7.1493706716046,53.32699999999999
3.0,17.23076923076923,78.62948717948719,24.327281235376695,52.879270004679455,2.356303228825456,139.46607393542348,3.0,11.494618624239589,45.02105755732335,42.77674777725783,8.800336920917173,0.6482171268132897,122.54985025737014,53.327,Satisfactory,3.555133333333333,7.1493706716046,53.32699999999999
3.0,17.23076923076923,78.63974358974359,24.327281235376695,52.879270004679455,2.356303228825456,139.46607393542348,3.0,11.494618624239589,45.02105755732335,42.77674777725783,8.800336920917173,0.6482171268132897,122.54985025737014,53.327,Satisfactory,3.555133333333333,7.1493706716046,53.32699999999999
3.0,17.23076923076923,78.65,24.327281235376695,52.879270004679455,2.356303228825456,139.46607393542348,3.0,11.494618624239589,45.02105755732335,42.77674777725783,8.800336920917173,0.6482171268132897,122.54985025737014,53.327,Satisfactory,3.555133333333333,7.1493706716046,53.32699999999999
3.0,17.24102564102564,78.25,24.327281235376695,52.879270004679455,2.356303228825456,139.46607393542348,3.0,11.494618624239589,45.02105755732335,42.77674777725783,8.800336920917173,0.6482171268132897,122.54985025737014,53.894400000000005,Satisfactory,3.59296,7.390673490284902,53.8944
3.0,17.24102564102564,78.26025641025642,24.327281235376695,52.879270004679455,2.356303228825456,139.46607393542348,3.0,11.494618624239589,45.02105755732335,42.77674777725783,8.800336920917173,0.6482171268132897,122.54985025737014,53.894400000000005,Satisfactory,3.59296,7.390673490284902,53.8944
3.0,17.24102564102564,78.27051282051282,24.327281235376695,52.879270004679455,2.356303228825456,139.46607393542348,3.0,11.494618624239589,45.02105755732335,42.77674777725783,8.800336920917173,0.6482171268132897,122.54985025737014,53.894400000000005,Satisfactory,3.59296,7.390673490284902,53.8944
3.0,17.24102564102564,78.28076923076924,24.327281235376695,52.879270004679455,2.356303228825456,139.46607393542348,3.0,11.494618624239589,45.02105755732335,42.77674777725783,8.800336920917173,0.6482171268132897,122.54985025737014,53.894400000000005,Satisfactory,3.59296,7.390673490284902,53.8944
3.0,17.24102564102564,78.29102564102564,24.327281235376695,52.879270004679455,2.356303228825456,139.46607393542348,3.0,11.494618624239589,45.02105755732335,42.77674777725783,8.800336920917173,0.6482171268132897,122.54985025737014,53.894400000000005,Satisfactory,3.59296,7.390673490284902,53.8944
3.0,17.24102564102564,78.30128205128206,24.327281235376695,52.879270004679455,2.356303228825456,139.46607393542348,3.0,11.494618624239589,45.02105755732335,42.77674777725783,8.800336920917173,0.6482171268132897,122.54985025737014,53.971500000000006,Satisfactory,3.5981000000000005,7.328782214665681,53.9715
3.0,17.24102564102564,78.31153846153846,24.327281235376695,52.879270004679455,2.356303228825456,139.46607393542348,3.0,11.494618624239589,45.02105755732335,42.77674777725783,8.800336920917173,0.6482171268132897,122.54985025737014,53.971500000000006,Satisfactory,3.5981000000000005,7.328782214665681,53.9715
3.0,17.24102564102564,78.32179487179488,24.327281235376695,52.879270004679455,2.356303228825456,139.46607393542348,3.0,11.494618624239589,45.02105755732335,42.77674777725783,8.800336920917173,0.6482171268132897,122.54985025737014,53.971500000000006,Satisfactory,3.5981000000000005,7.328782214665681,53.9715
3.0,17.24102564102564,78.33205128205128,24.327281235376695,52.879270004679455,2.356303228825456,139.46607393542348,3.0,11.494618624239589,45.02105755732335,42.77674777725783,8.800336920917173,0.6482171268132897,122.54985025737014,53.971500000000006,Satisfactory,3.5981000000000005,7.328782214665681,53.9715
3.0,17.24102564102564,78.3423076923077,24.327281235376695,52.879270004679455,2.356303228825456,139.46607393542348,3.0,11.494618624239589,45.02105755732335,42.77674777725783,8.800336920917173,0.6482171268132897,122.54985025737014,53.971500000000006,Satisfactory,3.5981000000000005,7.328782214665681,53.9715
3.0,17.24102564102564,78.3525641025641,24.327281235376695,52.879270004679455,2.356303228825456,139.46607393542348,3.0,11.494618624239589,45.02105755732335,42.77674777725783,8.800336920917173,0.6482171268132897,122.54985025737014,53.971500000000006,Satisfactory,3.5981000000000005,7.328782214665681,53.9715
3.0,17.24102564102564,78.36282051282052,24.327281235376695,52.879270004679455,2.356303228825456,139.46607393542348,3.0,11.494618624239589,45.02105755732335,42.77674777725783,8.800336920917173,0.6482171268132897,122.54985025737014,53.971500000000006,Satisfactory,3.5981000000000005,7.328782214665681,53.9715
3.0,17.24102564102564,78.37307692307692,24.327281235376695,52.879270004679455,2.356303228825456,139.46607393542348,3.0,11.494618624239589,45.02105755732335,42.77674777725783,8.800336920917173,0.6482171268132897,122.54985025737014,53.971500000000006,Satisfactory,3.5981000000000005,7.328782214665681,53.9715
3.0,17.24102564102564,78.38333333333334,24.327281235376695,52.879270004679455,2.356303228825456,139.46607393542348,3.0,11.494618624239589,45.02105755732335,42.77674777725783,8.800336920917173,0.6482171268132897,122.54985025737014,53.97290000000002,Satisfactory,3.5981933333333345,7.336514880377467,53.97290000000001
3.0,17.24102564102564,78.39358974358974,24.327281235376695,52.879270004679455,2.356303228825456,139.46607393542348,3.0,11.494618624239589,45.02105755732335,42.77674777725783,8.800336920917173,0.6482171268132897,122.54985025737014,53.97290000000002,Satisfactory,3.5981933333333345,7.336514880377467,53.97290000000001
3.0,17.24102564102564,78.40384615384616,24.327281235376695,52.879270004679455,2.356303228825456,139.46607393542348,3.0,11.494618624239589,45.02105755732335,42.77674777725783,8.800336920917173,0.6482171268132897,122.54985025737014,53.97290000000002,Satisfactory,3.5981933333333345,7.336514880377467,53.97290000000001
3.0,17.24102564102564,78.41410256410256,24.327281235376695,52.879270004679455,2.356303228825456,139.46607393542348,3.0,11.494618624239589,45.02105755732335,42.77674777725783,8.800336920917173,0.6482171268132897,122.54985025737014,53.97290000000002,Satisfactory,3.5981933333333345,7.336514880377467,53.97290000000001
3.0,17.24102564102564,78.42435897435898,24.327281235376695,52.879270004679455,2.356303228825456,139.46607393542348,3.0,11.494618624239589,45.02105755732335,42.77674777725783,8.800336920917173,0.6482171268132897,122.54985025737014,53.85990000000002,Satisfactory,3.590660000000001,7.3358433046242215,53.85990000000001
3.0,17.24102564102564,78.43461538461538,24.327281235376695,52.879270004679455,2.356303228825456,139.46607393542348,3.0,11.494618624239589,45.02105755732335,42.77674777725783,8.800336920917173,0.6482171268132897,122.54985025737014,53.85990000000002,Satisfactory,3.590660000000001,7.3358433046242215,53.85990000000001
3.0,17.24102564102564,78.4448717948718,24.327281235376695,52.879270004679455,2.356303228825456,139.46607393542348,3.0,11.494618624239589,45.02105755732335,42.77674777725783,8.800336920917173,0.6482171268132897,122.54985025737014,53.85990000000002,Satisfactory,3.590660000000001,7.3358433046242215,53.85990000000001
3.0,17.24102564102564,78.4551282051282,24.327281235376695,52.879270004679455,2.356303228825456,139.46607393542348,3.0,11.494618624239589,45.02105755732335,42.77674777725783,8.800336920917173,0.6482171268132897,122.54985025737014,53.85610000000001,Satisfactory,3.5904066666666674,7.34072924102231,53.856100000000005
3.0,17.24102564102564,78.46538461538462,24.327281235376695,52.879270004679455,2.356303228825456,139.46607393542348,3.0,11.494618624239589,45.02105755732335,42.77674777725783,8.800336920917173,0.6482171268132897,122.54985025737014,53.85610000000001,Satisfactory,3.5904066666666674,7.34072924102231,53.856100000000005
3.0,17.24102564102564,78.47564102564102,24.327281235376695,52.879270004679455,2.356303228825456,139.46607393542348,3.0,11.494618624239589,45.02105755732335,42.77674777725783,8.800336920917173,0.6482171268132897,122.54985025737014,53.85610000000001,Satisfactory,3.5904066666666674,7.34072924102231,53.856100000000005
3.0,17.24102564102564,78.48589743589744,24.327281235376695,52.879270004679455,2.356303228825456,139.46607393542348,3.0,11.494618624239589,45.02105755732335,42.77674777725783,8.800336920917173,0.6482171268132897,122.54985025737014,53.85610000000001,Satisfactory,3.5904066666666674,7.34072924102231,53.856100000000005
3.0,17.24102564102564,78.49615384615385,24.327281235376695,52.879270004679455,2.356303228825456,139.46607393542348,3.0,11.494618624239589,45.02105755732335,42.77674777725783,8.800336920917173,0.6482171268132897,122.54985025737014,53.85610000000001,Satisfactory,3.5904066666666674,7.34072924102231,53.856100000000005
3.0,17.24102564102564,78.50641025641026,24.327281235376695,52.879270004679455,2.356303228825456,139.46607393542348,3.0,11.494618624239589,45.02105755732335,42.77674777725783,8.800336920917173,0.6482171268132897,122.54985025737014,53.85610000000001,Satisfactory,3.5904066666666674,7.34072924102231,53.856100000000005
3.0,17.24102564102564,78.51666666666667,24.327281235376695,52.879270004679455,2.356303228825456,139.46607393542348,3.0,11.494618624239589,45.02105755732335,42.77674777725783,8.800336920917173,0.6482171268132897,122.54985025737014,53.85610000000001,Satisfactory,3.5904066666666674,7.34072924102231,53.856100000000005
3.0,17.24102564102564,78.52692307692308,24.327281235376695,52.879270004679455,2.356303228825456,139.46607393542348,3.0,11.494618624239589,45.02105755732335,42.77674777725783,8.800336920917173,0.6482171268132897,122.54985025737014,53.59780000000001,Satisfactory,3.573186666666667,7.023638740709832,53.597799999999985
3.0,17.24102564102564,78.53717948717949,24.327281235376695,52.879270004679455,2.356303228825456,139.46607393542348,3.0,11.494618624239589,45.02105755732335,42.77674777725783,8.800336920917173,0.6482171268132897,122.54985025737014,53.59780000000001,Satisfactory,3.573186666666667,7.023638740709832,53.597799999999985
3.0,17.24102564102564,78.5474358974359,24.327281235376695,52.879270004679455,2.356303228825456,139.46607393542348,3.0,11.494618624239589,45.02105755732335,42.77674777725783,8.800336920917173,0.6482171268132897,122.54985025737014,53.327,Satisfactory,3.555133333333333,7.1493706716046,53.32699999999999
3.0,17.24102564102564,78.5576923076923,24.327281235376695,52.879270004679455,2.356303228825456,139.46607393542348,3.0,11.494618624239589,45.02105755732335,42.77674777725783,8.800336920917173,0.6482171268132897,122.54985025737014,53.327,Satisfactory,3.555133333333333,7.1493706716046,53.32699999999999
3.0,17.24102564102564,78.56794871794872,24.327281235376695,52.879270004679455,2.356303228825456,139.46607393542348,3.0,11.494618624239589,45.02105755732335,42.77674777725783,8.800336920917173,0.6482171268132897,122.54985025737014,53.327,Satisfactory,3.555133333333333,7.1493706716046,53.32699999999999
3.0,17.24102564102564,78.57820512820513,24.327281235376695,52.879270004679455,2.356303228825456,139.46607393542348,3.0,11.494618624239589,45.02105755732335,42.77674777725783,8.800336920917173,0.6482171268132897,122.54985025737014,53.327,Satisfactory,3.555133333333333,7.1493706716046,53.32699999999999
3.0,17.24102564102564,78.58846153846154,24.327281235376695,52.879270004679455,2.356303228825456,139.46607393542348,3.0,11.494618624239589,45.02105755732335,42.77674777725783,8.800336920917173,0.6482171268132897,122.54985025737014,53.327,Satisfactory,3.555133333333333,7.1493706716046,53.32699999999999
3.0,17.24102564102564,78.59871794871795,24.327281235376695,52.879270004679455,2.356303228825456,139.46607393542348,3.0,11.494618624239589,45.02105755732335,42.77674777725783,8.800336920917173,0.6482171268132897,122.54985025737014,53.327,Satisfactory,3.555133333333333,7.1493706716046,53.32699999999999
3.0,17.24102564102564,78.60897435897436,24.327281235376695,52.879270004679455,2.356303228825456,139.46607393542348,3.0,11.494618624239589,45.02105755732335,42.77674777725783,8.800336920917173,0.6482171268132897,122.54985025737014,53.327,Satisfactory,3.555133333333333,7.1493706716046,53.32699999999999
3.0,17.24102564102564,78.61923076923077,24.327281235376695,52.879270004679455,2.356303228825456,139.46607393542348,3.0,11.494618624239589,45.02105755732335,42.77674777725783,8.800336920917173,0.6482171268132897,122.54985025737014,53.327,Satisfactory,3.555133333333333,7.1493706716046,53.32699999999999
3.0,17.24102564102564,78.62948717948719,24.327281235376695,52.879270004679455,2.356303228825456,139.46607393542348,3.0,11.494618624239589,45.02105755732335,42.77674777725783,8.800336920917173,0.6482171268132897,122.54985025737014,53.327,Satisfactory,3.555133333333333,7.1493706716046,53.32699999999999
3.0,17.24102564102564,78.63974358974359,24.327281235376695,52.879270004679455,2.356303228825456,139.46607393542348,3.0,11.494618624239589,45.02105755732335,42.77674777725783,8.800336920917173,0.6482171268132897,122.54985025737014,53.327,Satisfactory,3.555133333333333,7.1493706716046,53.32699999999999
3.0,17.24102564102564,78.65,24.327281235376695,52.879270004679455,2.356303228825456,139.46607393542348,3.0,11.494618624239589,45.02105755732335,42.77674777725783,8.800336920917173,0.6482171268132897,122.54985025737014,53.327,Satisfactory,3.555133333333333,7.1493706716046,53.32699999999999
3.0,17.25128205128205,78.25,24.327281235376695,52.879270004679455,2.356303228825456,139.46607393542348,3.0,11.494618624239589,45.02105755732335,42.77674777725783,8.800336920917173,0.6482171268132897,122.54985025737014,53.894400000000005,Satisfactory,3.59296,7.390673490284902,53.8944
3.0,17.25128205128205,78.26025641025642,24.327281235376695,52.879270004679455,2.356303228825456,139.46607393542348,3.0,11.494618624239589,45.02105755732335,42.77674777725783,8.800336920917173,0.6482171268132897,122.54985025737014,53.894400000000005,Satisfactory,3.59296,7.390673490284902,53.8944
3.0,17.25128205128205,78.27051282051282,24.327281235376695,52.879270004679455,2.356303228825456,139.46607393542348,3.0,11.494618624239589,45.02105755732335,42.77674777725783,8.800336920917173,0.6482171268132897,122.54985025737014,53.894400000000005,Satisfactory,3.59296,7.390673490284902,53.8944
3.0,17.25128205128205,78.28076923076924,24.327281235376695,52.879270004679455,2.356303228825456,139.46607393542348,3.0,11.494618624239589,45.02105755732335,42.77674777725783,8.800336920917173,0.6482171268132897,122.54985025737014,53.894400000000005,Satisfactory,3.59296,7.390673490284902,53.8944
3.0,17.25128205128205,78.29102564102564,24.327281235376695,52.879270004679455,2.356303228825456,139.46607393542348,3.0,11.494618624239589,45.02105755732335,42.77674777725783,8.800336920917173,0.6482171268132897,122.54985025737014,53.894400000000005,Satisfactory,3.59296,7.390673490284902,53.8944
3.0,17.25128205128205,78.30128205128206,24.327281235376695,52.879270004679455,2.356303228825456,139.46607393542348,3.0,11.494618624239589,45.02105755732335,42.77674777725783,8.800336920917173,0.6482171268132897,122.54985025737014,53.971500000000006,Satisfactory,3.5981000000000005,7.328782214665681,53.9715
3.0,17.25128205128205,78.31153846153846,24.327281235376695,52.879270004679455,2.356303228825456,139.46607393542348,3.0,11.494618624239589,45.02105755732335,42.77674777725783,8.800336920917173,0.6482171268132897,122.54985025737014,53.971500000000006,Satisfactory,3.5981000000000005,7.328782214665681,53.9715
3.0,17.25128205128205,78.32179487179488,24.327281235376695,52.879270004679455,2.356303228825456,139.46607393542348,3.0,11.494618624239589,45.02105755732335,42.77674777725783,8.800336920917173,0.6482171268132897,122.54985025737014,53.971500000000006,Satisfactory,3.5981000000000005,7.328782214665681,53.9715
3.0,17.25128205128205,78.33205128205128,24.327281235376695,52.879270004679455,2.356303228825456,139.46607393542348,3.0,11.494618624239589,45.02105755732335,42.77674777725783,8.800336920917173,0.6482171268132897,122.54985025737014,53.971500000000006,Satisfactory,3.5981000000000005,7.328782214665681,53.9715
3.0,17.25128205128205,78.3423076923077,24.327281235376695,52.879270004679455,2.356303228825456,139.46607393542348,3.0,11.494618624239589,45.02105755732335,42.77674777725783,8.800336920917173,0.6482171268132897,122.54985025737014,53.971500000000006,Satisfactory,3.5981000000000005,7.328782214665681,53.9715
3.0,17.25128205128205,78.3525641025641,24.327281235376695,52.879270004679455,2.356303228825456,139.46607393542348,3.0,11.494618624239589,45.02105755732335,42.77674777725783,8.800336920917173,0.6482171268132897,122.54985025737014,53.971500000000006,Satisfactory,3.5981000000000005,7.328782214665681,53.9715
3.0,17.25128205128205,78.36282051282052,24.327281235376695,52.879270004679455,2.356303228825456,139.46607393542348,3.0,11.494618624239589,45.02105755732335,42.77674777725783,8.800336920917173,0.6482171268132897,122.54985025737014,53.971500000000006,Satisfactory,3.5981000000000005,7.328782214665681,53.9715
3.0,17.25128205128205,78.37307692307692,24.327281235376695,52.879270004679455,2.356303228825456,139.46607393542348,3.0,11.494618624239589,45.02105755732335,42.77674777725783,8.800336920917173,0.6482171268132897,122.54985025737014,53.971500000000006,Satisfactory,3.5981000000000005,7.328782214665681,53.9715
3.0,17.25128205128205,78.38333333333334,24.327281235376695,52.879270004679455,2.356303228825456,139.46607393542348,3.0,11.494618624239589,45.02105755732335,42.77674777725783,8.800336920917173,0.6482171268132897,122.54985025737014,53.97290000000002,Satisfactory,3.5981933333333345,7.336514880377467,53.97290000000001
3.0,17.25128205128205,78.39358974358974,24.327281235376695,52.879270004679455,2.356303228825456,139.46607393542348,3.0,11.494618624239589,45.02105755732335,42.77674777725783,8.800336920917173,0.6482171268132897,122.54985025737014,53.97290000000002,Satisfactory,3.5981933333333345,7.336514880377467,53.97290000000001
3.0,17.25128205128205,78.40384615384616,24.327281235376695,52.879270004679455,2.356303228825456,139.46607393542348,3.0,11.494618624239589,45.02105755732335,42.77674777725783,8.800336920917173,0.6482171268132897,122.54985025737014,53.97290000000002,Satisfactory,3.5981933333333345,7.336514880377467,53.97290000000001
3.0,17.25128205128205,78.41410256410256,24.327281235376695,52.879270004679455,2.356303228825456,139.46607393542348,3.0,11.494618624239589,45.02105755732335,42.77674777725783,8.800336920917173,0.6482171268132897,122.54985025737014,53.97290000000002,Satisfactory,3.5981933333333345,7.336514880377467,53.97290000000001
3.0,17.25128205128205,78.42435897435898,24.327281235376695,52.879270004679455,2.356303228825456,139.46607393542348,3.0,11.494618624239589,45.02105755732335,42.77674777725783,8.800336920917173,0.6482171268132897,122.54985025737014,53.85990000000002,Satisfactory,3.590660000000001,7.3358433046242215,53.85990000000001
3.0,17.25128205128205,78.43461538461538,24.327281235376695,52.879270004679455,2.356303228825456,139.46607393542348,3.0,11.494618624239589,45.02105755732335,42.77674777725783,8.800336920917173,0.6482171268132897,122.54985025737014,53.85990000000002,Satisfactory,3.590660000000001,7.3358433046242215,53.85990000000001
3.0,17.25128205128205,78.4448717948718,24.327281235376695,52.879270004679455,2.356303228825456,139.46607393542348,3.0,11.494618624239589,45.02105755732335,42.77674777725783,8.800336920917173,0.6482171268132897,122.54985025737014,53.85990000000002,Satisfactory,3.590660000000001,7.3358433046242215,53.85990000000001
3.0,17.25128205128205,78.4551282051282,24.327281235376695,52.879270004679455,2.356303228825456,139.46607393542348,3.0,11.494618624239589,45.02105755732335,42.77674777725783,8.800336920917173,0.6482171268132897,122.54985025737014,53.85610000000001,Satisfactory,3.5904066666666674,7.34072924102231,53.856100000000005
3.0,17.25128205128205,78.46538461538462,24.327281235376695,52.879270004679455,2.356303228825456,139.46607393542348,3.0,11.494618624239589,45.02105755732335,42.77674777725783,8.800336920917173,0.6482171268132897,122.54985025737014,53.85610000000001,Satisfactory,3.5904066666666674,7.34072924102231,53.856100000000005
3.0,17.25128205128205,78.47564102564102,24.327281235376695,52.879270004679455,2.356303228825456,139.46607393542348,3.0,11.494618624239589,45.02105755732335,42.77674777725783,8.800336920917173,0.6482171268132897,122.54985025737014,53.85610000000001,Satisfactory,3.5904066666666674,7.34072924102231,53.856100000000005
3.0,17.25128205128205,78.48589743589744,24.327281235376695,52.879270004679455,2.356303228825456,139.46607393542348,3.0,11.494618624239589,45.02105755732335,42.77674777725783,8.800336920917173,0.6482171268132897,122.54985025737014,53.85610000000001,Satisfactory,3.5904066666666674,7.34072924102231,53.856100000000005
3.0,17.25128205128205,78.49615384615385,24.327281235376695,52.879270004679455,2.356303228825456,139.46607393542348,3.0,11.494618624239589,45.02105755732335,42.77674777725783,8.800336920917173,0.6482171268132897,122.54985025737014,53.85610000000001,Satisfactory,3.5904066666666674,7.34072924102231,53.856100000000005
3.0,17.25128205128205,78.50641025641026,24.327281235376695,52.879270004679455,2.356303228825456,139.46607393542348,3.0,11.494618624239589,45.02105755732335,42.77674777725783,8.800336920917173,0.6482171268132897,122.54985025737014,53.85610000000001,Satisfactory,3.5904066666666674,7.34072924102231,53.856100000000005
3.0,17.25128205128205,78.51666666666667,24.327281235376695,52.879270004679455,2.356303228825456,139.46607393542348,3.0,11.494618624239589,45.02105755732335,42.77674777725783,8.800336920917173,0.6482171268132897,122.54985025737014,53.85610000000001,Satisfactory,3.5904066666666674,7.34072924102231,53.856100000000005
3.0,17.25128205128205,78.52692307692308,24.327281235376695,52.879270004679455,2.356303228825456,139.46607393542348,3.0,11.494618624239589,45.02105755732335,42.77674777725783,8.800336920917173,0.6482171268132897,122.54985025737014,53.59780000000001,Satisfactory,3.573186666666667,7.023638740709832,53.597799999999985
3.0,17.25128205128205,78.53717948717949,24.327281235376695,52.879270004679455,2.356303228825456,139.46607393542348,3.0,11.494618624239589,45.02105755732335,42.77674777725783,8.800336920917173,0.6482171268132897,122.54985025737014,53.59780000000001,Satisfactory,3.573186666666667,7.023638740709832,53.597799999999985
3.0,17.25128205128205,78.5474358974359,24.327281235376695,52.879270004679455,2.356303228825456,139.46607393542348,3.0,11.494618624239589,45.02105755732335,42.77674777725783,8.800336920917173,0.6482171268132897,122.54985025737014,53.327,Satisfactory,3.555133333333333,7.1493706716046,53.32699999999999
3.0,17.25128205128205,78.5576923076923,24.327281235376695,52.879270004679455,2.356303228825456,139.46607393542348,3.0,11.494618624239589,45.02105755732335,42.77674777725783,8.800336920917173,0.6482171268132897,122.54985025737014,53.327,Satisfactory,3.555133333333333,7.1493706716046,53.32699999999999
3.0,17.25128205128205,78.56794871794872,24.327281235376695,52.879270004679455,2.356303228825456,139.46607393542348,3.0,11.494618624239589,45.02105755732335,42.77674777725783,8.800336920917173,0.6482171268132897,122.54985025737014,53.327,Satisfactory,3.555133333333333,7.1493706716046,53.32699999999999
3.0,17.25128205128205,78.57820512820513,24.327281235376695,52.879270004679455,2.356303228825456,139.46607393542348,3.0,11.494618624239589,45.02105755732335,42.77674777725783,8.800336920917173,0.6482171268132897,122.54985025737014,53.327,Satisfactory,3.555133333333333,7.1493706716046,53.32699999999999
3.0,17.25128205128205,78.58846153846154,24.327281235376695,52.879270004679455,2.356303228825456,139.46607393542348,3.0,11.494618624239589,45.02105755732335,42.77674777725783,8.800336920917173,0.6482171268132897,122.54985025737014,53.327,Satisfactory,3.555133333333333,7.1493706716046,53.32699999999999
3.0,17.25128205128205,78.59871794871795,24.327281235376695,52.879270004679455,2.356303228825456,139.46607393542348,3.0,11.494618624239589,45.02105755732335,42.77674777725783,8.800336920917173,0.6482171268132897,122.54985025737014,53.327,Satisfactory,3.555133333333333,7.1493706716046,53.32699999999999
3.0,17.25128205128205,78.60897435897436,24.327281235376695,52.879270004679455,2.356303228825456,139.46607393542348,3.0,11.494618624239589,45.02105755732335,42.77674777725783,8.800336920917173,0.6482171268132897,122.54985025737014,53.327,Satisfactory,3.555133333333333,7.1493706716046,53.32699999999999
3.0,17.25128205128205,78.61923076923077,24.327281235376695,52.879270004679455,2.356303228825456,139.46607393542348,3.0,11.494618624239589,45.02105755732335,42.77674777725783,8.800336920917173,0.6482171268132897,122.54985025737014,53.327,Satisfactory,3.555133333333333,7.1493706716046,53.32699999999999
3.0,17.25128205128205,78.62948717948719,24.327281235376695,52.879270004679455,2.356303228825456,139.46607393542348,3.0,11.494618624239589,45.02105755732335,42.77674777725783,8.800336920917173,0.6482171268132897,122.54985025737014,53.327,Satisfactory,3.555133333333333,7.1493706716046,53.32699999999999
3.0,17.25128205128205,78.63974358974359,24.327281235376695,52.879270004679455,2.356303228825456,139.46607393542348,3.0,11.494618624239589,45.02105755732335,42.77674777725783,8.800336920917173,0.6482171268132897,122.54985025737014,53.327,Satisfactory,3.555133333333333,7.1493706716046,53.32699999999999
3.0,17.25128205128205,78.65,24.327281235376695,52.879270004679455,2.356303228825456,139.46607393542348,3.0,11.494618624239589,45.02105755732335,42.77674777725783,8.800336920917173,0.6482171268132897,122.54985025737014,53.327,Satisfactory,3.555133333333333,7.1493706716046,53.32699999999999
3.0,17.26153846153846,78.25,24.327281235376695,52.879270004679455,2.356303228825456,139.46607393542348,3.0,11.494618624239589,45.02105755732335,42.77674777725783,8.800336920917173,0.6482171268132897,122.54985025737014,53.894400000000005,Satisfactory,3.59296,7.390673490284902,53.8944
3.0,17.26153846153846,78.26025641025642,24.327281235376695,52.879270004679455,2.356303228825456,139.46607393542348,3.0,11.494618624239589,45.02105755732335,42.77674777725783,8.800336920917173,0.6482171268132897,122.54985025737014,53.894400000000005,Satisfactory,3.59296,7.390673490284902,53.8944
3.0,17.26153846153846,78.27051282051282,24.327281235376695,52.879270004679455,2.356303228825456,139.46607393542348,3.0,11.494618624239589,45.02105755732335,42.77674777725783,8.800336920917173,0.6482171268132897,122.54985025737014,53.894400000000005,Satisfactory,3.59296,7.390673490284902,53.8944
3.0,17.26153846153846,78.28076923076924,24.327281235376695,52.879270004679455,2.356303228825456,139.46607393542348,3.0,11.494618624239589,45.02105755732335,42.77674777725783,8.800336920917173,0.6482171268132897,122.54985025737014,53.894400000000005,Satisfactory,3.59296,7.390673490284902,53.8944
3.0,17.26153846153846,78.29102564102564,24.327281235376695,52.879270004679455,2.356303228825456,139.46607393542348,3.0,11.494618624239589,45.02105755732335,42.77674777725783,8.800336920917173,0.6482171268132897,122.54985025737014,53.894400000000005,Satisfactory,3.59296,7.390673490284902,53.8944
3.0,17.26153846153846,78.30128205128206,24.327281235376695,52.879270004679455,2.356303228825456,139.46607393542348,3.0,11.494618624239589,45.02105755732335,42.77674777725783,8.800336920917173,0.6482171268132897,122.54985025737014,53.971500000000006,Satisfactory,3.5981000000000005,7.328782214665681,53.9715
3.0,17.26153846153846,78.31153846153846,24.327281235376695,52.879270004679455,2.356303228825456,139.46607393542348,3.0,11.494618624239589,45.02105755732335,42.77674777725783,8.800336920917173,0.6482171268132897,122.54985025737014,53.971500000000006,Satisfactory,3.5981000000000005,7.328782214665681,53.9715
3.0,17.26153846153846,78.32179487179488,24.327281235376695,52.879270004679455,2.356303228825456,139.46607393542348,3.0,11.494618624239589,45.02105755732335,42.77674777725783,8.800336920917173,0.6482171268132897,122.54985025737014,53.971500000000006,Satisfactory,3.5981000000000005,7.328782214665681,53.9715
3.0,17.26153846153846,78.33205128205128,24.327281235376695,52.879270004679455,2.356303228825456,139.46607393542348,3.0,11.494618624239589,45.02105755732335,42.77674777725783,8.800336920917173,0.6482171268132897,122.54985025737014,53.971500000000006,Satisfactory,3.5981000000000005,7.328782214665681,53.9715
3.0,17.26153846153846,78.3423076923077,24.327281235376695,52.879270004679455,2.356303228825456,139.46607393542348,3.0,11.494618624239589,45.02105755732335,42.77674777725783,8.800336920917173,0.6482171268132897,122.54985025737014,53.971500000000006,Satisfactory,3.5981000000000005,7.328782214665681,53.9715
3.0,17.26153846153846,78.3525641025641,24.327281235376695,52.879270004679455,2.356303228825456,139.46607393542348,3.0,11.494618624239589,45.02105755732335,42.77674777725783,8.800336920917173,0.6482171268132897,122.54985025737014,53.971500000000006,Satisfactory,3.5981000000000005,7.328782214665681,53.9715
3.0,17.26153846153846,78.36282051282052,24.327281235376695,52.879270004679455,2.356303228825456,139.46607393542348,3.0,11.494618624239589,45.02105755732335,42.77674777725783,8.800336920917173,0.6482171268132897,122.54985025737014,53.971500000000006,Satisfactory,3.5981000000000005,7.328782214665681,53.9715
3.0,17.26153846153846,78.37307692307692,24.327281235376695,52.879270004679455,2.356303228825456,139.46607393542348,3.0,11.494618624239589,45.02105755732335,42.77674777725783,8.800336920917173,0.6482171268132897,122.54985025737014,53.971500000000006,Satisfactory,3.5981000000000005,7.328782214665681,53.9715
3.0,17.26153846153846,78.38333333333334,24.327281235376695,52.879270004679455,2.356303228825456,139.46607393542348,3.0,11.494618624239589,45.02105755732335,42.77674777725783,8.800336920917173,0.6482171268132897,122.54985025737014,53.97290000000002,Satisfactory,3.5981933333333345,7.336514880377467,53.97290000000001
3.0,17.26153846153846,78.39358974358974,24.327281235376695,52.879270004679455,2.356303228825456,139.46607393542348,3.0,11.494618624239589,45.02105755732335,42.77674777725783,8.800336920917173,0.6482171268132897,122.54985025737014,53.97290000000002,Satisfactory,3.5981933333333345,7.336514880377467,53.97290000000001
3.0,17.26153846153846,78.40384615384616,24.327281235376695,52.879270004679455,2.356303228825456,139.46607393542348,3.0,11.494618624239589,45.02105755732335,42.77674777725783,8.800336920917173,0.6482171268132897,122.54985025737014,53.97290000000002,Satisfactory,3.5981933333333345,7.336514880377467,53.97290000000001
3.0,17.26153846153846,78.41410256410256,24.327281235376695,52.879270004679455,2.356303228825456,139.46607393542348,3.0,11.494618624239589,45.02105755732335,42.77674777725783,8.800336920917173,0.6482171268132897,122.54985025737014,53.97290000000002,Satisfactory,3.5981933333333345,7.336514880377467,53.97290000000001
3.0,17.26153846153846,78.42435897435898,24.327281235376695,52.879270004679455,2.356303228825456,139.46607393542348,3.0,11.494618624239589,45.02105755732335,42.77674777725783,8.800336920917173,0.6482171268132897,122.54985025737014,53.85990000000002,Satisfactory,3.590660000000001,7.3358433046242215,53.85990000000001
3.0,17.26153846153846,78.43461538461538,24.327281235376695,52.879270004679455,2.356303228825456,139.46607393542348,3.0,11.494618624239589,45.02105755732335,42.77674777725783,8.800336920917173,0.6482171268132897,122.54985025737014,53.85990000000002,Satisfactory,3.590660000000001,7.3358433046242215,53.85990000000001
3.0,17.26153846153846,78.4448717948718,24.327281235376695,52.879270004679455,2.356303228825456,139.46607393542348,3.0,11.494618624239589,45.02105755732335,42.77674777725783,8.800336920917173,0.6482171268132897,122.54985025737014,53.85990000000002,Satisfactory,3.590660000000001,7.3358433046242215,53.85990000000001
3.0,17.26153846153846,78.4551282051282,24.327281235376695,52.879270004679455,2.356303228825456,139.46607393542348,3.0,11.494618624239589,45.02105755732335,42.77674777725783,8.800336920917173,0.6482171268132897,122.54985025737014,53.85610000000001,Satisfactory,3.5904066666666674,7.34072924102231,53.856100000000005
3.0,17.26153846153846,78.46538461538462,24.327281235376695,52.879270004679455,2.356303228825456,139.46607393542348,3.0,11.494618624239589,45.02105755732335,42.77674777725783,8.800336920917173,0.6482171268132897,122.54985025737014,53.85610000000001,Satisfactory,3.5904066666666674,7.34072924102231,53.856100000000005
3.0,17.26153846153846,78.47564102564102,24.327281235376695,52.879270004679455,2.356303228825456,139.46607393542348,3.0,11.494618624239589,45.02105755732335,42.77674777725783,8.800336920917173,0.6482171268132897,122.54985025737014,53.85610000000001,Satisfactory,3.5904066666666674,7.34072924102231,53.856100000000005
3.0,17.26153846153846,78.48589743589744,24.327281235376695,52.879270004679455,2.356303228825456,139.46607393542348,3.0,11.494618624239589,45.02105755732335,42.77674777725783,8.800336920917173,0.6482171268132897,122.54985025737014,53.85610000000001,Satisfactory,3.5904066666666674,7.34072924102231,53.856100000000005
3.0,17.26153846153846,78.49615384615385,24.327281235376695,52.879270004679455,2.356303228825456,139.46607393542348,3.0,11.494618624239589,45.02105755732335,42.77674777725783,8.800336920917173,0.6482171268132897,122.54985025737014,53.85610000000001,Satisfactory,3.5904066666666674,7.34072924102231,53.856100000000005
3.0,17.26153846153846,78.50641025641026,24.327281235376695,52.879270004679455,2.356303228825456,139.46607393542348,3.0,11.494618624239589,45.02105755732335,42.77674777725783,8.800336920917173,0.6482171268132897,122.54985025737014,53.85610000000001,Satisfactory,3.5904066666666674,7.34072924102231,53.856100000000005
3.0,17.26153846153846,78.51666666666667,24.327281235376695,52.879270004679455,2.356303228825456,139.46607393542348,3.0,11.494618624239589,45.02105755732335,42.77674777725783,8.800336920917173,0.6482171268132897,122.54985025737014,53.85610000000001,Satisfactory,3.5904066666666674,7.34072924102231,53.856100000000005
3.0,17.26153846153846,78.52692307692308,24.327281235376695,52.879270004679455,2.356303228825456,139.46607393542348,3.0,11.494618624239589,45.02105755732335,42.77674777725783,8.800336920917173,0.6482171268132897,122.54985025737014,53.59780000000001,Satisfactory,3.573186666666667,7.023638740709832,53.597799999999985
3.0,17.26153846153846,78.53717948717949,24.327281235376695,52.879270004679455,2.356303228825456,139.46607393542348,3.0,11.494618624239589,45.02105755732335,42.77674777725783,8.800336920917173,0.6482171268132897,122.54985025737014,53.59780000000001,Satisfactory,3.573186666666667,7.023638740709832,53.597799999999985
3.0,17.26153846153846,78.5474358974359,24.327281235376695,52.879270004679455,2.356303228825456,139.46607393542348,3.0,11.494618624239589,45.02105755732335,42.77674777725783,8.800336920917173,0.6482171268132897,122.54985025737014,53.327,Satisfactory,3.555133333333333,7.1493706716046,53.32699999999999
3.0,17.26153846153846,78.5576923076923,24.327281235376695,52.879270004679455,2.356303228825456,139.46607393542348,3.0,11.494618624239589,45.02105755732335,42.77674777725783,8.800336920917173,0.6482171268132897,122.54985025737014,53.327,Satisfactory,3.555133333333333,7.1493706716046,53.32699999999999
3.0,17.26153846153846,78.56794871794872,24.327281235376695,52.879270004679455,2.356303228825456,139.46607393542348,3.0,11.494618624239589,45.02105755732335,42.77674777725783,8.800336920917173,0.6482171268132897,122.54985025737014,53.327,Satisfactory,3.555133333333333,7.1493706716046,53.32699999999999
3.0,17.26153846153846,78.57820512820513,24.327281235376695,52.879270004679455,2.356303228825456,139.46607393542348,3.0,11.494618624239589,45.02105755732335,42.77674777725783,8.800336920917173,0.6482171268132897,122.54985025737014,53.327,Satisfactory,3.555133333333333,7.1493706716046,53.32699999999999
3.0,17.26153846153846,78.58846153846154,24.327281235376695,52.879270004679455,2.356303228825456,139.46607393542348,3.0,11.494618624239589,45.02105755732335,42.77674777725783,8.800336920917173,0.6482171268132897,122.54985025737014,53.327,Satisfactory,3.555133333333333,7.1493706716046,53.32699999999999
3.0,17.26153846153846,78.59871794871795,24.327281235376695,52.879270004679455,2.356303228825456,139.46607393542348,3.0,11.494618624239589,45.02105755732335,42.77674777725783,8.800336920917173,0.6482171268132897,122.54985025737014,53.327,Satisfactory,3.555133333333333,7.1493706716046,53.32699999999999
3.0,17.26153846153846,78.60897435897436,24.327281235376695,52.879270004679455,2.356303228825456,139.46607393542348,3.0,11.494618624239589,45.02105755732335,42.77674777725783,8.800336920917173,0.6482171268132897,122.54985025737014,53.327,Satisfactory,3.555133333333333,7.1493706716046,53.32699999999999
3.0,17.26153846153846,78.61923076923077,24.327281235376695,52.879270004679455,2.356303228825456,139.46607393542348,3.0,11.494618624239589,45.02105755732335,42.77674777725783,8.800336920917173,0.6482171268132897,122.54985025737014,53.327,Satisfactory,3.555133333333333,7.1493706716046,53.32699999999999
3.0,17.26153846153846,78.62948717948719,24.327281235376695,52.879270004679455,2.356303228825456,139.46607393542348,3.0,11.494618624239589,45.02105755732335,42.77674777725783,8.800336920917173,0.6482171268132897,122.54985025737014,53.327,Satisfactory,3.555133333333333,7.1493706716046,53.32699999999999
3.0,17.26153846153846,78.63974358974359,24.327281235376695,52.879270004679455,2.356303228825456,139.46607393542348,3.0,11.494618624239589,45.02105755732335,42.77674777725783,8.800336920917173,0.6482171268132897,122.54985025737014,53.327,Satisfactory,3.555133333333333,7.1493706716046,53.32699999999999
3.0,17.26153846153846,78.65,24.327281235376695,52.879270004679455,2.356303228825456,139.46607393542348,3.0,11.494618624239589,45.02105755732335,42.77674777725783,8.800336920917173,0.6482171268132897,122.54985025737014,53.327,Satisfactory,3.555133333333333,7.1493706716046,53.32699999999999
3.0,17.27179487179487,78.25,24.327281235376695,52.879270004679455,2.356303228825456,139.46607393542348,3.0,11.494618624239589,45.02105755732335,42.77674777725783,8.800336920917173,0.6482171268132897,122.54985025737014,53.894400000000005,Satisfactory,3.59296,7.390673490284902,53.8944
3.0,17.27179487179487,78.26025641025642,24.327281235376695,52.879270004679455,2.356303228825456,139.46607393542348,3.0,11.494618624239589,45.02105755732335,42.77674777725783,8.800336920917173,0.6482171268132897,122.54985025737014,53.894400000000005,Satisfactory,3.59296,7.390673490284902,53.8944
3.0,17.27179487179487,78.27051282051282,24.327281235376695,52.879270004679455,2.356303228825456,139.46607393542348,3.0,11.494618624239589,45.02105755732335,42.77674777725783,8.800336920917173,0.6482171268132897,122.54985025737014,53.894400000000005,Satisfactory,3.59296,7.390673490284902,53.8944
3.0,17.27179487179487,78.28076923076924,24.327281235376695,52.879270004679455,2.356303228825456,139.46607393542348,3.0,11.494618624239589,45.02105755732335,42.77674777725783,8.800336920917173,0.6482171268132897,122.54985025737014,53.894400000000005,Satisfactory,3.59296,7.390673490284902,53.8944
3.0,17.27179487179487,78.29102564102564,24.327281235376695,52.879270004679455,2.356303228825456,139.46607393542348,3.0,11.494618624239589,45.02105755732335,42.77674777725783,8.800336920917173,0.6482171268132897,122.54985025737014,53.894400000000005,Satisfactory,3.59296,7.390673490284902,53.8944
3.0,17.27179487179487,78.30128205128206,24.327281235376695,52.879270004679455,2.356303228825456,139.46607393542348,3.0,11.494618624239589,45.02105755732335,42.77674777725783,8.800336920917173,0.6482171268132897,122.54985025737014,53.971500000000006,Satisfactory,3.5981000000000005,7.328782214665681,53.9715
3.0,17.27179487179487,78.31153846153846,24.327281235376695,52.879270004679455,2.356303228825456,139.46607393542348,3.0,11.494618624239589,45.02105755732335,42.77674777725783,8.800336920917173,0.6482171268132897,122.54985025737014,53.971500000000006,Satisfactory,3.5981000000000005,7.328782214665681,53.9715
3.0,17.27179487179487,78.32179487179488,24.327281235376695,52.879270004679455,2.356303228825456,139.46607393542348,3.0,11.494618624239589,45.02105755732335,42.77674777725783,8.800336920917173,0.6482171268132897,122.54985025737014,53.971500000000006,Satisfactory,3.5981000000000005,7.328782214665681,53.9715
3.0,17.27179487179487,78.33205128205128,24.327281235376695,52.879270004679455,2.356303228825456,139.46607393542348,3.0,11.494618624239589,45.02105755732335,42.77674777725783,8.800336920917173,0.6482171268132897,122.54985025737014,53.971500000000006,Satisfactory,3.5981000000000005,7.328782214665681,53.9715
3.0,17.27179487179487,78.3423076923077,24.327281235376695,52.879270004679455,2.356303228825456,139.46607393542348,3.0,11.494618624239589,45.02105755732335,42.77674777725783,8.800336920917173,0.6482171268132897,122.54985025737014,53.971500000000006,Satisfactory,3.5981000000000005,7.328782214665681,53.9715
3.0,17.27179487179487,78.3525641025641,24.327281235376695,52.879270004679455,2.356303228825456,139.46607393542348,3.0,11.494618624239589,45.02105755732335,42.77674777725783,8.800336920917173,0.6482171268132897,122.54985025737014,53.971500000000006,Satisfactory,3.5981000000000005,7.328782214665681,53.9715
3.0,17.27179487179487,78.36282051282052,24.327281235376695,52.879270004679455,2.356303228825456,139.46607393542348,3.0,11.494618624239589,45.02105755732335,42.77674777725783,8.800336920917173,0.6482171268132897,122.54985025737014,53.971500000000006,Satisfactory,3.5981000000000005,7.328782214665681,53.9715
3.0,17.27179487179487,78.37307692307692,24.327281235376695,52.879270004679455,2.356303228825456,139.46607393542348,3.0,11.494618624239589,45.02105755732335,42.77674777725783,8.800336920917173,0.6482171268132897,122.54985025737014,53.971500000000006,Satisfactory,3.5981000000000005,7.328782214665681,53.9715
3.0,17.27179487179487,78.38333333333334,24.327281235376695,52.879270004679455,2.356303228825456,139.46607393542348,3.0,11.494618624239589,45.02105755732335,42.77674777725783,8.800336920917173,0.6482171268132897,122.54985025737014,53.97290000000002,Satisfactory,3.5981933333333345,7.336514880377467,53.97290000000001
3.0,17.27179487179487,78.39358974358974,24.327281235376695,52.879270004679455,2.356303228825456,139.46607393542348,3.0,11.494618624239589,45.02105755732335,42.77674777725783,8.800336920917173,0.6482171268132897,122.54985025737014,53.97290000000002,Satisfactory,3.5981933333333345,7.336514880377467,53.97290000000001
3.0,17.27179487179487,78.40384615384616,24.327281235376695,52.879270004679455,2.356303228825456,139.46607393542348,3.0,11.494618624239589,45.02105755732335,42.77674777725783,8.800336920917173,0.6482171268132897,122.54985025737014,53.97290000000002,Satisfactory,3.5981933333333345,7.336514880377467,53.97290000000001
3.0,17.27179487179487,78.41410256410256,24.327281235376695,52.879270004679455,2.356303228825456,139.46607393542348,3.0,11.494618624239589,45.02105755732335,42.77674777725783,8.800336920917173,0.6482171268132897,122.54985025737014,53.97290000000002,Satisfactory,3.5981933333333345,7.336514880377467,53.97290000000001
3.0,17.27179487179487,78.42435897435898,24.327281235376695,52.879270004679455,2.356303228825456,139.46607393542348,3.0,11.494618624239589,45.02105755732335,42.77674777725783,8.800336920917173,0.6482171268132897,122.54985025737014,53.85990000000002,Satisfactory,3.590660000000001,7.3358433046242215,53.85990000000001
3.0,17.27179487179487,78.43461538461538,24.327281235376695,52.879270004679455,2.356303228825456,139.46607393542348,3.0,11.494618624239589,45.02105755732335,42.77674777725783,8.800336920917173,0.6482171268132897,122.54985025737014,53.85990000000002,Satisfactory,3.590660000000001,7.3358433046242215,53.85990000000001
3.0,17.27179487179487,78.4448717948718,24.327281235376695,52.879270004679455,2.356303228825456,139.46607393542348,3.0,11.494618624239589,45.02105755732335,42.77674777725783,8.800336920917173,0.6482171268132897,122.54985025737014,53.85990000000002,Satisfactory,3.590660000000001,7.3358433046242215,53.85990000000001
3.0,17.27179487179487,78.4551282051282,24.327281235376695,52.879270004679455,2.356303228825456,139.46607393542348,3.0,11.494618624239589,45.02105755732335,42.77674777725783,8.800336920917173,0.6482171268132897,122.54985025737014,53.85610000000001,Satisfactory,3.5904066666666674,7.34072924102231,53.856100000000005
3.0,17.27179487179487,78.46538461538462,24.327281235376695,52.879270004679455,2.356303228825456,139.46607393542348,3.0,11.494618624239589,45.02105755732335,42.77674777725783,8.800336920917173,0.6482171268132897,122.54985025737014,53.85610000000001,Satisfactory,3.5904066666666674,7.34072924102231,53.856100000000005
3.0,17.27179487179487,78.47564102564102,24.327281235376695,52.879270004679455,2.356303228825456,139.46607393542348,3.0,11.494618624239589,45.02105755732335,42.77674777725783,8.800336920917173,0.6482171268132897,122.54985025737014,53.85610000000001,Satisfactory,3.5904066666666674,7.34072924102231,53.856100000000005
3.0,17.27179487179487,78.48589743589744,24.327281235376695,52.879270004679455,2.356303228825456,139.46607393542348,3.0,11.494618624239589,45.02105755732335,42.77674777725783,8.800336920917173,0.6482171268132897,122.54985025737014,53.85610000000001,Satisfactory,3.5904066666666674,7.34072924102231,53.856100000000005
3.0,17.27179487179487,78.49615384615385,24.327281235376695,52.879270004679455,2.356303228825456,139.46607393542348,3.0,11.494618624239589,45.02105755732335,42.77674777725783,8.800336920917173,0.6482171268132897,122.54985025737014,53.85610000000001,Satisfactory,3.5904066666666674,7.34072924102231,53.856100000000005
3.0,17.27179487179487,78.50641025641026,24.327281235376695,52.879270004679455,2.356303228825456,139.46607393542348,3.0,11.494618624239589,45.02105755732335,42.77674777725783,8.800336920917173,0.6482171268132897,122.54985025737014,53.85610000000001,Satisfactory,3.5904066666666674,7.34072924102231,53.856100000000005
3.0,17.27179487179487,78.51666666666667,24.327281235376695,52.879270004679455,2.356303228825456,139.46607393542348,3.0,11.494618624239589,45.02105755732335,42.77674777725783,8.800336920917173,0.6482171268132897,122.54985025737014,53.85610000000001,Satisfactory,3.5904066666666674,7.34072924102231,53.856100000000005
3.0,17.27179487179487,78.52692307692308,24.327281235376695,52.879270004679455,2.356303228825456,139.46607393542348,3.0,11.494618624239589,45.02105755732335,42.77674777725783,8.800336920917173,0.6482171268132897,122.54985025737014,53.59780000000001,Satisfactory,3.573186666666667,7.023638740709832,53.597799999999985
3.0,17.27179487179487,78.53717948717949,24.327281235376695,52.879270004679455,2.356303228825456,139.46607393542348,3.0,11.494618624239589,45.02105755732335,42.77674777725783,8.800336920917173,0.6482171268132897,122.54985025737014,53.59780000000001,Satisfactory,3.573186666666667,7.023638740709832,53.597799999999985
3.0,17.27179487179487,78.5474358974359,24.327281235376695,52.879270004679455,2.356303228825456,139.46607393542348,3.0,11.494618624239589,45.02105755732335,42.77674777725783,8.800336920917173,0.6482171268132897,122.54985025737014,53.327,Satisfactory,3.555133333333333,7.1493706716046,53.32699999999999
3.0,17.27179487179487,78.5576923076923,24.327281235376695,52.879270004679455,2.356303228825456,139.46607393542348,3.0,11.494618624239589,45.02105755732335,42.77674777725783,8.800336920917173,0.6482171268132897,122.54985025737014,53.327,Satisfactory,3.555133333333333,7.1493706716046,53.32699999999999
3.0,17.27179487179487,78.56794871794872,24.327281235376695,52.879270004679455,2.356303228825456,139.46607393542348,3.0,11.494618624239589,45.02105755732335,42.77674777725783,8.800336920917173,0.6482171268132897,122.54985025737014,53.327,Satisfactory,3.555133333333333,7.1493706716046,53.32699999999999
3.0,17.27179487179487,78.57820512820513,24.327281235376695,52.879270004679455,2.356303228825456,139.46607393542348,3.0,11.494618624239589,45.02105755732335,42.77674777725783,8.800336920917173,0.6482171268132897,122.54985025737014,53.327,Satisfactory,3.555133333333333,7.1493706716046,53.32699999999999
3.0,17.27179487179487,78.58846153846154,24.327281235376695,52.879270004679455,2.356303228825456,139.46607393542348,3.0,11.494618624239589,45.02105755732335,42.77674777725783,8.800336920917173,0.6482171268132897,122.54985025737014,53.327,Satisfactory,3.555133333333333,7.1493706716046,53.32699999999999
3.0,17.27179487179487,78.59871794871795,24.327281235376695,52.879270004679455,2.356303228825456,139.46607393542348,3.0,11.494618624239589,45.02105755732335,42.77674777725783,8.800336920917173,0.6482171268132897,122.54985025737014,53.327,Satisfactory,3.555133333333333,7.1493706716046,53.32699999999999
3.0,17.27179487179487,78.60897435897436,24.327281235376695,52.879270004679455,2.356303228825456,139.46607393542348,3.0,11.494618624239589,45.02105755732335,42.77674777725783,8.800336920917173,0.6482171268132897,122.54985025737014,53.327,Satisfactory,3.555133333333333,7.1493706716046,53.32699999999999
3.0,17.27179487179487,78.61923076923077,24.327281235376695,52.879270004679455,2.356303228825456,139.46607393542348,3.0,11.494618624239589,45.02105755732335,42.77674777725783,8.800336920917173,0.6482171268132897,122.54985025737014,53.327,Satisfactory,3.555133333333333,7.1493706716046,53.32699999999999
3.0,17.27179487179487,78.62948717948719,24.327281235376695,52.879270004679455,2.356303228825456,139.46607393542348,3.0,11.494618624239589,45.02105755732335,42.77674777725783,8.800336920917173,0.6482171268132897,122.54985025737014,53.327,Satisfactory,3.555133333333333,7.1493706716046,53.32699999999999
3.0,17.27179487179487,78.63974358974359,24.327281235376695,52.879270004679455,2.356303228825456,139.46607393542348,3.0,11.494618624239589,45.02105755732335,42.77674777725783,8.800336920917173,0.6482171268132897,122.54985025737014,53.327,Satisfactory,3.555133333333333,7.1493706716046,53.32699999999999
3.0,17.27179487179487,78.65,24.327281235376695,52.879270004679455,2.356303228825456,139.46607393542348,3.0,11.494618624239589,45.02105755732335,42.77674777725783,8.800336920917173,0.6482171268132897,122.54985025737014,53.327,Satisfactory,3.555133333333333,7.1493706716046,53.32699999999999
3.0,17.28205128205128,78.25,24.327281235376695,52.879270004679455,2.356303228825456,139.46607393542348,3.0,11.494618624239589,45.02105755732335,42.77674777725783,8.800336920917173,0.6482171268132897,122.54985025737014,53.894400000000005,Satisfactory,3.59296,7.390673490284902,53.8944
3.0,17.28205128205128,78.26025641025642,24.327281235376695,52.879270004679455,2.356303228825456,139.46607393542348,3.0,11.494618624239589,45.02105755732335,42.77674777725783,8.800336920917173,0.6482171268132897,122.54985025737014,53.894400000000005,Satisfactory,3.59296,7.390673490284902,53.8944
3.0,17.28205128205128,78.27051282051282,24.327281235376695,52.879270004679455,2.356303228825456,139.46607393542348,3.0,11.494618624239589,45.02105755732335,42.77674777725783,8.800336920917173,0.6482171268132897,122.54985025737014,53.894400000000005,Satisfactory,3.59296,7.390673490284902,53.8944
3.0,17.28205128205128,78.28076923076924,24.327281235376695,52.879270004679455,2.356303228825456,139.46607393542348,3.0,11.494618624239589,45.02105755732335,42.77674777725783,8.800336920917173,0.6482171268132897,122.54985025737014,53.894400000000005,Satisfactory,3.59296,7.390673490284902,53.8944
3.0,17.28205128205128,78.29102564102564,24.327281235376695,52.879270004679455,2.356303228825456,139.46607393542348,3.0,11.494618624239589,45.02105755732335,42.77674777725783,8.800336920917173,0.6482171268132897,122.54985025737014,53.894400000000005,Satisfactory,3.59296,7.390673490284902,53.8944
3.0,17.28205128205128,78.30128205128206,24.327281235376695,52.879270004679455,2.356303228825456,139.46607393542348,3.0,11.494618624239589,45.02105755732335,42.77674777725783,8.800336920917173,0.6482171268132897,122.54985025737014,53.971500000000006,Satisfactory,3.5981000000000005,7.328782214665681,53.9715
3.0,17.28205128205128,78.31153846153846,24.327281235376695,52.879270004679455,2.356303228825456,139.46607393542348,3.0,11.494618624239589,45.02105755732335,42.77674777725783,8.800336920917173,0.6482171268132897,122.54985025737014,53.971500000000006,Satisfactory,3.5981000000000005,7.328782214665681,53.9715
3.0,17.28205128205128,78.32179487179488,24.327281235376695,52.879270004679455,2.356303228825456,139.46607393542348,3.0,11.494618624239589,45.02105755732335,42.77674777725783,8.800336920917173,0.6482171268132897,122.54985025737014,53.971500000000006,Satisfactory,3.5981000000000005,7.328782214665681,53.9715
3.0,17.28205128205128,78.33205128205128,24.327281235376695,52.879270004679455,2.356303228825456,139.46607393542348,3.0,11.494618624239589,45.02105755732335,42.77674777725783,8.800336920917173,0.6482171268132897,122.54985025737014,53.971500000000006,Satisfactory,3.5981000000000005,7.328782214665681,53.9715
3.0,17.28205128205128,78.3423076923077,24.327281235376695,52.879270004679455,2.356303228825456,139.46607393542348,3.0,11.494618624239589,45.02105755732335,42.77674777725783,8.800336920917173,0.6482171268132897,122.54985025737014,53.971500000000006,Satisfactory,3.5981000000000005,7.328782214665681,53.9715
3.0,17.28205128205128,78.3525641025641,24.327281235376695,52.879270004679455,2.356303228825456,139.46607393542348,3.0,11.494618624239589,45.02105755732335,42.77674777725783,8.800336920917173,0.6482171268132897,122.54985025737014,53.971500000000006,Satisfactory,3.5981000000000005,7.328782214665681,53.9715
3.0,17.28205128205128,78.36282051282052,24.327281235376695,52.879270004679455,2.356303228825456,139.46607393542348,3.0,11.494618624239589,45.02105755732335,42.77674777725783,8.800336920917173,0.6482171268132897,122.54985025737014,53.971500000000006,Satisfactory,3.5981000000000005,7.328782214665681,53.9715
3.0,17.28205128205128,78.37307692307692,24.327281235376695,52.879270004679455,2.356303228825456,139.46607393542348,3.0,11.494618624239589,45.02105755732335,42.77674777725783,8.800336920917173,0.6482171268132897,122.54985025737014,53.971500000000006,Satisfactory,3.5981000000000005,7.328782214665681,53.9715
3.0,17.28205128205128,78.38333333333334,24.327281235376695,52.879270004679455,2.356303228825456,139.46607393542348,3.0,11.494618624239589,45.02105755732335,42.77674777725783,8.800336920917173,0.6482171268132897,122.54985025737014,53.97290000000002,Satisfactory,3.5981933333333345,7.336514880377467,53.97290000000001
3.0,17.28205128205128,78.39358974358974,24.327281235376695,52.879270004679455,2.356303228825456,139.46607393542348,3.0,11.494618624239589,45.02105755732335,42.77674777725783,8.800336920917173,0.6482171268132897,122.54985025737014,53.97290000000002,Satisfactory,3.5981933333333345,7.336514880377467,53.97290000000001
3.0,17.28205128205128,78.40384615384616,24.327281235376695,52.879270004679455,2.356303228825456,139.46607393542348,3.0,11.494618624239589,45.02105755732335,42.77674777725783,8.800336920917173,0.6482171268132897,122.54985025737014,53.97290000000002,Satisfactory,3.5981933333333345,7.336514880377467,53.97290000000001
3.0,17.28205128205128,78.41410256410256,24.327281235376695,52.879270004679455,2.356303228825456,139.46607393542348,3.0,11.494618624239589,45.02105755732335,42.77674777725783,8.800336920917173,0.6482171268132897,122.54985025737014,53.97290000000002,Satisfactory,3.5981933333333345,7.336514880377467,53.97290000000001
3.0,17.28205128205128,78.42435897435898,24.327281235376695,52.879270004679455,2.356303228825456,139.46607393542348,3.0,11.494618624239589,45.02105755732335,42.77674777725783,8.800336920917173,0.6482171268132897,122.54985025737014,53.85990000000002,Satisfactory,3.590660000000001,7.3358433046242215,53.85990000000001
3.0,17.28205128205128,78.43461538461538,24.327281235376695,52.879270004679455,2.356303228825456,139.46607393542348,3.0,11.494618624239589,45.02105755732335,42.77674777725783,8.800336920917173,0.6482171268132897,122.54985025737014,53.85990000000002,Satisfactory,3.590660000000001,7.3358433046242215,53.85990000000001
3.0,17.28205128205128,78.4448717948718,24.327281235376695,52.879270004679455,2.356303228825456,139.46607393542348,3.0,11.494618624239589,45.02105755732335,42.77674777725783,8.800336920917173,0.6482171268132897,122.54985025737014,53.85990000000002,Satisfactory,3.590660000000001,7.3358433046242215,53.85990000000001
3.0,17.28205128205128,78.4551282051282,24.327281235376695,52.879270004679455,2.356303228825456,139.46607393542348,3.0,11.494618624239589,45.02105755732335,42.77674777725783,8.800336920917173,0.6482171268132897,122.54985025737014,53.85610000000001,Satisfactory,3.5904066666666674,7.34072924102231,53.856100000000005
3.0,17.28205128205128,78.46538461538462,24.327281235376695,52.879270004679455,2.356303228825456,139.46607393542348,3.0,11.494618624239589,45.02105755732335,42.77674777725783,8.800336920917173,0.6482171268132897,122.54985025737014,53.85610000000001,Satisfactory,3.5904066666666674,7.34072924102231,53.856100000000005
3.0,17.28205128205128,78.47564102564102,24.327281235376695,52.879270004679455,2.356303228825456,139.46607393542348,3.0,11.494618624239589,45.02105755732335,42.77674777725783,8.800336920917173,0.6482171268132897,122.54985025737014,53.85610000000001,Satisfactory,3.5904066666666674,7.34072924102231,53.856100000000005
3.0,17.28205128205128,78.48589743589744,24.327281235376695,52.879270004679455,2.356303228825456,139.46607393542348,3.0,11.494618624239589,45.02105755732335,42.77674777725783,8.800336920917173,0.6482171268132897,122.54985025737014,53.85610000000001,Satisfactory,3.5904066666666674,7.34072924102231,53.856100000000005
3.0,17.28205128205128,78.49615384615385,24.327281235376695,52.879270004679455,2.356303228825456,139.46607393542348,3.0,11.494618624239589,45.02105755732335,42.77674777725783,8.800336920917173,0.6482171268132897,122.54985025737014,53.85610000000001,Satisfactory,3.5904066666666674,7.34072924102231,53.856100000000005
3.0,17.28205128205128,78.50641025641026,24.327281235376695,52.879270004679455,2.356303228825456,139.46607393542348,3.0,11.494618624239589,45.02105755732335,42.77674777725783,8.800336920917173,0.6482171268132897,122.54985025737014,53.85610000000001,Satisfactory,3.5904066666666674,7.34072924102231,53.856100000000005
3.0,17.28205128205128,78.51666666666667,24.327281235376695,52.879270004679455,2.356303228825456,139.46607393542348,3.0,11.494618624239589,45.02105755732335,42.77674777725783,8.800336920917173,0.6482171268132897,122.54985025737014,53.85610000000001,Satisfactory,3.5904066666666674,7.34072924102231,53.856100000000005
3.0,17.28205128205128,78.52692307692308,24.327281235376695,52.879270004679455,2.356303228825456,139.46607393542348,3.0,11.494618624239589,45.02105755732335,42.77674777725783,8.800336920917173,0.6482171268132897,122.54985025737014,53.59780000000001,Satisfactory,3.573186666666667,7.023638740709832,53.597799999999985
3.0,17.28205128205128,78.53717948717949,24.327281235376695,52.879270004679455,2.356303228825456,139.46607393542348,3.0,11.494618624239589,45.02105755732335,42.77674777725783,8.800336920917173,0.6482171268132897,122.54985025737014,53.59780000000001,Satisfactory,3.573186666666667,7.023638740709832,53.597799999999985
3.0,17.28205128205128,78.5474358974359,24.327281235376695,52.879270004679455,2.356303228825456,139.46607393542348,3.0,11.494618624239589,45.02105755732335,42.77674777725783,8.800336920917173,0.6482171268132897,122.54985025737014,53.327,Satisfactory,3.555133333333333,7.1493706716046,53.32699999999999
3.0,17.28205128205128,78.5576923076923,24.327281235376695,52.879270004679455,2.356303228825456,139.46607393542348,3.0,11.494618624239589,45.02105755732335,42.77674777725783,8.800336920917173,0.6482171268132897,122.54985025737014,53.327,Satisfactory,3.555133333333333,7.1493706716046,53.32699999999999
3.0,17.28205128205128,78.56794871794872,24.327281235376695,52.879270004679455,2.356303228825456,139.46607393542348,3.0,11.494618624239589,45.02105755732335,42.77674777725783,8.800336920917173,0.6482171268132897,122.54985025737014,53.327,Satisfactory,3.555133333333333,7.1493706716046,53.32699999999999
3.0,17.28205128205128,78.57820512820513,24.327281235376695,52.879270004679455,2.356303228825456,139.46607393542348,3.0,11.494618624239589,45.02105755732335,42.77674777725783,8.800336920917173,0.6482171268132897,122.54985025737014,53.327,Satisfactory,3.555133333333333,7.1493706716046,53.32699999999999
3.0,17.28205128205128,78.58846153846154,24.327281235376695,52.879270004679455,2.356303228825456,139.46607393542348,3.0,11.494618624239589,45.02105755732335,42.77674777725783,8.800336920917173,0.6482171268132897,122.54985025737014,53.327,Satisfactory,3.555133333333333,7.1493706716046,53.32699999999999
3.0,17.28205128205128,78.59871794871795,24.327281235376695,52.879270004679455,2.356303228825456,139.46607393542348,3.0,11.494618624239589,45.02105755732335,42.77674777725783,8.800336920917173,0.6482171268132897,122.54985025737014,53.327,Satisfactory,3.555133333333333,7.1493706716046,53.32699999999999
3.0,17.28205128205128,78.60897435897436,24.327281235376695,52.879270004679455,2.356303228825456,139.46607393542348,3.0,11.494618624239589,45.02105755732335,42.77674777725783,8.800336920917173,0.6482171268132897,122.54985025737014,53.327,Satisfactory,3.555133333333333,7.1493706716046,53.32699999999999
3.0,17.28205128205128,78.61923076923077,24.327281235376695,52.879270004679455,2.356303228825456,139.46607393542348,3.0,11.494618624239589,45.02105755732335,42.77674777725783,8.800336920917173,0.6482171268132897,122.54985025737014,53.327,Satisfactory,3.555133333333333,7.1493706716046,53.32699999999999
3.0,17.28205128205128,78.62948717948719,24.327281235376695,52.879270004679455,2.356303228825456,139.46607393542348,3.0,11.494618624239589,45.02105755732335,42.77674777725783,8.800336920917173,0.6482171268132897,122.54985025737014,53.327,Satisfactory,3.555133333333333,7.1493706716046,53.32699999999999
3.0,17.28205128205128,78.63974358974359,24.327281235376695,52.879270004679455,2.356303228825456,139.46607393542348,3.0,11.494618624239589,45.02105755732335,42.77674777725783,8.800336920917173,0.6482171268132897,122.54985025737014,53.327,Satisfactory,3.555133333333333,7.1493706716046,53.32699999999999
3.0,17.28205128205128,78.65,24.327281235376695,52.879270004679455,2.356303228825456,139.46607393542348,3.0,11.494618624239589,45.02105755732335,42.77674777725783,8.800336920917173,0.6482171268132897,122.54985025737014,53.327,Satisfactory,3.555133333333333,7.1493706716046,53.32699999999999
3.0,17.29230769230769,78.25,24.327281235376695,52.879270004679455,2.356303228825456,139.46607393542348,3.0,11.494618624239589,45.02105755732335,42.77674777725783,8.800336920917173,0.6482171268132897,122.54985025737014,53.786800000000014,Satisfactory,3.585786666666668,7.372871201913134,53.786800000000014
3.0,17.29230769230769,78.26025641025642,24.327281235376695,52.879270004679455,2.356303228825456,139.46607393542348,3.0,11.494618624239589,45.02105755732335,42.77674777725783,8.800336920917173,0.6482171268132897,122.54985025737014,53.786800000000014,Satisfactory,3.585786666666668,7.372871201913134,53.786800000000014
3.0,17.29230769230769,78.27051282051282,24.327281235376695,52.879270004679455,2.356303228825456,139.46607393542348,3.0,11.494618624239589,45.02105755732335,42.77674777725783,8.800336920917173,0.6482171268132897,122.54985025737014,53.786800000000014,Satisfactory,3.585786666666668,7.372871201913134,53.786800000000014
3.0,17.29230769230769,78.28076923076924,24.327281235376695,52.879270004679455,2.356303228825456,139.46607393542348,3.0,11.494618624239589,45.02105755732335,42.77674777725783,8.800336920917173,0.6482171268132897,122.54985025737014,53.786800000000014,Satisfactory,3.585786666666668,7.372871201913134,53.786800000000014
3.0,17.29230769230769,78.29102564102564,24.327281235376695,52.879270004679455,2.356303228825456,139.46607393542348,3.0,11.494618624239589,45.02105755732335,42.77674777725783,8.800336920917173,0.6482171268132897,122.54985025737014,53.786800000000014,Satisfactory,3.585786666666668,7.372871201913134,53.786800000000014
3.0,17.29230769230769,78.30128205128206,24.327281235376695,52.879270004679455,2.356303228825456,139.46607393542348,3.0,11.494618624239589,45.02105755732335,42.77674777725783,8.800336920917173,0.6482171268132897,122.54985025737014,53.863900000000015,Satisfactory,3.5909266666666677,7.311963880518013,53.863900000000015
3.0,17.29230769230769,78.31153846153846,24.327281235376695,52.879270004679455,2.356303228825456,139.46607393542348,3.0,11.494618624239589,45.02105755732335,42.77674777725783,8.800336920917173,0.6482171268132897,122.54985025737014,53.863900000000015,Satisfactory,3.5909266666666677,7.311963880518013,53.863900000000015
3.0,17.29230769230769,78.32179487179488,24.327281235376695,52.879270004679455,2.356303228825456,139.46607393542348,3.0,11.494618624239589,45.02105755732335,42.77674777725783,8.800336920917173,0.6482171268132897,122.54985025737014,53.863900000000015,Satisfactory,3.5909266666666677,7.311963880518013,53.863900000000015
3.0,17.29230769230769,78.33205128205128,24.327281235376695,52.879270004679455,2.356303228825456,139.46607393542348,3.0,11.494618624239589,45.02105755732335,42.77674777725783,8.800336920917173,0.6482171268132897,122.54985025737014,53.863900000000015,Satisfactory,3.5909266666666677,7.311963880518013,53.863900000000015
3.0,17.29230769230769,78.3423076923077,24.327281235376695,52.879270004679455,2.356303228825456,139.46607393542348,3.0,11.494618624239589,45.02105755732335,42.77674777725783,8.800336920917173,0.6482171268132897,122.54985025737014,53.863900000000015,Satisfactory,3.5909266666666677,7.311963880518013,53.863900000000015
3.0,17.29230769230769,78.3525641025641,24.327281235376695,52.879270004679455,2.356303228825456,139.46607393542348,3.0,11.494618624239589,45.02105755732335,42.77674777725783,8.800336920917173,0.6482171268132897,122.54985025737014,53.863900000000015,Satisfactory,3.5909266666666677,7.311963880518013,53.863900000000015
3.0,17.29230769230769,78.36282051282052,24.327281235376695,52.879270004679455,2.356303228825456,139.46607393542348,3.0,11.494618624239589,45.02105755732335,42.77674777725783,8.800336920917173,0.6482171268132897,122.54985025737014,53.863900000000015,Satisfactory,3.5909266666666677,7.311963880518013,53.863900000000015
3.0,17.29230769230769,78.37307692307692,24.327281235376695,52.879270004679455,2.356303228825456,139.46607393542348,3.0,11.494618624239589,45.02105755732335,42.77674777725783,8.800336920917173,0.6482171268132897,122.54985025737014,53.863900000000015,Satisfactory,3.5909266666666677,7.311963880518013,53.863900000000015
3.0,17.29230769230769,78.38333333333334,24.327281235376695,52.879270004679455,2.356303228825456,139.46607393542348,3.0,11.494618624239589,45.02105755732335,42.77674777725783,8.800336920917173,0.6482171268132897,122.54985025737014,53.865300000000026,Satisfactory,3.5910200000000017,7.319734893423396,53.86530000000002
3.0,17.29230769230769,78.39358974358974,24.327281235376695,52.879270004679455,2.356303228825456,139.46607393542348,3.0,11.494618624239589,45.02105755732335,42.77674777725783,8.800336920917173,0.6482171268132897,122.54985025737014,53.865300000000026,Satisfactory,3.5910200000000017,7.319734893423396,53.86530000000002
3.0,17.29230769230769,78.40384615384616,24.327281235376695,52.879270004679455,2.356303228825456,139.46607393542348,3.0,11.494618624239589,45.02105755732335,42.77674777725783,8.800336920917173,0.6482171268132897,122.54985025737014,53.865300000000026,Satisfactory,3.5910200000000017,7.319734893423396,53.86530000000002
3.0,17.29230769230769,78.41410256410256,24.327281235376695,52.879270004679455,2.356303228825456,139.46607393542348,3.0,11.494618624239589,45.02105755732335,42.77674777725783,8.800336920917173,0.6482171268132897,122.54985025737014,53.865300000000026,Satisfactory,3.5910200000000017,7.319734893423396,53.86530000000002
3.0,17.29230769230769,78.42435897435898,24.327281235376695,52.879270004679455,2.356303228825456,139.46607393542348,3.0,11.494618624239589,45.02105755732335,42.77674777725783,8.800336920917173,0.6482171268132897,122.54985025737014,53.785600000000024,Satisfactory,3.585706666666668,7.30011442650045,53.78560000000002
3.0,17.29230769230769,78.43461538461538,24.327281235376695,52.879270004679455,2.356303228825456,139.46607393542348,3.0,11.494618624239589,45.02105755732335,42.77674777725783,8.800336920917173,0.6482171268132897,122.54985025737014,53.785600000000024,Satisfactory,3.585706666666668,7.30011442650045,53.78560000000002
3.0,17.29230769230769,78.4448717948718,24.327281235376695,52.879270004679455,2.356303228825456,139.46607393542348,3.0,11.494618624239589,45.02105755732335,42.77674777725783,8.800336920917173,0.6482171268132897,122.54985025737014,53.785600000000024,Satisfactory,3.585706666666668,7.30011442650045,53.78560000000002
3.0,17.29230769230769,78.4551282051282,24.327281235376695,52.879270004679455,2.356303228825456,139.46607393542348,3.0,11.494618624239589,45.02105755732335,42.77674777725783,8.800336920917173,0.6482171268132897,122.54985025737014,53.78180000000002,Satisfactory,3.5854533333333345,7.304985609842088,53.78180000000001
3.0,17.29230769230769,78.46538461538462,24.327281235376695,52.879270004679455,2.356303228825456,139.46607393542348,3.0,11.494618624239589,45.02105755732335,42.77674777725783,8.800336920917173,0.6482171268132897,122.54985025737014,53.78180000000002,Satisfactory,3.5854533333333345,7.304985609842088,53.78180000000001
3.0,17.29230769230769,78.47564102564102,24.327281235376695,52.879270004679455,2.356303228825456,139.46607393542348,3.0,11.494618624239589,45.02105755732335,42.77674777725783,8.800336920917173,0.6482171268132897,122.54985025737014,53.78180000000002,Satisfactory,3.5854533333333345,7.304985609842088,53.78180000000001
3.0,17.29230769230769,78.48589743589744,24.327281235376695,52.879270004679455,2.356303228825456,139.46607393542348,3.0,11.494618624239589,45.02105755732335,42.77674777725783,8.800336920917173,0.6482171268132897,122.54985025737014,53.78180000000002,Satisfactory,3.5854533333333345,7.304985609842088,53.78180000000001
3.0,17.29230769230769,78.49615384615385,24.327281235376695,52.879270004679455,2.356303228825456,139.46607393542348,3.0,11.494618624239589,45.02105755732335,42.77674777725783,8.800336920917173,0.6482171268132897,122.54985025737014,53.78180000000002,Satisfactory,3.5854533333333345,7.304985609842088,53.78180000000001
3.0,17.29230769230769,78.50641025641026,24.327281235376695,52.879270004679455,2.356303228825456,139.46607393542348,3.0,11.494618624239589,45.02105755732335,42.77674777725783,8.800336920917173,0.6482171268132897,122.54985025737014,53.78180000000002,Satisfactory,3.5854533333333345,7.304985609842088,53.78180000000001
3.0,17.29230769230769,78.51666666666667,24.327281235376695,52.879270004679455,2.356303228825456,139.46607393542348,3.0,11.494618624239589,45.02105755732335,42.77674777725783,8.800336920917173,0.6482171268132897,122.54985025737014,53.78180000000002,Satisfactory,3.5854533333333345,7.304985609842088,53.78180000000001
3.0,17.29230769230769,78.52692307692308,24.327281235376695,52.879270004679455,2.356303228825456,139.46607393542348,3.0,11.494618624239589,45.02105755732335,42.77674777725783,8.800336920917173,0.6482171268132897,122.54985025737014,53.52350000000001,Satisfactory,3.568233333333334,6.983525381209694,53.523500000000006
3.0,17.29230769230769,78.53717948717949,24.327281235376695,52.879270004679455,2.356303228825456,139.46607393542348,3.0,11.494618624239589,45.02105755732335,42.77674777725783,8.800336920917173,0.6482171268132897,122.54985025737014,53.52350000000001,Satisfactory,3.568233333333334,6.983525381209694,53.523500000000006
3.0,17.29230769230769,78.5474358974359,24.327281235376695,52.879270004679455,2.356303228825456,139.46607393542348,3.0,11.494618624239589,45.02105755732335,42.77674777725783,8.800336920917173,0.6482171268132897,122.54985025737014,53.252700000000004,Satisfactory,3.55018,7.107136252387456,53.252700000000004
3.0,17.29230769230769,78.5576923076923,24.327281235376695,52.879270004679455,2.356303228825456,139.46607393542348,3.0,11.494618624239589,45.02105755732335,42.77674777725783,8.800336920917173,0.6482171268132897,122.54985025737014,53.252700000000004,Satisfactory,3.55018,7.107136252387456,53.252700000000004
3.0,17.29230769230769,78.56794871794872,24.327281235376695,52.879270004679455,2.356303228825456,139.46607393542348,3.0,11.494618624239589,45.02105755732335,42.77674777725783,8.800336920917173,0.6482171268132897,122.54985025737014,53.252700000000004,Satisfactory,3.55018,7.107136252387456,53.252700000000004
3.0,17.29230769230769,78.57820512820513,24.327281235376695,52.879270004679455,2.356303228825456,139.46607393542348,3.0,11.494618624239589,45.02105755732335,42.77674777725783,8.800336920917173,0.6482171268132897,122.54985025737014,53.252700000000004,Satisfactory,3.55018,7.107136252387456,53.252700000000004
3.0,17.29230769230769,78.58846153846154,24.327281235376695,52.879270004679455,2.356303228825456,139.46607393542348,3.0,11.494618624239589,45.02105755732335,42.77674777725783,8.800336920917173,0.6482171268132897,122.54985025737014,53.252700000000004,Satisfactory,3.55018,7.107136252387456,53.252700000000004
3.0,17.29230769230769,78.59871794871795,24.327281235376695,52.879270004679455,2.356303228825456,139.46607393542348,3.0,11.494618624239589,45.02105755732335,42.77674777725783,8.800336920917173,0.6482171268132897,122.54985025737014,53.252700000000004,Satisfactory,3.55018,7.107136252387456,53.252700000000004
3.0,17.29230769230769,78.60897435897436,24.327281235376695,52.879270004679455,2.356303228825456,139.46607393542348,3.0,11.494618624239589,45.02105755732335,42.77674777725783,8.800336920917173,0.6482171268132897,122.54985025737014,53.252700000000004,Satisfactory,3.55018,7.107136252387456,53.252700000000004
3.0,17.29230769230769,78.61923076923077,24.327281235376695,52.879270004679455,2.356303228825456,139.46607393542348,3.0,11.494618624239589,45.02105755732335,42.77674777725783,8.800336920917173,0.6482171268132897,122.54985025737014,53.252700000000004,Satisfactory,3.55018,7.107136252387456,53.252700000000004
3.0,17.29230769230769,78.62948717948719,24.327281235376695,52.879270004679455,2.356303228825456,139.46607393542348,3.0,11.494618624239589,45.02105755732335,42.77674777725783,8.800336920917173,0.6482171268132897,122.54985025737014,53.252700000000004,Satisfactory,3.55018,7.107136252387456,53.252700000000004
3.0,17.29230769230769,78.63974358974359,24.327281235376695,52.879270004679455,2.356303228825456,139.46607393542348,3.0,11.494618624239589,45.02105755732335,42.77674777725783,8.800336920917173,0.6482171268132897,122.54985025737014,53.252700000000004,Satisfactory,3.55018,7.107136252387456,53.252700000000004
3.0,17.29230769230769,78.65,24.327281235376695,52.879270004679455,2.356303228825456,139.46607393542348,3.0,11.494618624239589,45.02105755732335,42.77674777725783,8.800336920917173,0.6482171268132897,122.54985025737014,53.252700000000004,Satisfactory,3.55018,7.107136252387456,53.252700000000004
3.0,17.3025641025641,78.25,24.327281235376695,52.879270004679455,2.356303228825456,139.46607393542348,3.0,11.494618624239589,45.02105755732335,42.77674777725783,8.800336920917173,0.6482171268132897,122.54985025737014,53.786800000000014,Satisfactory,3.585786666666668,7.372871201913134,53.786800000000014
3.0,17.3025641025641,78.26025641025642,24.327281235376695,52.879270004679455,2.356303228825456,139.46607393542348,3.0,11.494618624239589,45.02105755732335,42.77674777725783,8.800336920917173,0.6482171268132897,122.54985025737014,53.786800000000014,Satisfactory,3.585786666666668,7.372871201913134,53.786800000000014
3.0,17.3025641025641,78.27051282051282,24.327281235376695,52.879270004679455,2.356303228825456,139.46607393542348,3.0,11.494618624239589,45.02105755732335,42.77674777725783,8.800336920917173,0.6482171268132897,122.54985025737014,53.786800000000014,Satisfactory,3.585786666666668,7.372871201913134,53.786800000000014
3.0,17.3025641025641,78.28076923076924,24.327281235376695,52.879270004679455,2.356303228825456,139.46607393542348,3.0,11.494618624239589,45.02105755732335,42.77674777725783,8.800336920917173,0.6482171268132897,122.54985025737014,53.786800000000014,Satisfactory,3.585786666666668,7.372871201913134,53.786800000000014
3.0,17.3025641025641,78.29102564102564,24.327281235376695,52.879270004679455,2.356303228825456,139.46607393542348,3.0,11.494618624239589,45.02105755732335,42.77674777725783,8.800336920917173,0.6482171268132897,122.54985025737014,53.786800000000014,Satisfactory,3.585786666666668,7.372871201913134,53.786800000000014
3.0,17.3025641025641,78.30128205128206,24.327281235376695,52.879270004679455,2.356303228825456,139.46607393542348,3.0,11.494618624239589,45.02105755732335,42.77674777725783,8.800336920917173,0.6482171268132897,122.54985025737014,53.863900000000015,Satisfactory,3.5909266666666677,7.311963880518013,53.863900000000015
3.0,17.3025641025641,78.31153846153846,24.327281235376695,52.879270004679455,2.356303228825456,139.46607393542348,3.0,11.494618624239589,45.02105755732335,42.77674777725783,8.800336920917173,0.6482171268132897,122.54985025737014,53.863900000000015,Satisfactory,3.5909266666666677,7.311963880518013,53.863900000000015
3.0,17.3025641025641,78.32179487179488,24.327281235376695,52.879270004679455,2.356303228825456,139.46607393542348,3.0,11.494618624239589,45.02105755732335,42.77674777725783,8.800336920917173,0.6482171268132897,122.54985025737014,53.863900000000015,Satisfactory,3.5909266666666677,7.311963880518013,53.863900000000015
3.0,17.3025641025641,78.33205128205128,24.327281235376695,52.879270004679455,2.356303228825456,139.46607393542348,3.0,11.494618624239589,45.02105755732335,42.77674777725783,8.800336920917173,0.6482171268132897,122.54985025737014,53.863900000000015,Satisfactory,3.5909266666666677,7.311963880518013,53.863900000000015
3.0,17.3025641025641,78.3423076923077,24.327281235376695,52.879270004679455,2.356303228825456,139.46607393542348,3.0,11.494618624239589,45.02105755732335,42.77674777725783,8.800336920917173,0.6482171268132897,122.54985025737014,53.863900000000015,Satisfactory,3.5909266666666677,7.311963880518013,53.863900000000015
3.0,17.3025641025641,78.3525641025641,24.327281235376695,52.879270004679455,2.356303228825456,139.46607393542348,3.0,11.494618624239589,45.02105755732335,42.77674777725783,8.800336920917173,0.6482171268132897,122.54985025737014,53.863900000000015,Satisfactory,3.5909266666666677,7.311963880518013,53.863900000000015
3.0,17.3025641025641,78.36282051282052,24.327281235376695,52.879270004679455,2.356303228825456,139.46607393542348,3.0,11.494618624239589,45.02105755732335,42.77674777725783,8.800336920917173,0.6482171268132897,122.54985025737014,53.863900000000015,Satisfactory,3.5909266666666677,7.311963880518013,53.863900000000015
3.0,17.3025641025641,78.37307692307692,24.327281235376695,52.879270004679455,2.356303228825456,139.46607393542348,3.0,11.494618624239589,45.02105755732335,42.77674777725783,8.800336920917173,0.6482171268132897,122.54985025737014,53.863900000000015,Satisfactory,3.5909266666666677,7.311963880518013,53.863900000000015
3.0,17.3025641025641,78.38333333333334,24.327281235376695,52.879270004679455,2.356303228825456,139.46607393542348,3.0,11.494618624239589,45.02105755732335,42.77674777725783,8.800336920917173,0.6482171268132897,122.54985025737014,53.865300000000026,Satisfactory,3.5910200000000017,7.319734893423396,53.86530000000002
3.0,17.3025641025641,78.39358974358974,24.327281235376695,52.879270004679455,2.356303228825456,139.46607393542348,3.0,11.494618624239589,45.02105755732335,42.77674777725783,8.800336920917173,0.6482171268132897,122.54985025737014,53.865300000000026,Satisfactory,3.5910200000000017,7.319734893423396,53.86530000000002
3.0,17.3025641025641,78.40384615384616,24.327281235376695,52.879270004679455,2.356303228825456,139.46607393542348,3.0,11.494618624239589,45.02105755732335,42.77674777725783,8.800336920917173,0.6482171268132897,122.54985025737014,53.865300000000026,Satisfactory,3.5910200000000017,7.319734893423396,53.86530000000002
3.0,17.3025641025641,78.41410256410256,24.327281235376695,52.879270004679455,2.356303228825456,139.46607393542348,3.0,11.494618624239589,45.02105755732335,42.77674777725783,8.800336920917173,0.6482171268132897,122.54985025737014,53.865300000000026,Satisfactory,3.5910200000000017,7.319734893423396,53.86530000000002
3.0,17.3025641025641,78.42435897435898,24.327281235376695,52.879270004679455,2.356303228825456,139.46607393542348,3.0,11.494618624239589,45.02105755732335,42.77674777725783,8.800336920917173,0.6482171268132897,122.54985025737014,53.785600000000024,Satisfactory,3.585706666666668,7.30011442650045,53.78560000000002
3.0,17.3025641025641,78.43461538461538,24.327281235376695,52.879270004679455,2.356303228825456,139.46607393542348,3.0,11.494618624239589,45.02105755732335,42.77674777725783,8.800336920917173,0.6482171268132897,122.54985025737014,53.785600000000024,Satisfactory,3.585706666666668,7.30011442650045,53.78560000000002
3.0,17.3025641025641,78.4448717948718,24.327281235376695,52.879270004679455,2.356303228825456,139.46607393542348,3.0,11.494618624239589,45.02105755732335,42.77674777725783,8.800336920917173,0.6482171268132897,122.54985025737014,53.785600000000024,Satisfactory,3.585706666666668,7.30011442650045,53.78560000000002
3.0,17.3025641025641,78.4551282051282,24.327281235376695,52.879270004679455,2.356303228825456,139.46607393542348,3.2059507029009815,11.494618624239589,45.02105755732335,42.77674777725783,8.800336920917173,0.6482171268132897,122.54985025737014,53.78180000000002,Satisfactory,3.5854533333333345,7.304985609842088,53.78180000000001
3.0,17.3025641025641,78.46538461538462,24.327281235376695,52.879270004679455,2.356303228825456,139.46607393542348,3.4996687486421294,11.494618624239589,45.02105755732335,42.77674777725783,8.800336920917173,0.6482171268132897,122.54985025737014,53.78180000000002,Satisfactory,3.5854533333333345,7.304985609842088,53.78180000000001
3.0,17.3025641025641,78.47564102564102,24.327281235376695,52.879270004679455,2.356303228825456,139.46607393542348,3.6995246623287104,11.494618624239589,45.02105755732335,42.77674777725783,8.800336920917173,0.6482171268132897,122.54985025737014,53.78180000000002,Satisfactory,3.5854533333333345,7.304985609842088,53.78180000000001
3.0,17.3025641025641,78.48589743589744,24.327281235376695,52.879270004679455,2.356303228825456,139.46607393542348,3.7964401219076063,11.494618624239589,45.02105755732335,42.77674777725783,8.800336920917173,0.6482171268132897,122.54985025737014,53.78180000000002,Satisfactory,3.5854533333333345,7.304985609842088,53.78180000000001
3.0,17.3025641025641,78.49615384615385,24.327281235376695,52.879270004679455,2.356303228825456,139.46607393542348,3.7855970987709666,11.494618624239589,45.02105755732335,42.77674777725783,8.800336920917173,0.6482171268132897,122.54985025737014,53.78180000000002,Satisfactory,3.5854533333333345,7.304985609842088,53.78180000000001
3.0,17.3025641025641,78.50641025641026,24.327281235376695,52.879270004679455,2.356303228825456,139.46607393542348,3.6675491116169825,11.494618624239589,45.02105755732335,42.77674777725783,8.800336920917173,0.6482171268132897,122.54985025737014,53.78180000000002,Satisfactory,3.5854533333333345,7.304985609842088,53.78180000000001
3.0,17.3025641025641,78.51666666666667,24.327281235376695,52.879270004679455,2.356303228825456,139.46607393542348,3.448088243420039,11.494618624239589,45.02105755732335,42.77674777725783,8.800336920917173,0.6482171268132897,122.54985025737014,53.78180000000002,Satisfactory,3.5854533333333345,7.304985609842088,53.78180000000001
3.0,17.3025641025641,78.52692307692308,24.327281235376695,52.879270004679455,2.356303228825456,139.46607393542348,3.1369362777622998,11.494618624239589,45.02105755732335,42.77674777725783,8.800336920917173,0.6482171268132897,122.54985025737014,53.52350000000001,Satisfactory,3.568233333333334,6.983525381209694,53.523500000000006
3.0,17.3025641025641,78.53717948717949,24.327281235376695,52.879270004679455,2.356303228825456,139.46607393542348,3.0,11.494618624239589,45.02105755732335,42.77674777725783,8.800336920917173,0.6482171268132897,122.54985025737014,53.52350000000001,Satisfactory,3.568233333333334,6.983525381209694,53.523500000000006
3.0,17.3025641025641,78.5474358974359,24.327281235376695,52.879270004679455,2.356303228825456,139.46607393542348,3.0,11.494618624239589,45.02105755732335,42.77674777725783,8.800336920917173,0.6482171268132897,122.54985025737014,53.252700000000004,Satisfactory,3.55018,7.107136252387456,53.252700000000004
3.0,17.3025641025641,78.5576923076923,24.327281235376695,52.879270004679455,2.356303228825456,139.46607393542348,3.0,11.494618624239589,45.02105755732335,42.77674777725783,8.800336920917173,0.6482171268132897,122.54985025737014,53.252700000000004,Satisfactory,3.55018,7.107136252387456,53.252700000000004
3.0,17.3025641025641,78.56794871794872,24.327281235376695,52.879270004679455,2.356303228825456,139.46607393542348,3.0,11.494618624239589,45.02105755732335,42.77674777725783,8.800336920917173,0.6482171268132897,122.54985025737014,53.252700000000004,Satisfactory,3.55018,7.107136252387456,53.252700000000004
3.0,17.3025641025641,78.57820512820513,24.327281235376695,52.879270004679455,2.356303228825456,139.46607393542348,3.0,11.494618624239589,45.02105755732335,42.77674777725783,8.800336920917173,0.6482171268132897,122.54985025737014,53.252700000000004,Satisfactory,3.55018,7.107136252387456,53.252700000000004
3.0,17.3025641025641,78.58846153846154,24.327281235376695,52.879270004679455,2.356303228825456,139.46607393542348,3.0,11.494618624239589,45.02105755732335,42.77674777725783,8.800336920917173,0.6482171268132897,122.54985025737014,53.252700000000004,Satisfactory,3.55018,7.107136252387456,53.252700000000004
3.0,17.3025641025641,78.59871794871795,24.327281235376695,52.879270004679455,2.356303228825456,139.46607393542348,3.0,11.494618624239589,45.02105755732335,42.77674777725783,8.800336920917173,0.6482171268132897,122.54985025737014,53.252700000000004,Satisfactory,3.55018,7.107136252387456,53.252700000000004
3.0,17.3025641025641,78.60897435897436,24.327281235376695,52.879270004679455,2.356303228825456,139.46607393542348,3.0,11.494618624239589,45.02105755732335,42.77674777725783,8.800336920917173,0.6482171268132897,122.54985025737014,53.252700000000004,Satisfactory,3.55018,7.107136252387456,53.252700000000004
3.0,17.3025641025641,78.61923076923077,24.327281235376695,52.879270004679455,2.356303228825456,139.46607393542348,3.0,11.494618624239589,45.02105755732335,42.77674777725783,8.800336920917173,0.6482171268132897,122.54985025737014,53.252700000000004,Satisfactory,3.55018,7.107136252387456,53.252700000000004
3.0,17.3025641025641,78.62948717948719,24.327281235376695,52.879270004679455,2.356303228825456,139.46607393542348,3.0,11.494618624239589,45.02105755732335,42.77674777725783,8.800336920917173,0.6482171268132897,122.54985025737014,53.252700000000004,Satisfactory,3.55018,7.107136252387456,53.252700000000004
3.0,17.3025641025641,78.63974358974359,24.327281235376695,52.879270004679455,2.356303228825456,139.46607393542348,3.0,11.494618624239589,45.02105755732335,42.77674777725783,8.800336920917173,0.6482171268132897,122.54985025737014,53.252700000000004,Satisfactory,3.55018,7.107136252387456,53.252700000000004
3.0,17.3025641025641,78.65,24.327281235376695,52.879270004679455,2.356303228825456,139.46607393542348,3.0,11.494618624239589,45.02105755732335,42.77674777725783,8.800336920917173,0.6482171268132897,122.54985025737014,53.252700000000004,Satisfactory,3.55018,7.107136252387456,53.252700000000004
3.0,17.31282051282051,78.25,24.327281235376695,52.879270004679455,2.356303228825456,139.46607393542348,3.0,11.494618624239589,45.02105755732335,42.77674777725783,8.800336920917173,0.6482171268132897,122.54985025737014,53.87000000000001,Satisfactory,3.591333333333334,7.494902667813639,53.87
3.0,17.31282051282051,78.26025641025642,24.327281235376695,52.879270004679455,2.356303228825456,139.46607393542348,3.0,11.494618624239589,45.02105755732335,42.77674777725783,8.800336920917173,0.6482171268132897,122.54985025737014,53.87000000000001,Satisfactory,3.591333333333334,7.494902667813639,53.87
3.0,17.31282051282051,78.27051282051282,24.327281235376695,52.879270004679455,2.356303228825456,139.46607393542348,3.0,11.494618624239589,45.02105755732335,42.77674777725783,8.800336920917173,0.6482171268132897,122.54985025737014,53.87000000000001,Satisfactory,3.591333333333334,7.494902667813639,53.87
3.0,17.31282051282051,78.28076923076924,24.327281235376695,52.879270004679455,2.356303228825456,139.46607393542348,3.0,11.494618624239589,45.02105755732335,42.77674777725783,8.800336920917173,0.6482171268132897,122.54985025737014,53.87000000000001,Satisfactory,3.591333333333334,7.494902667813639,53.87
3.0,17.31282051282051,78.29102564102564,24.327281235376695,52.879270004679455,2.356303228825456,139.46607393542348,3.0,11.494618624239589,45.02105755732335,42.77674777725783,8.800336920917173,0.6482171268132897,122.54985025737014,53.87000000000001,Satisfactory,3.591333333333334,7.494902667813639,53.87
3.0,17.31282051282051,78.30128205128206,24.327281235376695,52.879270004679455,2.356303228825456,139.46607393542348,3.0,11.494618624239589,45.02105755732335,42.77674777725783,8.800336920917173,0.6482171268132897,122.54985025737014,53.947100000000006,Satisfactory,3.596473333333334,7.434132268799096,53.9471
3.0,17.31282051282051,78.31153846153846,24.327281235376695,52.879270004679455,2.356303228825456,139.46607393542348,3.0,11.494618624239589,45.02105755732335,42.77674777725783,8.800336920917173,0.6482171268132897,122.54985025737014,53.947100000000006,Satisfactory,3.596473333333334,7.434132268799096,53.9471
3.0,17.31282051282051,78.32179487179488,24.327281235376695,52.879270004679455,2.356303228825456,139.46607393542348,3.0,11.494618624239589,45.02105755732335,42.77674777725783,8.800336920917173,0.6482171268132897,122.54985025737014,53.947100000000006,Satisfactory,3.596473333333334,7.434132268799096,53.9471
3.0,17.31282051282051,78.33205128205128,24.327281235376695,52.879270004679455,2.356303228825456,139.46607393542348,3.0,11.494618624239589,45.02105755732335,42.77674777725783,8.800336920917173,0.6482171268132897,122.54985025737014,53.947100000000006,Satisfactory,3.596473333333334,7.434132268799096,53.9471
3.0,17.31282051282051,78.3423076923077,24.327281235376695,52.879270004679455,2.356303228825456,139.46607393542348,3.0,11.494618624239589,45.02105755732335,42.77674777725783,8.800336920917173,0.6482171268132897,122.54985025737014,53.947100000000006,Satisfactory,3.596473333333334,7.434132268799096,53.9471
3.0,17.31282051282051,78.3525641025641,24.327281235376695,52.879270004679455,2.356303228825456,139.46607393542348,3.0,11.494618624239589,45.02105755732335,42.77674777725783,8.800336920917173,0.6482171268132897,122.54985025737014,53.947100000000006,Satisfactory,3.596473333333334,7.434132268799096,53.9471
3.0,17.31282051282051,78.36282051282052,24.327281235376695,52.879270004679455,2.356303228825456,139.46607393542348,3.0,11.494618624239589,45.02105755732335,42.77674777725783,8.800336920917173,0.6482171268132897,122.54985025737014,53.947100000000006,Satisfactory,3.596473333333334,7.434132268799096,53.9471
3.0,17.31282051282051,78.37307692307692,24.327281235376695,52.879270004679455,2.356303228825456,139.46607393542348,3.0,11.494618624239589,45.02105755732335,42.77674777725783,8.800336920917173,0.6482171268132897,122.54985025737014,53.947100000000006,Satisfactory,3.596473333333334,7.434132268799096,53.9471
3.0,17.31282051282051,78.38333333333334,24.327281235376695,52.879270004679455,2.356303228825456,139.46607393542348,3.0,11.494618624239589,45.02105755732335,42.77674777725783,8.800336920917173,0.6482171268132897,122.54985025737014,53.94850000000001,Satisfactory,3.5965666666666674,7.441760057271398,53.94850000000001
3.0,17.31282051282051,78.39358974358974,24.327281235376695,52.879270004679455,2.356303228825456,139.46607393542348,3.0,11.494618624239589,45.02105755732335,42.77674777725783,8.800336920917173,0.6482171268132897,122.54985025737014,53.94850000000001,Satisfactory,3.5965666666666674,7.441760057271398,53.94850000000001
3.0,17.31282051282051,78.40384615384616,24.327281235376695,52.879270004679455,2.356303228825456,139.46607393542348,3.0,11.494618624239589,45.02105755732335,42.77674777725783,8.800336920917173,0.6482171268132897,122.54985025737014,53.94850000000001,Satisfactory,3.5965666666666674,7.441760057271398,53.94850000000001
3.0,17.31282051282051,78.41410256410256,24.327281235376695,52.879270004679455,2.356303228825456,139.46607393542348,3.0,11.494618624239589,45.02105755732335,42.77674777725783,8.800336920917173,0.6482171268132897,122.54985025737014,53.94850000000001,Satisfactory,3.5965666666666674,7.441760057271398,53.94850000000001
3.0,17.31282051282051,78.42435897435898,24.327281235376695,52.879270004679455,2.356303228825456,139.46607393542348,3.0,11.494618624239589,45.02105755732335,42.77674777725783,8.800336920917173,0.6482171268132897,122.54985025737014,53.86880000000001,Satisfactory,3.591253333333334,7.423355478488147,53.86880000000001
3.0,17.31282051282051,78.43461538461538,24.327281235376695,52.879270004679455,2.356303228825456,139.46607393542348,3.034696678420879,11.494618624239589,45.02105755732335,42.77674777725783,8.800336920917173,0.6482171268132897,122.54985025737014,53.86880000000001,Satisfactory,3.591253333333334,7.423355478488147,53.86880000000001
3.0,17.31282051282051,78.4448717948718,24.327281235376695,52.879270004679455,2.356303228825456,139.46607393542348,3.5256130998322472,11.494618624239589,45.02105755732335,42.77674777725783,8.800336920917173,0.6482171268132897,122.54985025737014,53.86880000000001,Satisfactory,3.591253333333334,7.423355478488147,53.86880000000001
3.0,17.31282051282051,78.4551282051282,24.327281235376695,52.879270004679455,2.356303228825456,139.46607393542348,3.9447210071057466,11.494618624239589,45.02105755732335,42.77674777725783,8.800336920917173,0.6482171268132897,122.54985025737014,53.86850000000001,Satisfactory,3.591233333333334,7.4273723987693,53.86850000000001
3.0,17.31282051282051,78.46538461538462,24.327281235376695,52.879270004679455,2.356303228825456,139.46607393542348,4.276224654325212,11.494618624239589,45.02105755732335,42.77674777725783,8.800336920917173,0.6482171268132897,122.54985025737014,53.86850000000001,Satisfactory,3.591233333333334,7.4273723987693,53.86850000000001
3.0,17.31282051282051,78.47564102564102,24.327281235376695,52.879270004679455,2.356303228825456,139.46607393542348,4.504248248785347,11.494618624239589,45.02105755732335,42.77674777725783,8.800336920917173,0.6482171268132897,122.54985025737014,53.93780000000002,Satisfactory,3.5958533333333347,7.458932441040071,53.93780000000002
3.0,17.31282051282051,78.48589743589744,24.327281235376695,52.879270004679455,2.356303228825456,139.46607393542348,4.615628821166533,11.494618624239589,45.02105755732335,42.77674777725783,8.800336920917173,0.6482171268132897,122.54985025737014,53.93780000000002,Satisfactory,3.5958533333333347,7.458932441040071,53.93780000000002
3.0,17.31282051282051,78.49615384615385,24.327281235376695,52.879270004679455,2.356303228825456,139.46607393542348,4.603139685967534,11.494618624239589,45.02105755732335,42.77674777725783,8.800336920917173,0.6482171268132897,122.54985025737014,53.93780000000002,Satisfactory,3.5958533333333347,7.458932441040071,53.93780000000002
3.0,17.31282051282051,78.50641025641026,24.327281235376695,52.879270004679455,2.356303228825456,139.46607393542348,4.467619672857113,11.494618624239589,45.02105755732335,42.77674777725783,8.800336920917173,0.6482171268132897,122.54985025737014,53.86850000000001,Satisfactory,3.591233333333334,7.4273723987693,53.86850000000001
3.0,17.31282051282051,78.51666666666667,24.327281235376695,52.879270004679455,2.356303228825456,139.46607393542348,4.217712779843474,11.494618624239589,45.02105755732335,42.77674777725783,8.800336920917173,0.6482171268132897,122.54985025737014,53.86850000000001,Satisfactory,3.591233333333334,7.4273723987693,53.86850000000001
3.0,17.31282051282051,78.52692307692308,24.327281235376695,52.879270004679455,2.356303228825456,139.46607393542348,3.8673870588573767,11.494618624239589,45.02105755732335,42.77674777725783,8.800336920917173,0.6482171268132897,122.54985025737014,53.610200000000006,Satisfactory,3.5740133333333337,7.114594996203227,53.61019999999999
3.0,17.31282051282051,78.53717948717949,24.327281235376695,52.879270004679455,2.356303228825456,139.46607393542348,3.4326930898122674,11.494618624239589,45.02105755732335,42.77674777725783,8.800336920917173,0.6482171268132897,122.54985025737014,53.610200000000006,Satisfactory,3.5740133333333337,7.114594996203227,53.61019999999999
3.0,17.31282051282051,78.5474358974359,24.327281235376695,52.879270004679455,2.356303228825456,139.46607393542348,3.0,11.494618624239589,45.02105755732335,42.77674777725783,8.800336920917173,0.6482171268132897,122.54985025737014,53.33990000000001,Satisfactory,3.555993333333334,7.239440792630326,53.3399
3.0,17.31282051282051,78.5576923076923,24.327281235376695,52.879270004679455,2.356303228825456,139.46607393542348,3.0,11.494618624239589,45.02105755732335,42.77674777725783,8.800336920917173,0.6482171268132897,122.54985025737014,53.33990000000001,Satisfactory,3.555993333333334,7.239440792630326,53.3399
3.0,17.31282051282051,78.56794871794872,24.327281235376695,52.879270004679455,2.356303228825456,139.46607393542348,3.0,11.494618624239589,45.02105755732335,42.77674777725783,8.800336920917173,0.6482171268132897,122.54985025737014,53.33990000000001,Satisfactory,3.555993333333334,7.239440792630326,53.3399
3.0,17.31282051282051,78.57820512820513,24.327281235376695,52.879270004679455,2.356303228825456,139.46607393542348,3.0,11.494618624239589,45.02105755732335,42.77674777725783,8.800336920917173,0.6482171268132897,122.54985025737014,53.33990000000001,Satisfactory,3.555993333333334,7.239440792630326,53.3399
3.0,17.31282051282051,78.58846153846154,24.327281235376695,52.879270004679455,2.356303228825456,139.46607393542348,3.0,11.494618624239589,45.02105755732335,42.77674777725783,8.800336920917173,0.6482171268132897,122.54985025737014,53.33990000000001,Satisfactory,3.555993333333334,7.239440792630326,53.3399
3.0,17.31282051282051,78.59871794871795,24.327281235376695,52.879270004679455,2.356303228825456,139.46607393542348,3.0,11.494618624239589,45.02105755732335,42.77674777725783,8.800336920917173,0.6482171268132897,122.54985025737014,53.33990000000001,Satisfactory,3.555993333333334,7.239440792630326,53.3399
3.0,17.31282051282051,78.60897435897436,24.327281235376695,52.879270004679455,2.356303228825456,139.46607393542348,3.0,11.494618624239589,45.02105755732335,42.77674777725783,8.800336920917173,0.6482171268132897,122.54985025737014,53.33990000000001,Satisfactory,3.555993333333334,7.239440792630326,53.3399
3.0,17.31282051282051,78.61923076923077,24.327281235376695,52.879270004679455,2.356303228825456,139.46607393542348,3.0,11.494618624239589,45.02105755732335,42.77674777725783,8.800336920917173,0.6482171268132897,122.54985025737014,53.33990000000001,Satisfactory,3.555993333333334,7.239440792630326,53.3399
3.0,17.31282051282051,78.62948717948719,24.327281235376695,52.879270004679455,2.356303228825456,139.46607393542348,3.0,11.494618624239589,45.02105755732335,42.77674777725783,8.800336920917173,0.6482171268132897,122.54985025737014,53.33990000000001,Satisfactory,3.555993333333334,7.239440792630326,53.3399
3.0,17.31282051282051,78.63974358974359,24.327281235376695,52.879270004679455,2.356303228825456,139.46607393542348,3.0,11.494618624239589,45.02105755732335,42.77674777725783,8.800336920917173,0.6482171268132897,122.54985025737014,53.33990000000001,Satisfactory,3.555993333333334,7.239440792630326,53.3399
3.0,17.31282051282051,78.65,24.327281235376695,52.879270004679455,2.356303228825456,139.46607393542348,3.0,11.494618624239589,45.02105755732335,42.77674777725783,8.800336920917173,0.6482171268132897,122.54985025737014,53.33990000000001,Satisfactory,3.555993333333334,7.239440792630326,53.3399
3.0,17.323076923076922,78.25,24.327281235376695,52.879270004679455,2.356303228825456,139.46607393542348,3.0,11.494618624239589,45.02105755732335,42.77674777725783,8.800336920917173,0.6482171268132897,122.54985025737014,53.87000000000001,Satisfactory,3.591333333333334,7.494902667813639,53.87
3.0,17.323076923076922,78.26025641025642,24.327281235376695,52.879270004679455,2.356303228825456,139.46607393542348,3.0,11.494618624239589,45.02105755732335,42.77674777725783,8.800336920917173,0.6482171268132897,122.54985025737014,53.87000000000001,Satisfactory,3.591333333333334,7.494902667813639,53.87
3.0,17.323076923076922,78.27051282051282,24.327281235376695,52.879270004679455,2.356303228825456,139.46607393542348,3.0,11.494618624239589,45.02105755732335,42.77674777725783,8.800336920917173,0.6482171268132897,122.54985025737014,53.87000000000001,Satisfactory,3.591333333333334,7.494902667813639,53.87
3.0,17.323076923076922,78.28076923076924,24.327281235376695,52.879270004679455,2.356303228825456,139.46607393542348,3.0,11.494618624239589,45.02105755732335,42.77674777725783,8.800336920917173,0.6482171268132897,122.54985025737014,53.87000000000001,Satisfactory,3.591333333333334,7.494902667813639,53.87
3.0,17.323076923076922,78.29102564102564,24.327281235376695,52.879270004679455,2.356303228825456,139.46607393542348,3.0,11.494618624239589,45.02105755732335,42.77674777725783,8.800336920917173,0.6482171268132897,122.54985025737014,53.87000000000001,Satisfactory,3.591333333333334,7.494902667813639,53.87
3.0,17.323076923076922,78.30128205128206,24.327281235376695,52.879270004679455,2.356303228825456,139.46607393542348,3.0,11.494618624239589,45.02105755732335,42.77674777725783,8.800336920917173,0.6482171268132897,122.54985025737014,53.947100000000006,Satisfactory,3.596473333333334,7.434132268799096,53.9471
3.0,17.323076923076922,78.31153846153846,24.327281235376695,52.879270004679455,2.356303228825456,139.46607393542348,3.0,11.494618624239589,45.02105755732335,42.77674777725783,8.800336920917173,0.6482171268132897,122.54985025737014,53.947100000000006,Satisfactory,3.596473333333334,7.434132268799096,53.9471
3.0,17.323076923076922,78.32179487179488,24.327281235376695,52.879270004679455,2.356303228825456,139.46607393542348,3.0,11.494618624239589,45.02105755732335,42.77674777725783,8.800336920917173,0.6482171268132897,122.54985025737014,53.947100000000006,Satisfactory,3.596473333333334,7.434132268799096,53.9471
3.0,17.323076923076922,78.33205128205128,24.327281235376695,52.879270004679455,2.356303228825456,139.46607393542348,3.0,11.494618624239589,45.02105755732335,42.77674777725783,8.800336920917173,0.6482171268132897,122.54985025737014,53.947100000000006,Satisfactory,3.596473333333334,7.434132268799096,53.9471
3.0,17.323076923076922,78.3423076923077,24.327281235376695,52.879270004679455,2.356303228825456,139.46607393542348,3.0,11.494618624239589,45.02105755732335,42.77674777725783,8.800336920917173,0.6482171268132897,122.54985025737014,53.947100000000006,Satisfactory,3.596473333333334,7.434132268799096,53.9471
3.0,17.323076923076922,78.3525641025641,24.327281235376695,52.879270004679455,2.356303228825456,139.46607393542348,3.0,11.494618624239589,45.02105755732335,42.77674777725783,8.800336920917173,0.6482171268132897,122.54985025737014,53.947100000000006,Satisfactory,3.596473333333334,7.434132268799096,53.9471
3.0,17.323076923076922,78.36282051282052,24.327281235376695,52.879270004679455,2.356303228825456,139.46607393542348,3.0,11.494618624239589,45.02105755732335,42.77674777725783,8.800336920917173,0.6482171268132897,122.54985025737014,53.947100000000006,Satisfactory,3.596473333333334,7.434132268799096,53.9471
3.0,17.323076923076922,78.37307692307692,24.327281235376695,52.879270004679455,2.356303228825456,139.46607393542348,3.0,11.494618624239589,45.02105755732335,42.77674777725783,8.800336920917173,0.6482171268132897,122.54985025737014,53.947100000000006,Satisfactory,3.596473333333334,7.434132268799096,53.9471
3.0,17.323076923076922,78.38333333333334,24.327281235376695,52.879270004679455,2.356303228825456,139.46607393542348,3.0,11.494618624239589,45.02105755732335,42.77674777725783,8.800336920917173,0.6482171268132897,122.54985025737014,53.94850000000001,Satisfactory,3.5965666666666674,7.441760057271398,53.94850000000001
3.0,17.323076923076922,78.39358974358974,24.327281235376695,52.879270004679455,2.356303228825456,139.46607393542348,3.0,11.494618624239589,45.02105755732335,42.77674777725783,8.800336920917173,0.6482171268132897,122.54985025737014,53.94850000000001,Satisfactory,3.5965666666666674,7.441760057271398,53.94850000000001
3.0,17.323076923076922,78.40384615384616,24.327281235376695,52.879270004679455,2.356303228825456,139.46607393542348,3.0,11.494618624239589,45.02105755732335,42.77674777725783,8.800336920917173,0.6482171268132897,122.54985025737014,53.94850000000001,Satisfactory,3.5965666666666674,7.441760057271398,53.94850000000001
3.0,17.323076923076922,78.41410256410256,24.327281235376695,52.879270004679455,2.356303228825456,139.46607393542348,3.0,11.494618624239589,45.02105755732335,42.77674777725783,8.800336920917173,0.6482171268132897,122.54985025737014,53.94850000000001,Satisfactory,3.5965666666666674,7.441760057271398,53.94850000000001
3.0,17.323076923076922,78.42435897435898,24.327281235376695,52.879270004679455,2.356303228825456,139.46607393542348,3.0492102624948583,11.494618624239589,45.02105755732335,42.77674777725783,8.800336920917173,0.6482171268132897,122.54985025737014,53.86880000000001,Satisfactory,3.591253333333334,7.423355478488147,53.86880000000001
3.0,17.323076923076922,78.43461538461538,24.327281235376695,52.879270004679455,2.356303228825456,139.46607393542348,3.646321477346551,11.494618624239589,45.02105755732335,42.77674777725783,8.800336920917173,0.6482171268132897,122.54985025737014,53.86880000000001,Satisfactory,3.591253333333334,7.423355478488147,53.86880000000001
3.0,17.323076923076922,78.4448717948718,24.327281235376695,52.879270004679455,2.356303228825456,139.46607393542348,4.188677763134248,11.494618624239589,45.02105755732335,42.77674777725783,8.800336920917173,0.6482171268132897,122.54985025737014,53.86880000000001,Satisfactory,3.591253333333334,7.423355478488147,53.86880000000001
3.0,17.323076923076922,78.4551282051282,24.327281235376695,52.879270004679455,2.356303228825456,139.46607393542348,4.659570795393594,11.494618624239589,45.02105755732335,42.77674777725783,8.800336920917173,0.6482171268132897,122.54985025737014,53.93780000000002,Satisfactory,3.5958533333333347,7.458932441040071,53.93780000000002
3.0,17.323076923076922,78.46538461538462,24.327281235376695,52.879270004679455,2.356303228825456,139.46607393542348,5.038610616432014,11.494618624239589,45.02105755732335,42.77674777725783,8.800336920917173,0.6482171268132897,122.54985025737014,53.93780000000002,Satisfactory,3.5958533333333347,7.458932441040071,53.93780000000002
3.0,17.323076923076922,78.47564102564102,24.327281235376695,52.879270004679455,2.356303228825456,139.46607393542348,5.303504740915254,11.494618624239589,45.02105755732335,42.77674777725783,8.800336920917173,0.6482171268132897,122.54985025737014,53.93780000000002,Satisfactory,3.5958533333333347,7.458932441040071,53.93780000000002
3.0,17.323076923076922,78.48589743589744,24.327281235376695,52.879270004679455,2.356303228825456,139.46607393542348,5.434341953334759,11.494618624239589,45.02105755732335,42.77674777725783,8.800336920917173,0.6482171268132897,122.54985025737014,53.93780000000002,Satisfactory,3.5958533333333347,7.458932441040071,53.93780000000002
3.0,17.323076923076922,78.49615384615385,24.327281235376695,52.879270004679455,2.356303228825456,139.46607393542348,5.419619922232962,11.494618624239589,45.02105755732335,42.77674777725783,8.800336920917173,0.6482171268132897,122.54985025737014,53.93780000000002,Satisfactory,3.5958533333333347,7.458932441040071,53.93780000000002
3.0,17.323076923076922,78.50641025641026,24.327281235376695,52.879270004679455,2.356303228825456,139.46607393542348,5.260694935775477,11.494618624239589,45.02105755732335,42.77674777725783,8.800336920917173,0.6482171268132897,122.54985025737014,53.93780000000002,Satisfactory,3.5958533333333347,7.458932441040071,53.93780000000002
3.0,17.323076923076922,78.51666666666667,24.327281235376695,52.879270004679455,2.356303228825456,139.46607393542348,4.971220237074201,11.494618624239589,45.02105755732335,42.77674777725783,8.800336920917173,0.6482171268132897,122.54985025737014,53.93780000000002,Satisfactory,3.5958533333333347,7.458932441040071,53.93780000000002
3.0,17.323076923076922,78.52692307692308,24.327281235376695,52.879270004679455,2.356303228825456,139.46607393542348,4.572042567088745,11.494618624239589,45.02105755732335,42.77674777725783,8.800336920917173,0.6482171268132897,122.54985025737014,53.679500000000004,Satisfactory,3.5786333333333338,7.150040192194727,53.6795
3.0,17.323076923076922,78.53717948717949,24.327281235376695,52.879270004679455,2.356303228825456,139.46607393542348,4.085331754001233,11.494618624239589,45.02105755732335,42.77674777725783,8.800336920917173,0.6482171268132897,122.54985025737014,53.610200000000006,Satisfactory,3.5740133333333337,7.114594996203227,53.61019999999999
3.0,17.323076923076922,78.5474358974359,24.327281235376695,52.879270004679455,2.356303228825456,139.46607393542348,3.5308144558827124,11.494618624239589,45.02105755732335,42.77674777725783,8.800336920917173,0.6482171268132897,122.54985025737014,53.33990000000001,Satisfactory,3.555993333333334,7.239440792630326,53.3399
3.0,17.323076923076922,78.5576923076923,24.327281235376695,52.879270004679455,2.356303228825456,139.46607393542348,3.0,11.494618624239589,45.02105755732335,42.77674777725783,8.800336920917173,0.6482171268132897,122.54985025737014,53.33990000000001,Satisfactory,3.555993333333334,7.239440792630326,53.3399
3.0,17.323076923076922,78.56794871794872,24.327281235376695,52.879270004679455,2.356303228825456,139.46607393542348,3.0,11.494618624239589,45.02105755732335,42.77674777725783,8.800336920917173,0.6482171268132897,122.54985025737014,53.33990000000001,Satisfactory,3.555993333333334,7.239440792630326,53.3399
3.0,17.323076923076922,78.57820512820513,24.327281235376695,52.879270004679455,2.356303228825456,139.46607393542348,3.0,11.494618624239589,45.02105755732335,42.77674777725783,8.800336920917173,0.6482171268132897,122.54985025737014,53.33990000000001,Satisfactory,3.555993333333334,7.239440792630326,53.3399
3.0,17.323076923076922,78.58846153846154,24.327281235376695,52.879270004679455,2.356303228825456,139.46607393542348,3.0,11.494618624239589,45.02105755732335,42.77674777725783,8.800336920917173,0.6482171268132897,122.54985025737014,53.33990000000001,Satisfactory,3.555993333333334,7.239440792630326,53.3399
3.0,17.323076923076922,78.59871794871795,24.327281235376695,52.879270004679455,2.356303228825456,139.46607393542348,3.0,11.494618624239589,45.02105755732335,42.77674777725783,8.800336920917173,0.6482171268132897,122.54985025737014,53.33990000000001,Satisfactory,3.555993333333334,7.239440792630326,53.3399
3.0,17.323076923076922,78.60897435897436,24.327281235376695,52.879270004679455,2.356303228825456,139.46607393542348,3.0,11.494618624239589,45.02105755732335,42.77674777725783,8.800336920917173,0.6482171268132897,122.54985025737014,53.33990000000001,Satisfactory,3.555993333333334,7.239440792630326,53.3399
3.0,17.323076923076922,78.61923076923077,24.327281235376695,52.879270004679455,2.356303228825456,139.46607393542348,3.0,11.494618624239589,45.02105755732335,42.77674777725783,8.800336920917173,0.6482171268132897,122.54985025737014,53.33990000000001,Satisfactory,3.555993333333334,7.239440792630326,53.3399
3.0,17.323076923076922,78.62948717948719,24.327281235376695,52.879270004679455,2.356303228825456,139.46607393542348,3.0,11.494618624239589,45.02105755732335,42.77674777725783,8.800336920917173,0.6482171268132897,122.54985025737014,53.33990000000001,Satisfactory,3.555993333333334,7.239440792630326,53.3399
3.0,17.323076923076922,78.63974358974359,24.327281235376695,52.879270004679455,2.356303228825456,139.46607393542348,3.0,11.494618624239589,45.02105755732335,42.77674777725783,8.800336920917173,0.6482171268132897,122.54985025737014,53.33990000000001,Satisfactory,3.555993333333334,7.239440792630326,53.3399
3.0,17.323076923076922,78.65,24.327281235376695,52.879270004679455,2.356303228825456,139.46607393542348,3.0,11.494618624239589,45.02105755732335,42.77674777725783,8.800336920917173,0.6482171268132897,122.54985025737014,53.33990000000001,Satisfactory,3.555993333333334,7.239440792630326,53.3399
3.0,17.333333333333332,78.25,24.327281235376695,52.879270004679455,2.356303228825456,139.46607393542348,3.0,11.494618624239589,45.02105755732335,42.77674777725783,8.800336920917173,0.6482171268132897,122.54985025737014,53.87000000000001,Satisfactory,3.591333333333334,7.494902667813639,53.87
3.0,17.333333333333332,78.26025641025642,24.327281235376695,52.879270004679455,2.356303228825456,139.46607393542348,3.0,11.494618624239589,45.02105755732335,42.77674777725783,8.800336920917173,0.6482171268132897,122.54985025737014,53.87000000000001,Satisfactory,3.591333333333334,7.494902667813639,53.87
3.0,17.333333333333332,78.27051282051282,24.327281235376695,52.879270004679455,2.356303228825456,139.46607393542348,3.0,11.494618624239589,45.02105755732335,42.77674777725783,8.800336920917173,0.6482171268132897,122.54985025737014,53.87000000000001,Satisfactory,3.591333333333334,7.494902667813639,53.87
3.0,17.333333333333332,78.28076923076924,24.327281235376695,52.879270004679455,2.356303228825456,139.46607393542348,3.0,11.494618624239589,45.02105755732335,42.77674777725783,8.800336920917173,0.6482171268132897,122.54985025737014,53.87000000000001,Satisfactory,3.591333333333334,7.494902667813639,53.87
3.0,17.333333333333332,78.29102564102564,24.327281235376695,52.879270004679455,2.356303228825456,139.46607393542348,3.0,11.494618624239589,45.02105755732335,42.77674777725783,8.800336920917173,0.6482171268132897,122.54985025737014,53.87000000000001,Satisfactory,3.591333333333334,7.494902667813639,53.87
3.0,17.333333333333332,78.30128205128206,24.327281235376695,52.879270004679455,2.356303228825456,139.46607393542348,3.0,11.494618624239589,45.02105755732335,42.77674777725783,8.800336920917173,0.6482171268132897,122.54985025737014,53.947100000000006,Satisfactory,3.596473333333334,7.434132268799096,53.9471
3.0,17.333333333333332,78.31153846153846,24.327281235376695,52.879270004679455,2.356303228825456,139.46607393542348,3.0,11.494618624239589,45.02105755732335,42.77674777725783,8.800336920917173,0.6482171268132897,122.54985025737014,53.947100000000006,Satisfactory,3.596473333333334,7.434132268799096,53.9471
3.0,17.333333333333332,78.32179487179488,24.327281235376695,52.879270004679455,2.356303228825456,139.46607393542348,3.0,11.494618624239589,45.02105755732335,42.77674777725783,8.800336920917173,0.6482171268132897,122.54985025737014,53.947100000000006,Satisfactory,3.596473333333334,7.434132268799096,53.9471
3.0,17.333333333333332,78.33205128205128,24.327281235376695,52.879270004679455,2.356303228825456,139.46607393542348,3.0,11.494618624239589,45.02105755732335,42.77674777725783,8.800336920917173,0.6482171268132897,122.54985025737014,53.947100000000006,Satisfactory,3.596473333333334,7.434132268799096,53.9471
3.0,17.333333333333332,78.3423076923077,24.327281235376695,52.879270004679455,2.356303228825456,139.46607393542348,3.0,11.494618624239589,45.02105755732335,42.77674777725783,8.800336920917173,0.6482171268132897,122.54985025737014,53.947100000000006,Satisfactory,3.596473333333334,7.434132268799096,53.9471
3.0,17.333333333333332,78.3525641025641,24.327281235376695,52.879270004679455,2.356303228825456,139.46607393542348,3.0,11.494618624239589,45.02105755732335,42.77674777725783,8.800336920917173,0.6482171268132897,122.54985025737014,53.947100000000006,Satisfactory,3.596473333333334,7.434132268799096,53.9471
3.0,17.333333333333332,78.36282051282052,24.327281235376695,52.879270004679455,2.356303228825456,139.46607393542348,3.0,11.494618624239589,45.02105755732335,42.77674777725783,8.800336920917173,0.6482171268132897,122.54985025737014,53.947100000000006,Satisfactory,3.596473333333334,7.434132268799096,53.9471
3.0,17.333333333333332,78.37307692307692,24.327281235376695,52.879270004679455,2.356303228825456,139.46607393542348,3.0,11.494618624239589,45.02105755732335,42.77674777725783,8.800336920917173,0.6482171268132897,122.54985025737014,53.947100000000006,Satisfactory,3.596473333333334,7.434132268799096,53.9471
3.0,17.333333333333332,78.38333333333334,24.327281235376695,52.879270004679455,2.356303228825456,139.46607393542348,3.0,11.494618624239589,45.02105755732335,42.77674777725783,8.800336920917173,0.6482171268132897,122.54985025737014,53.94850000000001,Satisfactory,3.5965666666666674,7.441760057271398,53.94850000000001
3.0,17.333333333333332,78.39358974358974,24.327281235376695,52.879270004679455,2.356303228825456,139.46607393542348,3.0,11.494618624239589,45.02105755732335,42.77674777725783,8.800336920917173,0.6482171268132897,122.54985025737014,53.94850000000001,Satisfactory,3.5965666666666674,7.441760057271398,53.94850000000001
3.0,17.333333333333332,78.40384615384616,24.327281235376695,52.879270004679455,2.356303228825456,139.46607393542348,3.0,11.494618624239589,45.02105755732335,42.77674777725783,8.800336920917173,0.6482171268132897,122.54985025737014,53.94850000000001,Satisfactory,3.5965666666666674,7.441760057271398,53.94850000000001
3.0,17.333333333333332,78.41410256410256,24.327281235376695,52.879270004679455,2.356303228825456,139.46607393542348,3.0,11.494618624239589,45.02105755732335,42.77674777725783,8.800336920917173,0.6482171268132897,122.54985025737014,53.94850000000001,Satisfactory,3.5965666666666674,7.441760057271398,53.94850000000001
3.0,17.333333333333332,78.42435897435898,24.327281235376695,52.879270004679455,2.356303228825456,139.46607393542348,3.556884219580936,11.494618624239589,45.02105755732335,42.77674777725783,8.800336920917173,0.6482171268132897,122.54985025737014,53.86880000000001,Satisfactory,3.591253333333334,7.423355478488147,53.86880000000001
3.0,17.333333333333332,78.43461538461538,24.327281235376695,52.879270004679455,2.356303228825456,139.46607393542348,4.206081312780952,11.494618624239589,45.02105755732335,42.77674777725783,8.800336920917173,0.6482171268132897,122.54985025737014,53.86880000000001,Satisfactory,3.591253333333334,7.423355478488147,53.86880000000001
3.0,17.333333333333332,78.4448717948718,24.327281235376695,52.879270004679455,2.356303228825456,139.46607393542348,4.806568655929999,11.494618624239589,45.02105755732335,42.77674777725783,8.800336920917173,0.6482171268132897,122.54985025737014,53.97350000000002,Satisfactory,3.5982333333333347,7.439596141592633,53.973500000000016
3.0,17.333333333333332,78.4551282051282,24.327281235376695,52.879270004679455,2.356303228825456,139.46607393542348,5.33947995666885,11.494618624239589,45.02105755732335,42.77674777725783,8.800336920917173,0.6482171268132897,122.54985025737014,53.93780000000002,Satisfactory,3.5958533333333347,7.458932441040071,53.93780000000002
3.0,17.333333333333332,78.46538461538462,24.327281235376695,52.879270004679455,2.356303228825456,139.46607393542348,5.77914136694209,11.494618624239589,45.02105755732335,42.77674777725783,8.800336920917173,0.6482171268132897,122.54985025737014,55.832,Satisfactory,3.7221333333333333,8.53326608046415,55.832
3.0,17.333333333333332,78.47564102564102,24.327281235376695,52.879270004679455,2.356303228825456,139.46607393542348,6.093936674414524,11.494618624239589,45.02105755732335,42.77674777725783,8.800336920917173,0.6482171268132897,122.54985025737014,55.832,Satisfactory,3.7221333333333333,8.53326608046415,55.832
3.0,17.333333333333332,78.48589743589744,24.327281235376695,52.879270004679455,2.356303228825456,139.46607393542348,6.252267834548814,11.494618624239589,45.02105755732335,42.77674777725783,8.800336920917173,0.6482171268132897,122.54985025737014,55.832,Satisfactory,3.7221333333333333,8.53326608046415,55.832
3.0,17.333333333333332,78.49615384615385,24.327281235376695,52.879270004679455,2.356303228825456,139.46607393542348,6.234346717807977,11.494618624239589,45.02105755732335,42.77674777725783,8.800336920917173,0.6482171268132897,122.54985025737014,55.832,Satisfactory,3.7221333333333333,8.53326608046415,55.832
3.0,17.333333333333332,78.50641025641026,24.327281235376695,52.879270004679455,2.356303228825456,139.46607393542348,6.042567059739031,11.494618624239589,45.02105755732335,42.77674777725783,8.800336920917173,0.6482171268132897,122.54985025737014,55.832,Satisfactory,3.7221333333333333,8.53326608046415,55.832
3.0,17.333333333333332,78.51666666666667,24.327281235376695,52.879270004679455,2.356303228825456,139.46607393542348,5.700129200907261,11.494618624239589,45.02105755732335,42.77674777725783,8.800336920917173,0.6482171268132897,122.54985025737014,55.832,Satisfactory,3.7221333333333333,8.53326608046415,55.832
3.0,17.333333333333332,78.52692307692308,24.327281235376695,52.879270004679455,2.356303228825456,139.46607393542348,5.2394343951191145,11.494618624239589,45.02105755732335,42.77674777725783,8.800336920917173,0.6482171268132897,122.54985025737014,53.679500000000004,Satisfactory,3.5786333333333338,7.150040192194727,53.6795
3.0,17.333333333333332,78.53717948717949,24.327281235376695,52.879270004679455,2.356303228825456,139.46607393542348,4.691180597806656,11.494618624239589,45.02105755732335,42.77674777725783,8.800336920917173,0.6482171268132897,122.54985025737014,53.679500000000004,Satisfactory,3.5786333333333338,7.150040192194727,53.6795
3.0,17.333333333333332,78.5474358974359,24.327281235376695,52.879270004679455,2.356303228825456,139.46607393542348,4.079643204240605,11.494618624239589,45.02105755732335,42.77674777725783,8.800336920917173,0.6482171268132897,122.54985025737014,53.33990000000001,Satisfactory,3.555993333333334,7.239440792630326,53.3399
3.0,17.333333333333332,78.5576923076923,24.327281235376695,52.879270004679455,2.356303228825456,139.46607393542348,3.4224496725356968,11.494618624239589,45.02105755732335,42.77674777725783,8.800336920917173,0.6482171268132897,122.54985025737014,53.33990000000001,Satisfactory,3.555993333333334,7.239440792630326,53.3399
3.0,17.333333333333332,78.56794871794872,24.327281235376695,52.879270004679455,2.356303228825456,139.46607393542348,3.0,11.494618624239589,45.02105755732335,42.77674777725783,8.800336920917173,0.6482171268132897,122.54985025737014,53.33990000000001,Satisfactory,3.555993333333334,7.239440792630326,53.3399
3.0,17.333333333333332,78.57820512820513,24.327281235376695,52.879270004679455,2.356303228825456,139.46607393542348,3.0,11.494618624239589,45.02105755732335,42.77674777725783,8.800336920917173,0.6482171268132897,122.54985025737014,53.33990000000001,Satisfactory,3.555993333333334,7.239440792630326,53.3399
3.0,17.333333333333332,78.58846153846154,24.327281235376695,52.879270004679455,2.356303228825456,139.46607393542348,3.0,11.494618624239589,45.02105755732335,42.77674777725783,8.800336920917173,0.6482171268132897,122.54985025737014,53.33990000000001,Satisfactory,3.555993333333334,7.239440792630326,53.3399
3.0,17.333333333333332,78.59871794871795,24.327281235376695,52.879270004679455,2.356303228825456,139.46607393542348,3.0,11.494618624239589,45.02105755732335,42.77674777725783,8.800336920917173,0.6482171268132897,122.54985025737014,53.33990000000001,Satisfactory,3.555993333333334,7.239440792630326,53.3399
3.0,17.333333333333332,78.60897435897436,24.327281235376695,52.879270004679455,2.356303228825456,139.46607393542348,3.0,11.494618624239589,45.02105755732335,42.77674777725783,8.800336920917173,0.6482171268132897,122.54985025737014,53.33990000000001,Satisfactory,3.555993333333334,7.239440792630326,53.3399
3.0,17.333333333333332,78.61923076923077,24.327281235376695,52.879270004679455,2.356303228825456,139.46607393542348,3.0,11.494618624239589,45.02105755732335,42.77674777725783,8.800336920917173,0.6482171268132897,122.54985025737014,53.33990000000001,Satisfactory,3.555993333333334,7.239440792630326,53.3399
3.0,17.333333333333332,78.62948717948719,24.327281235376695,52.879270004679455,2.356303228825456,139.46607393542348,3.0,11.494618624239589,45.02105755732335,42.77674777725783,8.800336920917173,0.6482171268132897,122.54985025737014,53.33990000000001,Satisfactory,3.555993333333334,7.239440792630326,53.3399
3.0,17.333333333333332,78.63974358974359,24.327281235376695,52.879270004679455,2.356303228825456,139.46607393542348,3.0,11.494618624239589,45.02105755732335,42.77674777725783,8.800336920917173,0.6482171268132897,122.54985025737014,53.33990000000001,Satisfactory,3.555993333333334,7.239440792630326,53.3399
3.0,17.333333333333332,78.65,24.327281235376695,52.879270004679455,2.356303228825456,139.46607393542348,3.0,11.494618624239589,45.02105755732335,42.77674777725783,8.800336920917173,0.6482171268132897,122.54985025737014,53.33990000000001,Satisfactory,3.555993333333334,7.239440792630326,53.3399
3.0,17.343589743589742,78.25,24.327281235376695,52.879270004679455,2.356303228825456,139.46607393542348,3.0,11.494618624239589,45.02105755732335,42.77674777725783,8.800336920917173,0.6482171268132897,122.54985025737014,53.87000000000001,Satisfactory,3.591333333333334,7.494902667813639,53.87
3.0,17.343589743589742,78.26025641025642,24.327281235376695,52.879270004679455,2.356303228825456,139.46607393542348,3.0,11.494618624239589,45.02105755732335,42.77674777725783,8.800336920917173,0.6482171268132897,122.54985025737014,53.87000000000001,Satisfactory,3.591333333333334,7.494902667813639,53.87
3.0,17.343589743589742,78.27051282051282,24.327281235376695,52.879270004679455,2.356303228825456,139.46607393542348,3.0,11.494618624239589,45.02105755732335,42.77674777725783,8.800336920917173,0.6482171268132897,122.54985025737014,53.87000000000001,Satisfactory,3.591333333333334,7.494902667813639,53.87
3.0,17.343589743589742,78.28076923076924,24.327281235376695,52.879270004679455,2.356303228825456,139.46607393542348,3.0,11.494618624239589,45.02105755732335,42.77674777725783,8.800336920917173,0.6482171268132897,122.54985025737014,53.87000000000001,Satisfactory,3.591333333333334,7.494902667813639,53.87
3.0,17.343589743589742,78.29102564102564,24.327281235376695,52.879270004679455,2.356303228825456,139.46607393542348,3.0,11.494618624239589,45.02105755732335,42.77674777725783,8.800336920917173,0.6482171268132897,122.54985025737014,53.87000000000001,Satisfactory,3.591333333333334,7.494902667813639,53.87
3.0,17.343589743589742,78.30128205128206,24.327281235376695,52.879270004679455,2.356303228825456,139.46607393542348,3.0,11.494618624239589,45.02105755732335,42.77674777725783,8.800336920917173,0.6482171268132897,122.54985025737014,53.947100000000006,Satisfactory,3.596473333333334,7.434132268799096,53.9471
3.0,17.343589743589742,78.31153846153846,24.327281235376695,52.879270004679455,2.356303228825456,139.46607393542348,3.0,11.494618624239589,45.02105755732335,42.77674777725783,8.800336920917173,0.6482171268132897,122.54985025737014,53.947100000000006,Satisfactory,3.596473333333334,7.434132268799096,53.9471
3.0,17.343589743589742,78.32179487179488,24.327281235376695,52.879270004679455,2.356303228825456,139.46607393542348,3.0,11.494618624239589,45.02105755732335,42.77674777725783,8.800336920917173,0.6482171268132897,122.54985025737014,53.947100000000006,Satisfactory,3.596473333333334,7.434132268799096,53.9471
3.0,17.343589743589742,78.33205128205128,24.327281235376695,52.879270004679455,2.356303228825456,139.46607393542348,3.0,11.494618624239589,45.02105755732335,42.77674777725783,8.800336920917173,0.6482171268132897,122.54985025737014,53.947100000000006,Satisfactory,3.596473333333334,7.434132268799096,53.9471
3.0,17.343589743589742,78.3423076923077,24.327281235376695,52.879270004679455,2.356303228825456,139.46607393542348,3.0,11.494618624239589,45.02105755732335,42.77674777725783,8.800336920917173,0.6482171268132897,122.54985025737014,53.947100000000006,Satisfactory,3.596473333333334,7.434132268799096,53.9471
3.0,17.343589743589742,78.3525641025641,24.327281235376695,52.879270004679455,2.356303228825456,139.46607393542348,3.0,11.494618624239589,45.02105755732335,42.77674777725783,8.800336920917173,0.6482171268132897,122.54985025737014,53.947100000000006,Satisfactory,3.596473333333334,7.434132268799096,53.9471
3.0,17.343589743589742,78.36282051282052,24.327281235376695,52.879270004679455,2.356303228825456,139.46607393542348,3.0,11.494618624239589,45.02105755732335,42.77674777725783,8.800336920917173,0.6482171268132897,122.54985025737014,53.947100000000006,Satisfactory,3.596473333333334,7.434132268799096,53.9471
3.0,17.343589743589742,78.37307692307692,24.327281235376695,52.879270004679455,2.356303228825456,139.46607393542348,3.0,11.494618624239589,45.02105755732335,42.77674777725783,8.800336920917173,0.6482171268132897,122.54985025737014,53.947100000000006,Satisfactory,3.596473333333334,7.434132268799096,53.9471
3.0,17.343589743589742,78.38333333333334,24.327281235376695,52.879270004679455,2.356303228825456,139.46607393542348,3.0,11.494618624239589,45.02105755732335,42.77674777725783,8.800336920917173,0.6482171268132897,122.54985025737014,53.94850000000001,Satisfactory,3.5965666666666674,7.441760057271398,53.94850000000001
3.0,17.343589743589742,78.39358974358974,24.327281235376695,52.879270004679455,2.356303228825456,139.46607393542348,3.0,11.494618624239589,45.02105755732335,42.77674777725783,8.800336920917173,0.6482171268132897,122.54985025737014,53.94850000000001,Satisfactory,3.5965666666666674,7.441760057271398,53.94850000000001
3.0,17.343589743589742,78.40384615384616,24.327281235376695,52.879270004679455,2.356303228825456,139.46607393542348,3.0,11.494618624239589,45.02105755732335,42.77674777725783,8.800336920917173,0.6482171268132897,122.54985025737014,53.94850000000001,Satisfactory,3.5965666666666674,7.441760057271398,53.94850000000001
3.0,17.343589743589742,78.41410256410256,24.327281235376695,52.879270004679455,2.356303228825456,139.46607393542348,3.265668830161516,11.494618624239589,45.02105755732335,42.77674777725783,8.800336920917173,0.6482171268132897,122.54985025737014,53.94850000000001,Satisfactory,3.5965666666666674,7.441760057271398,53.94850000000001
3.0,17.343589743589742,78.42435897435898,24.327281235376695,52.879270004679455,2.356303228825456,139.46607393542348,3.9949615719784646,11.494618624239589,45.02105755732335,42.77674777725783,8.800336920917173,0.6482171268132897,122.54985025737014,53.86880000000001,Satisfactory,3.591253333333334,7.423355478488147,53.86880000000001
3.0,17.343589743589742,78.43461538461538,24.327281235376695,52.879270004679455,2.356303228825456,139.46607393542348,4.6975251706173795,11.494618624239589,45.02105755732335,42.77674777725783,8.800336920917173,0.6482171268132897,122.54985025737014,53.97350000000002,Satisfactory,3.5982333333333347,7.439596141592633,53.973500000000016
3.0,17.343589743589742,78.4448717948718,24.327281235376695,52.879270004679455,2.356303228825456,139.46607393542348,5.361199003223041,11.494618624239589,45.02105755732335,42.77674777725783,8.800336920917173,0.6482171268132897,122.54985025737014,53.97350000000002,Satisfactory,3.5982333333333347,7.439596141592633,53.973500000000016
3.0,17.343589743589742,78.4551282051282,24.327281235376695,52.879270004679455,2.356303228825456,139.46607393542348,5.966739205503623,11.494618624239589,45.02105755732335,42.77674777725783,8.800336920917173,0.6482171268132897,122.54985025737014,55.914899999999996,Satisfactory,3.7276599999999998,8.488185258934914,55.91489999999999
3.0,17.343589743589742,78.46538461538462,24.327281235376695,52.879270004679455,2.356303228825456,139.46607393542348,6.483980494594824,11.494618624239589,45.02105755732335,42.77674777725783,8.800336920917173,0.6482171268132897,122.54985025737014,55.914899999999996,Satisfactory,3.7276599999999998,8.488185258934914,55.91489999999999
3.0,17.343589743589742,78.47564102564102,24.327281235376695,52.879270004679455,2.356303228825456,139.46607393542348,6.868853841543956,11.494618624239589,45.02105755732335,42.77674777725783,8.800336920917173,0.6482171268132897,122.54985025737014,64.02780000000001,Moderate,4.2685200000000005,11.880793288328858,64.02780000000001
3.0,17.343589743589742,78.48589743589744,24.327281235376695,52.879270004679455,2.356303228825456,139.46607393542348,7.068747375935058,11.494618624239589,45.02105755732335,42.77674777725783,8.800336920917173,0.6482171268132897,122.54985025737014,64.09800000000001,Moderate,4.273200000000001,11.923901374969516,64.09800000000001
3.0,17.343589743589742,78.49615384615385,24.327281235376695,52.879270004679455,2.356303228825456,139.46607393542348,7.045868959606951,11.494618624239589,45.02105755732335,42.77674777725783,8.800336920917173,0.6482171268132897,122.54985025737014,64.09800000000001,Moderate,4.273200000000001,11.923901374969516,64.09800000000001
3.0,17.343589743589742,78.50641025641026,24.327281235376695,52.879270004679455,2.356303228825456,139.46607393542348,6.8050006199072985,11.494618624239589,45.02105755732335,42.77674777725783,8.800336920917173,0.6482171268132897,122.54985025737014,64.09800000000001,Moderate,4.273200000000001,11.923901374969516,64.09800000000001
3.0,17.343589743589742,78.51666666666667,24.327281235376695,52.879270004679455,2.356303228825456,139.46607393542348,6.38951049703498,11.494618624239589,45.02105755732335,42.77674777725783,8.800336920917173,0.6482171268132897,122.54985025737014,55.914899999999996,Satisfactory,3.7276599999999998,8.488185258934914,55.91489999999999
3.0,17.343589743589742,78.52692307692308,24.327281235376695,52.879270004679455,2.356303228825456,139.46607393542348,5.851538786428745,11.494618624239589,45.02105755732335,42.77674777725783,8.800336920917173,0.6482171268132897,122.54985025737014,55.65659999999998,Satisfactory,3.710439999999999,8.279979495143692,55.65659999999998
3.0,17.343589743589742,78.53717948717949,24.327281235376695,52.879270004679455,2.356303228825456,139.46607393542348,5.2323686166782295,11.494618624239589,45.02105755732335,42.77674777725783,8.800336920917173,0.6482171268132897,122.54985025737014,53.679500000000004,Satisfactory,3.5786333333333338,7.150040192194727,53.6795
3.0,17.343589743589742,78.5474358974359,24.327281235376695,52.879270004679455,2.356303228825456,139.46607393542348,4.559653489783521,11.494618624239589,45.02105755732335,42.77674777725783,8.800336920917173,0.6482171268132897,122.54985025737014,53.40920000000001,Satisfactory,3.5606133333333343,7.276852297525351,53.4092
3.0,17.343589743589742,78.5576923076923,24.327281235376695,52.879270004679455,2.356303228825456,139.46607393542348,3.850942033737531,11.494618624239589,45.02105755732335,42.77674777725783,8.800336920917173,0.6482171268132897,122.54985025737014,53.33990000000001,Satisfactory,3.555993333333334,7.239440792630326,53.3399
3.0,17.343589743589742,78.56794871794872,24.327281235376695,52.879270004679455,2.356303228825456,139.46607393542348,3.1173449766132153,11.494618624239589,45.02105755732335,42.77674777725783,8.800336920917173,0.6482171268132897,122.54985025737014,53.33990000000001,Satisfactory,3.555993333333334,7.239440792630326,53.3399
3.0,17.343589743589742,78.57820512820513,24.327281235376695,52.879270004679455,2.356303228825456,139.46607393542348,3.0,11.494618624239589,45.02105755732335,42.77674777725783,8.800336920917173,0.6482171268132897,122.54985025737014,53.33990000000001,Satisfactory,3.555993333333334,7.239440792630326,53.3399
3.0,17.343589743589742,78.58846153846154,24.327281235376695,52.879270004679455,2.356303228825456,139.46607393542348,3.0,11.494618624239589,45.02105755732335,42.77674777725783,8.800336920917173,0.6482171268132897,122.54985025737014,53.33990000000001,Satisfactory,3.555993333333334,7.239440792630326,53.3399
3.0,17.343589743589742,78.59871794871795,24.327281235376695,52.879270004679455,2.356303228825456,139.46607393542348,3.0,11.494618624239589,45.02105755732335,42.77674777725783,8.800336920917173,0.6482171268132897,122.54985025737014,53.33990000000001,Satisfactory,3.555993333333334,7.239440792630326,53.3399
3.0,17.343589743589742,78.60897435897436,24.327281235376695,52.879270004679455,2.356303228825456,139.46607393542348,3.0,11.494618624239589,45.02105755732335,42.77674777725783,8.800336920917173,0.6482171268132897,122.54985025737014,53.33990000000001,Satisfactory,3.555993333333334,7.239440792630326,53.3399
3.0,17.343589743589742,78.61923076923077,24.327281235376695,52.879270004679455,2.356303228825456,139.46607393542348,3.0,11.494618624239589,45.02105755732335,42.77674777725783,8.800336920917173,0.6482171268132897,122.54985025737014,53.33990000000001,Satisfactory,3.555993333333334,7.239440792630326,53.3399
3.0,17.343589743589742,78.62948717948719,24.327281235376695,52.879270004679455,2.356303228825456,139.46607393542348,3.0,11.494618624239589,45.02105755732335,42.77674777725783,8.800336920917173,0.6482171268132897,122.54985025737014,53.33990000000001,Satisfactory,3.555993333333334,7.239440792630326,53.3399
3.0,17.343589743589742,78.63974358974359,24.327281235376695,52.879270004679455,2.356303228825456,139.46607393542348,3.0,11.494618624239589,45.02105755732335,42.77674777725783,8.800336920917173,0.6482171268132897,122.54985025737014,53.33990000000001,Satisfactory,3.555993333333334,7.239440792630326,53.3399
3.0,17.343589743589742,78.65,24.327281235376695,52.879270004679455,2.356303228825456,139.46607393542348,3.0,11.494618624239589,45.02105755732335,42.77674777725783,8.800336920917173,0.6482171268132897,122.54985025737014,53.33990000000001,Satisfactory,3.555993333333334,7.239440792630326,53.3399
3.0,17.353846153846153,78.25,24.327281235376695,52.879270004679455,2.356303228825456,139.46607393542348,3.0,11.494618624239589,45.02105755732335,42.77674777725783,8.800336920917173,0.6482171268132897,122.54985025737014,53.87000000000001,Satisfactory,3.591333333333334,7.494902667813639,53.87
3.0,17.353846153846153,78.26025641025642,24.327281235376695,52.879270004679455,2.356303228825456,139.46607393542348,3.0,11.494618624239589,45.02105755732335,42.77674777725783,8.800336920917173,0.6482171268132897,122.54985025737014,53.87000000000001,Satisfactory,3.591333333333334,7.494902667813639,53.87
3.0,17.353846153846153,78.27051282051282,24.327281235376695,52.879270004679455,2.356303228825456,139.46607393542348,3.0,11.494618624239589,45.02105755732335,42.77674777725783,8.800336920917173,0.6482171268132897,122.54985025737014,53.87000000000001,Satisfactory,3.591333333333334,7.494902667813639,53.87
3.0,17.353846153846153,78.28076923076924,24.327281235376695,52.879270004679455,2.356303228825456,139.46607393542348,3.0,11.494618624239589,45.02105755732335,42.77674777725783,8.800336920917173,0.6482171268132897,122.54985025737014,53.87000000000001,Satisfactory,3.591333333333334,7.494902667813639,53.87
3.0,17.353846153846153,78.29102564102564,24.327281235376695,52.879270004679455,2.356303228825456,139.46607393542348,3.0,11.494618624239589,45.02105755732335,42.77674777725783,8.800336920917173,0.6482171268132897,122.54985025737014,53.87000000000001,Satisfactory,3.591333333333334,7.494902667813639,53.87
3.0,17.353846153846153,78.30128205128206,24.327281235376695,52.879270004679455,2.356303228825456,139.46607393542348,3.0,11.494618624239589,45.02105755732335,42.77674777725783,8.800336920917173,0.6482171268132897,122.54985025737014,53.947100000000006,Satisfactory,3.596473333333334,7.434132268799096,53.9471
3.0,17.353846153846153,78.31153846153846,24.327281235376695,52.879270004679455,2.356303228825456,139.46607393542348,3.0,11.494618624239589,45.02105755732335,42.77674777725783,8.800336920917173,0.6482171268132897,122.54985025737014,53.947100000000006,Satisfactory,3.596473333333334,7.434132268799096,53.9471
3.0,17.353846153846153,78.32179487179488,24.327281235376695,52.879270004679455,2.356303228825456,139.46607393542348,3.0,11.494618624239589,45.02105755732335,42.77674777725783,8.800336920917173,0.6482171268132897,122.54985025737014,53.947100000000006,Satisfactory,3.596473333333334,7.434132268799096,53.9471
3.0,17.353846153846153,78.33205128205128,24.327281235376695,52.879270004679455,2.356303228825456,139.46607393542348,3.0,11.494618624239589,45.02105755732335,42.77674777725783,8.800336920917173,0.6482171268132897,122.54985025737014,53.947100000000006,Satisfactory,3.596473333333334,7.434132268799096,53.9471
3.0,17.353846153846153,78.3423076923077,24.327281235376695,52.879270004679455,2.356303228825456,139.46607393542348,3.0,11.494618624239589,45.02105755732335,42.77674777725783,8.800336920917173,0.6482171268132897,122.54985025737014,53.947100000000006,Satisfactory,3.596473333333334,7.434132268799096,53.9471
3.0,17.353846153846153,78.3525641025641,24.327281235376695,52.879270004679455,2.356303228825456,139.46607393542348,3.0,11.494618624239589,45.02105755732335,42.77674777725783,8.800336920917173,0.6482171268132897,122.54985025737014,53.947100000000006,Satisfactory,3.596473333333334,7.434132268799096,53.9471
3.0,17.353846153846153,78.36282051282052,24.327281235376695,52.879270004679455,2.356303228825456,139.46607393542348,3.0,11.494618624239589,45.02105755732335,42.77674777725783,8.800336920917173,0.6482171268132897,122.54985025737014,53.947100000000006,Satisfactory,3.596473333333334,7.434132268799096,53.9471
3.0,17.353846153846153,78.37307692307692,24.327281235376695,52.879270004679455,2.356303228825456,139.46607393542348,3.0,11.494618624239589,45.02105755732335,42.77674777725783,8.800336920917173,0.6482171268132897,122.54985025737014,53.947100000000006,Satisfactory,3.596473333333334,7.434132268799096,53.9471
3.0,17.353846153846153,78.38333333333334,24.327281235376695,52.879270004679455,2.356303228825456,139.46607393542348,3.0,11.494618624239589,45.02105755732335,42.77674777725783,8.800336920917173,0.6482171268132897,122.54985025737014,53.94850000000001,Satisfactory,3.5965666666666674,7.441760057271398,53.94850000000001
3.0,17.353846153846153,78.39358974358974,24.327281235376695,52.879270004679455,2.356303228825456,139.46607393542348,3.0,11.494618624239589,45.02105755732335,42.77674777725783,8.800336920917173,0.6482171268132897,122.54985025737014,53.94850000000001,Satisfactory,3.5965666666666674,7.441760057271398,53.94850000000001
3.0,17.353846153846153,78.40384615384616,24.327281235376695,52.879270004679455,2.356303228825456,139.46607393542348,3.0,11.494618624239589,45.02105755732335,42.77674777725783,8.800336920917173,0.6482171268132897,122.54985025737014,53.94850000000001,Satisfactory,3.5965666666666674,7.441760057271398,53.94850000000001
3.0,17.353846153846153,78.41410256410256,24.327281235376695,52.879270004679455,2.356303228825456,139.46607393542348,3.5778162246444456,11.494618624239589,45.02105755732335,42.77674777725783,8.800336920917173,0.6482171268132897,122.54985025737014,53.94850000000001,Satisfactory,3.5965666666666674,7.441760057271398,53.94850000000001
3.0,17.353846153846153,78.42435897435898,24.327281235376695,52.879270004679455,2.356303228825456,139.46607393542348,4.34723831553131,11.494618624239589,45.02105755732335,42.77674777725783,8.800336920917173,0.6482171268132897,122.54985025737014,53.86880000000001,Satisfactory,3.591253333333334,7.423355478488147,53.86880000000001
3.0,17.353846153846153,78.43461538461538,24.327281235376695,52.879270004679455,2.356303228825456,139.46607393542348,5.100054341564773,11.494618624239589,45.02105755732335,42.77674777725783,8.800336920917173,0.6482171268132897,122.54985025737014,53.97350000000002,Satisfactory,3.5982333333333347,7.439596141592633,53.973500000000016
3.0,17.353846153846153,78.4448717948718,24.327281235376695,52.879270004679455,2.356303228825456,139.46607393542348,5.827266743837935,11.494618624239589,45.02105755732335,42.77674777725783,8.800336920917173,0.6482171268132897,122.54985025737014,55.883399999999995,Satisfactory,3.7255599999999998,8.339802302213167,55.883399999999995
3.0,17.353846153846153,78.4551282051282,24.327281235376695,52.879270004679455,2.356303228825456,139.46607393542348,6.512820512820781,11.494618624239589,45.02105755732335,42.77674777725783,8.800336920917173,0.6482171268132897,122.54985025737014,63.92140000000001,Moderate,4.261426666666668,11.922583782049932,63.92140000000001
3.0,17.353846153846153,78.46538461538462,24.327281235376695,52.879270004679455,2.356303228825456,139.46607393542348,7.126740300325843,11.494618624239589,45.02105755732335,42.77674777725783,8.800336920917173,0.6482171268132897,122.54985025737014,63.92140000000001,Moderate,4.261426666666668,11.922583782049932,63.92140000000001
3.0,17.353846153846153,78.47564102564102,24.327281235376695,52.879270004679455,2.356303228825456,139.46607393542348,7.6130973197476175,11.494618624239589,45.02105755732335,42.77674777725783,8.800336920917173,0.6482171268132897,122.54985025737014,68.16189999999997,Moderate,4.544126666666665,10.254749504010325,68.16189999999997
3.0,17.353846153846153,78.48589743589744,24.327281235376695,52.879270004679455,2.356303228825456,139.46607393542348,7.882107159115558,11.494618624239589,45.02105755732335,42.77674777725783,8.800336920917173,0.6482171268132897,122.54985025737014,68.48099999999997,Moderate,4.565399999999998,10.536938976761709,68.48099999999997
3.0,17.353846153846153,78.49615384615385,24.327281235376695,52.879270004679455,2.356303228825456,139.46607393542348,7.850553945037074,11.494618624239589,45.02105755732335,42.77674777725783,8.800336920917173,0.6482171268132897,122.54985025737014,68.48099999999997,Moderate,4.565399999999998,10.536938976761709,68.48099999999997
3.0,17.353846153846153,78.50641025641026,24.327281235376695,52.879270004679455,2.356303228825456,139.46607393542348,7.529929317170312,11.494618624239589,45.02105755732335,42.77674777725783,8.800336920917173,0.6482171268132897,122.54985025737014,68.48099999999997,Moderate,4.565399999999998,10.536938976761709,68.48099999999997
3.0,17.353846153846153,78.51666666666667,24.327281235376695,52.879270004679455,2.356303228825456,139.46607393542348,7.011879756368134,11.494618624239589,45.02105755732335,42.77674777725783,8.800336920917173,0.6482171268132897,122.54985025737014,65.7834,Moderate,4.38556,12.986227028663865,65.7834
3.0,17.353846153846153,78.52692307692308,24.327281235376695,52.879270004679455,2.356303228825456,139.46607393542348,6.3801990966508875,11.494618624239589,45.02105755732335,42.77674777725783,8.800336920917173,0.6482171268132897,122.54985025737014,55.65659999999998,Satisfactory,3.710439999999999,8.279979495143692,55.65659999999998
3.0,17.353846153846153,78.53717948717949,24.327281235376695,52.879270004679455,2.356303228825456,139.46607393542348,5.684500359562449,11.494618624239589,45.02105755732335,42.77674777725783,8.800336920917173,0.6482171268132897,122.54985025737014,55.65659999999998,Satisfactory,3.710439999999999,8.279979495143692,55.65659999999998
3.0,17.353846153846153,78.5474358974359,24.327281235376695,52.879270004679455,2.356303228825456,139.46607393542348,4.951178524585506,11.494618624239589,45.02105755732335,42.77674777725783,8.800336920917173,0.6482171268132897,122.54985025737014,53.40920000000001,Satisfactory,3.5606133333333343,7.276852297525351,53.4092
3.0,17.353846153846153,78.5576923076923,24.327281235376695,52.879270004679455,2.356303228825456,139.46607393542348,4.19447314950332,11.494618624239589,45.02105755732335,42.77674777725783,8.800336920917173,0.6482171268132897,122.54985025737014,53.33990000000001,Satisfactory,3.555993333333334,7.239440792630326,53.3399
3.0,17.353846153846153,78.56794871794872,24.327281235376695,52.879270004679455,2.356303228825456,139.46607393542348,3.422449672535123,11.494618624239589,45.02105755732335,42.77674777725783,8.800336920917173,0.6482171268132897,122.54985025737014,53.33990000000001,Satisfactory,3.555993333333334,7.239440792630326,53.3399
3.0,17.353846153846153,78.57820512820513,24.327281235376695,52.879270004679455,2.356303228825456,139.46607393542348,3.0,11.494618624239589,45.02105755732335,42.77674777725783,8.800336920917173,0.6482171268132897,122.54985025737014,53.33990000000001,Satisfactory,3.555993333333334,7.239440792630326,53.3399
3.0,17.353846153846153,78.58846153846154,24.327281235376695,52.879270004679455,2.356303228825456,139.46607393542348,3.0,11.494618624239589,45.02105755732335,42.77674777725783,8.800336920917173,0.6482171268132897,122.54985025737014,53.33990000000001,Satisfactory,3.555993333333334,7.239440792630326,53.3399
3.0,17.353846153846153,78.59871794871795,24.327281235376695,52.879270004679455,2.356303228825456,139.46607393542348,3.0,11.494618624239589,45.02105755732335,42.77674777725783,8.800336920917173,0.6482171268132897,122.54985025737014,53.33990000000001,Satisfactory,3.555993333333334,7.239440792630326,53.3399
3.0,17.353846153846153,78.60897435897436,24.327281235376695,52.879270004679455,2.356303228825456,139.46607393542348,3.0,11.494618624239589,45.02105755732335,42.77674777725783,8.800336920917173,0.6482171268132897,122.54985025737014,53.33990000000001,Satisfactory,3.555993333333334,7.239440792630326,53.3399
3.0,17.353846153846153,78.61923076923077,24.327281235376695,52.879270004679455,2.356303228825456,139.46607393542348,3.0,11.494618624239589,45.02105755732335,42.77674777725783,8.800336920917173,0.6482171268132897,122.54985025737014,53.33990000000001,Satisfactory,3.555993333333334,7.239440792630326,53.3399
3.0,17.353846153846153,78.62948717948719,24.327281235376695,52.879270004679455,2.356303228825456,139.46607393542348,3.0,11.494618624239589,45.02105755732335,42.77674777725783,8.800336920917173,0.6482171268132897,122.54985025737014,53.33990000000001,Satisfactory,3.555993333333334,7.239440792630326,53.3399
3.0,17.353846153846153,78.63974358974359,24.327281235376695,52.879270004679455,2.356303228825456,139.46607393542348,3.0,11.494618624239589,45.02105755732335,42.77674777725783,8.800336920917173,0.6482171268132897,122.54985025737014,53.33990000000001,Satisfactory,3.555993333333334,7.239440792630326,53.3399
3.0,17.353846153846153,78.65,24.327281235376695,52.879270004679455,2.356303228825456,139.46607393542348,3.0,11.494618624239589,45.02105755732335,42.77674777725783,8.800336920917173,0.6482171268132897,122.54985025737014,53.33990000000001,Satisfactory,3.555993333333334,7.239440792630326,53.3399
3.0,17.364102564102563,78.25,24.327281235376695,52.879270004679455,2.356303228825456,139.46607393542348,3.0,11.494618624239589,45.02105755732335,42.77674777725783,8.800336920917173,0.6482171268132897,122.54985025737014,56.01880000000002,Satisfactory,3.734586666666668,7.9947219188662215,56.01880000000001
3.0,17.364102564102563,78.26025641025642,24.327281235376695,52.879270004679455,2.356303228825456,139.46607393542348,3.0,11.494618624239589,45.02105755732335,42.77674777725783,8.800336920917173,0.6482171268132897,122.54985025737014,56.01880000000002,Satisfactory,3.734586666666668,7.9947219188662215,56.01880000000001
3.0,17.364102564102563,78.27051282051282,24.327281235376695,52.879270004679455,2.356303228825456,139.46607393542348,3.0,11.494618624239589,45.02105755732335,42.77674777725783,8.800336920917173,0.6482171268132897,122.54985025737014,56.01880000000002,Satisfactory,3.734586666666668,7.9947219188662215,56.01880000000001
3.0,17.364102564102563,78.28076923076924,24.327281235376695,52.879270004679455,2.356303228825456,139.46607393542348,3.0,11.494618624239589,45.02105755732335,42.77674777725783,8.800336920917173,0.6482171268132897,122.54985025737014,56.01880000000002,Satisfactory,3.734586666666668,7.9947219188662215,56.01880000000001
3.0,17.364102564102563,78.29102564102564,24.327281235376695,52.879270004679455,2.356303228825456,139.46607393542348,3.0,11.494618624239589,45.02105755732335,42.77674777725783,8.800336920917173,0.6482171268132897,122.54985025737014,56.01880000000002,Satisfactory,3.734586666666668,7.9947219188662215,56.01880000000001
3.0,17.364102564102563,78.30128205128206,24.327281235376695,52.879270004679455,2.356303228825456,139.46607393542348,3.0,11.494618624239589,45.02105755732335,42.77674777725783,8.800336920917173,0.6482171268132897,122.54985025737014,56.140900000000016,Satisfactory,3.742726666666668,7.905569820702364,56.14090000000001
3.0,17.364102564102563,78.31153846153846,24.327281235376695,52.879270004679455,2.356303228825456,139.46607393542348,3.0,11.494618624239589,45.02105755732335,42.77674777725783,8.800336920917173,0.6482171268132897,122.54985025737014,56.140900000000016,Satisfactory,3.742726666666668,7.905569820702364,56.14090000000001
3.0,17.364102564102563,78.32179487179488,24.327281235376695,52.879270004679455,2.356303228825456,139.46607393542348,3.0,11.494618624239589,45.02105755732335,42.77674777725783,8.800336920917173,0.6482171268132897,122.54985025737014,56.140900000000016,Satisfactory,3.742726666666668,7.905569820702364,56.14090000000001
3.0,17.364102564102563,78.33205128205128,24.327281235376695,52.879270004679455,2.356303228825456,139.46607393542348,3.0,11.494618624239589,45.02105755732335,42.77674777725783,8.800336920917173,0.6482171268132897,122.54985025737014,56.140900000000016,Satisfactory,3.742726666666668,7.905569820702364,56.14090000000001
3.0,17.364102564102563,78.3423076923077,24.327281235376695,52.879270004679455,2.356303228825456,139.46607393542348,3.0,11.494618624239589,45.02105755732335,42.77674777725783,8.800336920917173,0.6482171268132897,122.54985025737014,56.140900000000016,Satisfactory,3.742726666666668,7.905569820702364,56.14090000000001
3.0,17.364102564102563,78.3525641025641,24.327281235376695,52.879270004679455,2.356303228825456,139.46607393542348,3.0,11.494618624239589,45.02105755732335,42.77674777725783,8.800336920917173,0.6482171268132897,122.54985025737014,56.140900000000016,Satisfactory,3.742726666666668,7.905569820702364,56.14090000000001
3.0,17.364102564102563,78.36282051282052,24.327281235376695,52.879270004679455,2.356303228825456,139.46607393542348,3.0,11.494618624239589,45.02105755732335,42.77674777725783,8.800336920917173,0.6482171268132897,122.54985025737014,56.140900000000016,Satisfactory,3.742726666666668,7.905569820702364,56.14090000000001
3.0,17.364102564102563,78.37307692307692,24.327281235376695,52.879270004679455,2.356303228825456,139.46607393542348,3.0,11.494618624239589,45.02105755732335,42.77674777725783,8.800336920917173,0.6482171268132897,122.54985025737014,56.140900000000016,Satisfactory,3.742726666666668,7.905569820702364,56.14090000000001
3.0,17.364102564102563,78.38333333333334,24.327281235376695,52.879270004679455,2.356303228825456,139.46607393542348,3.0,11.494618624239589,45.02105755732335,42.77674777725783,8.800336920917173,0.6482171268132897,122.54985025737014,56.14230000000002,Satisfactory,3.7428200000000014,7.912355004042729,56.14230000000002
3.0,17.364102564102563,78.39358974358974,24.327281235376695,52.879270004679455,2.356303228825456,139.46607393542348,3.0,11.494618624239589,45.02105755732335,42.77674777725783,8.800336920917173,0.6482171268132897,122.54985025737014,56.14230000000002,Satisfactory,3.7428200000000014,7.912355004042729,56.14230000000002
3.0,17.364102564102563,78.40384615384616,24.327281235376695,52.879270004679455,2.356303228825456,139.46607393542348,3.0,11.494618624239589,45.02105755732335,42.77674777725783,8.800336920917173,0.6482171268132897,122.54985025737014,56.14230000000002,Satisfactory,3.7428200000000014,7.912355004042729,56.14230000000002
3.0,17.364102564102563,78.41410256410256,24.327281235376695,52.879270004679455,2.356303228825456,139.46607393542348,3.7964401219079136,11.494618624239589,45.02105755732335,42.77674777725783,8.800336920917173,0.6482171268132897,122.54985025737014,56.256800000000005,Satisfactory,3.7504533333333336,7.954070389429553,56.256800000000005
3.0,17.364102564102563,78.42435897435898,24.327281235376695,52.879270004679455,2.356303228825456,139.46607393542348,4.596905943995507,11.494618624239589,45.02105755732335,42.77674777725783,8.800336920917173,0.6482171268132897,122.54985025737014,56.36250000000001,Satisfactory,3.7575000000000007,7.895365776833901,56.36250000000001
3.0,17.364102564102563,78.43461538461538,24.327281235376695,52.879270004679455,2.356303228825456,139.46607393542348,5.390316911950237,11.494618624239589,45.02105755732335,42.77674777725783,8.800336920917173,0.6482171268132897,122.54985025737014,56.36250000000001,Satisfactory,3.7575000000000007,7.895365776833901,56.36250000000001
3.0,17.364102564102563,78.4448717948718,24.327281235376695,52.879270004679455,2.356303228825456,139.46607393542348,6.172283507923472,11.494618624239589,45.02105755732335,42.77674777725783,8.800336920917173,0.6482171268132897,122.54985025737014,58.32909999999999,Satisfactory,3.888606666666666,8.23455379422589,58.32909999999999
3.0,17.364102564102563,78.4551282051282,24.327281235376695,52.879270004679455,2.356303228825456,139.46607393542348,6.934036612671755,11.494618624239589,45.02105755732335,42.77674777725783,8.800336920917173,0.6482171268132897,122.54985025737014,63.92140000000001,Moderate,4.261426666666668,11.922583782049932,63.92140000000001
3.0,17.364102564102563,78.46538461538462,24.327281235376695,52.879270004679455,2.356303228825456,139.46607393542348,7.655787548363973,11.494618624239589,45.02105755732335,42.77674777725783,8.800336920917173,0.6482171268132897,122.54985025737014,68.05549999999998,Moderate,4.537033333333332,10.3457420589342,68.05549999999998
3.0,17.364102564102563,78.47564102564102,24.327281235376695,52.879270004679455,2.356303228825456,139.46607393542348,8.286227809296179,11.494618624239589,45.02105755732335,42.77674777725783,8.800336920917173,0.6482171268132897,122.54985025737014,68.25699999999998,Moderate,4.550466666666665,10.237348533678043,68.25699999999998
3.0,17.364102564102563,78.48589743589744,24.327281235376695,52.879270004679455,2.356303228825456,139.46607393542348,8.686538617962697,11.494618624239589,45.02105755732335,42.77674777725783,8.800336920917173,0.6482171268132897,122.54985025737014,67.06289999999998,Moderate,4.470859999999999,10.250599523442519,67.06289999999998
3.0,17.364102564102563,78.49615384615385,24.327281235376695,52.879270004679455,2.356303228825456,139.46607393542348,8.636244501448498,11.494618624239589,45.02105755732335,42.77674777725783,8.800336920917173,0.6482171268132897,122.54985025737014,67.06289999999998,Moderate,4.470859999999999,10.250599523442519,67.06289999999998
3.0,17.364102564102563,78.50641025641026,24.327281235376695,52.879270004679455,2.356303228825456,139.46607393542348,8.172170715080732,11.494618624239589,45.02105755732335,42.77674777725783,8.800336920917173,0.6482171268132897,122.54985025737014,68.57609999999997,Moderate,4.5717399999999975,10.51711974782069,68.57609999999997
3.0,17.364102564102563,78.51666666666667,24.327281235376695,52.879270004679455,2.356303228825456,139.46607393542348,7.516338729408471,11.494618624239589,45.02105755732335,42.77674777725783,8.800336920917173,0.6482171268132897,122.54985025737014,70.80219999999997,Moderate,4.720146666666665,10.971816219751402,70.80219999999997
3.0,17.364102564102563,78.52692307692308,24.327281235376695,52.879270004679455,2.356303228825456,139.46607393542348,6.783997932755511,11.494618624239589,45.02105755732335,42.77674777725783,8.800336920917173,0.6482171268132897,122.54985025737014,65.7834,Moderate,4.38556,12.986227028663865,65.7834
3.0,17.364102564102563,78.53717948717949,24.327281235376695,52.879270004679455,2.356303228825456,139.46607393542348,6.017130699702738,11.494618624239589,45.02105755732335,42.77674777725783,8.800336920917173,0.6482171268132897,122.54985025737014,58.3606,Satisfactory,3.8907066666666665,8.375606464012023,58.360599999999984
3.0,17.364102564102563,78.5474358974359,24.327281235376695,52.879270004679455,2.356303228825456,139.46607393542348,5.232368616677633,11.494618624239589,45.02105755732335,42.77674777725783,8.800336920917173,0.6482171268132897,122.54985025737014,56.05650000000001,Satisfactory,3.7371000000000003,8.127489941550218,56.0565
3.0,17.364102564102563,78.5576923076923,24.327281235376695,52.879270004679455,2.356303228825456,139.46607393542348,4.437280096169531,11.494618624239589,45.02105755732335,42.77674777725783,8.800336920917173,0.6482171268132897,122.54985025737014,55.906499999999994,Satisfactory,3.7270999999999996,8.161015669020616,55.906499999999994
3.0,17.364102564102563,78.56794871794872,24.327281235376695,52.879270004679455,2.356303228825456,139.46607393542348,3.635734211476781,11.494618624239589,45.02105755732335,42.77674777725783,8.800336920917173,0.6482171268132897,122.54985025737014,55.906499999999994,Satisfactory,3.7270999999999996,8.161015669020616,55.906499999999994
3.0,17.364102564102563,78.57820512820513,24.327281235376695,52.879270004679455,2.356303228825456,139.46607393542348,3.0,11.494618624239589,45.02105755732335,42.77674777725783,8.800336920917173,0.6482171268132897,122.54985025737014,55.906499999999994,Satisfactory,3.7270999999999996,8.161015669020616,55.906499999999994
3.0,17.364102564102563,78.58846153846154,24.327281235376695,52.879270004679455,2.356303228825456,139.46607393542348,3.0,11.494618624239589,45.02105755732335,42.77674777725783,8.800336920917173,0.6482171268132897,122.54985025737014,55.906499999999994,Satisfactory,3.7270999999999996,8.161015669020616,55.906499999999994
3.0,17.364102564102563,78.59871794871795,24.327281235376695,52.879270004679455,2.356303228825456,139.46607393542348,3.0,11.494618624239589,45.02105755732335,42.77674777725783,8.800336920917173,0.6482171268132897,122.54985025737014,55.906499999999994,Satisfactory,3.7270999999999996,8.161015669020616,55.906499999999994
3.0,17.364102564102563,78.60897435897436,24.327281235376695,52.879270004679455,2.356303228825456,139.46607393542348,3.0,11.494618624239589,45.02105755732335,42.77674777725783,8.800336920917173,0.6482171268132897,122.54985025737014,55.906499999999994,Satisfactory,3.7270999999999996,8.161015669020616,55.906499999999994
3.0,17.364102564102563,78.61923076923077,24.327281235376695,52.879270004679455,2.356303228825456,139.46607393542348,3.0,11.494618624239589,45.02105755732335,42.77674777725783,8.800336920917173,0.6482171268132897,122.54985025737014,55.906499999999994,Satisfactory,3.7270999999999996,8.161015669020616,55.906499999999994
3.0,17.364102564102563,78.62948717948719,24.327281235376695,52.879270004679455,2.356303228825456,139.46607393542348,3.0,11.494618624239589,45.02105755732335,42.77674777725783,8.800336920917173,0.6482171268132897,122.54985025737014,55.906499999999994,Satisfactory,3.7270999999999996,8.161015669020616,55.906499999999994
3.0,17.364102564102563,78.63974358974359,24.327281235376695,52.879270004679455,2.356303228825456,139.46607393542348,3.0,11.494618624239589,45.02105755732335,42.77674777725783,8.800336920917173,0.6482171268132897,122.54985025737014,55.906499999999994,Satisfactory,3.7270999999999996,8.161015669020616,55.906499999999994
3.0,17.364102564102563,78.65,24.327281235376695,52.879270004679455,2.356303228825456,139.46607393542348,3.0,11.494618624239589,45.02105755732335,42.77674777725783,8.800336920917173,0.6482171268132897,122.54985025737014,55.906499999999994,Satisfactory,3.7270999999999996,8.161015669020616,55.906499999999994
3.0,17.374358974358973,78.25,24.327281235376695,52.879270004679455,2.356303228825456,139.46607393542348,3.0,11.494618624239589,45.02105755732335,42.77674777725783,8.800336920917173,0.6482171268132897,122.54985025737014,56.01880000000002,Satisfactory,3.734586666666668,7.9947219188662215,56.01880000000001
3.0,17.374358974358973,78.26025641025642,24.327281235376695,52.879270004679455,2.356303228825456,139.46607393542348,3.0,11.494618624239589,45.02105755732335,42.77674777725783,8.800336920917173,0.6482171268132897,122.54985025737014,56.01880000000002,Satisfactory,3.734586666666668,7.9947219188662215,56.01880000000001
3.0,17.374358974358973,78.27051282051282,24.327281235376695,52.879270004679455,2.356303228825456,139.46607393542348,3.0,11.494618624239589,45.02105755732335,42.77674777725783,8.800336920917173,0.6482171268132897,122.54985025737014,56.01880000000002,Satisfactory,3.734586666666668,7.9947219188662215,56.01880000000001
3.0,17.374358974358973,78.28076923076924,24.327281235376695,52.879270004679455,2.356303228825456,139.46607393542348,3.0,11.494618624239589,45.02105755732335,42.77674777725783,8.800336920917173,0.6482171268132897,122.54985025737014,56.01880000000002,Satisfactory,3.734586666666668,7.9947219188662215,56.01880000000001
3.0,17.374358974358973,78.29102564102564,24.327281235376695,52.879270004679455,2.356303228825456,139.46607393542348,3.0,11.494618624239589,45.02105755732335,42.77674777725783,8.800336920917173,0.6482171268132897,122.54985025737014,56.01880000000002,Satisfactory,3.734586666666668,7.9947219188662215,56.01880000000001
3.0,17.374358974358973,78.30128205128206,24.327281235376695,52.879270004679455,2.356303228825456,139.46607393542348,3.0,11.494618624239589,45.02105755732335,42.77674777725783,8.800336920917173,0.6482171268132897,122.54985025737014,56.140900000000016,Satisfactory,3.742726666666668,7.905569820702364,56.14090000000001
3.0,17.374358974358973,78.31153846153846,24.327281235376695,52.879270004679455,2.356303228825456,139.46607393542348,3.0,11.494618624239589,45.02105755732335,42.77674777725783,8.800336920917173,0.6482171268132897,122.54985025737014,56.140900000000016,Satisfactory,3.742726666666668,7.905569820702364,56.14090000000001
3.0,17.374358974358973,78.32179487179488,24.327281235376695,52.879270004679455,2.356303228825456,139.46607393542348,3.0,11.494618624239589,45.02105755732335,42.77674777725783,8.800336920917173,0.6482171268132897,122.54985025737014,56.140900000000016,Satisfactory,3.742726666666668,7.905569820702364,56.14090000000001
3.0,17.374358974358973,78.33205128205128,24.327281235376695,52.879270004679455,2.356303228825456,139.46607393542348,3.0,11.494618624239589,45.02105755732335,42.77674777725783,8.800336920917173,0.6482171268132897,122.54985025737014,56.140900000000016,Satisfactory,3.742726666666668,7.905569820702364,56.14090000000001
3.0,17.374358974358973,78.3423076923077,24.327281235376695,52.879270004679455,2.356303228825456,139.46607393542348,3.0,11.494618624239589,45.02105755732335,42.77674777725783,8.800336920917173,0.6482171268132897,122.54985025737014,56.140900000000016,Satisfactory,3.742726666666668,7.905569820702364,56.14090000000001
3.0,17.374358974358973,78.3525641025641,24.327281235376695,52.879270004679455,2.356303228825456,139.46607393542348,3.0,11.494618624239589,45.02105755732335,42.77674777725783,8.800336920917173,0.6482171268132897,122.54985025737014,56.140900000000016,Satisfactory,3.742726666666668,7.905569820702364,56.14090000000001
3.0,17.374358974358973,78.36282051282052,24.327281235376695,52.879270004679455,2.356303228825456,139.46607393542348,3.0,11.494618624239589,45.02105755732335,42.77674777725783,8.800336920917173,0.6482171268132897,122.54985025737014,56.140900000000016,Satisfactory,3.742726666666668,7.905569820702364,56.14090000000001
3.0,17.374358974358973,78.37307692307692,24.327281235376695,52.879270004679455,2.356303228825456,139.46607393542348,3.0,11.494618624239589,45.02105755732335,42.77674777725783,8.800336920917173,0.6482171268132897,122.54985025737014,56.140900000000016,Satisfactory,3.742726666666668,7.905569820702364,56.14090000000001
3.0,17.374358974358973,78.38333333333334,24.327281235376695,52.879270004679455,2.356303228825456,139.46607393542348,3.0,11.494618624239589,45.02105755732335,42.77674777725783,8.800336920917173,0.6482171268132897,122.54985025737014,56.14230000000002,Satisfactory,3.7428200000000014,7.912355004042729,56.14230000000002
3.0,17.374358974358973,78.39358974358974,24.327281235376695,52.879270004679455,2.356303228825456,139.46607393542348,3.0,11.494618624239589,45.02105755732335,42.77674777725783,8.800336920917173,0.6482171268132897,122.54985025737014,56.14230000000002,Satisfactory,3.7428200000000014,7.912355004042729,56.14230000000002
3.0,17.374358974358973,78.40384615384616,24.327281235376695,52.879270004679455,2.356303228825456,139.46607393542348,3.0929339937104796,11.494618624239589,45.02105755732335,42.77674777725783,8.800336920917173,0.6482171268132897,122.54985025737014,56.14230000000002,Satisfactory,3.7428200000000014,7.912355004042729,56.14230000000002
3.0,17.374358974358973,78.41410256410256,24.327281235376695,52.879270004679455,2.356303228825456,139.46607393542348,3.9114576083466854,11.494618624239589,45.02105755732335,42.77674777725783,8.800336920917173,0.6482171268132897,122.54985025737014,56.256800000000005,Satisfactory,3.7504533333333336,7.954070389429553,56.256800000000005
3.0,17.374358974358973,78.42435897435898,24.327281235376695,52.879270004679455,2.356303228825456,139.46607393542348,4.729362593393789,11.494618624239589,45.02105755732335,42.77674777725783,8.800336920917173,0.6482171268132897,122.54985025737014,56.36250000000001,Satisfactory,3.7575000000000007,7.895365776833901,56.36250000000001
3.0,17.374358974358973,78.43461538461538,24.327281235376695,52.879270004679455,2.356303228825456,139.46607393542348,5.546308108306373,11.494618624239589,45.02105755732335,42.77674777725783,8.800336920917173,0.6482171268132897,122.54985025737014,58.318299999999994,Satisfactory,3.8878866666666663,8.232761633255272,58.318299999999994
3.0,17.374358974358973,78.4448717948718,24.327281235376695,52.879270004679455,2.356303228825456,139.46607393542348,6.361647785384131,11.494618624239589,45.02105755732335,42.77674777725783,8.800336920917173,0.6482171268132897,122.54985025737014,58.32909999999999,Satisfactory,3.888606666666666,8.23455379422589,58.32909999999999
3.0,17.374358974358973,78.4551282051282,24.327281235376695,52.879270004679455,2.356303228825456,139.46607393542348,7.173991368321241,11.494618624239589,45.02105755732335,42.77674777725783,8.800336920917173,0.6482171268132897,122.54985025737014,63.92140000000001,Moderate,4.261426666666668,11.922583782049932,63.92140000000001
3.0,17.374358974358973,78.46538461538462,24.327281235376695,52.879270004679455,2.356303228825456,139.46607393542348,7.979721476555532,11.494618624239589,45.02105755732335,42.77674777725783,8.800336920917173,0.6482171268132897,122.54985025737014,68.05549999999998,Moderate,4.537033333333332,10.3457420589342,68.05549999999998
3.0,17.374358974358973,78.47564102564102,24.327281235376695,52.879270004679455,2.356303228825456,139.46607393542348,8.765816701006152,11.494618624239589,45.02105755732335,42.77674777725783,8.800336920917173,0.6482171268132897,122.54985025737014,67.06289999999998,Moderate,4.470859999999999,10.250599523442519,67.06289999999998
3.0,17.374358974358973,78.48589743589744,24.327281235376695,52.879270004679455,2.356303228825456,139.46607393542348,9.44199095348829,11.494618624239589,45.02105755732335,42.77674777725783,8.800336920917173,0.6482171268132897,122.54985025737014,67.0659,Moderate,4.47106,10.248883070364306,67.0659
3.0,17.374358974358973,78.49615384615385,24.327281235376695,52.879270004679455,2.356303228825456,139.46607393542348,9.332150949903333,11.494618624239589,45.02105755732335,42.77674777725783,8.800336920917173,0.6482171268132897,122.54985025737014,67.0659,Moderate,4.47106,10.248883070364306,67.0659
3.0,17.374358974358973,78.50641025641026,24.327281235376695,52.879270004679455,2.356303228825456,139.46607393542348,8.611780568968273,11.494618624239589,45.02105755732335,42.77674777725783,8.800336920917173,0.6482171268132897,122.54985025737014,67.06289999999998,Moderate,4.470859999999999,10.250599523442519,67.06289999999998
3.0,17.374358974358973,78.51666666666667,24.327281235376695,52.879270004679455,2.356303228825456,139.46607393542348,7.819457269182305,11.494618624239589,45.02105755732335,42.77674777725783,8.800336920917173,0.6482171268132897,122.54985025737014,70.80219999999997,Moderate,4.720146666666665,10.971816219751402,70.80219999999997
3.0,17.374358974358973,78.52692307692308,24.327281235376695,52.879270004679455,2.356303228825456,139.46607393542348,7.0118797563674935,11.494618624239589,45.02105755732335,42.77674777725783,8.800336920917173,0.6482171268132897,122.54985025737014,65.7834,Moderate,4.38556,12.986227028663865,65.7834
3.0,17.374358974358973,78.53717948717949,24.327281235376695,52.879270004679455,2.356303228825456,139.46607393542348,6.1987579454688815,11.494618624239589,45.02105755732335,42.77674777725783,8.800336920917173,0.6482171268132897,122.54985025737014,58.3606,Satisfactory,3.8907066666666665,8.375606464012023,58.360599999999984
3.0,17.374358974358973,78.5474358974359,24.327281235376695,52.879270004679455,2.356303228825456,139.46607393542348,5.383020218679108,11.494618624239589,45.02105755732335,42.77674777725783,8.800336920917173,0.6482171268132897,122.54985025737014,56.05650000000001,Satisfactory,3.7371000000000003,8.127489941550218,56.0565
3.0,17.374358974358973,78.5576923076923,24.327281235376695,52.879270004679455,2.356303228825456,139.46607393542348,4.565844497775462,11.494618624239589,45.02105755732335,42.77674777725783,8.800336920917173,0.6482171268132897,122.54985025737014,56.05650000000001,Satisfactory,3.7371000000000003,8.127489941550218,56.0565
3.0,17.374358974358973,78.56794871794872,24.327281235376695,52.879270004679455,2.356303228825456,139.46607393542348,3.747794603433709,11.494618624239589,45.02105755732335,42.77674777725783,8.800336920917173,0.6482171268132897,122.54985025737014,55.906499999999994,Satisfactory,3.7270999999999996,8.161015669020616,55.906499999999994
3.0,17.374358974358973,78.57820512820513,24.327281235376695,52.879270004679455,2.356303228825456,139.46607393542348,3.0,11.494618624239589,45.02105755732335,42.77674777725783,8.800336920917173,0.6482171268132897,122.54985025737014,55.906499999999994,Satisfactory,3.7270999999999996,8.161015669020616,55.906499999999994
3.0,17.374358974358973,78.58846153846154,24.327281235376695,52.879270004679455,2.356303228825456,139.46607393542348,3.0,11.494618624239589,45.02105755732335,42.77674777725783,8.800336920917173,0.6482171268132897,122.54985025737014,55.906499999999994,Satisfactory,3.7270999999999996,8.161015669020616,55.906499999999994
3.0,17.374358974358973,78.59871794871795,24.327281235376695,52.879270004679455,2.356303228825456,139.46607393542348,3.0,11.494618624239589,45.02105755732335,42.77674777725783,8.800336920917173,0.6482171268132897,122.54985025737014,55.906499999999994,Satisfactory,3.7270999999999996,8.161015669020616,55.906499999999994
3.0,17.374358974358973,78.60897435897436,24.327281235376695,52.879270004679455,2.356303228825456,139.46607393542348,3.0,11.494618624239589,45.02105755732335,42.77674777725783,8.800336920917173,0.6482171268132897,122.54985025737014,55.906499999999994,Satisfactory,3.7270999999999996,8.161015669020616,55.906499999999994
3.0,17.374358974358973,78.61923076923077,24.327281235376695,52.879270004679455,2.356303228825456,139.46607393542348,3.0,11.494618624239589,45.02105755732335,42.77674777725783,8.800336920917173,0.6482171268132897,122.54985025737014,55.906499999999994,Satisfactory,3.7270999999999996,8.161015669020616,55.906499999999994
3.0,17.374358974358973,78.62948717948719,24.327281235376695,52.879270004679455,2.356303228825456,139.46607393542348,3.0,11.494618624239589,45.02105755732335,42.77674777725783,8.800336920917173,0.6482171268132897,122.54985025737014,55.906499999999994,Satisfactory,3.7270999999999996,8.161015669020616,55.906499999999994
3.0,17.374358974358973,78.63974358974359,24.327281235376695,52.879270004679455,2.356303228825456,139.46607393542348,3.0,11.494618624239589,45.02105755732335,42.77674777725783,8.800336920917173,0.6482171268132897,122.54985025737014,55.906499999999994,Satisfactory,3.7270999999999996,8.161015669020616,55.906499999999994
3.0,17.374358974358973,78.65,24.327281235376695,52.879270004679455,2.356303228825456,139.46607393542348,3.0,11.494618624239589,45.02105755732335,42.77674777725783,8.800336920917173,0.6482171268132897,122.54985025737014,55.906499999999994,Satisfactory,3.7270999999999996,8.161015669020616,55.906499999999994
3.0,17.384615384615383,78.25,24.327281235376695,52.879270004679455,2.356303228825456,139.46607393542348,3.0,11.494618624239589,45.02105755732335,42.77674777725783,8.800336920917173,0.6482171268132897,122.54985025737014,56.01880000000002,Satisfactory,3.734586666666668,7.9947219188662215,56.01880000000001
3.0,17.384615384615383,78.26025641025642,24.327281235376695,52.879270004679455,2.356303228825456,139.46607393542348,3.0,11.494618624239589,45.02105755732335,42.77674777725783,8.800336920917173,0.6482171268132897,122.54985025737014,56.01880000000002,Satisfactory,3.734586666666668,7.9947219188662215,56.01880000000001
3.0,17.384615384615383,78.27051282051282,24.327281235376695,52.879270004679455,2.356303228825456,139.46607393542348,3.0,11.494618624239589,45.02105755732335,42.77674777725783,8.800336920917173,0.6482171268132897,122.54985025737014,56.01880000000002,Satisfactory,3.734586666666668,7.9947219188662215,56.01880000000001
3.0,17.384615384615383,78.28076923076924,24.327281235376695,52.879270004679455,2.356303228825456,139.46607393542348,3.0,11.494618624239589,45.02105755732335,42.77674777725783,8.800336920917173,0.6482171268132897,122.54985025737014,56.01880000000002,Satisfactory,3.734586666666668,7.9947219188662215,56.01880000000001
3.0,17.384615384615383,78.29102564102564,24.327281235376695,52.879270004679455,2.356303228825456,139.46607393542348,3.0,11.494618624239589,45.02105755732335,42.77674777725783,8.800336920917173,0.6482171268132897,122.54985025737014,56.01880000000002,Satisfactory,3.734586666666668,7.9947219188662215,56.01880000000001
3.0,17.384615384615383,78.30128205128206,24.327281235376695,52.879270004679455,2.356303228825456,139.46607393542348,3.0,11.494618624239589,45.02105755732335,42.77674777725783,8.800336920917173,0.6482171268132897,122.54985025737014,56.140900000000016,Satisfactory,3.742726666666668,7.905569820702364,56.14090000000001
3.0,17.384615384615383,78.31153846153846,24.327281235376695,52.879270004679455,2.356303228825456,139.46607393542348,3.0,11.494618624239589,45.02105755732335,42.77674777725783,8.800336920917173,0.6482171268132897,122.54985025737014,56.140900000000016,Satisfactory,3.742726666666668,7.905569820702364,56.14090000000001
3.0,17.384615384615383,78.32179487179488,24.327281235376695,52.879270004679455,2.356303228825456,139.46607393542348,3.0,11.494618624239589,45.02105755732335,42.77674777725783,8.800336920917173,0.6482171268132897,122.54985025737014,56.140900000000016,Satisfactory,3.742726666666668,7.905569820702364,56.14090000000001
3.0,17.384615384615383,78.33205128205128,24.327281235376695,52.879270004679455,2.356303228825456,139.46607393542348,3.0,11.494618624239589,45.02105755732335,42.77674777725783,8.800336920917173,0.6482171268132897,122.54985025737014,56.140900000000016,Satisfactory,3.742726666666668,7.905569820702364,56.14090000000001
3.0,17.384615384615383,78.3423076923077,24.327281235376695,52.879270004679455,2.356303228825456,139.46607393542348,3.0,11.494618624239589,45.02105755732335,42.77674777725783,8.800336920917173,0.6482171268132897,122.54985025737014,56.140900000000016,Satisfactory,3.742726666666668,7.905569820702364,56.14090000000001
3.0,17.384615384615383,78.3525641025641,24.327281235376695,52.879270004679455,2.356303228825456,139.46607393542348,3.0,11.494618624239589,45.02105755732335,42.77674777725783,8.800336920917173,0.6482171268132897,122.54985025737014,56.140900000000016,Satisfactory,3.742726666666668,7.905569820702364,56.14090000000001
3.0,17.384615384615383,78.36282051282052,24.327281235376695,52.879270004679455,2.356303228825456,139.46607393542348,3.0,11.494618624239589,45.02105755732335,42.77674777725783,8.800336920917173,0.6482171268132897,122.54985025737014,56.140900000000016,Satisfactory,3.742726666666668,7.905569820702364,56.14090000000001
3.0,17.384615384615383,78.37307692307692,24.327281235376695,52.879270004679455,2.356303228825456,139.46607393542348,3.0,11.494618624239589,45.02105755732335,42.77674777725783,8.800336920917173,0.6482171268132897,122.54985025737014,56.140900000000016,Satisfactory,3.742726666666668,7.905569820702364,56.14090000000001
3.0,17.384615384615383,78.38333333333334,24.327281235376695,52.879270004679455,2.356303228825456,139.46607393542348,3.0,11.494618624239589,45.02105755732335,42.77674777725783,8.800336920917173,0.6482171268132897,122.54985025737014,56.14230000000002,Satisfactory,3.7428200000000014,7.912355004042729,56.14230000000002
3.0,17.384615384615383,78.39358974358974,24.327281235376695,52.879270004679455,2.356303228825456,139.46607393542348,3.0,11.494618624239589,45.02105755732335,42.77674777725783,8.800336920917173,0.6482171268132897,122.54985025737014,56.14230000000002,Satisfactory,3.7428200000000014,7.912355004042729,56.14230000000002
3.0,17.384615384615383,78.40384615384616,24.327281235376695,52.879270004679455,2.356303228825456,139.46607393542348,3.0978092835406503,11.494618624239589,45.02105755732335,42.77674777725783,8.800336920917173,0.6482171268132897,122.54985025737014,56.14230000000002,Satisfactory,3.7428200000000014,7.912355004042729,56.14230000000002
3.0,17.384615384615383,78.41410256410256,24.327281235376695,52.879270004679455,2.356303228825456,139.46607393542348,3.9169888767077845,11.494618624239589,45.02105755732335,42.77674777725783,8.800336920917173,0.6482171268132897,122.54985025737014,56.256800000000005,Satisfactory,3.7504533333333336,7.954070389429553,56.256800000000005
3.0,17.384615384615383,78.42435897435898,24.327281235376695,52.879270004679455,2.356303228825456,139.46607393542348,4.735753183687717,11.494618624239589,45.02105755732335,42.77674777725783,8.800336920917173,0.6482171268132897,122.54985025737014,56.36250000000001,Satisfactory,3.7575000000000007,7.895365776833901,56.36250000000001
3.0,17.384615384615383,78.43461538461538,24.327281235376695,52.879270004679455,2.356303228825456,139.46607393542348,5.553872770907819,11.494618624239589,45.02105755732335,42.77674777725783,8.800336920917173,0.6482171268132897,122.54985025737014,58.318299999999994,Satisfactory,3.8878866666666663,8.232761633255272,58.318299999999994
3.0,17.384615384615383,78.4448717948718,24.327281235376695,52.879270004679455,2.356303228825456,139.46607393542348,6.370911587087252,11.494618624239589,45.02105755732335,42.77674777725783,8.800336920917173,0.6482171268132897,122.54985025737014,58.32909999999999,Satisfactory,3.888606666666666,8.23455379422589,58.32909999999999
3.0,17.384615384615383,78.4551282051282,24.327281235376695,52.879270004679455,2.356303228825456,139.46607393542348,7.18592810016158,11.494618624239589,45.02105755732335,42.77674777725783,8.800336920917173,0.6482171268132897,122.54985025737014,63.92140000000001,Moderate,4.261426666666668,11.922583782049932,63.92140000000001
3.0,17.384615384615383,78.46538461538462,24.327281235376695,52.879270004679455,2.356303228825456,139.46607393542348,7.996452849711711,11.494618624239589,45.02105755732335,42.77674777725783,8.800336920917173,0.6482171268132897,122.54985025737014,68.05549999999998,Moderate,4.537033333333332,10.3457420589342,68.05549999999998
3.0,17.384615384615383,78.47564102564102,24.327281235376695,52.879270004679455,2.356303228825456,139.46607393542348,8.793399698884215,11.494618624239589,45.02105755732335,42.77674777725783,8.800336920917173,0.6482171268132897,122.54985025737014,67.06289999999998,Moderate,4.470859999999999,10.250599523442519,67.06289999999998
3.0,17.384615384615383,78.48589743589744,24.327281235376695,52.879270004679455,2.356303228825456,139.46607393542348,9.50598586343479,11.494618624239589,45.02105755732335,42.77674777725783,8.800336920917173,0.6482171268132897,122.54985025737014,67.07439999999998,Moderate,4.4716266666666655,9.96379228205807,67.07439999999998
3.0,17.384615384615383,78.49615384615385,24.327281235376695,52.879270004679455,2.356303228825456,139.46607393542348,9.384615384615131,11.494618624239589,45.02105755732335,42.77674777725783,8.800336920917173,0.6482171268132897,122.54985025737014,67.0659,Moderate,4.47106,10.248883070364306,67.0659
3.0,17.384615384615383,78.50641025641026,24.327281235376695,52.879270004679455,2.356303228825456,139.46607393542348,8.63624450144778,11.494618624239589,45.02105755732335,42.77674777725783,8.800336920917173,0.6482171268132897,122.54985025737014,67.06289999999998,Moderate,4.470859999999999,10.250599523442519,67.06289999999998
3.0,17.384615384615383,78.51666666666667,24.327281235376695,52.879270004679455,2.356303228825456,139.46607393542348,7.834949776088495,11.494618624239589,45.02105755732335,42.77674777725783,8.800336920917173,0.6482171268132897,122.54985025737014,70.80219999999997,Moderate,4.720146666666665,10.971816219751402,70.80219999999997
3.0,17.384615384615383,78.52692307692308,24.327281235376695,52.879270004679455,2.356303228825456,139.46607393542348,7.023166369858108,11.494618624239589,45.02105755732335,42.77674777725783,8.800336920917173,0.6482171268132897,122.54985025737014,65.7834,Moderate,4.38556,12.986227028663865,65.7834
3.0,17.384615384615383,78.53717948717949,24.327281235376695,52.879270004679455,2.356303228825456,139.46607393542348,6.207623828221504,11.494618624239589,45.02105755732335,42.77674777725783,8.800336920917173,0.6482171268132897,122.54985025737014,58.3606,Satisfactory,3.8907066666666665,8.375606464012023,58.360599999999984
3.0,17.384615384615383,78.5474358974359,24.327281235376695,52.879270004679455,2.356303228825456,139.46607393542348,5.3903169119490135,11.494618624239589,45.02105755732335,42.77674777725783,8.800336920917173,0.6482171268132897,122.54985025737014,56.05650000000001,Satisfactory,3.7371000000000003,8.127489941550218,56.0565
3.0,17.384615384615383,78.5576923076923,24.327281235376695,52.879270004679455,2.356303228825456,139.46607393542348,4.572042567088925,11.494618624239589,45.02105755732335,42.77674777725783,8.800336920917173,0.6482171268132897,122.54985025737014,56.05650000000001,Satisfactory,3.7371000000000003,8.127489941550218,56.0565
3.0,17.384615384615383,78.56794871794872,24.327281235376695,52.879270004679455,2.356303228825456,139.46607393542348,3.753180954118328,11.494618624239589,45.02105755732335,42.77674777725783,8.800336920917173,0.6482171268132897,122.54985025737014,55.906499999999994,Satisfactory,3.7270999999999996,8.161015669020616,55.906499999999994
3.0,17.384615384615383,78.57820512820513,24.327281235376695,52.879270004679455,2.356303228825456,139.46607393542348,3.0,11.494618624239589,45.02105755732335,42.77674777725783,8.800336920917173,0.6482171268132897,122.54985025737014,55.906499999999994,Satisfactory,3.7270999999999996,8.161015669020616,55.906499999999994
3.0,17.384615384615383,78.58846153846154,24.327281235376695,52.879270004679455,2.356303228825456,139.46607393542348,3.0,11.494618624239589,45.02105755732335,42.77674777725783,8.800336920917173,0.6482171268132897,122.54985025737014,55.906499999999994,Satisfactory,3.7270999999999996,8.161015669020616,55.906499999999994
3.0,17.384615384615383,78.59871794871795,24.327281235376695,52.879270004679455,2.356303228825456,139.46607393542348,3.0,11.494618624239589,45.02105755732335,42.77674777725783,8.800336920917173,0.6482171268132897,122.54985025737014,55.906499999999994,Satisfactory,3.7270999999999996,8.161015669020616,55.906499999999994
3.0,17.384615384615383,78.60897435897436,24.327281235376695,52.879270004679455,2.356303228825456,139.46607393542348,3.0,11.494618624239589,45.02105755732335,42.77674777725783,8.800336920917173,0.6482171268132897,122.54985025737014,55.906499999999994,Satisfactory,3.7270999999999996,8.161015669020616,55.906499999999994
3.0,17.384615384615383,78.61923076923077,24.327281235376695,52.879270004679455,2.356303228825456,139.46607393542348,3.0,11.494618624239589,45.02105755732335,42.77674777725783,8.800336920917173,0.6482171268132897,122.54985025737014,55.906499999999994,Satisfactory,3.7270999999999996,8.161015669020616,55.906499999999994
3.0,17.384615384615383,78.62948717948719,24.327281235376695,52.879270004679455,2.356303228825456,139.46607393542348,3.0,11.494618624239589,45.02105755732335,42.77674777725783,8.800336920917173,0.6482171268132897,122.54985025737014,55.906499999999994,Satisfactory,3.7270999999999996,8.161015669020616,55.906499999999994
3.0,17.384615384615383,78.63974358974359,24.327281235376695,52.879270004679455,2.356303228825456,139.46607393542348,3.0,11.494618624239589,45.02105755732335,42.77674777725783,8.800336920917173,0.6482171268132897,122.54985025737014,55.906499999999994,Satisfactory,3.7270999999999996,8.161015669020616,55.906499999999994
3.0,17.384615384615383,78.65,24.327281235376695,52.879270004679455,2.356303228825456,139.46607393542348,3.0,11.494618624239589,45.02105755732335,42.77674777725783,8.800336920917173,0.6482171268132897,122.54985025737014,55.906499999999994,Satisfactory,3.7270999999999996,8.161015669020616,55.906499999999994
3.0,17.394871794871793,78.25,24.327281235376695,52.879270004679455,2.356303228825456,139.46607393542348,3.0,11.494618624239589,45.02105755732335,42.77674777725783,8.800336920917173,0.6482171268132897,122.54985025737014,56.01880000000002,Satisfactory,3.734586666666668,7.9947219188662215,56.01880000000001
3.0,17.394871794871793,78.26025641025642,24.327281235376695,52.879270004679455,2.356303228825456,139.46607393542348,3.0,11.494618624239589,45.02105755732335,42.77674777725783,8.800336920917173,0.6482171268132897,122.54985025737014,56.01880000000002,Satisfactory,3.734586666666668,7.9947219188662215,56.01880000000001
3.0,17.394871794871793,78.27051282051282,24.327281235376695,52.879270004679455,2.356303228825456,139.46607393542348,3.0,11.494618624239589,45.02105755732335,42.77674777725783,8.800336920917173,0.6482171268132897,122.54985025737014,56.01880000000002,Satisfactory,3.734586666666668,7.9947219188662215,56.01880000000001
3.0,17.394871794871793,78.28076923076924,24.327281235376695,52.879270004679455,2.356303228825456,139.46607393542348,3.0,11.494618624239589,45.02105755732335,42.77674777725783,8.800336920917173,0.6482171268132897,122.54985025737014,56.01880000000002,Satisfactory,3.734586666666668,7.9947219188662215,56.01880000000001
3.0,17.394871794871793,78.29102564102564,24.327281235376695,52.879270004679455,2.356303228825456,139.46607393542348,3.0,11.494618624239589,45.02105755732335,42.77674777725783,8.800336920917173,0.6482171268132897,122.54985025737014,56.01880000000002,Satisfactory,3.734586666666668,7.9947219188662215,56.01880000000001
3.0,17.394871794871793,78.30128205128206,24.327281235376695,52.879270004679455,2.356303228825456,139.46607393542348,3.0,11.494618624239589,45.02105755732335,42.77674777725783,8.800336920917173,0.6482171268132897,122.54985025737014,56.140900000000016,Satisfactory,3.742726666666668,7.905569820702364,56.14090000000001
3.0,17.394871794871793,78.31153846153846,24.327281235376695,52.879270004679455,2.356303228825456,139.46607393542348,3.0,11.494618624239589,45.02105755732335,42.77674777725783,8.800336920917173,0.6482171268132897,122.54985025737014,56.140900000000016,Satisfactory,3.742726666666668,7.905569820702364,56.14090000000001
3.0,17.394871794871793,78.32179487179488,24.327281235376695,52.879270004679455,2.356303228825456,139.46607393542348,3.0,11.494618624239589,45.02105755732335,42.77674777725783,8.800336920917173,0.6482171268132897,122.54985025737014,56.140900000000016,Satisfactory,3.742726666666668,7.905569820702364,56.14090000000001
3.0,17.394871794871793,78.33205128205128,24.327281235376695,52.879270004679455,2.356303228825456,139.46607393542348,3.0,11.494618624239589,45.02105755732335,42.77674777725783,8.800336920917173,0.6482171268132897,122.54985025737014,56.140900000000016,Satisfactory,3.742726666666668,7.905569820702364,56.14090000000001
3.0,17.394871794871793,78.3423076923077,24.327281235376695,52.879270004679455,2.356303228825456,139.46607393542348,3.0,11.494618624239589,45.02105755732335,42.77674777725783,8.800336920917173,0.6482171268132897,122.54985025737014,56.140900000000016,Satisfactory,3.742726666666668,7.905569820702364,56.14090000000001
3.0,17.394871794871793,78.3525641025641,24.327281235376695,52.879270004679455,2.356303228825456,139.46607393542348,3.0,11.494618624239589,45.02105755732335,42.77674777725783,8.800336920917173,0.6482171268132897,122.54985025737014,56.140900000000016,Satisfactory,3.742726666666668,7.905569820702364,56.14090000000001
3.0,17.394871794871793,78.36282051282052,24.327281235376695,52.879270004679455,2.356303228825456,139.46607393542348,3.0,11.494618624239589,45.02105755732335,42.77674777725783,8.800336920917173,0.6482171268132897,122.54985025737014,56.140900000000016,Satisfactory,3.742726666666668,7.905569820702364,56.14090000000001
3.0,17.394871794871793,78.37307692307692,24.327281235376695,52.879270004679455,2.356303228825456,139.46607393542348,3.0,11.494618624239589,45.02105755732335,42.77674777725783,8.800336920917173,0.6482171268132897,122.54985025737014,56.140900000000016,Satisfactory,3.742726666666668,7.905569820702364,56.14090000000001
3.0,17.394871794871793,78.38333333333334,24.327281235376695,52.879270004679455,2.356303228825456,139.46607393542348,3.0,11.494618624239589,45.02105755732335,42.77674777725783,8.800336920917173,0.6482171268132897,122.54985025737014,56.14230000000002,Satisfactory,3.7428200000000014,7.912355004042729,56.14230000000002
3.0,17.394871794871793,78.39358974358974,24.327281235376695,52.879270004679455,2.356303228825456,139.46607393542348,3.0,11.494618624239589,45.02105755732335,42.77674777725783,8.800336920917173,0.6482171268132897,122.54985025737014,56.14230000000002,Satisfactory,3.7428200000000014,7.912355004042729,56.14230000000002
3.0,17.394871794871793,78.40384615384616,24.327281235376695,52.879270004679455,2.356303228825456,139.46607393542348,3.0057598600872453,11.494618624239589,45.02105755732335,42.77674777725783,8.800336920917173,0.6482171268132897,122.54985025737014,56.14230000000002,Satisfactory,3.7428200000000014,7.912355004042729,56.14230000000002
3.0,17.394871794871793,78.41410256410256,24.327281235376695,52.879270004679455,2.356303228825456,139.46607393542348,3.8127402855152432,11.494618624239589,45.02105755732335,42.77674777725783,8.800336920917173,0.6482171268132897,122.54985025737014,56.256800000000005,Satisfactory,3.7504533333333336,7.954070389429553,56.256800000000005
3.0,17.394871794871793,78.42435897435898,24.327281235376695,52.879270004679455,2.356303228825456,139.46607393542348,4.615628821167399,11.494618624239589,45.02105755732335,42.77674777725783,8.800336920917173,0.6482171268132897,122.54985025737014,56.36250000000001,Satisfactory,3.7575000000000007,7.895365776833901,56.36250000000001
3.0,17.394871794871793,78.43461538461538,24.327281235376695,52.879270004679455,2.356303228825456,139.46607393542348,5.412276622804718,11.494618624239589,45.02105755732335,42.77674777725783,8.800336920917173,0.6482171268132897,122.54985025737014,56.36250000000001,Satisfactory,3.7575000000000007,7.895365776833901,56.36250000000001
3.0,17.394871794871793,78.4448717948718,24.327281235376695,52.879270004679455,2.356303228825456,139.46607393542348,6.198757945470096,11.494618624239589,45.02105755732335,42.77674777725783,8.800336920917173,0.6482171268132897,122.54985025737014,58.32909999999999,Satisfactory,3.888606666666666,8.23455379422589,58.32909999999999
3.0,17.394871794871793,78.4551282051282,24.327281235376695,52.879270004679455,2.356303228825456,139.46607393542348,6.967153299975521,11.494618624239589,45.02105755732335,42.77674777725783,8.800336920917173,0.6482171268132897,122.54985025737014,63.92140000000001,Moderate,4.261426666666668,11.922583782049932,63.92140000000001
3.0,17.394871794871793,78.46538461538462,24.327281235376695,52.879270004679455,2.356303228825456,139.46607393542348,7.699269761180707,11.494618624239589,45.02105755732335,42.77674777725783,8.800336920917173,0.6482171268132897,122.54985025737014,68.05549999999998,Moderate,4.537033333333332,10.3457420589342,68.05549999999998
3.0,17.394871794871793,78.47564102564102,24.327281235376695,52.879270004679455,2.356303228825456,139.46607393542348,8.346203538810817,11.494618624239589,45.02105755732335,42.77674777725783,8.800336920917173,0.6482171268132897,122.54985025737014,68.25699999999998,Moderate,4.550466666666665,10.237348533678043,68.25699999999998
3.0,17.394871794871793,78.48589743589744,24.327281235376695,52.879270004679455,2.356303228825456,139.46607393542348,8.765816701006113,11.494618624239589,45.02105755732335,42.77674777725783,8.800336920917173,0.6482171268132897,122.54985025737014,67.06289999999998,Moderate,4.470859999999999,10.250599523442519,67.06289999999998
3.0,17.394871794871793,78.49615384615385,24.327281235376695,52.879270004679455,2.356303228825456,139.46607393542348,8.712422168083986,11.494618624239589,45.02105755732335,42.77674777725783,8.800336920917173,0.6482171268132897,122.54985025737014,67.06289999999998,Moderate,4.470859999999999,10.250599523442519,67.06289999999998
3.0,17.394871794871793,78.50641025641026,24.327281235376695,52.879270004679455,2.356303228825456,139.46607393542348,8.228281199450496,11.494618624239589,45.02105755732335,42.77674777725783,8.800336920917173,0.6482171268132897,122.54985025737014,68.57609999999997,Moderate,4.5717399999999975,10.51711974782069,68.57609999999997
3.0,17.394871794871793,78.51666666666667,24.327281235376695,52.879270004679455,2.356303228825456,139.46607393542348,7.557337329787754,11.494618624239589,45.02105755732335,42.77674777725783,8.800336920917173,0.6482171268132897,122.54985025737014,70.80219999999997,Moderate,4.720146666666665,10.971816219751402,70.80219999999997
3.0,17.394871794871793,78.52692307692308,24.327281235376695,52.879270004679455,2.356303228825456,139.46607393542348,6.815553908458661,11.494618624239589,45.02105755732335,42.77674777725783,8.800336920917173,0.6482171268132897,122.54985025737014,65.7834,Moderate,4.38556,12.986227028663865,65.7834
3.0,17.394871794871793,78.53717948717949,24.327281235376695,52.879270004679455,2.356303228825456,139.46607393542348,6.042567059739042,11.494618624239589,45.02105755732335,42.77674777725783,8.800336920917173,0.6482171268132897,122.54985025737014,58.3606,Satisfactory,3.8907066666666665,8.375606464012023,58.360599999999984
3.0,17.394871794871793,78.5474358974359,24.327281235376695,52.879270004679455,2.356303228825456,139.46607393542348,5.25359750751662,11.494618624239589,45.02105755732335,42.77674777725783,8.800336920917173,0.6482171268132897,122.54985025737014,56.05650000000001,Satisfactory,3.7371000000000003,8.127489941550218,56.0565
3.0,17.394871794871793,78.5576923076923,24.327281235376695,52.879270004679455,2.356303228825456,139.46607393542348,4.455463920048518,11.494618624239589,45.02105755732335,42.77674777725783,8.800336920917173,0.6482171268132897,122.54985025737014,55.906499999999994,Satisfactory,3.7270999999999996,8.161015669020616,55.906499999999994
3.0,17.394871794871793,78.56794871794872,24.327281235376695,52.879270004679455,2.356303228825456,139.46607393542348,3.651621731467227,11.494618624239589,45.02105755732335,42.77674777725783,8.800336920917173,0.6482171268132897,122.54985025737014,55.906499999999994,Satisfactory,3.7270999999999996,8.161015669020616,55.906499999999994
3.0,17.394871794871793,78.57820512820513,24.327281235376695,52.879270004679455,2.356303228825456,139.46607393542348,3.0,11.494618624239589,45.02105755732335,42.77674777725783,8.800336920917173,0.6482171268132897,122.54985025737014,55.906499999999994,Satisfactory,3.7270999999999996,8.161015669020616,55.906499999999994
3.0,17.394871794871793,78.58846153846154,24.327281235376695,52.879270004679455,2.356303228825456,139.46607393542348,3.0,11.494618624239589,45.02105755732335,42.77674777725783,8.800336920917173,0.6482171268132897,122.54985025737014,55.906499999999994,Satisfactory,3.7270999999999996,8.161015669020616,55.906499999999994
3.0,17.394871794871793,78.59871794871795,24.327281235376695,52.879270004679455,2.356303228825456,139.46607393542348,3.0,11.494618624239589,45.02105755732335,42.77674777725783,8.800336920917173,0.6482171268132897,122.54985025737014,55.906499999999994,Satisfactory,3.7270999999999996,8.161015669020616,55.906499999999994
3.0,17.394871794871793,78.60897435897436,24.327281235376695,52.879270004679455,2.356303228825456,139.46607393542348,3.0,11.494618624239589,45.02105755732335,42.77674777725783,8.800336920917173,0.6482171268132897,122.54985025737014,55.906499999999994,Satisfactory,3.7270999999999996,8.161015669020616,55.906499999999994
3.0,17.394871794871793,78.61923076923077,24.327281235376695,52.879270004679455,2.356303228825456,139.46607393542348,3.0,11.494618624239589,45.02105755732335,42.77674777725783,8.800336920917173,0.6482171268132897,122.54985025737014,55.906499999999994,Satisfactory,3.7270999999999996,8.161015669020616,55.906499999999994
3.0,17.394871794871793,78.62948717948719,24.327281235376695,52.879270004679455,2.356303228825456,139.46607393542348,3.0,11.494618624239589,45.02105755732335,42.77674777725783,8.800336920917173,0.6482171268132897,122.54985025737014,55.906499999999994,Satisfactory,3.7270999999999996,8.161015669020616,55.906499999999994
3.0,17.394871794871793,78.63974358974359,24.327281235376695,52.879270004679455,2.356303228825456,139.46607393542348,3.0,11.494618624239589,45.02105755732335,42.77674777725783,8.800336920917173,0.6482171268132897,122.54985025737014,55.906499999999994,Satisfactory,3.7270999999999996,8.161015669020616,55.906499999999994
3.0,17.394871794871793,78.65,24.327281235376695,52.879270004679455,2.356303228825456,139.46607393542348,3.0,11.494618624239589,45.02105755732335,42.77674777725783,8.800336920917173,0.6482171268132897,122.54985025737014,55.906499999999994,Satisfactory,3.7270999999999996,8.161015669020616,55.906499999999994
3.0,17.405128205128207,78.25,24.327281235376695,52.879270004679455,2.356303228825456,139.46607393542348,3.0,11.494618624239589,45.02105755732335,42.77674777725783,8.800336920917173,0.6482171268132897,122.54985025737014,56.01880000000002,Satisfactory,3.734586666666668,7.9947219188662215,56.01880000000001
3.0,17.405128205128207,78.26025641025642,24.327281235376695,52.879270004679455,2.356303228825456,139.46607393542348,3.0,11.494618624239589,45.02105755732335,42.77674777725783,8.800336920917173,0.6482171268132897,122.54985025737014,56.01880000000002,Satisfactory,3.734586666666668,7.9947219188662215,56.01880000000001
3.0,17.405128205128207,78.27051282051282,24.327281235376695,52.879270004679455,2.356303228825456,139.46607393542348,3.0,11.494618624239589,45.02105755732335,42.77674777725783,8.800336920917173,0.6482171268132897,122.54985025737014,56.01880000000002,Satisfactory,3.734586666666668,7.9947219188662215,56.01880000000001
3.0,17.405128205128207,78.28076923076924,24.327281235376695,52.879270004679455,2.356303228825456,139.46607393542348,3.0,11.494618624239589,45.02105755732335,42.77674777725783,8.800336920917173,0.6482171268132897,122.54985025737014,56.01880000000002,Satisfactory,3.734586666666668,7.9947219188662215,56.01880000000001
3.0,17.405128205128207,78.29102564102564,24.327281235376695,52.879270004679455,2.356303228825456,139.46607393542348,3.0,11.494618624239589,45.02105755732335,42.77674777725783,8.800336920917173,0.6482171268132897,122.54985025737014,56.01880000000002,Satisfactory,3.734586666666668,7.9947219188662215,56.01880000000001
3.0,17.405128205128207,78.30128205128206,24.327281235376695,52.879270004679455,2.356303228825456,139.46607393542348,3.0,11.494618624239589,45.02105755732335,42.77674777725783,8.800336920917173,0.6482171268132897,122.54985025737014,56.140900000000016,Satisfactory,3.742726666666668,7.905569820702364,56.14090000000001
3.0,17.405128205128207,78.31153846153846,24.327281235376695,52.879270004679455,2.356303228825456,139.46607393542348,3.0,11.494618624239589,45.02105755732335,42.77674777725783,8.800336920917173,0.6482171268132897,122.54985025737014,56.140900000000016,Satisfactory,3.742726666666668,7.905569820702364,56.14090000000001
3.0,17.405128205128207,78.32179487179488,24.327281235376695,52.879270004679455,2.356303228825456,139.46607393542348,3.0,11.494618624239589,45.02105755732335,42.77674777725783,8.800336920917173,0.6482171268132897,122.54985025737014,56.140900000000016,Satisfactory,3.742726666666668,7.905569820702364,56.14090000000001
3.0,17.405128205128207,78.33205128205128,24.327281235376695,52.879270004679455,2.356303228825456,139.46607393542348,3.0,11.494618624239589,45.02105755732335,42.77674777725783,8.800336920917173,0.6482171268132897,122.54985025737014,56.140900000000016,Satisfactory,3.742726666666668,7.905569820702364,56.14090000000001
3.0,17.405128205128207,78.3423076923077,24.327281235376695,52.879270004679455,2.356303228825456,139.46607393542348,3.0,11.494618624239589,45.02105755732335,42.77674777725783,8.800336920917173,0.6482171268132897,122.54985025737014,56.140900000000016,Satisfactory,3.742726666666668,7.905569820702364,56.14090000000001
3.0,17.405128205128207,78.3525641025641,24.327281235376695,52.879270004679455,2.356303228825456,139.46607393542348,3.0,11.494618624239589,45.02105755732335,42.77674777725783,8.800336920917173,0.6482171268132897,122.54985025737014,56.140900000000016,Satisfactory,3.742726666666668,7.905569820702364,56.14090000000001
3.0,17.405128205128207,78.36282051282052,24.327281235376695,52.879270004679455,2.356303228825456,139.46607393542348,3.0,11.494618624239589,45.02105755732335,42.77674777725783,8.800336920917173,0.6482171268132897,122.54985025737014,56.140900000000016,Satisfactory,3.742726666666668,7.905569820702364,56.14090000000001
3.0,17.405128205128207,78.37307692307692,24.327281235376695,52.879270004679455,2.356303228825456,139.46607393542348,3.0,11.494618624239589,45.02105755732335,42.77674777725783,8.800336920917173,0.6482171268132897,122.54985025737014,56.140900000000016,Satisfactory,3.742726666666668,7.905569820702364,56.14090000000001
3.0,17.405128205128207,78.38333333333334,24.327281235376695,52.879270004679455,2.356303228825456,139.46607393542348,3.0,11.494618624239589,45.02105755732335,42.77674777725783,8.800336920917173,0.6482171268132897,122.54985025737014,56.132400000000025,Satisfactory,3.7421600000000015,7.9146973561848855,56.13240000000002
3.0,17.405128205128207,78.39358974358974,24.327281235376695,52.879270004679455,2.356303228825456,139.46607393542348,3.0,11.494618624239589,45.02105755732335,42.77674777725783,8.800336920917173,0.6482171268132897,122.54985025737014,56.132400000000025,Satisfactory,3.7421600000000015,7.9146973561848855,56.13240000000002
3.0,17.405128205128207,78.40384615384616,24.327281235376695,52.879270004679455,2.356303228825456,139.46607393542348,3.0,11.494618624239589,45.02105755732335,42.77674777725783,8.800336920917173,0.6482171268132897,122.54985025737014,56.132400000000025,Satisfactory,3.7421600000000015,7.9146973561848855,56.13240000000002
3.0,17.405128205128207,78.41410256410256,24.327281235376695,52.879270004679455,2.356303228825456,139.46607393542348,3.604077564562865,11.494618624239589,45.02105755732335,42.77674777725783,8.800336920917173,0.6482171268132897,122.54985025737014,56.246900000000004,Satisfactory,3.7497933333333338,7.956542929564322,56.2469
3.0,17.405128205128207,78.42435897435898,24.327281235376695,52.879270004679455,2.356303228825456,139.46607393542348,4.377092031956661,11.494618624239589,45.02105755732335,42.77674777725783,8.800336920917173,0.6482171268132897,122.54985025737014,56.1672,Satisfactory,3.7444800000000003,7.9623711393026655,56.167199999999994
3.0,17.405128205128207,78.43461538461538,24.327281235376695,52.879270004679455,2.356303228825456,139.46607393542348,5.134525016886205,11.494618624239589,45.02105755732335,42.77674777725783,8.800336920917173,0.6482171268132897,122.54985025737014,56.3526,Satisfactory,3.75684,7.897989189660873,56.3526
3.0,17.405128205128207,78.4448717948718,24.327281235376695,52.879270004679455,2.356303228825456,139.46607393542348,5.867799353520109,11.494618624239589,45.02105755732335,42.77674777725783,8.800336920917173,0.6482171268132897,122.54985025737014,58.35959999999998,Satisfactory,3.8906399999999985,8.177025855407331,58.35959999999998
3.0,17.405128205128207,78.4551282051282,24.327281235376695,52.879270004679455,2.356303228825456,139.46607393542348,6.561424694514969,11.494618624239589,45.02105755732335,42.77674777725783,8.800336920917173,0.6482171268132897,122.54985025737014,63.92140000000001,Moderate,4.261426666666668,11.922583782049932,63.92140000000001
3.0,17.405128205128207,78.46538461538462,24.327281235376695,52.879270004679455,2.356303228825456,139.46607393542348,7.185928100161691,11.494618624239589,45.02105755732335,42.77674777725783,8.800336920917173,0.6482171268132897,122.54985025737014,63.92140000000001,Moderate,4.261426666666668,11.922583782049932,63.92140000000001
3.0,17.405128205128207,78.47564102564102,24.327281235376695,52.879270004679455,2.356303228825456,139.46607393542348,7.684684954334731,11.494618624239589,45.02105755732335,42.77674777725783,8.800336920917173,0.6482171268132897,122.54985025737014,68.16189999999997,Moderate,4.544126666666665,10.254749504010325,68.16189999999997
3.0,17.405128205128207,78.48589743589744,24.327281235376695,52.879270004679455,2.356303228825456,139.46607393542348,7.963127534390645,11.494618624239589,45.02105755732335,42.77674777725783,8.800336920917173,0.6482171268132897,122.54985025737014,68.48099999999997,Moderate,4.565399999999998,10.536938976761709,68.48099999999997
3.0,17.405128205128207,78.49615384615385,24.327281235376695,52.879270004679455,2.356303228825456,139.46607393542348,7.9303387477938205,11.494618624239589,45.02105755732335,42.77674777725783,8.800336920917173,0.6482171268132897,122.54985025737014,68.48099999999997,Moderate,4.565399999999998,10.536938976761709,68.48099999999997
3.0,17.405128205128207,78.50641025641026,24.327281235376695,52.879270004679455,2.356303228825456,139.46607393542348,7.599035915749118,11.494618624239589,45.02105755732335,42.77674777725783,8.800336920917173,0.6482171268132897,122.54985025737014,68.48099999999997,Moderate,4.565399999999998,10.536938976761709,68.48099999999997
3.0,17.405128205128207,78.51666666666667,24.327281235376695,52.879270004679455,2.356303228825456,139.46607393542348,7.068747375934561,11.494618624239589,45.02105755732335,42.77674777725783,8.800336920917173,0.6482171268132897,122.54985025737014,65.7834,Moderate,4.38556,12.986227028663865,65.7834
3.0,17.405128205128207,78.52692307692308,24.327281235376695,52.879270004679455,2.356303228825456,139.46607393542348,6.426998749569906,11.494618624239589,45.02105755732335,42.77674777725783,8.800336920917173,0.6482171268132897,122.54985025737014,58.39109999999999,Satisfactory,3.892739999999999,8.318938501395474,58.39109999999999
3.0,17.405128205128207,78.53717948717949,24.327281235376695,52.879270004679455,2.356303228825456,139.46607393542348,5.723679560380842,11.494618624239589,45.02105755732335,42.77674777725783,8.800336920917173,0.6482171268132897,122.54985025737014,58.39109999999999,Satisfactory,3.892739999999999,8.318938501395474,58.39109999999999
3.0,17.405128205128207,78.5474358974359,24.327281235376695,52.879270004679455,2.356303228825456,139.46607393542348,4.984625871752483,11.494618624239589,45.02105755732335,42.77674777725783,8.800336920917173,0.6482171268132897,122.54985025737014,56.05650000000001,Satisfactory,3.7371000000000003,8.127489941550218,56.0565
3.0,17.405128205128207,78.5576923076923,24.327281235376695,52.879270004679455,2.356303228825456,139.46607393542348,4.2235372962750075,11.494618624239589,45.02105755732335,42.77674777725783,8.800336920917173,0.6482171268132897,122.54985025737014,55.906499999999994,Satisfactory,3.7270999999999996,8.161015669020616,55.906499999999994
3.0,17.405128205128207,78.56794871794872,24.327281235376695,52.879270004679455,2.356303228825456,139.46607393542348,3.4480882434192326,11.494618624239589,45.02105755732335,42.77674777725783,8.800336920917173,0.6482171268132897,122.54985025737014,55.906499999999994,Satisfactory,3.7270999999999996,8.161015669020616,55.906499999999994
3.0,17.405128205128207,78.57820512820513,24.327281235376695,52.879270004679455,2.356303228825456,139.46607393542348,3.0,11.494618624239589,45.02105755732335,42.77674777725783,8.800336920917173,0.6482171268132897,122.54985025737014,55.906499999999994,Satisfactory,3.7270999999999996,8.161015669020616,55.906499999999994
3.0,17.405128205128207,78.58846153846154,24.327281235376695,52.879270004679455,2.356303228825456,139.46607393542348,3.0,11.494618624239589,45.02105755732335,42.77674777725783,8.800336920917173,0.6482171268132897,122.54985025737014,55.906499999999994,Satisfactory,3.7270999999999996,8.161015669020616,55.906499999999994
3.0,17.405128205128207,78.59871794871795,24.327281235376695,52.879270004679455,2.356303228825456,139.46607393542348,3.0,11.494618624239589,45.02105755732335,42.77674777725783,8.800336920917173,0.6482171268132897,122.54985025737014,55.906499999999994,Satisfactory,3.7270999999999996,8.161015669020616,55.906499999999994
3.0,17.405128205128207,78.60897435897436,24.327281235376695,52.879270004679455,2.356303228825456,139.46607393542348,3.0,11.494618624239589,45.02105755732335,42.77674777725783,8.800336920917173,0.6482171268132897,122.54985025737014,55.906499999999994,Satisfactory,3.7270999999999996,8.161015669020616,55.906499999999994
3.0,17.405128205128207,78.61923076923077,24.327281235376695,52.879270004679455,2.356303228825456,139.46607393542348,3.0,11.494618624239589,45.02105755732335,42.77674777725783,8.800336920917173,0.6482171268132897,122.54985025737014,55.906499999999994,Satisfactory,3.7270999999999996,8.161015669020616,55.906499999999994
3.0,17.405128205128207,78.62948717948719,24.327281235376695,52.879270004679455,2.356303228825456,139.46607393542348,3.0,11.494618624239589,45.02105755732335,42.77674777725783,8.800336920917173,0.6482171268132897,122.54985025737014,55.906499999999994,Satisfactory,3.7270999999999996,8.161015669020616,55.906499999999994
3.0,17.405128205128207,78.63974358974359,24.327281235376695,52.879270004679455,2.356303228825456,139.46607393542348,3.0,11.494618624239589,45.02105755732335,42.77674777725783,8.800336920917173,0.6482171268132897,122.54985025737014,55.906499999999994,Satisfactory,3.7270999999999996,8.161015669020616,55.906499999999994
3.0,17.405128205128207,78.65,24.327281235376695,52.879270004679455,2.356303228825456,139.46607393542348,3.0,11.494618624239589,45.02105755732335,42.77674777725783,8.800336920917173,0.6482171268132897,122.54985025737014,55.906499999999994,Satisfactory,3.7270999999999996,8.161015669020616,55.906499999999994
3.0,17.415384615384617,78.25,24.327281235376695,52.879270004679455,2.356303228825456,139.46607393542348,3.0,11.494618624239589,45.02105755732335,42.77674777725783,8.800336920917173,0.6482171268132897,122.54985025737014,56.01880000000002,Satisfactory,3.734586666666668,7.9947219188662215,56.01880000000001
3.0,17.415384615384617,78.26025641025642,24.327281235376695,52.879270004679455,2.356303228825456,139.46607393542348,3.0,11.494618624239589,45.02105755732335,42.77674777725783,8.800336920917173,0.6482171268132897,122.54985025737014,56.01880000000002,Satisfactory,3.734586666666668,7.9947219188662215,56.01880000000001
3.0,17.415384615384617,78.27051282051282,24.327281235376695,52.879270004679455,2.356303228825456,139.46607393542348,3.0,11.494618624239589,45.02105755732335,42.77674777725783,8.800336920917173,0.6482171268132897,122.54985025737014,56.01880000000002,Satisfactory,3.734586666666668,7.9947219188662215,56.01880000000001
3.0,17.415384615384617,78.28076923076924,24.327281235376695,52.879270004679455,2.356303228825456,139.46607393542348,3.0,11.494618624239589,45.02105755732335,42.77674777725783,8.800336920917173,0.6482171268132897,122.54985025737014,56.01880000000002,Satisfactory,3.734586666666668,7.9947219188662215,56.01880000000001
3.0,17.415384615384617,78.29102564102564,24.327281235376695,52.879270004679455,2.356303228825456,139.46607393542348,3.0,11.494618624239589,45.02105755732335,42.77674777725783,8.800336920917173,0.6482171268132897,122.54985025737014,56.01880000000002,Satisfactory,3.734586666666668,7.9947219188662215,56.01880000000001
3.0,17.415384615384617,78.30128205128206,24.327281235376695,52.879270004679455,2.356303228825456,139.46607393542348,3.0,11.494618624239589,45.02105755732335,42.77674777725783,8.800336920917173,0.6482171268132897,122.54985025737014,56.140900000000016,Satisfactory,3.742726666666668,7.905569820702364,56.14090000000001
3.0,17.415384615384617,78.31153846153846,24.327281235376695,52.879270004679455,2.356303228825456,139.46607393542348,3.0,11.494618624239589,45.02105755732335,42.77674777725783,8.800336920917173,0.6482171268132897,122.54985025737014,56.140900000000016,Satisfactory,3.742726666666668,7.905569820702364,56.14090000000001
3.0,17.415384615384617,78.32179487179488,24.327281235376695,52.879270004679455,2.356303228825456,139.46607393542348,3.0,11.494618624239589,45.02105755732335,42.77674777725783,8.800336920917173,0.6482171268132897,122.54985025737014,56.140900000000016,Satisfactory,3.742726666666668,7.905569820702364,56.14090000000001
3.0,17.415384615384617,78.33205128205128,24.327281235376695,52.879270004679455,2.356303228825456,139.46607393542348,3.0,11.494618624239589,45.02105755732335,42.77674777725783,8.800336920917173,0.6482171268132897,122.54985025737014,56.140900000000016,Satisfactory,3.742726666666668,7.905569820702364,56.14090000000001
3.0,17.415384615384617,78.3423076923077,24.327281235376695,52.879270004679455,2.356303228825456,139.46607393542348,3.0,11.494618624239589,45.02105755732335,42.77674777725783,8.800336920917173,0.6482171268132897,122.54985025737014,56.140900000000016,Satisfactory,3.742726666666668,7.905569820702364,56.14090000000001
3.0,17.415384615384617,78.3525641025641,24.327281235376695,52.879270004679455,2.356303228825456,139.46607393542348,3.0,11.494618624239589,45.02105755732335,42.77674777725783,8.800336920917173,0.6482171268132897,122.54985025737014,56.140900000000016,Satisfactory,3.742726666666668,7.905569820702364,56.14090000000001
3.0,17.415384615384617,78.36282051282052,24.327281235376695,52.879270004679455,2.356303228825456,139.46607393542348,3.0,11.494618624239589,45.02105755732335,42.77674777725783,8.800336920917173,0.6482171268132897,122.54985025737014,56.140900000000016,Satisfactory,3.742726666666668,7.905569820702364,56.14090000000001
3.0,17.415384615384617,78.37307692307692,24.327281235376695,52.879270004679455,2.356303228825456,139.46607393542348,3.0,11.494618624239589,45.02105755732335,42.77674777725783,8.800336920917173,0.6482171268132897,122.54985025737014,56.140900000000016,Satisfactory,3.742726666666668,7.905569820702364,56.14090000000001
3.0,17.415384615384617,78.38333333333334,24.327281235376695,52.879270004679455,2.356303228825456,139.46607393542348,3.0,11.494618624239589,45.02105755732335,42.77674777725783,8.800336920917173,0.6482171268132897,122.54985025737014,56.132400000000025,Satisfactory,3.7421600000000015,7.9146973561848855,56.13240000000002
3.0,17.415384615384617,78.39358974358974,24.327281235376695,52.879270004679455,2.356303228825456,139.46607393542348,3.0,11.494618624239589,45.02105755732335,42.77674777725783,8.800336920917173,0.6482171268132897,122.54985025737014,56.132400000000025,Satisfactory,3.7421600000000015,7.9146973561848855,56.13240000000002
3.0,17.415384615384617,78.40384615384616,24.327281235376695,52.879270004679455,2.356303228825456,139.46607393542348,3.0,11.494618624239589,45.02105755732335,42.77674777725783,8.800336920917173,0.6482171268132897,122.54985025737014,56.132400000000025,Satisfactory,3.7421600000000015,7.9146973561848855,56.13240000000002
3.0,17.415384615384617,78.41410256410256,24.327281235376695,52.879270004679455,2.356303228825456,139.46607393542348,3.300750235808392,11.494618624239589,45.02105755732335,42.77674777725783,8.800336920917173,0.6482171268132897,122.54985025737014,56.246900000000004,Satisfactory,3.7497933333333338,7.956542929564322,56.2469
3.0,17.415384615384617,78.42435897435898,24.327281235376695,52.879270004679455,2.356303228825456,139.46607393542348,4.034330077855589,11.494618624239589,45.02105755732335,42.77674777725783,8.800336920917173,0.6482171268132897,122.54985025737014,56.1672,Satisfactory,3.7444800000000003,7.9623711393026655,56.167199999999994
3.0,17.415384615384617,78.43461538461538,24.327281235376695,52.879270004679455,2.356303228825456,139.46607393542348,4.742151541343227,11.494618624239589,45.02105755732335,42.77674777725783,8.800336920917173,0.6482171268132897,122.54985025737014,56.3526,Satisfactory,3.75684,7.897989189660873,56.3526
3.0,17.415384615384617,78.4448717948718,24.327281235376695,52.879270004679455,2.356303228825456,139.46607393542348,5.412276622804939,11.494618624239589,45.02105755732335,42.77674777725783,8.800336920917173,0.6482171268132897,122.54985025737014,56.3526,Satisfactory,3.75684,7.897989189660873,56.3526
3.0,17.415384615384617,78.4551282051282,24.327281235376695,52.879270004679455,2.356303228825456,139.46607393542348,6.025591398159381,11.494618624239589,45.02105755732335,42.77674777725783,8.800336920917173,0.6482171268132897,122.54985025737014,58.39109999999999,Satisfactory,3.892739999999999,8.318938501395474,58.39109999999999
3.0,17.415384615384617,78.46538461538462,24.327281235376695,52.879270004679455,2.356303228825456,139.46607393542348,6.551649052031854,11.494618624239589,45.02105755732335,42.77674777725783,8.800336920917173,0.6482171268132897,122.54985025737014,63.92140000000001,Moderate,4.261426666666668,11.922583782049932,63.92140000000001
3.0,17.415384615384617,78.47564102564102,24.327281235376695,52.879270004679455,2.356303228825456,139.46607393542348,6.945035619916791,11.494618624239589,45.02105755732335,42.77674777725783,8.800336920917173,0.6482171268132897,122.54985025737014,64.02780000000001,Moderate,4.2685200000000005,11.880793288328858,64.02780000000001
3.0,17.415384615384617,78.48589743589744,24.327281235376695,52.879270004679455,2.356303228825456,139.46607393542348,7.150267899599901,11.494618624239589,45.02105755732335,42.77674777725783,8.800336920917173,0.6482171268132897,122.54985025737014,64.09800000000001,Moderate,4.273200000000001,11.923901374969516,64.09800000000001
3.0,17.415384615384617,78.49615384615385,24.327281235376695,52.879270004679455,2.356303228825456,139.46607393542348,7.12674030032493,11.494618624239589,45.02105755732335,42.77674777725783,8.800336920917173,0.6482171268132897,122.54985025737014,64.09800000000001,Moderate,4.273200000000001,11.923901374969516,64.09800000000001
3.0,17.415384615384617,78.50641025641026,24.327281235376695,52.879270004679455,2.356303228825456,139.46607393542348,6.879623077774753,11.494618624239589,45.02105755732335,42.77674777725783,8.800336920917173,0.6482171268132897,122.54985025737014,64.09800000000001,Moderate,4.273200000000001,11.923901374969516,64.09800000000001
3.0,17.415384615384617,78.51666666666667,24.327281235376695,52.879270004679455,2.356303228825456,139.46607393542348,6.455375118720777,11.494618624239589,45.02105755732335,42.77674777725783,8.800336920917173,0.6482171268132897,122.54985025737014,58.39109999999999,Satisfactory,3.892739999999999,8.318938501395474,58.39109999999999
3.0,17.415384615384617,78.52692307692308,24.327281235376695,52.879270004679455,2.356303228825456,139.46607393542348,5.90873350434511,11.494618624239589,45.02105755732335,42.77674777725783,8.800336920917173,0.6482171268132897,122.54985025737014,58.39109999999999,Satisfactory,3.892739999999999,8.318938501395474,58.39109999999999
3.0,17.415384615384617,78.53717948717949,24.327281235376695,52.879270004679455,2.356303228825456,139.46607393542348,5.2820512820508725,11.494618624239589,45.02105755732335,42.77674777725783,8.800336920917173,0.6482171268132897,122.54985025737014,56.316900000000004,Satisfactory,3.7544600000000004,7.92692773967317,56.316900000000004
3.0,17.415384615384617,78.5474358974359,24.327281235376695,52.879270004679455,2.356303228825456,139.46607393542348,4.603139685966685,11.494618624239589,45.02105755732335,42.77674777725783,8.800336920917173,0.6482171268132897,122.54985025737014,56.05650000000001,Satisfactory,3.7371000000000003,8.127489941550218,56.0565
3.0,17.415384615384617,78.5576923076923,24.327281235376695,52.879270004679455,2.356303228825456,139.46607393542348,3.88938260317183,11.494618624239589,45.02105755732335,42.77674777725783,8.800336920917173,0.6482171268132897,122.54985025737014,55.906499999999994,Satisfactory,3.7270999999999996,8.161015669020616,55.906499999999994
3.0,17.415384615384617,78.56794871794872,24.327281235376695,52.879270004679455,2.356303228825456,139.46607393542348,3.1516665334612615,11.494618624239589,45.02105755732335,42.77674777725783,8.800336920917173,0.6482171268132897,122.54985025737014,55.906499999999994,Satisfactory,3.7270999999999996,8.161015669020616,55.906499999999994
3.0,17.415384615384617,78.57820512820513,24.327281235376695,52.879270004679455,2.356303228825456,139.46607393542348,3.0,11.494618624239589,45.02105755732335,42.77674777725783,8.800336920917173,0.6482171268132897,122.54985025737014,55.906499999999994,Satisfactory,3.7270999999999996,8.161015669020616,55.906499999999994
3.0,17.415384615384617,78.58846153846154,24.327281235376695,52.879270004679455,2.356303228825456,139.46607393542348,3.0,11.494618624239589,45.02105755732335,42.77674777725783,8.800336920917173,0.6482171268132897,122.54985025737014,55.906499999999994,Satisfactory,3.7270999999999996,8.161015669020616,55.906499999999994
3.0,17.415384615384617,78.59871794871795,24.327281235376695,52.879270004679455,2.356303228825456,139.46607393542348,3.0,11.494618624239589,45.02105755732335,42.77674777725783,8.800336920917173,0.6482171268132897,122.54985025737014,55.906499999999994,Satisfactory,3.7270999999999996,8.161015669020616,55.906499999999994
3.0,17.415384615384617,78.60897435897436,24.327281235376695,52.879270004679455,2.356303228825456,139.46607393542348,3.0,11.494618624239589,45.02105755732335,42.77674777725783,8.800336920917173,0.6482171268132897,122.54985025737014,55.906499999999994,Satisfactory,3.7270999999999996,8.161015669020616,55.906499999999994
3.0,17.415384615384617,78.61923076923077,24.327281235376695,52.879270004679455,2.356303228825456,139.46607393542348,3.0,11.494618624239589,45.02105755732335,42.77674777725783,8.800336920917173,0.6482171268132897,122.54985025737014,55.906499999999994,Satisfactory,3.7270999999999996,8.161015669020616,55.906499999999994
3.0,17.415384615384617,78.62948717948719,24.327281235376695,52.879270004679455,2.356303228825456,139.46607393542348,3.0,11.494618624239589,45.02105755732335,42.77674777725783,8.800336920917173,0.6482171268132897,122.54985025737014,55.906499999999994,Satisfactory,3.7270999999999996,8.161015669020616,55.906499999999994
3.0,17.415384615384617,78.63974358974359,24.327281235376695,52.879270004679455,2.356303228825456,139.46607393542348,3.0,11.494618624239589,45.02105755732335,42.77674777725783,8.800336920917173,0.6482171268132897,122.54985025737014,55.906499999999994,Satisfactory,3.7270999999999996,8.161015669020616,55.906499999999994
3.0,17.415384615384617,78.65,24.327281235376695,52.879270004679455,2.356303228825456,139.46607393542348,3.0,11.494618624239589,45.02105755732335,42.77674777725783,8.800336920917173,0.6482171268132897,122.54985025737014,55.906499999999994,Satisfactory,3.7270999999999996,8.161015669020616,55.906499999999994
3.0,17.425641025641028,78.25,24.327281235376695,52.879270004679455,2.356303228825456,139.46607393542348,3.0,11.494618624239589,45.02105755732335,42.77674777725783,8.800336920917173,0.6482171268132897,122.54985025737014,56.01880000000002,Satisfactory,3.734586666666668,7.9947219188662215,56.01880000000001
3.0,17.425641025641028,78.26025641025642,24.327281235376695,52.879270004679455,2.356303228825456,139.46607393542348,3.0,11.494618624239589,45.02105755732335,42.77674777725783,8.800336920917173,0.6482171268132897,122.54985025737014,56.01880000000002,Satisfactory,3.734586666666668,7.9947219188662215,56.01880000000001
3.0,17.425641025641028,78.27051282051282,24.327281235376695,52.879270004679455,2.356303228825456,139.46607393542348,3.0,11.494618624239589,45.02105755732335,42.77674777725783,8.800336920917173,0.6482171268132897,122.54985025737014,56.01880000000002,Satisfactory,3.734586666666668,7.9947219188662215,56.01880000000001
3.0,17.425641025641028,78.28076923076924,24.327281235376695,52.879270004679455,2.356303228825456,139.46607393542348,3.0,11.494618624239589,45.02105755732335,42.77674777725783,8.800336920917173,0.6482171268132897,122.54985025737014,56.01880000000002,Satisfactory,3.734586666666668,7.9947219188662215,56.01880000000001
3.0,17.425641025641028,78.29102564102564,24.327281235376695,52.879270004679455,2.356303228825456,139.46607393542348,3.0,11.494618624239589,45.02105755732335,42.77674777725783,8.800336920917173,0.6482171268132897,122.54985025737014,56.01880000000002,Satisfactory,3.734586666666668,7.9947219188662215,56.01880000000001
3.0,17.425641025641028,78.30128205128206,24.327281235376695,52.879270004679455,2.356303228825456,139.46607393542348,3.0,11.494618624239589,45.02105755732335,42.77674777725783,8.800336920917173,0.6482171268132897,122.54985025737014,56.140900000000016,Satisfactory,3.742726666666668,7.905569820702364,56.14090000000001
3.0,17.425641025641028,78.31153846153846,24.327281235376695,52.879270004679455,2.356303228825456,139.46607393542348,3.0,11.494618624239589,45.02105755732335,42.77674777725783,8.800336920917173,0.6482171268132897,122.54985025737014,56.140900000000016,Satisfactory,3.742726666666668,7.905569820702364,56.14090000000001
3.0,17.425641025641028,78.32179487179488,24.327281235376695,52.879270004679455,2.356303228825456,139.46607393542348,3.0,11.494618624239589,45.02105755732335,42.77674777725783,8.800336920917173,0.6482171268132897,122.54985025737014,56.140900000000016,Satisfactory,3.742726666666668,7.905569820702364,56.14090000000001
3.0,17.425641025641028,78.33205128205128,24.327281235376695,52.879270004679455,2.356303228825456,139.46607393542348,3.0,11.494618624239589,45.02105755732335,42.77674777725783,8.800336920917173,0.6482171268132897,122.54985025737014,56.140900000000016,Satisfactory,3.742726666666668,7.905569820702364,56.14090000000001
3.0,17.425641025641028,78.3423076923077,24.327281235376695,52.879270004679455,2.356303228825456,139.46607393542348,3.0,11.494618624239589,45.02105755732335,42.77674777725783,8.800336920917173,0.6482171268132897,122.54985025737014,56.140900000000016,Satisfactory,3.742726666666668,7.905569820702364,56.14090000000001
3.0,17.425641025641028,78.3525641025641,24.327281235376695,52.879270004679455,2.356303228825456,139.46607393542348,3.0,11.494618624239589,45.02105755732335,42.77674777725783,8.800336920917173,0.6482171268132897,122.54985025737014,56.140900000000016,Satisfactory,3.742726666666668,7.905569820702364,56.14090000000001
3.0,17.425641025641028,78.36282051282052,24.327281235376695,52.879270004679455,2.356303228825456,139.46607393542348,3.0,11.494618624239589,45.02105755732335,42.77674777725783,8.800336920917173,0.6482171268132897,122.54985025737014,56.140900000000016,Satisfactory,3.742726666666668,7.905569820702364,56.14090000000001
3.0,17.425641025641028,78.37307692307692,24.327281235376695,52.879270004679455,2.356303228825456,139.46607393542348,3.0,11.494618624239589,45.02105755732335,42.77674777725783,8.800336920917173,0.6482171268132897,122.54985025737014,56.140900000000016,Satisfactory,3.742726666666668,7.905569820702364,56.14090000000001
3.0,17.425641025641028,78.38333333333334,24.327281235376695,52.879270004679455,2.356303228825456,139.46607393542348,3.0,11.494618624239589,45.02105755732335,42.77674777725783,8.800336920917173,0.6482171268132897,122.54985025737014,56.132400000000025,Satisfactory,3.7421600000000015,7.9146973561848855,56.13240000000002
3.0,17.425641025641028,78.39358974358974,24.327281235376695,52.879270004679455,2.356303228825456,139.46607393542348,3.0,11.494618624239589,45.02105755732335,42.77674777725783,8.800336920917173,0.6482171268132897,122.54985025737014,56.132400000000025,Satisfactory,3.7421600000000015,7.9146973561848855,56.13240000000002
3.0,17.425641025641028,78.40384615384616,24.327281235376695,52.879270004679455,2.356303228825456,139.46607393542348,3.0,11.494618624239589,45.02105755732335,42.77674777725783,8.800336920917173,0.6482171268132897,122.54985025737014,56.132400000000025,Satisfactory,3.7421600000000015,7.9146973561848855,56.13240000000002
3.0,17.425641025641028,78.41410256410256,24.327281235376695,52.879270004679455,2.356303228825456,139.46607393542348,3.0,11.494618624239589,45.02105755732335,42.77674777725783,8.800336920917173,0.6482171268132897,122.54985025737014,56.246900000000004,Satisfactory,3.7497933333333338,7.956542929564322,56.2469
3.0,17.425641025641028,78.42435897435898,24.327281235376695,52.879270004679455,2.356303228825456,139.46607393542348,3.604077564563223,11.494618624239589,45.02105755732335,42.77674777725783,8.800336920917173,0.6482171268132897,122.54985025737014,56.1672,Satisfactory,3.7444800000000003,7.9623711393026655,56.167199999999994
3.0,17.425641025641028,78.43461538461538,24.327281235376695,52.879270004679455,2.356303228825456,139.46607393542348,4.258608479267031,11.494618624239589,45.02105755732335,42.77674777725783,8.800336920917173,0.6482171268132897,122.54985025737014,56.1672,Satisfactory,3.7444800000000003,7.9623711393026655,56.167199999999994
3.0,17.425641025641028,78.4448717948718,24.327281235376695,52.879270004679455,2.356303228825456,139.46607393542348,4.865234964888162,11.494618624239589,45.02105755732335,42.77674777725783,8.800336920917173,0.6482171268132897,122.54985025737014,56.3526,Satisfactory,3.75684,7.897989189660873,56.3526
3.0,17.425641025641028,78.4551282051282,24.327281235376695,52.879270004679455,2.356303228825456,139.46607393542348,5.404945058595085,11.494618624239589,45.02105755732335,42.77674777725783,8.800336920917173,0.6482171268132897,122.54985025737014,56.316900000000004,Satisfactory,3.7544600000000004,7.92692773967317,56.316900000000004
3.0,17.425641025641028,78.46538461538462,24.327281235376695,52.879270004679455,2.356303228825456,139.46607393542348,5.85153878642962,11.494618624239589,45.02105755732335,42.77674777725783,8.800336920917173,0.6482171268132897,122.54985025737014,58.39109999999999,Satisfactory,3.892739999999999,8.318938501395474,58.39109999999999
3.0,17.425641025641028,78.47564102564102,24.327281235376695,52.879270004679455,2.356303228825456,139.46607393542348,6.172283507922483,11.494618624239589,45.02105755732335,42.77674777725783,8.800336920917173,0.6482171268132897,122.54985025737014,58.39109999999999,Satisfactory,3.892739999999999,8.318938501395474,58.39109999999999
3.0,17.425641025641028,78.48589743589744,24.327281235376695,52.879270004679455,2.356303228825456,139.46607393542348,6.333996832489668,11.494618624239589,45.02105755732335,42.77674777725783,8.800336920917173,0.6482171268132897,122.54985025737014,58.39109999999999,Satisfactory,3.892739999999999,8.318938501395474,58.39109999999999
3.0,17.425641025641028,78.49615384615385,24.327281235376695,52.879270004679455,2.356303228825456,139.46607393542348,6.315678151691699,11.494618624239589,45.02105755732335,42.77674777725783,8.800336920917173,0.6482171268132897,122.54985025737014,58.39109999999999,Satisfactory,3.892739999999999,8.318938501395474,58.39109999999999
3.0,17.425641025641028,78.50641025641026,24.327281235376695,52.879270004679455,2.356303228825456,139.46607393542348,6.119876507519262,11.494618624239589,45.02105755732335,42.77674777725783,8.800336920917173,0.6482171268132897,122.54985025737014,58.39109999999999,Satisfactory,3.892739999999999,8.318938501395474,58.39109999999999
3.0,17.425641025641028,78.51666666666667,24.327281235376695,52.879270004679455,2.356303228825456,139.46607393542348,5.771173717314842,11.494618624239589,45.02105755732335,42.77674777725783,8.800336920917173,0.6482171268132897,122.54985025737014,58.39109999999999,Satisfactory,3.892739999999999,8.318938501395474,58.39109999999999
3.0,17.425641025641028,78.52692307692308,24.327281235376695,52.879270004679455,2.356303228825456,139.46607393542348,5.303504740914427,11.494618624239589,45.02105755732335,42.77674777725783,8.800336920917173,0.6482171268132897,122.54985025737014,56.316900000000004,Satisfactory,3.7544600000000004,7.92692773967317,56.316900000000004
3.0,17.425641025641028,78.53717948717949,24.327281235376695,52.879270004679455,2.356303228825456,139.46607393542348,4.748557694752532,11.494618624239589,45.02105755732335,42.77674777725783,8.800336920917173,0.6482171268132897,122.54985025737014,56.316900000000004,Satisfactory,3.7544600000000004,7.92692773967317,56.316900000000004
3.0,17.425641025641028,78.5474358974359,24.327281235376695,52.879270004679455,2.356303228825456,139.46607393542348,4.131038641349494,11.494618624239589,45.02105755732335,42.77674777725783,8.800336920917173,0.6482171268132897,122.54985025737014,55.906499999999994,Satisfactory,3.7270999999999996,8.161015669020616,55.906499999999994
3.0,17.425641025641028,78.5576923076923,24.327281235376695,52.879270004679455,2.356303228825456,139.46607393542348,3.4686715631072342,11.494618624239589,45.02105755732335,42.77674777725783,8.800336920917173,0.6482171268132897,122.54985025737014,55.906499999999994,Satisfactory,3.7270999999999996,8.161015669020616,55.906499999999994
3.0,17.425641025641028,78.56794871794872,24.327281235376695,52.879270004679455,2.356303228825456,139.46607393542348,3.0,11.494618624239589,45.02105755732335,42.77674777725783,8.800336920917173,0.6482171268132897,122.54985025737014,55.906499999999994,Satisfactory,3.7270999999999996,8.161015669020616,55.906499999999994
3.0,17.425641025641028,78.57820512820513,24.327281235376695,52.879270004679455,2.356303228825456,139.46607393542348,3.0,11.494618624239589,45.02105755732335,42.77674777725783,8.800336920917173,0.6482171268132897,122.54985025737014,55.906499999999994,Satisfactory,3.7270999999999996,8.161015669020616,55.906499999999994
3.0,17.425641025641028,78.58846153846154,24.327281235376695,52.879270004679455,2.356303228825456,139.46607393542348,3.0,11.494618624239589,45.02105755732335,42.77674777725783,8.800336920917173,0.6482171268132897,122.54985025737014,55.906499999999994,Satisfactory,3.7270999999999996,8.161015669020616,55.906499999999994
3.0,17.425641025641028,78.59871794871795,24.327281235376695,52.879270004679455,2.356303228825456,139.46607393542348,3.0,11.494618624239589,45.02105755732335,42.77674777725783,8.800336920917173,0.6482171268132897,122.54985025737014,55.906499999999994,Satisfactory,3.7270999999999996,8.161015669020616,55.906499999999994
3.0,17.425641025641028,78.60897435897436,24.327281235376695,52.879270004679455,2.356303228825456,139.46607393542348,3.0,11.494618624239589,45.02105755732335,42.77674777725783,8.800336920917173,0.6482171268132897,122.54985025737014,55.906499999999994,Satisfactory,3.7270999999999996,8.161015669020616,55.906499999999994
3.0,17.425641025641028,78.61923076923077,24.327281235376695,52.879270004679455,2.356303228825456,139.46607393542348,3.0,11.494618624239589,45.02105755732335,42.77674777725783,8.800336920917173,0.6482171268132897,122.54985025737014,55.906499999999994,Satisfactory,3.7270999999999996,8.161015669020616,55.906499999999994
3.0,17.425641025641028,78.62948717948719,24.327281235376695,52.879270004679455,2.356303228825456,139.46607393542348,3.0,11.494618624239589,45.02105755732335,42.77674777725783,8.800336920917173,0.6482171268132897,122.54985025737014,55.906499999999994,Satisfactory,3.7270999999999996,8.161015669020616,55.906499999999994
3.0,17.425641025641028,78.63974358974359,24.327281235376695,52.879270004679455,2.356303228825456,139.46607393542348,3.0,11.494618624239589,45.02105755732335,42.77674777725783,8.800336920917173,0.6482171268132897,122.54985025737014,55.906499999999994,Satisfactory,3.7270999999999996,8.161015669020616,55.906499999999994
3.0,17.425641025641028,78.65,24.327281235376695,52.879270004679455,2.356303228825456,139.46607393542348,3.0,11.494618624239589,45.02105755732335,42.77674777725783,8.800336920917173,0.6482171268132897,122.54985025737014,55.906499999999994,Satisfactory,3.7270999999999996,8.161015669020616,55.906499999999994
3.0,17.435897435897438,78.25,24.327281235376695,52.879270004679455,2.356303228825456,139.46607393542348,3.0,11.494618624239589,45.02105755732335,42.77674777725783,8.800336920917173,0.6482171268132897,122.54985025737014,56.01880000000002,Satisfactory,3.734586666666668,7.9947219188662215,56.01880000000001
3.0,17.435897435897438,78.26025641025642,24.327281235376695,52.879270004679455,2.356303228825456,139.46607393542348,3.0,11.494618624239589,45.02105755732335,42.77674777725783,8.800336920917173,0.6482171268132897,122.54985025737014,56.01880000000002,Satisfactory,3.734586666666668,7.9947219188662215,56.01880000000001
3.0,17.435897435897438,78.27051282051282,24.327281235376695,52.879270004679455,2.356303228825456,139.46607393542348,3.0,11.494618624239589,45.02105755732335,42.77674777725783,8.800336920917173,0.6482171268132897,122.54985025737014,56.01880000000002,Satisfactory,3.734586666666668,7.9947219188662215,56.01880000000001
3.0,17.435897435897438,78.28076923076924,24.327281235376695,52.879270004679455,2.356303228825456,139.46607393542348,3.0,11.494618624239589,45.02105755732335,42.77674777725783,8.800336920917173,0.6482171268132897,122.54985025737014,56.01880000000002,Satisfactory,3.734586666666668,7.9947219188662215,56.01880000000001
3.0,17.435897435897438,78.29102564102564,24.327281235376695,52.879270004679455,2.356303228825456,139.46607393542348,3.0,11.494618624239589,45.02105755732335,42.77674777725783,8.800336920917173,0.6482171268132897,122.54985025737014,56.01880000000002,Satisfactory,3.734586666666668,7.9947219188662215,56.01880000000001
3.0,17.435897435897438,78.30128205128206,24.327281235376695,52.879270004679455,2.356303228825456,139.46607393542348,3.0,11.494618624239589,45.02105755732335,42.77674777725783,8.800336920917173,0.6482171268132897,122.54985025737014,56.140900000000016,Satisfactory,3.742726666666668,7.905569820702364,56.14090000000001
3.0,17.435897435897438,78.31153846153846,24.327281235376695,52.879270004679455,2.356303228825456,139.46607393542348,3.0,11.494618624239589,45.02105755732335,42.77674777725783,8.800336920917173,0.6482171268132897,122.54985025737014,56.140900000000016,Satisfactory,3.742726666666668,7.905569820702364,56.14090000000001
3.0,17.435897435897438,78.32179487179488,24.327281235376695,52.879270004679455,2.356303228825456,139.46607393542348,3.0,11.494618624239589,45.02105755732335,42.77674777725783,8.800336920917173,0.6482171268132897,122.54985025737014,56.140900000000016,Satisfactory,3.742726666666668,7.905569820702364,56.14090000000001
3.0,17.435897435897438,78.33205128205128,24.327281235376695,52.879270004679455,2.356303228825456,139.46607393542348,3.0,11.494618624239589,45.02105755732335,42.77674777725783,8.800336920917173,0.6482171268132897,122.54985025737014,56.140900000000016,Satisfactory,3.742726666666668,7.905569820702364,56.14090000000001
3.0,17.435897435897438,78.3423076923077,24.327281235376695,52.879270004679455,2.356303228825456,139.46607393542348,3.0,11.494618624239589,45.02105755732335,42.77674777725783,8.800336920917173,0.6482171268132897,122.54985025737014,56.140900000000016,Satisfactory,3.742726666666668,7.905569820702364,56.14090000000001
3.0,17.435897435897438,78.3525641025641,24.327281235376695,52.879270004679455,2.356303228825456,139.46607393542348,3.0,11.494618624239589,45.02105755732335,42.77674777725783,8.800336920917173,0.6482171268132897,122.54985025737014,56.140900000000016,Satisfactory,3.742726666666668,7.905569820702364,56.14090000000001
3.0,17.435897435897438,78.36282051282052,24.327281235376695,52.879270004679455,2.356303228825456,139.46607393542348,3.0,11.494618624239589,45.02105755732335,42.77674777725783,8.800336920917173,0.6482171268132897,122.54985025737014,56.140900000000016,Satisfactory,3.742726666666668,7.905569820702364,56.14090000000001
3.0,17.435897435897438,78.37307692307692,24.327281235376695,52.879270004679455,2.356303228825456,139.46607393542348,3.0,11.494618624239589,45.02105755732335,42.77674777725783,8.800336920917173,0.6482171268132897,122.54985025737014,56.140900000000016,Satisfactory,3.742726666666668,7.905569820702364,56.14090000000001
3.0,17.435897435897438,78.38333333333334,24.327281235376695,52.879270004679455,2.356303228825456,139.46607393542348,3.0,11.494618624239589,45.02105755732335,42.77674777725783,8.800336920917173,0.6482171268132897,122.54985025737014,56.132400000000025,Satisfactory,3.7421600000000015,7.9146973561848855,56.13240000000002
3.0,17.435897435897438,78.39358974358974,24.327281235376695,52.879270004679455,2.356303228825456,139.46607393542348,3.0,11.494618624239589,45.02105755732335,42.77674777725783,8.800336920917173,0.6482171268132897,122.54985025737014,56.132400000000025,Satisfactory,3.7421600000000015,7.9146973561848855,56.13240000000002
3.0,17.435897435897438,78.40384615384616,24.327281235376695,52.879270004679455,2.356303228825456,139.46607393542348,3.0,11.494618624239589,45.02105755732335,42.77674777725783,8.800336920917173,0.6482171268132897,122.54985025737014,56.132400000000025,Satisfactory,3.7421600000000015,7.9146973561848855,56.13240000000002
3.0,17.435897435897438,78.41410256410256,24.327281235376695,52.879270004679455,2.356303228825456,139.46607393542348,3.0,11.494618624239589,45.02105755732335,42.77674777725783,8.800336920917173,0.6482171268132897,122.54985025737014,56.246900000000004,Satisfactory,3.7497933333333338,7.956542929564322,56.2469
3.0,17.435897435897438,78.42435897435898,24.327281235376695,52.879270004679455,2.356303228825456,139.46607393542348,3.1026880194150754,11.494618624239589,45.02105755732335,42.77674777725783,8.800336920917173,0.6482171268132897,122.54985025737014,56.1672,Satisfactory,3.7444800000000003,7.9623711393026655,56.167199999999994
3.0,17.435897435897438,78.43461538461538,24.327281235376695,52.879270004679455,2.356303228825456,139.46607393542348,3.7048697112973707,11.494618624239589,45.02105755732335,42.77674777725783,8.800336920917173,0.6482171268132897,122.54985025737014,56.1672,Satisfactory,3.7444800000000003,7.9623711393026655,56.167199999999994
3.0,17.435897435897438,78.4448717948718,24.327281235376695,52.879270004679455,2.356303228825456,139.46607393542348,4.252748420052947,11.494618624239589,45.02105755732335,42.77674777725783,8.800336920917173,0.6482171268132897,122.54985025737014,56.1672,Satisfactory,3.7444800000000003,7.9623711393026655,56.167199999999994
3.0,17.435897435897438,78.4551282051282,24.327281235376695,52.879270004679455,2.356303228825456,139.46607393542348,4.72936259339285,11.494618624239589,45.02105755732335,42.77674777725783,8.800336920917173,0.6482171268132897,122.54985025737014,56.316900000000004,Satisfactory,3.7544600000000004,7.92692773967317,56.316900000000004
3.0,17.435897435897438,78.46538461538462,24.327281235376695,52.879270004679455,2.356303228825456,139.46607393542348,5.113813429892934,11.494618624239589,45.02105755732335,42.77674777725783,8.800336920917173,0.6482171268132897,122.54985025737014,56.316900000000004,Satisfactory,3.7544600000000004,7.92692773967317,56.316900000000004
3.0,17.435897435897438,78.47564102564102,24.327281235376695,52.879270004679455,2.356303228825456,139.46607393542348,5.383020218679852,11.494618624239589,45.02105755732335,42.77674777725783,8.800336920917173,0.6482171268132897,122.54985025737014,56.316900000000004,Satisfactory,3.7544600000000004,7.92692773967317,56.316900000000004
3.0,17.435897435897438,78.48589743589744,24.327281235376695,52.879270004679455,2.356303228825456,139.46607393542348,5.516177079590162,11.494618624239589,45.02105755732335,42.77674777725783,8.800336920917173,0.6482171268132897,122.54985025737014,58.39109999999999,Satisfactory,3.892739999999999,8.318938501395474,58.39109999999999
3.0,17.435897435897438,78.49615384615385,24.327281235376695,52.879270004679455,2.356303228825456,139.46607393542348,5.501187241135867,11.494618624239589,45.02105755732335,42.77674777725783,8.800336920917173,0.6482171268132897,122.54985025737014,58.39109999999999,Satisfactory,3.892739999999999,8.318938501395474,58.39109999999999
3.0,17.435897435897438,78.50641025641026,24.327281235376695,52.879270004679455,2.356303228825456,139.46607393542348,5.339479956668168,11.494618624239589,45.02105755732335,42.77674777725783,8.800336920917173,0.6482171268132897,122.54985025737014,56.316900000000004,Satisfactory,3.7544600000000004,7.92692773967317,56.316900000000004
3.0,17.435897435897438,78.51666666666667,24.327281235376695,52.879270004679455,2.356303228825456,139.46607393542348,5.045400067964559,11.494618624239589,45.02105755732335,42.77674777725783,8.800336920917173,0.6482171268132897,122.54985025737014,56.316900000000004,Satisfactory,3.7544600000000004,7.92692773967317,56.316900000000004
3.0,17.435897435897438,78.52692307692308,24.327281235376695,52.879270004679455,2.356303228825456,139.46607393542348,4.640694403562148,11.494618624239589,45.02105755732335,42.77674777725783,8.800336920917173,0.6482171268132897,122.54985025737014,56.316900000000004,Satisfactory,3.7544600000000004,7.92692773967317,56.316900000000004
3.0,17.435897435897438,78.53717948717949,24.327281235376695,52.879270004679455,2.356303228825456,139.46607393542348,4.148270764744863,11.494618624239589,45.02105755732335,42.77674777725783,8.800336920917173,0.6482171268132897,122.54985025737014,56.1669,Satisfactory,3.7444599999999997,7.966202821294473,56.1669
3.0,17.435897435897438,78.5474358974359,24.327281235376695,52.879270004679455,2.356303228825456,139.46607393542348,3.5883078530913837,11.494618624239589,45.02105755732335,42.77674777725783,8.800336920917173,0.6482171268132897,122.54985025737014,55.906499999999994,Satisfactory,3.7270999999999996,8.161015669020616,55.906499999999994
3.0,17.435897435897438,78.5576923076923,24.327281235376695,52.879270004679455,2.356303228825456,139.46607393542348,3.0,11.494618624239589,45.02105755732335,42.77674777725783,8.800336920917173,0.6482171268132897,122.54985025737014,55.906499999999994,Satisfactory,3.7270999999999996,8.161015669020616,55.906499999999994
3.0,17.435897435897438,78.56794871794872,24.327281235376695,52.879270004679455,2.356303228825456,139.46607393542348,3.0,11.494618624239589,45.02105755732335,42.77674777725783,8.800336920917173,0.6482171268132897,122.54985025737014,55.906499999999994,Satisfactory,3.7270999999999996,8.161015669020616,55.906499999999994
3.0,17.435897435897438,78.57820512820513,24.327281235376695,52.879270004679455,2.356303228825456,139.46607393542348,3.0,11.494618624239589,45.02105755732335,42.77674777725783,8.800336920917173,0.6482171268132897,122.54985025737014,55.906499999999994,Satisfactory,3.7270999999999996,8.161015669020616,55.906499999999994
3.0,17.435897435897438,78.58846153846154,24.327281235376695,52.879270004679455,2.356303228825456,139.46607393542348,3.0,11.494618624239589,45.02105755732335,42.77674777725783,8.800336920917173,0.6482171268132897,122.54985025737014,55.906499999999994,Satisfactory,3.7270999999999996,8.161015669020616,55.906499999999994
3.0,17.435897435897438,78.59871794871795,24.327281235376695,52.879270004679455,2.356303228825456,139.46607393542348,3.0,11.494618624239589,45.02105755732335,42.77674777725783,8.800336920917173,0.6482171268132897,122.54985025737014,55.906499999999994,Satisfactory,3.7270999999999996,8.161015669020616,55.906499999999994
3.0,17.435897435897438,78.60897435897436,24.327281235376695,52.879270004679455,2.356303228825456,139.46607393542348,3.0,11.494618624239589,45.02105755732335,42.77674777725783,8.800336920917173,0.6482171268132897,122.54985025737014,55.906499999999994,Satisfactory,3.7270999999999996,8.161015669020616,55.906499999999994
3.0,17.435897435897438,78.61923076923077,24.327281235376695,52.879270004679455,2.356303228825456,139.46607393542348,3.0,11.494618624239589,45.02105755732335,42.77674777725783,8.800336920917173,0.6482171268132897,122.54985025737014,55.906499999999994,Satisfactory,3.7270999999999996,8.161015669020616,55.906499999999994
3.0,17.435897435897438,78.62948717948719,24.327281235376695,52.879270004679455,2.356303228825456,139.46607393542348,3.0,11.494618624239589,45.02105755732335,42.77674777725783,8.800336920917173,0.6482171268132897,122.54985025737014,55.906499999999994,Satisfactory,3.7270999999999996,8.161015669020616,55.906499999999994
3.0,17.435897435897438,78.63974358974359,24.327281235376695,52.879270004679455,2.356303228825456,139.46607393542348,3.0,11.494618624239589,45.02105755732335,42.77674777725783,8.800336920917173,0.6482171268132897,122.54985025737014,55.906499999999994,Satisfactory,3.7270999999999996,8.161015669020616,55.906499999999994
3.0,17.435897435897438,78.65,24.327281235376695,52.879270004679455,2.356303228825456,139.46607393542348,3.0,11.494618624239589,45.02105755732335,42.77674777725783,8.800336920917173,0.6482171268132897,122.54985025737014,55.906499999999994,Satisfactory,3.7270999999999996,8.161015669020616,55.906499999999994
3.0,17.446153846153848,78.25,24.327281235376695,52.879270004679455,2.356303228825456,139.46607393542348,3.0,11.494618624239589,45.02105755732335,42.77674777725783,8.800336920917173,0.6482171268132897,122.54985025737014,56.01880000000002,Satisfactory,3.734586666666668,7.9947219188662215,56.01880000000001
3.0,17.446153846153848,78.26025641025642,24.327281235376695,52.879270004679455,2.356303228825456,139.46607393542348,3.0,11.494618624239589,45.02105755732335,42.77674777725783,8.800336920917173,0.6482171268132897,122.54985025737014,56.01880000000002,Satisfactory,3.734586666666668,7.9947219188662215,56.01880000000001
3.0,17.446153846153848,78.27051282051282,24.327281235376695,52.879270004679455,2.356303228825456,139.46607393542348,3.0,11.494618624239589,45.02105755732335,42.77674777725783,8.800336920917173,0.6482171268132897,122.54985025737014,56.01880000000002,Satisfactory,3.734586666666668,7.9947219188662215,56.01880000000001
3.0,17.446153846153848,78.28076923076924,24.327281235376695,52.879270004679455,2.356303228825456,139.46607393542348,3.0,11.494618624239589,45.02105755732335,42.77674777725783,8.800336920917173,0.6482171268132897,122.54985025737014,56.01880000000002,Satisfactory,3.734586666666668,7.9947219188662215,56.01880000000001
3.0,17.446153846153848,78.29102564102564,24.327281235376695,52.879270004679455,2.356303228825456,139.46607393542348,3.0,11.494618624239589,45.02105755732335,42.77674777725783,8.800336920917173,0.6482171268132897,122.54985025737014,56.01880000000002,Satisfactory,3.734586666666668,7.9947219188662215,56.01880000000001
3.0,17.446153846153848,78.30128205128206,24.327281235376695,52.879270004679455,2.356303228825456,139.46607393542348,3.0,11.494618624239589,45.02105755732335,42.77674777725783,8.800336920917173,0.6482171268132897,122.54985025737014,56.140900000000016,Satisfactory,3.742726666666668,7.905569820702364,56.14090000000001
3.0,17.446153846153848,78.31153846153846,24.327281235376695,52.879270004679455,2.356303228825456,139.46607393542348,3.0,11.494618624239589,45.02105755732335,42.77674777725783,8.800336920917173,0.6482171268132897,122.54985025737014,56.140900000000016,Satisfactory,3.742726666666668,7.905569820702364,56.14090000000001
3.0,17.446153846153848,78.32179487179488,24.327281235376695,52.879270004679455,2.356303228825456,139.46607393542348,3.0,11.494618624239589,45.02105755732335,42.77674777725783,8.800336920917173,0.6482171268132897,122.54985025737014,56.140900000000016,Satisfactory,3.742726666666668,7.905569820702364,56.14090000000001
3.0,17.446153846153848,78.33205128205128,24.327281235376695,52.879270004679455,2.356303228825456,139.46607393542348,3.0,11.494618624239589,45.02105755732335,42.77674777725783,8.800336920917173,0.6482171268132897,122.54985025737014,56.140900000000016,Satisfactory,3.742726666666668,7.905569820702364,56.14090000000001
3.0,17.446153846153848,78.3423076923077,24.327281235376695,52.879270004679455,2.356303228825456,139.46607393542348,3.0,11.494618624239589,45.02105755732335,42.77674777725783,8.800336920917173,0.6482171268132897,122.54985025737014,56.140900000000016,Satisfactory,3.742726666666668,7.905569820702364,56.14090000000001
3.0,17.446153846153848,78.3525641025641,24.327281235376695,52.879270004679455,2.356303228825456,139.46607393542348,3.0,11.494618624239589,45.02105755732335,42.77674777725783,8.800336920917173,0.6482171268132897,122.54985025737014,56.140900000000016,Satisfactory,3.742726666666668,7.905569820702364,56.14090000000001
3.0,17.446153846153848,78.36282051282052,24.327281235376695,52.879270004679455,2.356303228825456,139.46607393542348,3.0,11.494618624239589,45.02105755732335,42.77674777725783,8.800336920917173,0.6482171268132897,122.54985025737014,56.140900000000016,Satisfactory,3.742726666666668,7.905569820702364,56.14090000000001
3.0,17.446153846153848,78.37307692307692,24.327281235376695,52.879270004679455,2.356303228825456,139.46607393542348,3.0,11.494618624239589,45.02105755732335,42.77674777725783,8.800336920917173,0.6482171268132897,122.54985025737014,56.140900000000016,Satisfactory,3.742726666666668,7.905569820702364,56.14090000000001
3.0,17.446153846153848,78.38333333333334,24.327281235376695,52.879270004679455,2.356303228825456,139.46607393542348,3.0,11.494618624239589,45.02105755732335,42.77674777725783,8.800336920917173,0.6482171268132897,122.54985025737014,56.132400000000025,Satisfactory,3.7421600000000015,7.9146973561848855,56.13240000000002
3.0,17.446153846153848,78.39358974358974,24.327281235376695,52.879270004679455,2.356303228825456,139.46607393542348,3.0,11.494618624239589,45.02105755732335,42.77674777725783,8.800336920917173,0.6482171268132897,122.54985025737014,56.132400000000025,Satisfactory,3.7421600000000015,7.9146973561848855,56.13240000000002
3.0,17.446153846153848,78.40384615384616,24.327281235376695,52.879270004679455,2.356303228825456,139.46607393542348,3.0,11.494618624239589,45.02105755732335,42.77674777725783,8.800336920917173,0.6482171268132897,122.54985025737014,56.132400000000025,Satisfactory,3.7421600000000015,7.9146973561848855,56.13240000000002
3.0,17.446153846153848,78.41410256410256,24.327281235376695,52.879270004679455,2.356303228825456,139.46607393542348,3.0,11.494618624239589,45.02105755732335,42.77674777725783,8.800336920917173,0.6482171268132897,122.54985025737014,56.246900000000004,Satisfactory,3.7497933333333338,7.956542929564322,56.2469
3.0,17.446153846153848,78.42435897435898,24.327281235376695,52.879270004679455,2.356303228825456,139.46607393542348,3.0,11.494618624239589,45.02105755732335,42.77674777725783,8.800336920917173,0.6482171268132897,122.54985025737014,56.1672,Satisfactory,3.7444800000000003,7.9623711393026655,56.167199999999994
3.0,17.446153846153848,78.43461538461538,24.327281235376695,52.879270004679455,2.356303228825456,139.46607393542348,3.097809283539763,11.494618624239589,45.02105755732335,42.77674777725783,8.800336920917173,0.6482171268132897,122.54985025737014,56.1672,Satisfactory,3.7444800000000003,7.9623711393026655,56.167199999999994
3.0,17.446153846153848,78.4448717948718,24.327281235376695,52.879270004679455,2.356303228825456,139.46607393542348,3.5935601104940886,11.494618624239589,45.02105755732335,42.77674777725783,8.800336920917173,0.6482171268132897,122.54985025737014,56.1672,Satisfactory,3.7444800000000003,7.9623711393026655,56.167199999999994
3.0,17.446153846153848,78.4551282051282,24.327281235376695,52.879270004679455,2.356303228825456,139.46607393542348,4.017426138644407,11.494618624239589,45.02105755732335,42.77674777725783,8.800336920917173,0.6482171268132897,122.54985025737014,56.1669,Satisfactory,3.7444599999999997,7.966202821294473,56.1669
3.0,17.446153846153848,78.46538461538462,24.327281235376695,52.879270004679455,2.356303228825456,139.46607393542348,4.35319643226867,11.494618624239589,45.02105755732335,42.77674777725783,8.800336920917173,0.6482171268132897,122.54985025737014,56.1669,Satisfactory,3.7444599999999997,7.966202821294473,56.1669
3.0,17.446153846153848,78.47564102564102,24.327281235376695,52.879270004679455,2.356303228825456,139.46607393542348,4.584459986689447,11.494618624239589,45.02105755732335,42.77674777725783,8.800336920917173,0.6482171268132897,122.54985025737014,56.316900000000004,Satisfactory,3.7544600000000004,7.92692773967317,56.316900000000004
3.0,17.446153846153848,78.48589743589744,24.327281235376695,52.879270004679455,2.356303228825456,139.46607393542348,4.6975251706169106,11.494618624239589,45.02105755732335,42.77674777725783,8.800336920917173,0.6482171268132897,122.54985025737014,56.316900000000004,Satisfactory,3.7544600000000004,7.92692773967317,56.316900000000004
3.0,17.446153846153848,78.49615384615385,24.327281235376695,52.879270004679455,2.356303228825456,139.46607393542348,4.684843598353164,11.494618624239589,45.02105755732335,42.77674777725783,8.800336920917173,0.6482171268132897,122.54985025737014,56.316900000000004,Satisfactory,3.7544600000000004,7.92692773967317,56.316900000000004
3.0,17.446153846153848,78.50641025641026,24.327281235376695,52.879270004679455,2.356303228825456,139.46607393542348,4.5472925615849915,11.494618624239589,45.02105755732335,42.77674777725783,8.800336920917173,0.6482171268132897,122.54985025737014,56.316900000000004,Satisfactory,3.7544600000000004,7.92692773967317,56.316900000000004
3.0,17.446153846153848,78.51666666666667,24.327281235376695,52.879270004679455,2.356303228825456,139.46607393542348,4.293895214669274,11.494618624239589,45.02105755732335,42.77674777725783,8.800336920917173,0.6482171268132897,122.54985025737014,56.1669,Satisfactory,3.7444599999999997,7.966202821294473,56.1669
3.0,17.446153846153848,78.52692307692308,24.327281235376695,52.879270004679455,2.356303228825456,139.46607393542348,3.9391644296632915,11.494618624239589,45.02105755732335,42.77674777725783,8.800336920917173,0.6482171268132897,122.54985025737014,56.1669,Satisfactory,3.7444599999999997,7.966202821294473,56.1669
3.0,17.446153846153848,78.53717948717949,24.327281235376695,52.879270004679455,2.356303228825456,139.46607393542348,3.4996687486414757,11.494618624239589,45.02105755732335,42.77674777725783,8.800336920917173,0.6482171268132897,122.54985025737014,56.1669,Satisfactory,3.7444599999999997,7.966202821294473,56.1669
3.0,17.446153846153848,78.5474358974359,24.327281235376695,52.879270004679455,2.356303228825456,139.46607393542348,3.0,11.494618624239589,45.02105755732335,42.77674777725783,8.800336920917173,0.6482171268132897,122.54985025737014,55.906499999999994,Satisfactory,3.7270999999999996,8.161015669020616,55.906499999999994
3.0,17.446153846153848,78.5576923076923,24.327281235376695,52.879270004679455,2.356303228825456,139.46607393542348,3.0,11.494618624239589,45.02105755732335,42.77674777725783,8.800336920917173,0.6482171268132897,122.54985025737014,55.906499999999994,Satisfactory,3.7270999999999996,8.161015669020616,55.906499999999994
3.0,17.446153846153848,78.56794871794872,24.327281235376695,52.879270004679455,2.356303228825456,139.46607393542348,3.0,11.494618624239589,45.02105755732335,42.77674777725783,8.800336920917173,0.6482171268132897,122.54985025737014,55.906499999999994,Satisfactory,3.7270999999999996,8.161015669020616,55.906499999999994
3.0,17.446153846153848,78.57820512820513,24.327281235376695,52.879270004679455,2.356303228825456,139.46607393542348,3.0,11.494618624239589,45.02105755732335,42.77674777725783,8.800336920917173,0.6482171268132897,122.54985025737014,55.906499999999994,Satisfactory,3.7270999999999996,8.161015669020616,55.906499999999994
3.0,17.446153846153848,78.58846153846154,24.327281235376695,52.879270004679455,2.356303228825456,139.46607393542348,3.0,11.494618624239589,45.02105755732335,42.77674777725783,8.800336920917173,0.6482171268132897,122.54985025737014,55.906499999999994,Satisfactory,3.7270999999999996,8.161015669020616,55.906499999999994
3.0,17.446153846153848,78.59871794871795,24.327281235376695,52.879270004679455,2.356303228825456,139.46607393542348,3.0,11.494618624239589,45.02105755732335,42.77674777725783,8.800336920917173,0.6482171268132897,122.54985025737014,55.906499999999994,Satisfactory,3.7270999999999996,8.161015669020616,55.906499999999994
3.0,17.446153846153848,78.60897435897436,24.327281235376695,52.879270004679455,2.356303228825456,139.46607393542348,3.0,11.494618624239589,45.02105755732335,42.77674777725783,8.800336920917173,0.6482171268132897,122.54985025737014,55.906499999999994,Satisfactory,3.7270999999999996,8.161015669020616,55.906499999999994
3.0,17.446153846153848,78.61923076923077,24.327281235376695,52.879270004679455,2.356303228825456,139.46607393542348,3.0,11.494618624239589,45.02105755732335,42.77674777725783,8.800336920917173,0.6482171268132897,122.54985025737014,55.906499999999994,Satisfactory,3.7270999999999996,8.161015669020616,55.906499999999994
3.0,17.446153846153848,78.62948717948719,24.327281235376695,52.879270004679455,2.356303228825456,139.46607393542348,3.0,11.494618624239589,45.02105755732335,42.77674777725783,8.800336920917173,0.6482171268132897,122.54985025737014,55.906499999999994,Satisfactory,3.7270999999999996,8.161015669020616,55.906499999999994
3.0,17.446153846153848,78.63974358974359,24.327281235376695,52.879270004679455,2.356303228825456,139.46607393542348,3.0,11.494618624239589,45.02105755732335,42.77674777725783,8.800336920917173,0.6482171268132897,122.54985025737014,55.906499999999994,Satisfactory,3.7270999999999996,8.161015669020616,55.906499999999994
3.0,17.446153846153848,78.65,24.327281235376695,52.879270004679455,2.356303228825456,139.46607393542348,3.0,11.494618624239589,45.02105755732335,42.77674777725783,8.800336920917173,0.6482171268132897,122.54985025737014,55.906499999999994,Satisfactory,3.7270999999999996,8.161015669020616,55.906499999999994
3.0,17.45641025641026,78.25,24.327281235376695,52.879270004679455,2.356303228825456,139.46607393542348,3.0,11.494618624239589,45.02105755732335,42.77674777725783,8.800336920917173,0.6482171268132897,122.54985025737014,56.02900000000002,Satisfactory,3.735266666666668,7.9974595341270724,56.02900000000002
3.0,17.45641025641026,78.26025641025642,24.327281235376695,52.879270004679455,2.356303228825456,139.46607393542348,3.0,11.494618624239589,45.02105755732335,42.77674777725783,8.800336920917173,0.6482171268132897,122.54985025737014,56.02900000000002,Satisfactory,3.735266666666668,7.9974595341270724,56.02900000000002
3.0,17.45641025641026,78.27051282051282,24.327281235376695,52.879270004679455,2.356303228825456,139.46607393542348,3.0,11.494618624239589,45.02105755732335,42.77674777725783,8.800336920917173,0.6482171268132897,122.54985025737014,56.02900000000002,Satisfactory,3.735266666666668,7.9974595341270724,56.02900000000002
3.0,17.45641025641026,78.28076923076924,24.327281235376695,52.879270004679455,2.356303228825456,139.46607393542348,3.0,11.494618624239589,45.02105755732335,42.77674777725783,8.800336920917173,0.6482171268132897,122.54985025737014,56.02900000000002,Satisfactory,3.735266666666668,7.9974595341270724,56.02900000000002
3.0,17.45641025641026,78.29102564102564,24.327281235376695,52.879270004679455,2.356303228825456,139.46607393542348,3.0,11.494618624239589,45.02105755732335,42.77674777725783,8.800336920917173,0.6482171268132897,122.54985025737014,56.02900000000002,Satisfactory,3.735266666666668,7.9974595341270724,56.02900000000002
3.0,17.45641025641026,78.30128205128206,24.327281235376695,52.879270004679455,2.356303228825456,139.46607393542348,3.0,11.494618624239589,45.02105755732335,42.77674777725783,8.800336920917173,0.6482171268132897,122.54985025737014,56.151100000000014,Satisfactory,3.7434066666666674,7.908180814194881,56.151100000000014
3.0,17.45641025641026,78.31153846153846,24.327281235376695,52.879270004679455,2.356303228825456,139.46607393542348,3.0,11.494618624239589,45.02105755732335,42.77674777725783,8.800336920917173,0.6482171268132897,122.54985025737014,56.151100000000014,Satisfactory,3.7434066666666674,7.908180814194881,56.151100000000014
3.0,17.45641025641026,78.32179487179488,24.327281235376695,52.879270004679455,2.356303228825456,139.46607393542348,3.0,11.494618624239589,45.02105755732335,42.77674777725783,8.800336920917173,0.6482171268132897,122.54985025737014,56.151100000000014,Satisfactory,3.7434066666666674,7.908180814194881,56.151100000000014
3.0,17.45641025641026,78.33205128205128,24.327281235376695,52.879270004679455,2.356303228825456,139.46607393542348,3.0,11.494618624239589,45.02105755732335,42.77674777725783,8.800336920917173,0.6482171268132897,122.54985025737014,56.151100000000014,Satisfactory,3.7434066666666674,7.908180814194881,56.151100000000014
3.0,17.45641025641026,78.3423076923077,24.327281235376695,52.879270004679455,2.356303228825456,139.46607393542348,3.0,11.494618624239589,45.02105755732335,42.77674777725783,8.800336920917173,0.6482171268132897,122.54985025737014,56.151100000000014,Satisfactory,3.7434066666666674,7.908180814194881,56.151100000000014
3.0,17.45641025641026,78.3525641025641,24.327281235376695,52.879270004679455,2.356303228825456,139.46607393542348,3.0,11.494618624239589,45.02105755732335,42.77674777725783,8.800336920917173,0.6482171268132897,122.54985025737014,56.151100000000014,Satisfactory,3.7434066666666674,7.908180814194881,56.151100000000014
3.0,17.45641025641026,78.36282051282052,24.327281235376695,52.879270004679455,2.356303228825456,139.46607393542348,3.0,11.494618624239589,45.02105755732335,42.77674777725783,8.800336920917173,0.6482171268132897,122.54985025737014,56.151100000000014,Satisfactory,3.7434066666666674,7.908180814194881,56.151100000000014
3.0,17.45641025641026,78.37307692307692,24.327281235376695,52.879270004679455,2.356303228825456,139.46607393542348,3.0,11.494618624239589,45.02105755732335,42.77674777725783,8.800336920917173,0.6482171268132897,122.54985025737014,56.151100000000014,Satisfactory,3.7434066666666674,7.908180814194881,56.151100000000014
3.0,17.45641025641026,78.38333333333334,24.327281235376695,52.879270004679455,2.356303228825456,139.46607393542348,3.0,11.494618624239589,45.02105755732335,42.77674777725783,8.800336920917173,0.6482171268132897,122.54985025737014,56.15470000000002,Satisfactory,3.743646666666668,7.923116111101741,56.15470000000002
3.0,17.45641025641026,78.39358974358974,24.327281235376695,52.879270004679455,2.356303228825456,139.46607393542348,3.0,11.494618624239589,45.02105755732335,42.77674777725783,8.800336920917173,0.6482171268132897,122.54985025737014,56.15470000000002,Satisfactory,3.743646666666668,7.923116111101741,56.15470000000002
3.0,17.45641025641026,78.40384615384616,24.327281235376695,52.879270004679455,2.356303228825456,139.46607393542348,3.0,11.494618624239589,45.02105755732335,42.77674777725783,8.800336920917173,0.6482171268132897,122.54985025737014,56.15470000000002,Satisfactory,3.743646666666668,7.923116111101741,56.15470000000002
3.0,17.45641025641026,78.41410256410256,24.327281235376695,52.879270004679455,2.356303228825456,139.46607393542348,3.0,11.494618624239589,45.02105755732335,42.77674777725783,8.800336920917173,0.6482171268132897,122.54985025737014,56.2692,Satisfactory,3.75128,7.964596873665357,56.2692
3.0,17.45641025641026,78.42435897435898,24.327281235376695,52.879270004679455,2.356303228825456,139.46607393542348,3.0,11.494618624239589,45.02105755732335,42.77674777725783,8.800336920917173,0.6482171268132897,122.54985025737014,56.189499999999995,Satisfactory,3.7459666666666664,7.970642179272632,56.189499999999995
3.0,17.45641025641026,78.43461538461538,24.327281235376695,52.879270004679455,2.356303228825456,139.46607393542348,3.0,11.494618624239589,45.02105755732335,42.77674777725783,8.800336920917173,0.6482171268132897,122.54985025737014,56.189499999999995,Satisfactory,3.7459666666666664,7.970642179272632,56.189499999999995
3.0,17.45641025641026,78.4448717948718,24.327281235376695,52.879270004679455,2.356303228825456,139.46607393542348,3.0,11.494618624239589,45.02105755732335,42.77674777725783,8.800336920917173,0.6482171268132897,122.54985025737014,56.189499999999995,Satisfactory,3.7459666666666664,7.970642179272632,56.189499999999995
3.0,17.45641025641026,78.4551282051282,24.327281235376695,52.879270004679455,2.356303228825456,139.46607393542348,3.2806812906012874,11.494618624239589,45.02105755732335,42.77674777725783,8.800336920917173,0.6482171268132897,122.54985025737014,56.1892,Satisfactory,3.7459466666666668,7.974470726010597,56.1892
3.0,17.45641025641026,78.46538461538462,24.327281235376695,52.879270004679455,2.356303228825456,139.46607393542348,3.5778162246441667,11.494618624239589,45.02105755732335,42.77674777725783,8.800336920917173,0.6482171268132897,122.54985025737014,56.1892,Satisfactory,3.7459466666666668,7.974470726010597,56.1892
3.0,17.45641025641026,78.47564102564102,24.327281235376695,52.879270004679455,2.356303228825456,139.46607393542348,3.7801826756995442,11.494618624239589,45.02105755732335,42.77674777725783,8.800336920917173,0.6482171268132897,122.54985025737014,56.1892,Satisfactory,3.7459466666666668,7.974470726010597,56.1892
3.0,17.45641025641026,78.48589743589744,24.327281235376695,52.879270004679455,2.356303228825456,139.46607393542348,3.878374952013016,11.494618624239589,45.02105755732335,42.77674777725783,8.800336920917173,0.6482171268132897,122.54985025737014,56.1892,Satisfactory,3.7459466666666668,7.974470726010597,56.1892
3.0,17.45641025641026,78.49615384615385,24.327281235376695,52.879270004679455,2.356303228825456,139.46607393542348,3.867387058857558,11.494618624239589,45.02105755732335,42.77674777725783,8.800336920917173,0.6482171268132897,122.54985025737014,56.1892,Satisfactory,3.7459466666666668,7.974470726010597,56.1892
3.0,17.45641025641026,78.50641025641026,24.327281235376695,52.879270004679455,2.356303228825456,139.46607393542348,3.747794603434178,11.494618624239589,45.02105755732335,42.77674777725783,8.800336920917173,0.6482171268132897,122.54985025737014,56.1892,Satisfactory,3.7459466666666668,7.974470726010597,56.1892
3.0,17.45641025641026,78.51666666666667,24.327281235376695,52.879270004679455,2.356303228825456,139.46607393542348,3.5256130998314106,11.494618624239589,45.02105755732335,42.77674777725783,8.800336920917173,0.6482171268132897,122.54985025737014,56.1892,Satisfactory,3.7459466666666668,7.974470726010597,56.1892
3.0,17.45641025641026,78.52692307692308,24.327281235376695,52.879270004679455,2.356303228825456,139.46607393542348,3.2109071502476025,11.494618624239589,45.02105755732335,42.77674777725783,8.800336920917173,0.6482171268132897,122.54985025737014,56.1892,Satisfactory,3.7459466666666668,7.974470726010597,56.1892
3.0,17.45641025641026,78.53717948717949,24.327281235376695,52.879270004679455,2.356303228825456,139.46607393542348,3.0,11.494618624239589,45.02105755732335,42.77674777725783,8.800336920917173,0.6482171268132897,122.54985025737014,56.1892,Satisfactory,3.7459466666666668,7.974470726010597,56.1892
3.0,17.45641025641026,78.5474358974359,24.327281235376695,52.879270004679455,2.356303228825456,139.46607393542348,3.0,11.494618624239589,45.02105755732335,42.77674777725783,8.800336920917173,0.6482171268132897,122.54985025737014,55.9288,Satisfactory,3.7285866666666667,8.169797216577658,55.9288
3.0,17.45641025641026,78.5576923076923,24.327281235376695,52.879270004679455,2.356303228825456,139.46607393542348,3.0,11.494618624239589,45.02105755732335,42.77674777725783,8.800336920917173,0.6482171268132897,122.54985025737014,55.9288,Satisfactory,3.7285866666666667,8.169797216577658,55.9288
3.0,17.45641025641026,78.56794871794872,24.327281235376695,52.879270004679455,2.356303228825456,139.46607393542348,3.0,11.494618624239589,45.02105755732335,42.77674777725783,8.800336920917173,0.6482171268132897,122.54985025737014,55.9288,Satisfactory,3.7285866666666667,8.169797216577658,55.9288
3.0,17.45641025641026,78.57820512820513,24.327281235376695,52.879270004679455,2.356303228825456,139.46607393542348,3.0,11.494618624239589,45.02105755732335,42.77674777725783,8.800336920917173,0.6482171268132897,122.54985025737014,55.9288,Satisfactory,3.7285866666666667,8.169797216577658,55.9288
3.0,17.45641025641026,78.58846153846154,24.327281235376695,52.879270004679455,2.356303228825456,139.46607393542348,3.0,11.494618624239589,45.02105755732335,42.77674777725783,8.800336920917173,0.6482171268132897,122.54985025737014,55.9288,Satisfactory,3.7285866666666667,8.169797216577658,55.9288
3.0,17.45641025641026,78.59871794871795,24.327281235376695,52.879270004679455,2.356303228825456,139.46607393542348,3.0,11.494618624239589,45.02105755732335,42.77674777725783,8.800336920917173,0.6482171268132897,122.54985025737014,55.9288,Satisfactory,3.7285866666666667,8.169797216577658,55.9288
3.0,17.45641025641026,78.60897435897436,24.327281235376695,52.879270004679455,2.356303228825456,139.46607393542348,3.0,11.494618624239589,45.02105755732335,42.77674777725783,8.800336920917173,0.6482171268132897,122.54985025737014,55.9288,Satisfactory,3.7285866666666667,8.169797216577658,55.9288
3.0,17.45641025641026,78.61923076923077,24.327281235376695,52.879270004679455,2.356303228825456,139.46607393542348,3.0,11.494618624239589,45.02105755732335,42.77674777725783,8.800336920917173,0.6482171268132897,122.54985025737014,55.9288,Satisfactory,3.7285866666666667,8.169797216577658,55.9288
3.0,17.45641025641026,78.62948717948719,24.327281235376695,52.879270004679455,2.356303228825456,139.46607393542348,3.0,11.494618624239589,45.02105755732335,42.77674777725783,8.800336920917173,0.6482171268132897,122.54985025737014,55.9288,Satisfactory,3.7285866666666667,8.169797216577658,55.9288
3.0,17.45641025641026,78.63974358974359,24.327281235376695,52.879270004679455,2.356303228825456,139.46607393542348,3.0,11.494618624239589,45.02105755732335,42.77674777725783,8.800336920917173,0.6482171268132897,122.54985025737014,55.9288,Satisfactory,3.7285866666666667,8.169797216577658,55.9288
3.0,17.45641025641026,78.65,24.327281235376695,52.879270004679455,2.356303228825456,139.46607393542348,3.0,11.494618624239589,45.02105755732335,42.77674777725783,8.800336920917173,0.6482171268132897,122.54985025737014,55.9288,Satisfactory,3.7285866666666667,8.169797216577658,55.9288
3.0,17.46666666666667,78.25,24.327281235376695,52.879270004679455,2.356303228825456,139.46607393542348,3.0,11.494618624239589,45.02105755732335,42.77674777725783,8.800336920917173,0.6482171268132897,122.54985025737014,56.02900000000002,Satisfactory,3.735266666666668,7.9974595341270724,56.02900000000002
3.0,17.46666666666667,78.26025641025642,24.327281235376695,52.879270004679455,2.356303228825456,139.46607393542348,3.0,11.494618624239589,45.02105755732335,42.77674777725783,8.800336920917173,0.6482171268132897,122.54985025737014,56.02900000000002,Satisfactory,3.735266666666668,7.9974595341270724,56.02900000000002
3.0,17.46666666666667,78.27051282051282,24.327281235376695,52.879270004679455,2.356303228825456,139.46607393542348,3.0,11.494618624239589,45.02105755732335,42.77674777725783,8.800336920917173,0.6482171268132897,122.54985025737014,56.02900000000002,Satisfactory,3.735266666666668,7.9974595341270724,56.02900000000002
3.0,17.46666666666667,78.28076923076924,24.327281235376695,52.879270004679455,2.356303228825456,139.46607393542348,3.0,11.494618624239589,45.02105755732335,42.77674777725783,8.800336920917173,0.6482171268132897,122.54985025737014,56.02900000000002,Satisfactory,3.735266666666668,7.9974595341270724,56.02900000000002
3.0,17.46666666666667,78.29102564102564,24.327281235376695,52.879270004679455,2.356303228825456,139.46607393542348,3.0,11.494618624239589,45.02105755732335,42.77674777725783,8.800336920917173,0.6482171268132897,122.54985025737014,56.02900000000002,Satisfactory,3.735266666666668,7.9974595341270724,56.02900000000002
3.0,17.46666666666667,78.30128205128206,24.327281235376695,52.879270004679455,2.356303228825456,139.46607393542348,3.0,11.494618624239589,45.02105755732335,42.77674777725783,8.800336920917173,0.6482171268132897,122.54985025737014,56.151100000000014,Satisfactory,3.7434066666666674,7.908180814194881,56.151100000000014
3.0,17.46666666666667,78.31153846153846,24.327281235376695,52.879270004679455,2.356303228825456,139.46607393542348,3.0,11.494618624239589,45.02105755732335,42.77674777725783,8.800336920917173,0.6482171268132897,122.54985025737014,56.151100000000014,Satisfactory,3.7434066666666674,7.908180814194881,56.151100000000014
3.0,17.46666666666667,78.32179487179488,24.327281235376695,52.879270004679455,2.356303228825456,139.46607393542348,3.0,11.494618624239589,45.02105755732335,42.77674777725783,8.800336920917173,0.6482171268132897,122.54985025737014,56.151100000000014,Satisfactory,3.7434066666666674,7.908180814194881,56.151100000000014
3.0,17.46666666666667,78.33205128205128,24.327281235376695,52.879270004679455,2.356303228825456,139.46607393542348,3.0,11.494618624239589,45.02105755732335,42.77674777725783,8.800336920917173,0.6482171268132897,122.54985025737014,56.151100000000014,Satisfactory,3.7434066666666674,7.908180814194881,56.151100000000014
3.0,17.46666666666667,78.3423076923077,24.327281235376695,52.879270004679455,2.356303228825456,139.46607393542348,3.0,11.494618624239589,45.02105755732335,42.77674777725783,8.800336920917173,0.6482171268132897,122.54985025737014,56.151100000000014,Satisfactory,3.7434066666666674,7.908180814194881,56.151100000000014
3.0,17.46666666666667,78.3525641025641,24.327281235376695,52.879270004679455,2.356303228825456,139.46607393542348,3.0,11.494618624239589,45.02105755732335,42.77674777725783,8.800336920917173,0.6482171268132897,122.54985025737014,56.151100000000014,Satisfactory,3.7434066666666674,7.908180814194881,56.151100000000014
3.0,17.46666666666667,78.36282051282052,24.327281235376695,52.879270004679455,2.356303228825456,139.46607393542348,3.0,11.494618624239589,45.02105755732335,42.77674777725783,8.800336920917173,0.6482171268132897,122.54985025737014,56.151100000000014,Satisfactory,3.7434066666666674,7.908180814194881,56.151100000000014
3.0,17.46666666666667,78.37307692307692,24.327281235376695,52.879270004679455,2.356303228825456,139.46607393542348,3.0,11.494618624239589,45.02105755732335,42.77674777725783,8.800336920917173,0.6482171268132897,122.54985025737014,56.151100000000014,Satisfactory,3.7434066666666674,7.908180814194881,56.151100000000014
3.0,17.46666666666667,78.38333333333334,24.327281235376695,52.879270004679455,2.356303228825456,139.46607393542348,3.0,11.494618624239589,45.02105755732335,42.77674777725783,8.800336920917173,0.6482171268132897,122.54985025737014,56.15470000000002,Satisfactory,3.743646666666668,7.923116111101741,56.15470000000002
3.0,17.46666666666667,78.39358974358974,24.327281235376695,52.879270004679455,2.356303228825456,139.46607393542348,3.0,11.494618624239589,45.02105755732335,42.77674777725783,8.800336920917173,0.6482171268132897,122.54985025737014,56.15470000000002,Satisfactory,3.743646666666668,7.923116111101741,56.15470000000002
3.0,17.46666666666667,78.40384615384616,24.327281235376695,52.879270004679455,2.356303228825456,139.46607393542348,3.0,11.494618624239589,45.02105755732335,42.77674777725783,8.800336920917173,0.6482171268132897,122.54985025737014,56.15470000000002,Satisfactory,3.743646666666668,7.923116111101741,56.15470000000002
3.0,17.46666666666667,78.41410256410256,24.327281235376695,52.879270004679455,2.356303228825456,139.46607393542348,3.0,11.494618624239589,45.02105755732335,42.77674777725783,8.800336920917173,0.6482171268132897,122.54985025737014,56.2692,Satisfactory,3.75128,7.964596873665357,56.2692
3.0,17.46666666666667,78.42435897435898,24.327281235376695,52.879270004679455,2.356303228825456,139.46607393542348,3.0,11.494618624239589,45.02105755732335,42.77674777725783,8.800336920917173,0.6482171268132897,122.54985025737014,56.189499999999995,Satisfactory,3.7459666666666664,7.970642179272632,56.189499999999995
3.0,17.46666666666667,78.43461538461538,24.327281235376695,52.879270004679455,2.356303228825456,139.46607393542348,3.0,11.494618624239589,45.02105755732335,42.77674777725783,8.800336920917173,0.6482171268132897,122.54985025737014,56.189499999999995,Satisfactory,3.7459666666666664,7.970642179272632,56.189499999999995
3.0,17.46666666666667,78.4448717948718,24.327281235376695,52.879270004679455,2.356303228825456,139.46607393542348,3.0,11.494618624239589,45.02105755732335,42.77674777725783,8.800336920917173,0.6482171268132897,122.54985025737014,56.189499999999995,Satisfactory,3.7459666666666664,7.970642179272632,56.189499999999995
3.0,17.46666666666667,78.4551282051282,24.327281235376695,52.879270004679455,2.356303228825456,139.46607393542348,3.0,11.494618624239589,45.02105755732335,42.77674777725783,8.800336920917173,0.6482171268132897,122.54985025737014,56.1892,Satisfactory,3.7459466666666668,7.974470726010597,56.1892
3.0,17.46666666666667,78.46538461538462,24.327281235376695,52.879270004679455,2.356303228825456,139.46607393542348,3.0,11.494618624239589,45.02105755732335,42.77674777725783,8.800336920917173,0.6482171268132897,122.54985025737014,56.1892,Satisfactory,3.7459466666666668,7.974470726010597,56.1892
3.0,17.46666666666667,78.47564102564102,24.327281235376695,52.879270004679455,2.356303228825456,139.46607393542348,3.0,11.494618624239589,45.02105755732335,42.77674777725783,8.800336920917173,0.6482171268132897,122.54985025737014,56.1892,Satisfactory,3.7459466666666668,7.974470726010597,56.1892
3.0,17.46666666666667,78.48589743589744,24.327281235376695,52.879270004679455,2.356303228825456,139.46607393542348,3.0589028448455027,11.494618624239589,45.02105755732335,42.77674777725783,8.800336920917173,0.6482171268132897,122.54985025737014,56.1892,Satisfactory,3.7459466666666668,7.974470726010597,56.1892
3.0,17.46666666666667,78.49615384615385,24.327281235376695,52.879270004679455,2.356303228825456,139.46607393542348,3.0492102624939097,11.494618624239589,45.02105755732335,42.77674777725783,8.800336920917173,0.6482171268132897,122.54985025737014,56.1892,Satisfactory,3.7459466666666668,7.974470726010597,56.1892
3.0,17.46666666666667,78.50641025641026,24.327281235376695,52.879270004679455,2.356303228825456,139.46607393542348,3.0,11.494618624239589,45.02105755732335,42.77674777725783,8.800336920917173,0.6482171268132897,122.54985025737014,56.1892,Satisfactory,3.7459466666666668,7.974470726010597,56.1892
3.0,17.46666666666667,78.51666666666667,24.327281235376695,52.879270004679455,2.356303228825456,139.46607393542348,3.0,11.494618624239589,45.02105755732335,42.77674777725783,8.800336920917173,0.6482171268132897,122.54985025737014,56.1892,Satisfactory,3.7459466666666668,7.974470726010597,56.1892
3.0,17.46666666666667,78.52692307692308,24.327281235376695,52.879270004679455,2.356303228825456,139.46607393542348,3.0,11.494618624239589,45.02105755732335,42.77674777725783,8.800336920917173,0.6482171268132897,122.54985025737014,56.1892,Satisfactory,3.7459466666666668,7.974470726010597,56.1892
3.0,17.46666666666667,78.53717948717949,24.327281235376695,52.879270004679455,2.356303228825456,139.46607393542348,3.0,11.494618624239589,45.02105755732335,42.77674777725783,8.800336920917173,0.6482171268132897,122.54985025737014,56.1892,Satisfactory,3.7459466666666668,7.974470726010597,56.1892
3.0,17.46666666666667,78.5474358974359,24.327281235376695,52.879270004679455,2.356303228825456,139.46607393542348,3.0,11.494618624239589,45.02105755732335,42.77674777725783,8.800336920917173,0.6482171268132897,122.54985025737014,55.9288,Satisfactory,3.7285866666666667,8.169797216577658,55.9288
3.0,17.46666666666667,78.5576923076923,24.327281235376695,52.879270004679455,2.356303228825456,139.46607393542348,3.0,11.494618624239589,45.02105755732335,42.77674777725783,8.800336920917173,0.6482171268132897,122.54985025737014,55.9288,Satisfactory,3.7285866666666667,8.169797216577658,55.9288
3.0,17.46666666666667,78.56794871794872,24.327281235376695,52.879270004679455,2.356303228825456,139.46607393542348,3.0,11.494618624239589,45.02105755732335,42.77674777725783,8.800336920917173,0.6482171268132897,122.54985025737014,55.9288,Satisfactory,3.7285866666666667,8.169797216577658,55.9288
3.0,17.46666666666667,78.57820512820513,24.327281235376695,52.879270004679455,2.356303228825456,139.46607393542348,3.0,11.494618624239589,45.02105755732335,42.77674777725783,8.800336920917173,0.6482171268132897,122.54985025737014,55.9288,Satisfactory,3.7285866666666667,8.169797216577658,55.9288
3.0,17.46666666666667,78.58846153846154,24.327281235376695,52.879270004679455,2.356303228825456,139.46607393542348,3.0,11.494618624239589,45.02105755732335,42.77674777725783,8.800336920917173,0.6482171268132897,122.54985025737014,55.9288,Satisfactory,3.7285866666666667,8.169797216577658,55.9288
3.0,17.46666666666667,78.59871794871795,24.327281235376695,52.879270004679455,2.356303228825456,139.46607393542348,3.0,11.494618624239589,45.02105755732335,42.77674777725783,8.800336920917173,0.6482171268132897,122.54985025737014,55.9288,Satisfactory,3.7285866666666667,8.169797216577658,55.9288
3.0,17.46666666666667,78.60897435897436,24.327281235376695,52.879270004679455,2.356303228825456,139.46607393542348,3.0,11.494618624239589,45.02105755732335,42.77674777725783,8.800336920917173,0.6482171268132897,122.54985025737014,55.9288,Satisfactory,3.7285866666666667,8.169797216577658,55.9288
3.0,17.46666666666667,78.61923076923077,24.327281235376695,52.879270004679455,2.356303228825456,139.46607393542348,3.0,11.494618624239589,45.02105755732335,42.77674777725783,8.800336920917173,0.6482171268132897,122.54985025737014,55.9288,Satisfactory,3.7285866666666667,8.169797216577658,55.9288
3.0,17.46666666666667,78.62948717948719,24.327281235376695,52.879270004679455,2.356303228825456,139.46607393542348,3.0,11.494618624239589,45.02105755732335,42.77674777725783,8.800336920917173,0.6482171268132897,122.54985025737014,55.9288,Satisfactory,3.7285866666666667,8.169797216577658,55.9288
3.0,17.46666666666667,78.63974358974359,24.327281235376695,52.879270004679455,2.356303228825456,139.46607393542348,3.0,11.494618624239589,45.02105755732335,42.77674777725783,8.800336920917173,0.6482171268132897,122.54985025737014,55.9288,Satisfactory,3.7285866666666667,8.169797216577658,55.9288
3.0,17.46666666666667,78.65,24.327281235376695,52.879270004679455,2.356303228825456,139.46607393542348,3.0,11.494618624239589,45.02105755732335,42.77674777725783,8.800336920917173,0.6482171268132897,122.54985025737014,55.9288,Satisfactory,3.7285866666666667,8.169797216577658,55.9288
3.0,17.47692307692308,78.25,24.327281235376695,52.879270004679455,2.356303228825456,139.46607393542348,3.0,11.494618624239589,45.02105755732335,42.77674777725783,8.800336920917173,0.6482171268132897,122.54985025737014,56.21290000000003,Satisfactory,3.7475266666666687,8.222164835978417,56.212900000000026
3.0,17.47692307692308,78.26025641025642,24.327281235376695,52.879270004679455,2.356303228825456,139.46607393542348,3.0,11.494618624239589,45.02105755732335,42.77674777725783,8.800336920917173,0.6482171268132897,122.54985025737014,56.21290000000003,Satisfactory,3.7475266666666687,8.222164835978417,56.212900000000026
3.0,17.47692307692308,78.27051282051282,24.327281235376695,52.879270004679455,2.356303228825456,139.46607393542348,3.0,11.494618624239589,45.02105755732335,42.77674777725783,8.800336920917173,0.6482171268132897,122.54985025737014,56.21290000000003,Satisfactory,3.7475266666666687,8.222164835978417,56.212900000000026
3.0,17.47692307692308,78.28076923076924,24.327281235376695,52.879270004679455,2.356303228825456,139.46607393542348,3.0,11.494618624239589,45.02105755732335,42.77674777725783,8.800336920917173,0.6482171268132897,122.54985025737014,56.21290000000003,Satisfactory,3.7475266666666687,8.222164835978417,56.212900000000026
3.0,17.47692307692308,78.29102564102564,24.327281235376695,52.879270004679455,2.356303228825456,139.46607393542348,3.0,11.494618624239589,45.02105755732335,42.77674777725783,8.800336920917173,0.6482171268132897,122.54985025737014,56.21290000000003,Satisfactory,3.7475266666666687,8.222164835978417,56.212900000000026
3.0,17.47692307692308,78.30128205128206,24.327281235376695,52.879270004679455,2.356303228825456,139.46607393542348,3.0,11.494618624239589,45.02105755732335,42.77674777725783,8.800336920917173,0.6482171268132897,122.54985025737014,56.33500000000003,Satisfactory,3.7556666666666687,8.132591899265572,56.33500000000003
3.0,17.47692307692308,78.31153846153846,24.327281235376695,52.879270004679455,2.356303228825456,139.46607393542348,3.0,11.494618624239589,45.02105755732335,42.77674777725783,8.800336920917173,0.6482171268132897,122.54985025737014,56.33500000000003,Satisfactory,3.7556666666666687,8.132591899265572,56.33500000000003
3.0,17.47692307692308,78.32179487179488,24.327281235376695,52.879270004679455,2.356303228825456,139.46607393542348,3.0,11.494618624239589,45.02105755732335,42.77674777725783,8.800336920917173,0.6482171268132897,122.54985025737014,56.33500000000003,Satisfactory,3.7556666666666687,8.132591899265572,56.33500000000003
3.0,17.47692307692308,78.33205128205128,24.327281235376695,52.879270004679455,2.356303228825456,139.46607393542348,3.0,11.494618624239589,45.02105755732335,42.77674777725783,8.800336920917173,0.6482171268132897,122.54985025737014,56.33500000000003,Satisfactory,3.7556666666666687,8.132591899265572,56.33500000000003
3.0,17.47692307692308,78.3423076923077,24.327281235376695,52.879270004679455,2.356303228825456,139.46607393542348,3.0,11.494618624239589,45.02105755732335,42.77674777725783,8.800336920917173,0.6482171268132897,122.54985025737014,56.33500000000003,Satisfactory,3.7556666666666687,8.132591899265572,56.33500000000003
3.0,17.47692307692308,78.3525641025641,24.327281235376695,52.879270004679455,2.356303228825456,139.46607393542348,3.0,11.494618624239589,45.02105755732335,42.77674777725783,8.800336920917173,0.6482171268132897,122.54985025737014,56.33500000000003,Satisfactory,3.7556666666666687,8.132591899265572,56.33500000000003
3.0,17.47692307692308,78.36282051282052,24.327281235376695,52.879270004679455,2.356303228825456,139.46607393542348,3.0,11.494618624239589,45.02105755732335,42.77674777725783,8.800336920917173,0.6482171268132897,122.54985025737014,56.33500000000003,Satisfactory,3.7556666666666687,8.132591899265572,56.33500000000003
3.0,17.47692307692308,78.37307692307692,24.327281235376695,52.879270004679455,2.356303228825456,139.46607393542348,3.0,11.494618624239589,45.02105755732335,42.77674777725783,8.800336920917173,0.6482171268132897,122.54985025737014,56.33500000000003,Satisfactory,3.7556666666666687,8.132591899265572,56.33500000000003
3.0,17.47692307692308,78.38333333333334,24.327281235376695,52.879270004679455,2.356303228825456,139.46607393542348,3.0,11.494618624239589,45.02105755732335,42.77674777725783,8.800336920917173,0.6482171268132897,122.54985025737014,56.33860000000004,Satisfactory,3.7559066666666694,8.147034554977658,56.338600000000035
3.0,17.47692307692308,78.39358974358974,24.327281235376695,52.879270004679455,2.356303228825456,139.46607393542348,3.0,11.494618624239589,45.02105755732335,42.77674777725783,8.800336920917173,0.6482171268132897,122.54985025737014,56.33860000000004,Satisfactory,3.7559066666666694,8.147034554977658,56.338600000000035
3.0,17.47692307692308,78.40384615384616,24.327281235376695,52.879270004679455,2.356303228825456,139.46607393542348,3.0,11.494618624239589,45.02105755732335,42.77674777725783,8.800336920917173,0.6482171268132897,122.54985025737014,56.33860000000004,Satisfactory,3.7559066666666694,8.147034554977658,56.338600000000035
3.0,17.47692307692308,78.41410256410256,24.327281235376695,52.879270004679455,2.356303228825456,139.46607393542348,3.0,11.494618624239589,45.02105755732335,42.77674777725783,8.800336920917173,0.6482171268132897,122.54985025737014,56.45310000000001,Satisfactory,3.7635400000000008,8.184808695992837,56.45310000000001
3.0,17.47692307692308,78.42435897435898,24.327281235376695,52.879270004679455,2.356303228825456,139.46607393542348,3.0,11.494618624239589,45.02105755732335,42.77674777725783,8.800336920917173,0.6482171268132897,122.54985025737014,56.37340000000002,Satisfactory,3.7582266666666677,8.192480725641042,56.37340000000002
3.0,17.47692307692308,78.43461538461538,24.327281235376695,52.879270004679455,2.356303228825456,139.46607393542348,3.0,11.494618624239589,45.02105755732335,42.77674777725783,8.800336920917173,0.6482171268132897,122.54985025737014,56.37340000000002,Satisfactory,3.7582266666666677,8.192480725641042,56.37340000000002
3.0,17.47692307692308,78.4448717948718,24.327281235376695,52.879270004679455,2.356303228825456,139.46607393542348,3.0,11.494618624239589,45.02105755732335,42.77674777725783,8.800336920917173,0.6482171268132897,122.54985025737014,56.37340000000002,Satisfactory,3.7582266666666677,8.192480725641042,56.37340000000002
3.0,17.47692307692308,78.4551282051282,24.327281235376695,52.879270004679455,2.356303228825456,139.46607393542348,3.0,11.494618624239589,45.02105755732335,42.77674777725783,8.800336920917173,0.6482171268132897,122.54985025737014,56.373100000000015,Satisfactory,3.7582066666666676,8.196212380728065,56.37310000000002
3.0,17.47692307692308,78.46538461538462,24.327281235376695,52.879270004679455,2.356303228825456,139.46607393542348,3.0,11.494618624239589,45.02105755732335,42.77674777725783,8.800336920917173,0.6482171268132897,122.54985025737014,56.373100000000015,Satisfactory,3.7582066666666676,8.196212380728065,56.37310000000002
3.0,17.47692307692308,78.47564102564102,24.327281235376695,52.879270004679455,2.356303228825456,139.46607393542348,3.0,11.494618624239589,45.02105755732335,42.77674777725783,8.800336920917173,0.6482171268132897,122.54985025737014,56.373100000000015,Satisfactory,3.7582066666666676,8.196212380728065,56.37310000000002
3.0,17.47692307692308,78.48589743589744,24.327281235376695,52.879270004679455,2.356303228825456,139.46607393542348,3.0,11.494618624239589,45.02105755732335,42.77674777725783,8.800336920917173,0.6482171268132897,122.54985025737014,56.373100000000015,Satisfactory,3.7582066666666676,8.196212380728065,56.37310000000002
3.0,17.47692307692308,78.49615384615385,24.327281235376695,52.879270004679455,2.356303228825456,139.46607393542348,3.0,11.494618624239589,45.02105755732335,42.77674777725783,8.800336920917173,0.6482171268132897,122.54985025737014,56.373100000000015,Satisfactory,3.7582066666666676,8.196212380728065,56.37310000000002
3.0,17.47692307692308,78.50641025641026,24.327281235376695,52.879270004679455,2.356303228825456,139.46607393542348,3.0,11.494618624239589,45.02105755732335,42.77674777725783,8.800336920917173,0.6482171268132897,122.54985025737014,56.373100000000015,Satisfactory,3.7582066666666676,8.196212380728065,56.37310000000002
3.0,17.47692307692308,78.51666666666667,24.327281235376695,52.879270004679455,2.356303228825456,139.46607393542348,3.0,11.494618624239589,45.02105755732335,42.77674777725783,8.800336920917173,0.6482171268132897,122.54985025737014,56.373100000000015,Satisfactory,3.7582066666666676,8.196212380728065,56.37310000000002
3.0,17.47692307692308,78.52692307692308,24.327281235376695,52.879270004679455,2.356303228825456,139.46607393542348,3.0,11.494618624239589,45.02105755732335,42.77674777725783,8.800336920917173,0.6482171268132897,122.54985025737014,56.373100000000015,Satisfactory,3.7582066666666676,8.196212380728065,56.37310000000002
3.0,17.47692307692308,78.53717948717949,24.327281235376695,52.879270004679455,2.356303228825456,139.46607393542348,3.0,11.494618624239589,45.02105755732335,42.77674777725783,8.800336920917173,0.6482171268132897,122.54985025737014,56.373100000000015,Satisfactory,3.7582066666666676,8.196212380728065,56.37310000000002
3.0,17.47692307692308,78.5474358974359,24.327281235376695,52.879270004679455,2.356303228825456,139.46607393542348,3.0,11.494618624239589,45.02105755732335,42.77674777725783,8.800336920917173,0.6482171268132897,122.54985025737014,56.09330000000002,Satisfactory,3.7395533333333346,8.388599651312491,56.09330000000002
3.0,17.47692307692308,78.5576923076923,24.327281235376695,52.879270004679455,2.356303228825456,139.46607393542348,3.0,11.494618624239589,45.02105755732335,42.77674777725783,8.800336920917173,0.6482171268132897,122.54985025737014,56.09330000000002,Satisfactory,3.7395533333333346,8.388599651312491,56.09330000000002
3.0,17.47692307692308,78.56794871794872,24.327281235376695,52.879270004679455,2.356303228825456,139.46607393542348,3.0,11.494618624239589,45.02105755732335,42.77674777725783,8.800336920917173,0.6482171268132897,122.54985025737014,56.09330000000002,Satisfactory,3.7395533333333346,8.388599651312491,56.09330000000002
3.0,17.47692307692308,78.57820512820513,24.327281235376695,52.879270004679455,2.356303228825456,139.46607393542348,3.0,11.494618624239589,45.02105755732335,42.77674777725783,8.800336920917173,0.6482171268132897,122.54985025737014,56.09330000000002,Satisfactory,3.7395533333333346,8.388599651312491,56.09330000000002
3.0,17.47692307692308,78.58846153846154,24.327281235376695,52.879270004679455,2.356303228825456,139.46607393542348,3.0,11.494618624239589,45.02105755732335,42.77674777725783,8.800336920917173,0.6482171268132897,122.54985025737014,56.09330000000002,Satisfactory,3.7395533333333346,8.388599651312491,56.09330000000002
3.0,17.47692307692308,78.59871794871795,24.327281235376695,52.879270004679455,2.356303228825456,139.46607393542348,3.0,11.494618624239589,45.02105755732335,42.77674777725783,8.800336920917173,0.6482171268132897,122.54985025737014,56.09330000000002,Satisfactory,3.7395533333333346,8.388599651312491,56.09330000000002
3.0,17.47692307692308,78.60897435897436,24.327281235376695,52.879270004679455,2.356303228825456,139.46607393542348,3.0,11.494618624239589,45.02105755732335,42.77674777725783,8.800336920917173,0.6482171268132897,122.54985025737014,56.09330000000002,Satisfactory,3.7395533333333346,8.388599651312491,56.09330000000002
3.0,17.47692307692308,78.61923076923077,24.327281235376695,52.879270004679455,2.356303228825456,139.46607393542348,3.0,11.494618624239589,45.02105755732335,42.77674777725783,8.800336920917173,0.6482171268132897,122.54985025737014,56.09330000000002,Satisfactory,3.7395533333333346,8.388599651312491,56.09330000000002
3.0,17.47692307692308,78.62948717948719,24.327281235376695,52.879270004679455,2.356303228825456,139.46607393542348,3.0,11.494618624239589,45.02105755732335,42.77674777725783,8.800336920917173,0.6482171268132897,122.54985025737014,56.09330000000002,Satisfactory,3.7395533333333346,8.388599651312491,56.09330000000002
3.0,17.47692307692308,78.63974358974359,24.327281235376695,52.879270004679455,2.356303228825456,139.46607393542348,3.0,11.494618624239589,45.02105755732335,42.77674777725783,8.800336920917173,0.6482171268132897,122.54985025737014,56.09330000000002,Satisfactory,3.7395533333333346,8.388599651312491,56.09330000000002
3.0,17.47692307692308,78.65,24.327281235376695,52.879270004679455,2.356303228825456,139.46607393542348,3.0,11.494618624239589,45.02105755732335,42.77674777725783,8.800336920917173,0.6482171268132897,122.54985025737014,56.09330000000002,Satisfactory,3.7395533333333346,8.388599651312491,56.09330000000002
3.0,17.48717948717949,78.25,24.327281235376695,52.879270004679455,2.356303228825456,139.46607393542348,3.0,11.494618624239589,45.02105755732335,42.77674777725783,8.800336920917173,0.6482171268132897,122.54985025737014,56.18010000000003,Satisfactory,3.745340000000002,8.215086913112971,56.18010000000003
3.0,17.48717948717949,78.26025641025642,24.327281235376695,52.879270004679455,2.356303228825456,139.46607393542348,3.0,11.494618624239589,45.02105755732335,42.77674777725783,8.800336920917173,0.6482171268132897,122.54985025737014,56.18010000000003,Satisfactory,3.745340000000002,8.215086913112971,56.18010000000003
3.0,17.48717948717949,78.27051282051282,24.327281235376695,52.879270004679455,2.356303228825456,139.46607393542348,3.0,11.494618624239589,45.02105755732335,42.77674777725783,8.800336920917173,0.6482171268132897,122.54985025737014,56.18010000000003,Satisfactory,3.745340000000002,8.215086913112971,56.18010000000003
3.0,17.48717948717949,78.28076923076924,24.327281235376695,52.879270004679455,2.356303228825456,139.46607393542348,3.0,11.494618624239589,45.02105755732335,42.77674777725783,8.800336920917173,0.6482171268132897,122.54985025737014,56.18010000000003,Satisfactory,3.745340000000002,8.215086913112971,56.18010000000003
3.0,17.48717948717949,78.29102564102564,24.327281235376695,52.879270004679455,2.356303228825456,139.46607393542348,3.0,11.494618624239589,45.02105755732335,42.77674777725783,8.800336920917173,0.6482171268132897,122.54985025737014,56.18010000000003,Satisfactory,3.745340000000002,8.215086913112971,56.18010000000003
3.0,17.48717948717949,78.30128205128206,24.327281235376695,52.879270004679455,2.356303228825456,139.46607393542348,3.0,11.494618624239589,45.02105755732335,42.77674777725783,8.800336920917173,0.6482171268132897,122.54985025737014,56.30220000000003,Satisfactory,3.753480000000002,8.125928818295174,56.30220000000003
3.0,17.48717948717949,78.31153846153846,24.327281235376695,52.879270004679455,2.356303228825456,139.46607393542348,3.0,11.494618624239589,45.02105755732335,42.77674777725783,8.800336920917173,0.6482171268132897,122.54985025737014,56.30220000000003,Satisfactory,3.753480000000002,8.125928818295174,56.30220000000003
3.0,17.48717948717949,78.32179487179488,24.327281235376695,52.879270004679455,2.356303228825456,139.46607393542348,3.0,11.494618624239589,45.02105755732335,42.77674777725783,8.800336920917173,0.6482171268132897,122.54985025737014,56.30220000000003,Satisfactory,3.753480000000002,8.125928818295174,56.30220000000003
3.0,17.48717948717949,78.33205128205128,24.327281235376695,52.879270004679455,2.356303228825456,139.46607393542348,3.0,11.494618624239589,45.02105755732335,42.77674777725783,8.800336920917173,0.6482171268132897,122.54985025737014,56.30220000000003,Satisfactory,3.753480000000002,8.125928818295174,56.30220000000003
3.0,17.48717948717949,78.3423076923077,24.327281235376695,52.879270004679455,2.356303228825456,139.46607393542348,3.0,11.494618624239589,45.02105755732335,42.77674777725783,8.800336920917173,0.6482171268132897,122.54985025737014,56.30220000000003,Satisfactory,3.753480000000002,8.125928818295174,56.30220000000003
3.0,17.48717948717949,78.3525641025641,24.327281235376695,52.879270004679455,2.356303228825456,139.46607393542348,3.0,11.494618624239589,45.02105755732335,42.77674777725783,8.800336920917173,0.6482171268132897,122.54985025737014,56.30220000000003,Satisfactory,3.753480000000002,8.125928818295174,56.30220000000003
3.0,17.48717948717949,78.36282051282052,24.327281235376695,52.879270004679455,2.356303228825456,139.46607393542348,3.0,11.494618624239589,45.02105755732335,42.77674777725783,8.800336920917173,0.6482171268132897,122.54985025737014,56.30220000000003,Satisfactory,3.753480000000002,8.125928818295174,56.30220000000003
3.0,17.48717948717949,78.37307692307692,24.327281235376695,52.879270004679455,2.356303228825456,139.46607393542348,3.0,11.494618624239589,45.02105755732335,42.77674777725783,8.800336920917173,0.6482171268132897,122.54985025737014,56.30220000000003,Satisfactory,3.753480000000002,8.125928818295174,56.30220000000003
3.0,17.48717948717949,78.38333333333334,24.327281235376695,52.879270004679455,2.356303228825456,139.46607393542348,3.0,11.494618624239589,45.02105755732335,42.77674777725783,8.800336920917173,0.6482171268132897,122.54985025737014,56.30580000000003,Satisfactory,3.753720000000002,8.140397801090558,56.30580000000003
3.0,17.48717948717949,78.39358974358974,24.327281235376695,52.879270004679455,2.356303228825456,139.46607393542348,3.0,11.494618624239589,45.02105755732335,42.77674777725783,8.800336920917173,0.6482171268132897,122.54985025737014,56.30580000000003,Satisfactory,3.753720000000002,8.140397801090558,56.30580000000003
3.0,17.48717948717949,78.40384615384616,24.327281235376695,52.879270004679455,2.356303228825456,139.46607393542348,3.0,11.494618624239589,45.02105755732335,42.77674777725783,8.800336920917173,0.6482171268132897,122.54985025737014,56.30580000000003,Satisfactory,3.753720000000002,8.140397801090558,56.30580000000003
3.0,17.48717948717949,78.41410256410256,24.327281235376695,52.879270004679455,2.356303228825456,139.46607393542348,3.0,11.494618624239589,45.02105755732335,42.77674777725783,8.800336920917173,0.6482171268132897,122.54985025737014,56.42030000000002,Satisfactory,3.7613533333333344,8.178661804354059,56.42030000000002
3.0,17.48717948717949,78.42435897435898,24.327281235376695,52.879270004679455,2.356303228825456,139.46607393542348,3.0,11.494618624239589,45.02105755732335,42.77674777725783,8.800336920917173,0.6482171268132897,122.54985025737014,56.37340000000002,Satisfactory,3.7582266666666677,8.192480725641042,56.37340000000002
3.0,17.48717948717949,78.43461538461538,24.327281235376695,52.879270004679455,2.356303228825456,139.46607393542348,3.0,11.494618624239589,45.02105755732335,42.77674777725783,8.800336920917173,0.6482171268132897,122.54985025737014,56.37340000000002,Satisfactory,3.7582266666666677,8.192480725641042,56.37340000000002
3.0,17.48717948717949,78.4448717948718,24.327281235376695,52.879270004679455,2.356303228825456,139.46607393542348,3.0,11.494618624239589,45.02105755732335,42.77674777725783,8.800336920917173,0.6482171268132897,122.54985025737014,56.37340000000002,Satisfactory,3.7582266666666677,8.192480725641042,56.37340000000002
3.0,17.48717948717949,78.4551282051282,24.327281235376695,52.879270004679455,2.356303228825456,139.46607393542348,3.0,11.494618624239589,45.02105755732335,42.77674777725783,8.800336920917173,0.6482171268132897,122.54985025737014,56.373100000000015,Satisfactory,3.7582066666666676,8.196212380728065,56.37310000000002
3.0,17.48717948717949,78.46538461538462,24.327281235376695,52.879270004679455,2.356303228825456,139.46607393542348,3.0,11.494618624239589,45.02105755732335,42.77674777725783,8.800336920917173,0.6482171268132897,122.54985025737014,56.373100000000015,Satisfactory,3.7582066666666676,8.196212380728065,56.37310000000002
3.0,17.48717948717949,78.47564102564102,24.327281235376695,52.879270004679455,2.356303228825456,139.46607393542348,3.0,11.494618624239589,45.02105755732335,42.77674777725783,8.800336920917173,0.6482171268132897,122.54985025737014,56.373100000000015,Satisfactory,3.7582066666666676,8.196212380728065,56.37310000000002
3.0,17.48717948717949,78.48589743589744,24.327281235376695,52.879270004679455,2.356303228825456,139.46607393542348,3.0,11.494618624239589,45.02105755732335,42.77674777725783,8.800336920917173,0.6482171268132897,122.54985025737014,56.373100000000015,Satisfactory,3.7582066666666676,8.196212380728065,56.37310000000002
3.0,17.48717948717949,78.49615384615385,24.327281235376695,52.879270004679455,2.356303228825456,139.46607393542348,3.0,11.494618624239589,45.02105755732335,42.77674777725783,8.800336920917173,0.6482171268132897,122.54985025737014,56.373100000000015,Satisfactory,3.7582066666666676,8.196212380728065,56.37310000000002
3.0,17.48717948717949,78.50641025641026,24.327281235376695,52.879270004679455,2.356303228825456,139.46607393542348,3.0,11.494618624239589,45.02105755732335,42.77674777725783,8.800336920917173,0.6482171268132897,122.54985025737014,56.373100000000015,Satisfactory,3.7582066666666676,8.196212380728065,56.37310000000002
3.0,17.48717948717949,78.51666666666667,24.327281235376695,52.879270004679455,2.356303228825456,139.46607393542348,3.0,11.494618624239589,45.02105755732335,42.77674777725783,8.800336920917173,0.6482171268132897,122.54985025737014,56.373100000000015,Satisfactory,3.7582066666666676,8.196212380728065,56.37310000000002
3.0,17.48717948717949,78.52692307692308,24.327281235376695,52.879270004679455,2.356303228825456,139.46607393542348,3.0,11.494618624239589,45.02105755732335,42.77674777725783,8.800336920917173,0.6482171268132897,122.54985025737014,56.373100000000015,Satisfactory,3.7582066666666676,8.196212380728065,56.37310000000002
3.0,17.48717948717949,78.53717948717949,24.327281235376695,52.879270004679455,2.356303228825456,139.46607393542348,3.0,11.494618624239589,45.02105755732335,42.77674777725783,8.800336920917173,0.6482171268132897,122.54985025737014,56.373100000000015,Satisfactory,3.7582066666666676,8.196212380728065,56.37310000000002
3.0,17.48717948717949,78.5474358974359,24.327281235376695,52.879270004679455,2.356303228825456,139.46607393542348,3.0,11.494618624239589,45.02105755732335,42.77674777725783,8.800336920917173,0.6482171268132897,122.54985025737014,56.09330000000002,Satisfactory,3.7395533333333346,8.388599651312491,56.09330000000002
3.0,17.48717948717949,78.5576923076923,24.327281235376695,52.879270004679455,2.356303228825456,139.46607393542348,3.0,11.494618624239589,45.02105755732335,42.77674777725783,8.800336920917173,0.6482171268132897,122.54985025737014,56.09330000000002,Satisfactory,3.7395533333333346,8.388599651312491,56.09330000000002
3.0,17.48717948717949,78.56794871794872,24.327281235376695,52.879270004679455,2.356303228825456,139.46607393542348,3.0,11.494618624239589,45.02105755732335,42.77674777725783,8.800336920917173,0.6482171268132897,122.54985025737014,56.09330000000002,Satisfactory,3.7395533333333346,8.388599651312491,56.09330000000002
3.0,17.48717948717949,78.57820512820513,24.327281235376695,52.879270004679455,2.356303228825456,139.46607393542348,3.0,11.494618624239589,45.02105755732335,42.77674777725783,8.800336920917173,0.6482171268132897,122.54985025737014,56.09330000000002,Satisfactory,3.7395533333333346,8.388599651312491,56.09330000000002
3.0,17.48717948717949,78.58846153846154,24.327281235376695,52.879270004679455,2.356303228825456,139.46607393542348,3.0,11.494618624239589,45.02105755732335,42.77674777725783,8.800336920917173,0.6482171268132897,122.54985025737014,56.09330000000002,Satisfactory,3.7395533333333346,8.388599651312491,56.09330000000002
3.0,17.48717948717949,78.59871794871795,24.327281235376695,52.879270004679455,2.356303228825456,139.46607393542348,3.0,11.494618624239589,45.02105755732335,42.77674777725783,8.800336920917173,0.6482171268132897,122.54985025737014,56.09330000000002,Satisfactory,3.7395533333333346,8.388599651312491,56.09330000000002
3.0,17.48717948717949,78.60897435897436,24.327281235376695,52.879270004679455,2.356303228825456,139.46607393542348,3.0,11.494618624239589,45.02105755732335,42.77674777725783,8.800336920917173,0.6482171268132897,122.54985025737014,56.09330000000002,Satisfactory,3.7395533333333346,8.388599651312491,56.09330000000002
3.0,17.48717948717949,78.61923076923077,24.327281235376695,52.879270004679455,2.356303228825456,139.46607393542348,3.0,11.494618624239589,45.02105755732335,42.77674777725783,8.800336920917173,0.6482171268132897,122.54985025737014,56.09330000000002,Satisfactory,3.7395533333333346,8.388599651312491,56.09330000000002
3.0,17.48717948717949,78.62948717948719,24.327281235376695,52.879270004679455,2.356303228825456,139.46607393542348,3.0,11.494618624239589,45.02105755732335,42.77674777725783,8.800336920917173,0.6482171268132897,122.54985025737014,56.09330000000002,Satisfactory,3.7395533333333346,8.388599651312491,56.09330000000002
3.0,17.48717948717949,78.63974358974359,24.327281235376695,52.879270004679455,2.356303228825456,139.46607393542348,3.0,11.494618624239589,45.02105755732335,42.77674777725783,8.800336920917173,0.6482171268132897,122.54985025737014,56.09330000000002,Satisfactory,3.7395533333333346,8.388599651312491,56.09330000000002
3.0,17.48717948717949,78.65,24.327281235376695,52.879270004679455,2.356303228825456,139.46607393542348,3.0,11.494618624239589,45.02105755732335,42.77674777725783,8.800336920917173,0.6482171268132897,122.54985025737014,56.09330000000002,Satisfactory,3.7395533333333346,8.388599651312491,56.09330000000002
3.0,17.4974358974359,78.25,24.327281235376695,52.879270004679455,2.356303228825456,139.46607393542348,3.0,11.494618624239589,45.02105755732335,42.77674777725783,8.800336920917173,0.6482171268132897,122.54985025737014,56.18010000000003,Satisfactory,3.745340000000002,8.215086913112971,56.18010000000003
3.0,17.4974358974359,78.26025641025642,24.327281235376695,52.879270004679455,2.356303228825456,139.46607393542348,3.0,11.494618624239589,45.02105755732335,42.77674777725783,8.800336920917173,0.6482171268132897,122.54985025737014,56.18010000000003,Satisfactory,3.745340000000002,8.215086913112971,56.18010000000003
3.0,17.4974358974359,78.27051282051282,24.327281235376695,52.879270004679455,2.356303228825456,139.46607393542348,3.0,11.494618624239589,45.02105755732335,42.77674777725783,8.800336920917173,0.6482171268132897,122.54985025737014,56.18010000000003,Satisfactory,3.745340000000002,8.215086913112971,56.18010000000003
3.0,17.4974358974359,78.28076923076924,24.327281235376695,52.879270004679455,2.356303228825456,139.46607393542348,3.0,11.494618624239589,45.02105755732335,42.77674777725783,8.800336920917173,0.6482171268132897,122.54985025737014,56.18010000000003,Satisfactory,3.745340000000002,8.215086913112971,56.18010000000003
3.0,17.4974358974359,78.29102564102564,24.327281235376695,52.879270004679455,2.356303228825456,139.46607393542348,3.0,11.494618624239589,45.02105755732335,42.77674777725783,8.800336920917173,0.6482171268132897,122.54985025737014,56.18010000000003,Satisfactory,3.745340000000002,8.215086913112971,56.18010000000003
3.0,17.4974358974359,78.30128205128206,24.327281235376695,52.879270004679455,2.356303228825456,139.46607393542348,3.0,11.494618624239589,45.02105755732335,42.77674777725783,8.800336920917173,0.6482171268132897,122.54985025737014,56.30220000000003,Satisfactory,3.753480000000002,8.125928818295174,56.30220000000003
3.0,17.4974358974359,78.31153846153846,24.327281235376695,52.879270004679455,2.356303228825456,139.46607393542348,3.0,11.494618624239589,45.02105755732335,42.77674777725783,8.800336920917173,0.6482171268132897,122.54985025737014,56.30220000000003,Satisfactory,3.753480000000002,8.125928818295174,56.30220000000003
3.0,17.4974358974359,78.32179487179488,24.327281235376695,52.879270004679455,2.356303228825456,139.46607393542348,3.0,11.494618624239589,45.02105755732335,42.77674777725783,8.800336920917173,0.6482171268132897,122.54985025737014,56.30220000000003,Satisfactory,3.753480000000002,8.125928818295174,56.30220000000003
3.0,17.4974358974359,78.33205128205128,24.327281235376695,52.879270004679455,2.356303228825456,139.46607393542348,3.0,11.494618624239589,45.02105755732335,42.77674777725783,8.800336920917173,0.6482171268132897,122.54985025737014,56.30220000000003,Satisfactory,3.753480000000002,8.125928818295174,56.30220000000003
3.0,17.4974358974359,78.3423076923077,24.327281235376695,52.879270004679455,2.356303228825456,139.46607393542348,3.0,11.494618624239589,45.02105755732335,42.77674777725783,8.800336920917173,0.6482171268132897,122.54985025737014,56.30220000000003,Satisfactory,3.753480000000002,8.125928818295174,56.30220000000003
3.0,17.4974358974359,78.3525641025641,24.327281235376695,52.879270004679455,2.356303228825456,139.46607393542348,3.0,11.494618624239589,45.02105755732335,42.77674777725783,8.800336920917173,0.6482171268132897,122.54985025737014,56.30220000000003,Satisfactory,3.753480000000002,8.125928818295174,56.30220000000003
3.0,17.4974358974359,78.36282051282052,24.327281235376695,52.879270004679455,2.356303228825456,139.46607393542348,3.0,11.494618624239589,45.02105755732335,42.77674777725783,8.800336920917173,0.6482171268132897,122.54985025737014,56.30220000000003,Satisfactory,3.753480000000002,8.125928818295174,56.30220000000003
3.0,17.4974358974359,78.37307692307692,24.327281235376695,52.879270004679455,2.356303228825456,139.46607393542348,3.0,11.494618624239589,45.02105755732335,42.77674777725783,8.800336920917173,0.6482171268132897,122.54985025737014,56.30220000000003,Satisfactory,3.753480000000002,8.125928818295174,56.30220000000003
3.0,17.4974358974359,78.38333333333334,24.327281235376695,52.879270004679455,2.356303228825456,139.46607393542348,3.0,11.494618624239589,45.02105755732335,42.77674777725783,8.800336920917173,0.6482171268132897,122.54985025737014,56.30580000000003,Satisfactory,3.753720000000002,8.140397801090558,56.30580000000003
3.0,17.4974358974359,78.39358974358974,24.327281235376695,52.879270004679455,2.356303228825456,139.46607393542348,3.0,11.494618624239589,45.02105755732335,42.77674777725783,8.800336920917173,0.6482171268132897,122.54985025737014,56.30580000000003,Satisfactory,3.753720000000002,8.140397801090558,56.30580000000003
3.0,17.4974358974359,78.40384615384616,24.327281235376695,52.879270004679455,2.356303228825456,139.46607393542348,3.0,11.494618624239589,45.02105755732335,42.77674777725783,8.800336920917173,0.6482171268132897,122.54985025737014,56.30580000000003,Satisfactory,3.753720000000002,8.140397801090558,56.30580000000003
3.0,17.4974358974359,78.41410256410256,24.327281235376695,52.879270004679455,2.356303228825456,139.46607393542348,3.0,11.494618624239589,45.02105755732335,42.77674777725783,8.800336920917173,0.6482171268132897,122.54985025737014,56.42030000000002,Satisfactory,3.7613533333333344,8.178661804354059,56.42030000000002
3.0,17.4974358974359,78.42435897435898,24.327281235376695,52.879270004679455,2.356303228825456,139.46607393542348,3.0,11.494618624239589,45.02105755732335,42.77674777725783,8.800336920917173,0.6482171268132897,122.54985025737014,56.37340000000002,Satisfactory,3.7582266666666677,8.192480725641042,56.37340000000002
3.0,17.4974358974359,78.43461538461538,24.327281235376695,52.879270004679455,2.356303228825456,139.46607393542348,3.0,11.494618624239589,45.02105755732335,42.77674777725783,8.800336920917173,0.6482171268132897,122.54985025737014,56.37340000000002,Satisfactory,3.7582266666666677,8.192480725641042,56.37340000000002
3.0,17.4974358974359,78.4448717948718,24.327281235376695,52.879270004679455,2.356303228825456,139.46607393542348,3.0,11.494618624239589,45.02105755732335,42.77674777725783,8.800336920917173,0.6482171268132897,122.54985025737014,56.37340000000002,Satisfactory,3.7582266666666677,8.192480725641042,56.37340000000002
3.0,17.4974358974359,78.4551282051282,24.327281235376695,52.879270004679455,2.356303228825456,139.46607393542348,3.0,11.494618624239589,45.02105755732335,42.77674777725783,8.800336920917173,0.6482171268132897,122.54985025737014,56.373100000000015,Satisfactory,3.7582066666666676,8.196212380728065,56.37310000000002
3.0,17.4974358974359,78.46538461538462,24.327281235376695,52.879270004679455,2.356303228825456,139.46607393542348,3.0,11.494618624239589,45.02105755732335,42.77674777725783,8.800336920917173,0.6482171268132897,122.54985025737014,56.373100000000015,Satisfactory,3.7582066666666676,8.196212380728065,56.37310000000002
3.0,17.4974358974359,78.47564102564102,24.327281235376695,52.879270004679455,2.356303228825456,139.46607393542348,3.0,11.494618624239589,45.02105755732335,42.77674777725783,8.800336920917173,0.6482171268132897,122.54985025737014,56.373100000000015,Satisfactory,3.7582066666666676,8.196212380728065,56.37310000000002
3.0,17.4974358974359,78.48589743589744,24.327281235376695,52.879270004679455,2.356303228825456,139.46607393542348,3.0,11.494618624239589,45.02105755732335,42.77674777725783,8.800336920917173,0.6482171268132897,122.54985025737014,56.373100000000015,Satisfactory,3.7582066666666676,8.196212380728065,56.37310000000002
3.0,17.4974358974359,78.49615384615385,24.327281235376695,52.879270004679455,2.356303228825456,139.46607393542348,3.0,11.494618624239589,45.02105755732335,42.77674777725783,8.800336920917173,0.6482171268132897,122.54985025737014,56.373100000000015,Satisfactory,3.7582066666666676,8.196212380728065,56.37310000000002
3.0,17.4974358974359,78.50641025641026,24.327281235376695,52.879270004679455,2.356303228825456,139.46607393542348,3.0,11.494618624239589,45.02105755732335,42.77674777725783,8.800336920917173,0.6482171268132897,122.54985025737014,56.373100000000015,Satisfactory,3.7582066666666676,8.196212380728065,56.37310000000002
3.0,17.4974358974359,78.51666666666667,24.327281235376695,52.879270004679455,2.356303228825456,139.46607393542348,3.0,11.494618624239589,45.02105755732335,42.77674777725783,8.800336920917173,0.6482171268132897,122.54985025737014,56.373100000000015,Satisfactory,3.7582066666666676,8.196212380728065,56.37310000000002
3.0,17.4974358974359,78.52692307692308,24.327281235376695,52.879270004679455,2.356303228825456,139.46607393542348,3.0,11.494618624239589,45.02105755732335,42.77674777725783,8.800336920917173,0.6482171268132897,122.54985025737014,56.373100000000015,Satisfactory,3.7582066666666676,8.196212380728065,56.37310000000002
3.0,17.4974358974359,78.53717948717949,24.327281235376695,52.879270004679455,2.356303228825456,139.46607393542348,3.0,11.494618624239589,45.02105755732335,42.77674777725783,8.800336920917173,0.6482171268132897,122.54985025737014,56.373100000000015,Satisfactory,3.7582066666666676,8.196212380728065,56.37310000000002
3.0,17.4974358974359,78.5474358974359,24.327281235376695,52.879270004679455,2.356303228825456,139.46607393542348,3.0,11.494618624239589,45.02105755732335,42.77674777725783,8.800336920917173,0.6482171268132897,122.54985025737014,56.09330000000002,Satisfactory,3.7395533333333346,8.388599651312491,56.09330000000002
3.0,17.4974358974359,78.5576923076923,24.327281235376695,52.879270004679455,2.356303228825456,139.46607393542348,3.0,11.494618624239589,45.02105755732335,42.77674777725783,8.800336920917173,0.6482171268132897,122.54985025737014,56.09330000000002,Satisfactory,3.7395533333333346,8.388599651312491,56.09330000000002
3.0,17.4974358974359,78.56794871794872,24.327281235376695,52.879270004679455,2.356303228825456,139.46607393542348,3.0,11.494618624239589,45.02105755732335,42.77674777725783,8.800336920917173,0.6482171268132897,122.54985025737014,56.09330000000002,Satisfactory,3.7395533333333346,8.388599651312491,56.09330000000002
3.0,17.4974358974359,78.57820512820513,24.327281235376695,52.879270004679455,2.356303228825456,139.46607393542348,3.0,11.494618624239589,45.02105755732335,42.77674777725783,8.800336920917173,0.6482171268132897,122.54985025737014,56.09330000000002,Satisfactory,3.7395533333333346,8.388599651312491,56.09330000000002
3.0,17.4974358974359,78.58846153846154,24.327281235376695,52.879270004679455,2.356303228825456,139.46607393542348,3.0,11.494618624239589,45.02105755732335,42.77674777725783,8.800336920917173,0.6482171268132897,122.54985025737014,56.09330000000002,Satisfactory,3.7395533333333346,8.388599651312491,56.09330000000002
3.0,17.4974358974359,78.59871794871795,24.327281235376695,52.879270004679455,2.356303228825456,139.46607393542348,3.0,11.494618624239589,45.02105755732335,42.77674777725783,8.800336920917173,0.6482171268132897,122.54985025737014,56.09330000000002,Satisfactory,3.7395533333333346,8.388599651312491,56.09330000000002
3.0,17.4974358974359,78.60897435897436,24.327281235376695,52.879270004679455,2.356303228825456,139.46607393542348,3.0,11.494618624239589,45.02105755732335,42.77674777725783,8.800336920917173,0.6482171268132897,122.54985025737014,56.09330000000002,Satisfactory,3.7395533333333346,8.388599651312491,56.09330000000002
3.0,17.4974358974359,78.61923076923077,24.327281235376695,52.879270004679455,2.356303228825456,139.46607393542348,3.0,11.494618624239589,45.02105755732335,42.77674777725783,8.800336920917173,0.6482171268132897,122.54985025737014,56.09330000000002,Satisfactory,3.7395533333333346,8.388599651312491,56.09330000000002
3.0,17.4974358974359,78.62948717948719,24.327281235376695,52.879270004679455,2.356303228825456,139.46607393542348,3.0,11.494618624239589,45.02105755732335,42.77674777725783,8.800336920917173,0.6482171268132897,122.54985025737014,56.09330000000002,Satisfactory,3.7395533333333346,8.388599651312491,56.09330000000002
3.0,17.4974358974359,78.63974358974359,24.327281235376695,52.879270004679455,2.356303228825456,139.46607393542348,3.0,11.494618624239589,45.02105755732335,42.77674777725783,8.800336920917173,0.6482171268132897,122.54985025737014,56.09330000000002,Satisfactory,3.7395533333333346,8.388599651312491,56.09330000000002
3.0,17.4974358974359,78.65,24.327281235376695,52.879270004679455,2.356303228825456,139.46607393542348,3.0,11.494618624239589,45.02105755732335,42.77674777725783,8.800336920917173,0.6482171268132897,122.54985025737014,56.09330000000002,Satisfactory,3.7395533333333346,8.388599651312491,56.09330000000002
3.0,17.50769230769231,78.25,24.327281235376695,52.879270004679455,2.356303228825456,139.46607393542348,3.0,11.494618624239589,45.02105755732335,42.77674777725783,8.800336920917173,0.6482171268132897,122.54985025737014,56.18010000000003,Satisfactory,3.745340000000002,8.215086913112971,56.18010000000003
3.0,17.50769230769231,78.26025641025642,24.327281235376695,52.879270004679455,2.356303228825456,139.46607393542348,3.0,11.494618624239589,45.02105755732335,42.77674777725783,8.800336920917173,0.6482171268132897,122.54985025737014,56.18010000000003,Satisfactory,3.745340000000002,8.215086913112971,56.18010000000003
3.0,17.50769230769231,78.27051282051282,24.327281235376695,52.879270004679455,2.356303228825456,139.46607393542348,3.0,11.494618624239589,45.02105755732335,42.77674777725783,8.800336920917173,0.6482171268132897,122.54985025737014,56.18010000000003,Satisfactory,3.745340000000002,8.215086913112971,56.18010000000003
3.0,17.50769230769231,78.28076923076924,24.327281235376695,52.879270004679455,2.356303228825456,139.46607393542348,3.0,11.494618624239589,45.02105755732335,42.77674777725783,8.800336920917173,0.6482171268132897,122.54985025737014,56.18010000000003,Satisfactory,3.745340000000002,8.215086913112971,56.18010000000003
3.0,17.50769230769231,78.29102564102564,24.327281235376695,52.879270004679455,2.356303228825456,139.46607393542348,3.0,11.494618624239589,45.02105755732335,42.77674777725783,8.800336920917173,0.6482171268132897,122.54985025737014,56.18010000000003,Satisfactory,3.745340000000002,8.215086913112971,56.18010000000003
3.0,17.50769230769231,78.30128205128206,24.327281235376695,52.879270004679455,2.356303228825456,139.46607393542348,3.0,11.494618624239589,45.02105755732335,42.77674777725783,8.800336920917173,0.6482171268132897,122.54985025737014,56.30220000000003,Satisfactory,3.753480000000002,8.125928818295174,56.30220000000003
3.0,17.50769230769231,78.31153846153846,24.327281235376695,52.879270004679455,2.356303228825456,139.46607393542348,3.0,11.494618624239589,45.02105755732335,42.77674777725783,8.800336920917173,0.6482171268132897,122.54985025737014,56.30220000000003,Satisfactory,3.753480000000002,8.125928818295174,56.30220000000003
3.0,17.50769230769231,78.32179487179488,24.327281235376695,52.879270004679455,2.356303228825456,139.46607393542348,3.0,11.494618624239589,45.02105755732335,42.77674777725783,8.800336920917173,0.6482171268132897,122.54985025737014,56.30220000000003,Satisfactory,3.753480000000002,8.125928818295174,56.30220000000003
3.0,17.50769230769231,78.33205128205128,24.327281235376695,52.879270004679455,2.356303228825456,139.46607393542348,3.0,11.494618624239589,45.02105755732335,42.77674777725783,8.800336920917173,0.6482171268132897,122.54985025737014,56.30220000000003,Satisfactory,3.753480000000002,8.125928818295174,56.30220000000003
3.0,17.50769230769231,78.3423076923077,24.327281235376695,52.879270004679455,2.356303228825456,139.46607393542348,3.0,11.494618624239589,45.02105755732335,42.77674777725783,8.800336920917173,0.6482171268132897,122.54985025737014,56.30220000000003,Satisfactory,3.753480000000002,8.125928818295174,56.30220000000003
3.0,17.50769230769231,78.3525641025641,24.327281235376695,52.879270004679455,2.356303228825456,139.46607393542348,3.0,11.494618624239589,45.02105755732335,42.77674777725783,8.800336920917173,0.6482171268132897,122.54985025737014,56.30220000000003,Satisfactory,3.753480000000002,8.125928818295174,56.30220000000003
3.0,17.50769230769231,78.36282051282052,24.327281235376695,52.879270004679455,2.356303228825456,139.46607393542348,3.0,11.494618624239589,45.02105755732335,42.77674777725783,8.800336920917173,0.6482171268132897,122.54985025737014,56.30220000000003,Satisfactory,3.753480000000002,8.125928818295174,56.30220000000003
3.0,17.50769230769231,78.37307692307692,24.327281235376695,52.879270004679455,2.356303228825456,139.46607393542348,3.0,11.494618624239589,45.02105755732335,42.77674777725783,8.800336920917173,0.6482171268132897,122.54985025737014,56.30220000000003,Satisfactory,3.753480000000002,8.125928818295174,56.30220000000003
3.0,17.50769230769231,78.38333333333334,24.327281235376695,52.879270004679455,2.356303228825456,139.46607393542348,3.0,11.494618624239589,45.02105755732335,42.77674777725783,8.800336920917173,0.6482171268132897,122.54985025737014,56.30580000000003,Satisfactory,3.753720000000002,8.140397801090558,56.30580000000003
3.0,17.50769230769231,78.39358974358974,24.327281235376695,52.879270004679455,2.356303228825456,139.46607393542348,3.0,11.494618624239589,45.02105755732335,42.77674777725783,8.800336920917173,0.6482171268132897,122.54985025737014,56.30580000000003,Satisfactory,3.753720000000002,8.140397801090558,56.30580000000003
3.0,17.50769230769231,78.40384615384616,24.327281235376695,52.879270004679455,2.356303228825456,139.46607393542348,3.0,11.494618624239589,45.02105755732335,42.77674777725783,8.800336920917173,0.6482171268132897,122.54985025737014,56.30580000000003,Satisfactory,3.753720000000002,8.140397801090558,56.30580000000003
3.0,17.50769230769231,78.41410256410256,24.327281235376695,52.879270004679455,2.356303228825456,139.46607393542348,3.0,11.494618624239589,45.02105755732335,42.77674777725783,8.800336920917173,0.6482171268132897,122.54985025737014,56.42030000000002,Satisfactory,3.7613533333333344,8.178661804354059,56.42030000000002
3.0,17.50769230769231,78.42435897435898,24.327281235376695,52.879270004679455,2.356303228825456,139.46607393542348,3.0,11.494618624239589,45.02105755732335,42.77674777725783,8.800336920917173,0.6482171268132897,122.54985025737014,56.37340000000002,Satisfactory,3.7582266666666677,8.192480725641042,56.37340000000002
3.0,17.50769230769231,78.43461538461538,24.327281235376695,52.879270004679455,2.356303228825456,139.46607393542348,3.0,11.494618624239589,45.02105755732335,42.77674777725783,8.800336920917173,0.6482171268132897,122.54985025737014,56.37340000000002,Satisfactory,3.7582266666666677,8.192480725641042,56.37340000000002
3.0,17.50769230769231,78.4448717948718,24.327281235376695,52.879270004679455,2.356303228825456,139.46607393542348,3.0,11.494618624239589,45.02105755732335,42.77674777725783,8.800336920917173,0.6482171268132897,122.54985025737014,56.37340000000002,Satisfactory,3.7582266666666677,8.192480725641042,56.37340000000002
3.0,17.50769230769231,78.4551282051282,24.327281235376695,52.879270004679455,2.356303228825456,139.46607393542348,3.0,11.494618624239589,45.02105755732335,42.77674777725783,8.800336920917173,0.6482171268132897,122.54985025737014,56.373100000000015,Satisfactory,3.7582066666666676,8.196212380728065,56.37310000000002
3.0,17.50769230769231,78.46538461538462,24.327281235376695,52.879270004679455,2.356303228825456,139.46607393542348,3.0,11.494618624239589,45.02105755732335,42.77674777725783,8.800336920917173,0.6482171268132897,122.54985025737014,56.373100000000015,Satisfactory,3.7582066666666676,8.196212380728065,56.37310000000002
3.0,17.50769230769231,78.47564102564102,24.327281235376695,52.879270004679455,2.356303228825456,139.46607393542348,3.0,11.494618624239589,45.02105755732335,42.77674777725783,8.800336920917173,0.6482171268132897,122.54985025737014,56.373100000000015,Satisfactory,3.7582066666666676,8.196212380728065,56.37310000000002
3.0,17.50769230769231,78.48589743589744,24.327281235376695,52.879270004679455,2.356303228825456,139.46607393542348,3.0,11.494618624239589,45.02105755732335,42.77674777725783,8.800336920917173,0.6482171268132897,122.54985025737014,56.373100000000015,Satisfactory,3.7582066666666676,8.196212380728065,56.37310000000002
3.0,17.50769230769231,78.49615384615385,24.327281235376695,52.879270004679455,2.356303228825456,139.46607393542348,3.0,11.494618624239589,45.02105755732335,42.77674777725783,8.800336920917173,0.6482171268132897,122.54985025737014,56.373100000000015,Satisfactory,3.7582066666666676,8.196212380728065,56.37310000000002
3.0,17.50769230769231,78.50641025641026,24.327281235376695,52.879270004679455,2.356303228825456,139.46607393542348,3.0,11.494618624239589,45.02105755732335,42.77674777725783,8.800336920917173,0.6482171268132897,122.54985025737014,56.373100000000015,Satisfactory,3.7582066666666676,8.196212380728065,56.37310000000002
3.0,17.50769230769231,78.51666666666667,24.327281235376695,52.879270004679455,2.356303228825456,139.46607393542348,3.0,11.494618624239589,45.02105755732335,42.77674777725783,8.800336920917173,0.6482171268132897,122.54985025737014,56.373100000000015,Satisfactory,3.7582066666666676,8.196212380728065,56.37310000000002
3.0,17.50769230769231,78.52692307692308,24.327281235376695,52.879270004679455,2.356303228825456,139.46607393542348,3.0,11.494618624239589,45.02105755732335,42.77674777725783,8.800336920917173,0.6482171268132897,122.54985025737014,56.373100000000015,Satisfactory,3.7582066666666676,8.196212380728065,56.37310000000002
3.0,17.50769230769231,78.53717948717949,24.327281235376695,52.879270004679455,2.356303228825456,139.46607393542348,3.0,11.494618624239589,45.02105755732335,42.77674777725783,8.800336920917173,0.6482171268132897,122.54985025737014,56.373100000000015,Satisfactory,3.7582066666666676,8.196212380728065,56.37310000000002
3.0,17.50769230769231,78.5474358974359,24.327281235376695,52.879270004679455,2.356303228825456,139.46607393542348,3.0,11.494618624239589,45.02105755732335,42.77674777725783,8.800336920917173,0.6482171268132897,122.54985025737014,56.09330000000002,Satisfactory,3.7395533333333346,8.388599651312491,56.09330000000002
3.0,17.50769230769231,78.5576923076923,24.327281235376695,52.879270004679455,2.356303228825456,139.46607393542348,3.0,11.494618624239589,45.02105755732335,42.77674777725783,8.800336920917173,0.6482171268132897,122.54985025737014,56.09330000000002,Satisfactory,3.7395533333333346,8.388599651312491,56.09330000000002
3.0,17.50769230769231,78.56794871794872,24.327281235376695,52.879270004679455,2.356303228825456,139.46607393542348,3.0,11.494618624239589,45.02105755732335,42.77674777725783,8.800336920917173,0.6482171268132897,122.54985025737014,56.09330000000002,Satisfactory,3.7395533333333346,8.388599651312491,56.09330000000002
3.0,17.50769230769231,78.57820512820513,24.327281235376695,52.879270004679455,2.356303228825456,139.46607393542348,3.0,11.494618624239589,45.02105755732335,42.77674777725783,8.800336920917173,0.6482171268132897,122.54985025737014,56.09330000000002,Satisfactory,3.7395533333333346,8.388599651312491,56.09330000000002
3.0,17.50769230769231,78.58846153846154,24.327281235376695,52.879270004679455,2.356303228825456,139.46607393542348,3.0,11.494618624239589,45.02105755732335,42.77674777725783,8.800336920917173,0.6482171268132897,122.54985025737014,56.09330000000002,Satisfactory,3.7395533333333346,8.388599651312491,56.09330000000002
3.0,17.50769230769231,78.59871794871795,24.327281235376695,52.879270004679455,2.356303228825456,139.46607393542348,3.0,11.494618624239589,45.02105755732335,42.77674777725783,8.800336920917173,0.6482171268132897,122.54985025737014,56.09330000000002,Satisfactory,3.7395533333333346,8.388599651312491,56.09330000000002
3.0,17.50769230769231,78.60897435897436,24.327281235376695,52.879270004679455,2.356303228825456,139.46607393542348,3.0,11.494618624239589,45.02105755732335,42.77674777725783,8.800336920917173,0.6482171268132897,122.54985025737014,56.09330000000002,Satisfactory,3.7395533333333346,8.388599651312491,56.09330000000002
3.0,17.50769230769231,78.61923076923077,24.327281235376695,52.879270004679455,2.356303228825456,139.46607393542348,3.0,11.494618624239589,45.02105755732335,42.77674777725783,8.800336920917173,0.6482171268132897,122.54985025737014,56.09330000000002,Satisfactory,3.7395533333333346,8.388599651312491,56.09330000000002
3.0,17.50769230769231,78.62948717948719,24.327281235376695,52.879270004679455,2.356303228825456,139.46607393542348,3.0,11.494618624239589,45.02105755732335,42.77674777725783,8.800336920917173,0.6482171268132897,122.54985025737014,56.09330000000002,Satisfactory,3.7395533333333346,8.388599651312491,56.09330000000002
3.0,17.50769230769231,78.63974358974359,24.327281235376695,52.879270004679455,2.356303228825456,139.46607393542348,3.0,11.494618624239589,45.02105755732335,42.77674777725783,8.800336920917173,0.6482171268132897,122.54985025737014,56.09330000000002,Satisfactory,3.7395533333333346,8.388599651312491,56.09330000000002
3.0,17.50769230769231,78.65,24.327281235376695,52.879270004679455,2.356303228825456,139.46607393542348,3.0,11.494618624239589,45.02105755732335,42.77674777725783,8.800336920917173,0.6482171268132897,122.54985025737014,56.09330000000002,Satisfactory,3.7395533333333346,8.388599651312491,56.09330000000002
3.0,17.51794871794872,78.25,24.327281235376695,52.879270004679455,2.356303228825456,139.46607393542348,3.0,11.494618624239589,45.02105755732335,42.77674777725783,8.800336920917173,0.6482171268132897,122.54985025737014,56.18010000000003,Satisfactory,3.745340000000002,8.215086913112971,56.18010000000003
3.0,17.51794871794872,78.26025641025642,24.327281235376695,52.879270004679455,2.356303228825456,139.46607393542348,3.0,11.494618624239589,45.02105755732335,42.77674777725783,8.800336920917173,0.6482171268132897,122.54985025737014,56.18010000000003,Satisfactory,3.745340000000002,8.215086913112971,56.18010000000003
3.0,17.51794871794872,78.27051282051282,24.327281235376695,52.879270004679455,2.356303228825456,139.46607393542348,3.0,11.494618624239589,45.02105755732335,42.77674777725783,8.800336920917173,0.6482171268132897,122.54985025737014,56.18010000000003,Satisfactory,3.745340000000002,8.215086913112971,56.18010000000003
3.0,17.51794871794872,78.28076923076924,24.327281235376695,52.879270004679455,2.356303228825456,139.46607393542348,3.0,11.494618624239589,45.02105755732335,42.77674777725783,8.800336920917173,0.6482171268132897,122.54985025737014,56.18010000000003,Satisfactory,3.745340000000002,8.215086913112971,56.18010000000003
3.0,17.51794871794872,78.29102564102564,24.327281235376695,52.879270004679455,2.356303228825456,139.46607393542348,3.0,11.494618624239589,45.02105755732335,42.77674777725783,8.800336920917173,0.6482171268132897,122.54985025737014,56.18010000000003,Satisfactory,3.745340000000002,8.215086913112971,56.18010000000003
3.0,17.51794871794872,78.30128205128206,24.327281235376695,52.879270004679455,2.356303228825456,139.46607393542348,3.0,11.494618624239589,45.02105755732335,42.77674777725783,8.800336920917173,0.6482171268132897,122.54985025737014,56.30220000000003,Satisfactory,3.753480000000002,8.125928818295174,56.30220000000003
3.0,17.51794871794872,78.31153846153846,24.327281235376695,52.879270004679455,2.356303228825456,139.46607393542348,3.0,11.494618624239589,45.02105755732335,42.77674777725783,8.800336920917173,0.6482171268132897,122.54985025737014,56.30220000000003,Satisfactory,3.753480000000002,8.125928818295174,56.30220000000003
3.0,17.51794871794872,78.32179487179488,24.327281235376695,52.879270004679455,2.356303228825456,139.46607393542348,3.0,11.494618624239589,45.02105755732335,42.77674777725783,8.800336920917173,0.6482171268132897,122.54985025737014,56.30220000000003,Satisfactory,3.753480000000002,8.125928818295174,56.30220000000003
3.0,17.51794871794872,78.33205128205128,24.327281235376695,52.879270004679455,2.356303228825456,139.46607393542348,3.0,11.494618624239589,45.02105755732335,42.77674777725783,8.800336920917173,0.6482171268132897,122.54985025737014,56.30220000000003,Satisfactory,3.753480000000002,8.125928818295174,56.30220000000003
3.0,17.51794871794872,78.3423076923077,24.327281235376695,52.879270004679455,2.356303228825456,139.46607393542348,3.0,11.494618624239589,45.02105755732335,42.77674777725783,8.800336920917173,0.6482171268132897,122.54985025737014,56.30220000000003,Satisfactory,3.753480000000002,8.125928818295174,56.30220000000003
3.0,17.51794871794872,78.3525641025641,24.327281235376695,52.879270004679455,2.356303228825456,139.46607393542348,3.0,11.494618624239589,45.02105755732335,42.77674777725783,8.800336920917173,0.6482171268132897,122.54985025737014,56.30220000000003,Satisfactory,3.753480000000002,8.125928818295174,56.30220000000003
3.0,17.51794871794872,78.36282051282052,24.327281235376695,52.879270004679455,2.356303228825456,139.46607393542348,3.0,11.494618624239589,45.02105755732335,42.77674777725783,8.800336920917173,0.6482171268132897,122.54985025737014,56.30220000000003,Satisfactory,3.753480000000002,8.125928818295174,56.30220000000003
3.0,17.51794871794872,78.37307692307692,24.327281235376695,52.879270004679455,2.356303228825456,139.46607393542348,3.0,11.494618624239589,45.02105755732335,42.77674777725783,8.800336920917173,0.6482171268132897,122.54985025737014,56.30220000000003,Satisfactory,3.753480000000002,8.125928818295174,56.30220000000003
3.0,17.51794871794872,78.38333333333334,24.327281235376695,52.879270004679455,2.356303228825456,139.46607393542348,3.0,11.494618624239589,45.02105755732335,42.77674777725783,8.800336920917173,0.6482171268132897,122.54985025737014,56.30580000000003,Satisfactory,3.753720000000002,8.140397801090558,56.30580000000003
3.0,17.51794871794872,78.39358974358974,24.327281235376695,52.879270004679455,2.356303228825456,139.46607393542348,3.0,11.494618624239589,45.02105755732335,42.77674777725783,8.800336920917173,0.6482171268132897,122.54985025737014,56.30580000000003,Satisfactory,3.753720000000002,8.140397801090558,56.30580000000003
3.0,17.51794871794872,78.40384615384616,24.327281235376695,52.879270004679455,2.356303228825456,139.46607393542348,3.0,11.494618624239589,45.02105755732335,42.77674777725783,8.800336920917173,0.6482171268132897,122.54985025737014,56.30580000000003,Satisfactory,3.753720000000002,8.140397801090558,56.30580000000003
3.0,17.51794871794872,78.41410256410256,24.327281235376695,52.879270004679455,2.356303228825456,139.46607393542348,3.0,11.494618624239589,45.02105755732335,42.77674777725783,8.800336920917173,0.6482171268132897,122.54985025737014,56.42030000000002,Satisfactory,3.7613533333333344,8.178661804354059,56.42030000000002
3.0,17.51794871794872,78.42435897435898,24.327281235376695,52.879270004679455,2.356303228825456,139.46607393542348,3.0,11.494618624239589,45.02105755732335,42.77674777725783,8.800336920917173,0.6482171268132897,122.54985025737014,56.37340000000002,Satisfactory,3.7582266666666677,8.192480725641042,56.37340000000002
3.0,17.51794871794872,78.43461538461538,24.327281235376695,52.879270004679455,2.356303228825456,139.46607393542348,3.0,11.494618624239589,45.02105755732335,42.77674777725783,8.800336920917173,0.6482171268132897,122.54985025737014,56.37340000000002,Satisfactory,3.7582266666666677,8.192480725641042,56.37340000000002
3.0,17.51794871794872,78.4448717948718,24.327281235376695,52.879270004679455,2.356303228825456,139.46607393542348,3.0,11.494618624239589,45.02105755732335,42.77674777725783,8.800336920917173,0.6482171268132897,122.54985025737014,56.37340000000002,Satisfactory,3.7582266666666677,8.192480725641042,56.37340000000002
3.0,17.51794871794872,78.4551282051282,24.327281235376695,52.879270004679455,2.356303228825456,139.46607393542348,3.0,11.494618624239589,45.02105755732335,42.77674777725783,8.800336920917173,0.6482171268132897,122.54985025737014,56.373100000000015,Satisfactory,3.7582066666666676,8.196212380728065,56.37310000000002
3.0,17.51794871794872,78.46538461538462,24.327281235376695,52.879270004679455,2.356303228825456,139.46607393542348,3.0,11.494618624239589,45.02105755732335,42.77674777725783,8.800336920917173,0.6482171268132897,122.54985025737014,56.373100000000015,Satisfactory,3.7582066666666676,8.196212380728065,56.37310000000002
3.0,17.51794871794872,78.47564102564102,24.327281235376695,52.879270004679455,2.356303228825456,139.46607393542348,3.0,11.494618624239589,45.02105755732335,42.77674777725783,8.800336920917173,0.6482171268132897,122.54985025737014,56.373100000000015,Satisfactory,3.7582066666666676,8.196212380728065,56.37310000000002
3.0,17.51794871794872,78.48589743589744,24.327281235376695,52.879270004679455,2.356303228825456,139.46607393542348,3.0,11.494618624239589,45.02105755732335,42.77674777725783,8.800336920917173,0.6482171268132897,122.54985025737014,56.373100000000015,Satisfactory,3.7582066666666676,8.196212380728065,56.37310000000002
3.0,17.51794871794872,78.49615384615385,24.327281235376695,52.879270004679455,2.356303228825456,139.46607393542348,3.0,11.494618624239589,45.02105755732335,42.77674777725783,8.800336920917173,0.6482171268132897,122.54985025737014,56.373100000000015,Satisfactory,3.7582066666666676,8.196212380728065,56.37310000000002
3.0,17.51794871794872,78.50641025641026,24.327281235376695,52.879270004679455,2.356303228825456,139.46607393542348,3.0,11.494618624239589,45.02105755732335,42.77674777725783,8.800336920917173,0.6482171268132897,122.54985025737014,56.373100000000015,Satisfactory,3.7582066666666676,8.196212380728065,56.37310000000002
3.0,17.51794871794872,78.51666666666667,24.327281235376695,52.879270004679455,2.356303228825456,139.46607393542348,3.0,11.494618624239589,45.02105755732335,42.77674777725783,8.800336920917173,0.6482171268132897,122.54985025737014,56.373100000000015,Satisfactory,3.7582066666666676,8.196212380728065,56.37310000000002
3.0,17.51794871794872,78.52692307692308,24.327281235376695,52.879270004679455,2.356303228825456,139.46607393542348,3.0,11.494618624239589,45.02105755732335,42.77674777725783,8.800336920917173,0.6482171268132897,122.54985025737014,56.373100000000015,Satisfactory,3.7582066666666676,8.196212380728065,56.37310000000002
3.0,17.51794871794872,78.53717948717949,24.327281235376695,52.879270004679455,2.356303228825456,139.46607393542348,3.0,11.494618624239589,45.02105755732335,42.77674777725783,8.800336920917173,0.6482171268132897,122.54985025737014,56.373100000000015,Satisfactory,3.7582066666666676,8.196212380728065,56.37310000000002
3.0,17.51794871794872,78.5474358974359,24.327281235376695,52.879270004679455,2.356303228825456,139.46607393542348,3.0,11.494618624239589,45.02105755732335,42.77674777725783,8.800336920917173,0.6482171268132897,122.54985025737014,56.09330000000002,Satisfactory,3.7395533333333346,8.388599651312491,56.09330000000002
3.0,17.51794871794872,78.5576923076923,24.327281235376695,52.879270004679455,2.356303228825456,139.46607393542348,3.0,11.494618624239589,45.02105755732335,42.77674777725783,8.800336920917173,0.6482171268132897,122.54985025737014,56.09330000000002,Satisfactory,3.7395533333333346,8.388599651312491,56.09330000000002
3.0,17.51794871794872,78.56794871794872,24.327281235376695,52.879270004679455,2.356303228825456,139.46607393542348,3.0,11.494618624239589,45.02105755732335,42.77674777725783,8.800336920917173,0.6482171268132897,122.54985025737014,56.09330000000002,Satisfactory,3.7395533333333346,8.388599651312491,56.09330000000002
3.0,17.51794871794872,78.57820512820513,24.327281235376695,52.879270004679455,2.356303228825456,139.46607393542348,3.0,11.494618624239589,45.02105755732335,42.77674777725783,8.800336920917173,0.6482171268132897,122.54985025737014,56.09330000000002,Satisfactory,3.7395533333333346,8.388599651312491,56.09330000000002
3.0,17.51794871794872,78.58846153846154,24.327281235376695,52.879270004679455,2.356303228825456,139.46607393542348,3.0,11.494618624239589,45.02105755732335,42.77674777725783,8.800336920917173,0.6482171268132897,122.54985025737014,56.09330000000002,Satisfactory,3.7395533333333346,8.388599651312491,56.09330000000002
3.0,17.51794871794872,78.59871794871795,24.327281235376695,52.879270004679455,2.356303228825456,139.46607393542348,3.0,11.494618624239589,45.02105755732335,42.77674777725783,8.800336920917173,0.6482171268132897,122.54985025737014,56.09330000000002,Satisfactory,3.7395533333333346,8.388599651312491,56.09330000000002
3.0,17.51794871794872,78.60897435897436,24.327281235376695,52.879270004679455,2.356303228825456,139.46607393542348,3.0,11.494618624239589,45.02105755732335,42.77674777725783,8.800336920917173,0.6482171268132897,122.54985025737014,56.09330000000002,Satisfactory,3.7395533333333346,8.388599651312491,56.09330000000002
3.0,17.51794871794872,78.61923076923077,24.327281235376695,52.879270004679455,2.356303228825456,139.46607393542348,3.0,11.494618624239589,45.02105755732335,42.77674777725783,8.800336920917173,0.6482171268132897,122.54985025737014,56.09330000000002,Satisfactory,3.7395533333333346,8.388599651312491,56.09330000000002
3.0,17.51794871794872,78.62948717948719,24.327281235376695,52.879270004679455,2.356303228825456,139.46607393542348,3.0,11.494618624239589,45.02105755732335,42.77674777725783,8.800336920917173,0.6482171268132897,122.54985025737014,56.09330000000002,Satisfactory,3.7395533333333346,8.388599651312491,56.09330000000002
3.0,17.51794871794872,78.63974358974359,24.327281235376695,52.879270004679455,2.356303228825456,139.46607393542348,3.0,11.494618624239589,45.02105755732335,42.77674777725783,8.800336920917173,0.6482171268132897,122.54985025737014,56.09330000000002,Satisfactory,3.7395533333333346,8.388599651312491,56.09330000000002
3.0,17.51794871794872,78.65,24.327281235376695,52.879270004679455,2.356303228825456,139.46607393542348,3.0,11.494618624239589,45.02105755732335,42.77674777725783,8.800336920917173,0.6482171268132897,122.54985025737014,56.09330000000002,Satisfactory,3.7395533333333346,8.388599651312491,56.09330000000002
3.0,17.52820512820513,78.25,24.327281235376695,52.879270004679455,2.356303228825456,139.46607393542348,3.0,11.494618624239589,45.02105755732335,42.77674777725783,8.800336920917173,0.6482171268132897,122.54985025737014,56.18010000000003,Satisfactory,3.745340000000002,8.215086913112971,56.18010000000003
3.0,17.52820512820513,78.26025641025642,24.327281235376695,52.879270004679455,2.356303228825456,139.46607393542348,3.0,11.494618624239589,45.02105755732335,42.77674777725783,8.800336920917173,0.6482171268132897,122.54985025737014,56.18010000000003,Satisfactory,3.745340000000002,8.215086913112971,56.18010000000003
3.0,17.52820512820513,78.27051282051282,24.327281235376695,52.879270004679455,2.356303228825456,139.46607393542348,3.0,11.494618624239589,45.02105755732335,42.77674777725783,8.800336920917173,0.6482171268132897,122.54985025737014,56.18010000000003,Satisfactory,3.745340000000002,8.215086913112971,56.18010000000003
3.0,17.52820512820513,78.28076923076924,24.327281235376695,52.879270004679455,2.356303228825456,139.46607393542348,3.0,11.494618624239589,45.02105755732335,42.77674777725783,8.800336920917173,0.6482171268132897,122.54985025737014,56.18010000000003,Satisfactory,3.745340000000002,8.215086913112971,56.18010000000003
3.0,17.52820512820513,78.29102564102564,24.327281235376695,52.879270004679455,2.356303228825456,139.46607393542348,3.0,11.494618624239589,45.02105755732335,42.77674777725783,8.800336920917173,0.6482171268132897,122.54985025737014,56.18010000000003,Satisfactory,3.745340000000002,8.215086913112971,56.18010000000003
3.0,17.52820512820513,78.30128205128206,24.327281235376695,52.879270004679455,2.356303228825456,139.46607393542348,3.0,11.494618624239589,45.02105755732335,42.77674777725783,8.800336920917173,0.6482171268132897,122.54985025737014,56.30220000000003,Satisfactory,3.753480000000002,8.125928818295174,56.30220000000003
3.0,17.52820512820513,78.31153846153846,24.327281235376695,52.879270004679455,2.356303228825456,139.46607393542348,3.0,11.494618624239589,45.02105755732335,42.77674777725783,8.800336920917173,0.6482171268132897,122.54985025737014,56.30220000000003,Satisfactory,3.753480000000002,8.125928818295174,56.30220000000003
3.0,17.52820512820513,78.32179487179488,24.327281235376695,52.879270004679455,2.356303228825456,139.46607393542348,3.0,11.494618624239589,45.02105755732335,42.77674777725783,8.800336920917173,0.6482171268132897,122.54985025737014,56.30220000000003,Satisfactory,3.753480000000002,8.125928818295174,56.30220000000003
3.0,17.52820512820513,78.33205128205128,24.327281235376695,52.879270004679455,2.356303228825456,139.46607393542348,3.0,11.494618624239589,45.02105755732335,42.77674777725783,8.800336920917173,0.6482171268132897,122.54985025737014,56.30220000000003,Satisfactory,3.753480000000002,8.125928818295174,56.30220000000003
3.0,17.52820512820513,78.3423076923077,24.327281235376695,52.879270004679455,2.356303228825456,139.46607393542348,3.0,11.494618624239589,45.02105755732335,42.77674777725783,8.800336920917173,0.6482171268132897,122.54985025737014,56.30220000000003,Satisfactory,3.753480000000002,8.125928818295174,56.30220000000003
3.0,17.52820512820513,78.3525641025641,24.327281235376695,52.879270004679455,2.356303228825456,139.46607393542348,3.0,11.494618624239589,45.02105755732335,42.77674777725783,8.800336920917173,0.6482171268132897,122.54985025737014,56.30220000000003,Satisfactory,3.753480000000002,8.125928818295174,56.30220000000003
3.0,17.52820512820513,78.36282051282052,24.327281235376695,52.879270004679455,2.356303228825456,139.46607393542348,3.0,11.494618624239589,45.02105755732335,42.77674777725783,8.800336920917173,0.6482171268132897,122.54985025737014,56.30220000000003,Satisfactory,3.753480000000002,8.125928818295174,56.30220000000003
3.0,17.52820512820513,78.37307692307692,24.327281235376695,52.879270004679455,2.356303228825456,139.46607393542348,3.0,11.494618624239589,45.02105755732335,42.77674777725783,8.800336920917173,0.6482171268132897,122.54985025737014,56.30220000000003,Satisfactory,3.753480000000002,8.125928818295174,56.30220000000003
3.0,17.52820512820513,78.38333333333334,24.327281235376695,52.879270004679455,2.356303228825456,139.46607393542348,3.0,11.494618624239589,45.02105755732335,42.77674777725783,8.800336920917173,0.6482171268132897,122.54985025737014,56.30580000000003,Satisfactory,3.753720000000002,8.140397801090558,56.30580000000003
3.0,17.52820512820513,78.39358974358974,24.327281235376695,52.879270004679455,2.356303228825456,139.46607393542348,3.0,11.494618624239589,45.02105755732335,42.77674777725783,8.800336920917173,0.6482171268132897,122.54985025737014,56.30580000000003,Satisfactory,3.753720000000002,8.140397801090558,56.30580000000003
3.0,17.52820512820513,78.40384615384616,24.327281235376695,52.879270004679455,2.356303228825456,139.46607393542348,3.0,11.494618624239589,45.02105755732335,42.77674777725783,8.800336920917173,0.6482171268132897,122.54985025737014,56.30580000000003,Satisfactory,3.753720000000002,8.140397801090558,56.30580000000003
3.0,17.52820512820513,78.41410256410256,24.327281235376695,52.879270004679455,2.356303228825456,139.46607393542348,3.0,11.494618624239589,45.02105755732335,42.77674777725783,8.800336920917173,0.6482171268132897,122.54985025737014,56.42030000000002,Satisfactory,3.7613533333333344,8.178661804354059,56.42030000000002
3.0,17.52820512820513,78.42435897435898,24.327281235376695,52.879270004679455,2.356303228825456,139.46607393542348,3.0,11.494618624239589,45.02105755732335,42.77674777725783,8.800336920917173,0.6482171268132897,122.54985025737014,56.37340000000002,Satisfactory,3.7582266666666677,8.192480725641042,56.37340000000002
3.0,17.52820512820513,78.43461538461538,24.327281235376695,52.879270004679455,2.356303228825456,139.46607393542348,3.0,11.494618624239589,45.02105755732335,42.77674777725783,8.800336920917173,0.6482171268132897,122.54985025737014,56.37340000000002,Satisfactory,3.7582266666666677,8.192480725641042,56.37340000000002
3.0,17.52820512820513,78.4448717948718,24.327281235376695,52.879270004679455,2.356303228825456,139.46607393542348,3.0,11.494618624239589,45.02105755732335,42.77674777725783,8.800336920917173,0.6482171268132897,122.54985025737014,56.37340000000002,Satisfactory,3.7582266666666677,8.192480725641042,56.37340000000002
3.0,17.52820512820513,78.4551282051282,24.327281235376695,52.879270004679455,2.356303228825456,139.46607393542348,3.0,11.494618624239589,45.02105755732335,42.77674777725783,8.800336920917173,0.6482171268132897,122.54985025737014,56.373100000000015,Satisfactory,3.7582066666666676,8.196212380728065,56.37310000000002
3.0,17.52820512820513,78.46538461538462,24.327281235376695,52.879270004679455,2.356303228825456,139.46607393542348,3.0,11.494618624239589,45.02105755732335,42.77674777725783,8.800336920917173,0.6482171268132897,122.54985025737014,56.373100000000015,Satisfactory,3.7582066666666676,8.196212380728065,56.37310000000002
3.0,17.52820512820513,78.47564102564102,24.327281235376695,52.879270004679455,2.356303228825456,139.46607393542348,3.0,11.494618624239589,45.02105755732335,42.77674777725783,8.800336920917173,0.6482171268132897,122.54985025737014,56.373100000000015,Satisfactory,3.7582066666666676,8.196212380728065,56.37310000000002
3.0,17.52820512820513,78.48589743589744,24.327281235376695,52.879270004679455,2.356303228825456,139.46607393542348,3.0,11.494618624239589,45.02105755732335,42.77674777725783,8.800336920917173,0.6482171268132897,122.54985025737014,56.373100000000015,Satisfactory,3.7582066666666676,8.196212380728065,56.37310000000002
3.0,17.52820512820513,78.49615384615385,24.327281235376695,52.879270004679455,2.356303228825456,139.46607393542348,3.0,11.494618624239589,45.02105755732335,42.77674777725783,8.800336920917173,0.6482171268132897,122.54985025737014,56.373100000000015,Satisfactory,3.7582066666666676,8.196212380728065,56.37310000000002
3.0,17.52820512820513,78.50641025641026,24.327281235376695,52.879270004679455,2.356303228825456,139.46607393542348,3.0,11.494618624239589,45.02105755732335,42.77674777725783,8.800336920917173,0.6482171268132897,122.54985025737014,56.373100000000015,Satisfactory,3.7582066666666676,8.196212380728065,56.37310000000002
3.0,17.52820512820513,78.51666666666667,24.327281235376695,52.879270004679455,2.356303228825456,139.46607393542348,3.0,11.494618624239589,45.02105755732335,42.77674777725783,8.800336920917173,0.6482171268132897,122.54985025737014,56.373100000000015,Satisfactory,3.7582066666666676,8.196212380728065,56.37310000000002
3.0,17.52820512820513,78.52692307692308,24.327281235376695,52.879270004679455,2.356303228825456,139.46607393542348,3.0,11.494618624239589,45.02105755732335,42.77674777725783,8.800336920917173,0.6482171268132897,122.54985025737014,56.373100000000015,Satisfactory,3.7582066666666676,8.196212380728065,56.37310000000002
3.0,17.52820512820513,78.53717948717949,24.327281235376695,52.879270004679455,2.356303228825456,139.46607393542348,3.0,11.494618624239589,45.02105755732335,42.77674777725783,8.800336920917173,0.6482171268132897,122.54985025737014,56.373100000000015,Satisfactory,3.7582066666666676,8.196212380728065,56.37310000000002
3.0,17.52820512820513,78.5474358974359,24.327281235376695,52.879270004679455,2.356303228825456,139.46607393542348,3.0,11.494618624239589,45.02105755732335,42.77674777725783,8.800336920917173,0.6482171268132897,122.54985025737014,56.09330000000002,Satisfactory,3.7395533333333346,8.388599651312491,56.09330000000002
3.0,17.52820512820513,78.5576923076923,24.327281235376695,52.879270004679455,2.356303228825456,139.46607393542348,3.0,11.494618624239589,45.02105755732335,42.77674777725783,8.800336920917173,0.6482171268132897,122.54985025737014,56.09330000000002,Satisfactory,3.7395533333333346,8.388599651312491,56.09330000000002
3.0,17.52820512820513,78.56794871794872,24.327281235376695,52.879270004679455,2.356303228825456,139.46607393542348,3.0,11.494618624239589,45.02105755732335,42.77674777725783,8.800336920917173,0.6482171268132897,122.54985025737014,56.09330000000002,Satisfactory,3.7395533333333346,8.388599651312491,56.09330000000002
3.0,17.52820512820513,78.57820512820513,24.327281235376695,52.879270004679455,2.356303228825456,139.46607393542348,3.0,11.494618624239589,45.02105755732335,42.77674777725783,8.800336920917173,0.6482171268132897,122.54985025737014,56.09330000000002,Satisfactory,3.7395533333333346,8.388599651312491,56.09330000000002
3.0,17.52820512820513,78.58846153846154,24.327281235376695,52.879270004679455,2.356303228825456,139.46607393542348,3.0,11.494618624239589,45.02105755732335,42.77674777725783,8.800336920917173,0.6482171268132897,122.54985025737014,56.09330000000002,Satisfactory,3.7395533333333346,8.388599651312491,56.09330000000002
3.0,17.52820512820513,78.59871794871795,24.327281235376695,52.879270004679455,2.356303228825456,139.46607393542348,3.0,11.494618624239589,45.02105755732335,42.77674777725783,8.800336920917173,0.6482171268132897,122.54985025737014,56.09330000000002,Satisfactory,3.7395533333333346,8.388599651312491,56.09330000000002
3.0,17.52820512820513,78.60897435897436,24.327281235376695,52.879270004679455,2.356303228825456,139.46607393542348,3.0,11.494618624239589,45.02105755732335,42.77674777725783,8.800336920917173,0.6482171268132897,122.54985025737014,56.09330000000002,Satisfactory,3.7395533333333346,8.388599651312491,56.09330000000002
3.0,17.52820512820513,78.61923076923077,24.327281235376695,52.879270004679455,2.356303228825456,139.46607393542348,3.0,11.494618624239589,45.02105755732335,42.77674777725783,8.800336920917173,0.6482171268132897,122.54985025737014,56.09330000000002,Satisfactory,3.7395533333333346,8.388599651312491,56.09330000000002
3.0,17.52820512820513,78.62948717948719,24.327281235376695,52.879270004679455,2.356303228825456,139.46607393542348,3.0,11.494618624239589,45.02105755732335,42.77674777725783,8.800336920917173,0.6482171268132897,122.54985025737014,56.09330000000002,Satisfactory,3.7395533333333346,8.388599651312491,56.09330000000002
3.0,17.52820512820513,78.63974358974359,24.327281235376695,52.879270004679455,2.356303228825456,139.46607393542348,3.0,11.494618624239589,45.02105755732335,42.77674777725783,8.800336920917173,0.6482171268132897,122.54985025737014,56.09330000000002,Satisfactory,3.7395533333333346,8.388599651312491,56.09330000000002
3.0,17.52820512820513,78.65,24.327281235376695,52.879270004679455,2.356303228825456,139.46607393542348,3.0,11.494618624239589,45.02105755732335,42.77674777725783,8.800336920917173,0.6482171268132897,122.54985025737014,56.09330000000002,Satisfactory,3.7395533333333346,8.388599651312491,56.09330000000002
3.0,17.53846153846154,78.25,24.327281235376695,52.879270004679455,2.356303228825456,139.46607393542348,3.0,11.494618624239589,45.02105755732335,42.77674777725783,8.800336920917173,0.6482171268132897,122.54985025737014,56.46170000000003,Satisfactory,3.764113333333335,8.396395304533964,56.46170000000003
3.0,17.53846153846154,78.26025641025642,24.327281235376695,52.879270004679455,2.356303228825456,139.46607393542348,3.0,11.494618624239589,45.02105755732335,42.77674777725783,8.800336920917173,0.6482171268132897,122.54985025737014,56.46170000000003,Satisfactory,3.764113333333335,8.396395304533964,56.46170000000003
3.0,17.53846153846154,78.27051282051282,24.327281235376695,52.879270004679455,2.356303228825456,139.46607393542348,3.0,11.494618624239589,45.02105755732335,42.77674777725783,8.800336920917173,0.6482171268132897,122.54985025737014,56.46170000000003,Satisfactory,3.764113333333335,8.396395304533964,56.46170000000003
3.0,17.53846153846154,78.28076923076924,24.327281235376695,52.879270004679455,2.356303228825456,139.46607393542348,3.0,11.494618624239589,45.02105755732335,42.77674777725783,8.800336920917173,0.6482171268132897,122.54985025737014,56.46170000000003,Satisfactory,3.764113333333335,8.396395304533964,56.46170000000003
3.0,17.53846153846154,78.29102564102564,24.327281235376695,52.879270004679455,2.356303228825456,139.46607393542348,3.0,11.494618624239589,45.02105755732335,42.77674777725783,8.800336920917173,0.6482171268132897,122.54985025737014,56.46170000000003,Satisfactory,3.764113333333335,8.396395304533964,56.46170000000003
3.0,17.53846153846154,78.30128205128206,24.327281235376695,52.879270004679455,2.356303228825456,139.46607393542348,3.0,11.494618624239589,45.02105755732335,42.77674777725783,8.800336920917173,0.6482171268132897,122.54985025737014,56.583800000000025,Satisfactory,3.772253333333335,8.305043862617463,56.583800000000025
3.0,17.53846153846154,78.31153846153846,24.327281235376695,52.879270004679455,2.356303228825456,139.46607393542348,3.0,11.494618624239589,45.02105755732335,42.77674777725783,8.800336920917173,0.6482171268132897,122.54985025737014,56.583800000000025,Satisfactory,3.772253333333335,8.305043862617463,56.583800000000025
3.0,17.53846153846154,78.32179487179488,24.327281235376695,52.879270004679455,2.356303228825456,139.46607393542348,3.0,11.494618624239589,45.02105755732335,42.77674777725783,8.800336920917173,0.6482171268132897,122.54985025737014,56.583800000000025,Satisfactory,3.772253333333335,8.305043862617463,56.583800000000025
3.0,17.53846153846154,78.33205128205128,24.327281235376695,52.879270004679455,2.356303228825456,139.46607393542348,3.0,11.494618624239589,45.02105755732335,42.77674777725783,8.800336920917173,0.6482171268132897,122.54985025737014,56.583800000000025,Satisfactory,3.772253333333335,8.305043862617463,56.583800000000025
3.0,17.53846153846154,78.3423076923077,24.327281235376695,52.879270004679455,2.356303228825456,139.46607393542348,3.0,11.494618624239589,45.02105755732335,42.77674777725783,8.800336920917173,0.6482171268132897,122.54985025737014,56.583800000000025,Satisfactory,3.772253333333335,8.305043862617463,56.583800000000025
3.0,17.53846153846154,78.3525641025641,24.327281235376695,52.879270004679455,2.356303228825456,139.46607393542348,3.0,11.494618624239589,45.02105755732335,42.77674777725783,8.800336920917173,0.6482171268132897,122.54985025737014,56.583800000000025,Satisfactory,3.772253333333335,8.305043862617463,56.583800000000025
3.0,17.53846153846154,78.36282051282052,24.327281235376695,52.879270004679455,2.356303228825456,139.46607393542348,3.0,11.494618624239589,45.02105755732335,42.77674777725783,8.800336920917173,0.6482171268132897,122.54985025737014,56.583800000000025,Satisfactory,3.772253333333335,8.305043862617463,56.583800000000025
3.0,17.53846153846154,78.37307692307692,24.327281235376695,52.879270004679455,2.356303228825456,139.46607393542348,3.0,11.494618624239589,45.02105755732335,42.77674777725783,8.800336920917173,0.6482171268132897,122.54985025737014,56.583800000000025,Satisfactory,3.772253333333335,8.305043862617463,56.583800000000025
3.0,17.53846153846154,78.38333333333334,24.327281235376695,52.879270004679455,2.356303228825456,139.46607393542348,3.0,11.494618624239589,45.02105755732335,42.77674777725783,8.800336920917173,0.6482171268132897,122.54985025737014,56.58740000000003,Satisfactory,3.7724933333333355,8.319079470710689,56.58740000000003
3.0,17.53846153846154,78.39358974358974,24.327281235376695,52.879270004679455,2.356303228825456,139.46607393542348,3.0,11.494618624239589,45.02105755732335,42.77674777725783,8.800336920917173,0.6482171268132897,122.54985025737014,56.58740000000003,Satisfactory,3.7724933333333355,8.319079470710689,56.58740000000003
3.0,17.53846153846154,78.40384615384616,24.327281235376695,52.879270004679455,2.356303228825456,139.46607393542348,3.0,11.494618624239589,45.02105755732335,42.77674777725783,8.800336920917173,0.6482171268132897,122.54985025737014,56.58740000000003,Satisfactory,3.7724933333333355,8.319079470710689,56.58740000000003
3.0,17.53846153846154,78.41410256410256,24.327281235376695,52.879270004679455,2.356303228825456,139.46607393542348,3.0,11.494618624239589,45.02105755732335,42.77674777725783,8.800336920917173,0.6482171268132897,122.54985025737014,56.701900000000016,Satisfactory,3.7801266666666677,8.35266600493519,56.701900000000016
3.0,17.53846153846154,78.42435897435898,24.327281235376695,52.879270004679455,2.356303228825456,139.46607393542348,3.0,11.494618624239589,45.02105755732335,42.77674777725783,8.800336920917173,0.6482171268132897,122.54985025737014,56.701900000000016,Satisfactory,3.7801266666666677,8.35266600493519,56.701900000000016
3.0,17.53846153846154,78.43461538461538,24.327281235376695,52.879270004679455,2.356303228825456,139.46607393542348,3.0,11.494618624239589,45.02105755732335,42.77674777725783,8.800336920917173,0.6482171268132897,122.54985025737014,56.562100000000015,Satisfactory,3.7708066666666675,8.357405015314264,56.562100000000015
3.0,17.53846153846154,78.4448717948718,24.327281235376695,52.879270004679455,2.356303228825456,139.46607393542348,3.0,11.494618624239589,45.02105755732335,42.77674777725783,8.800336920917173,0.6482171268132897,122.54985025737014,56.562100000000015,Satisfactory,3.7708066666666675,8.357405015314264,56.562100000000015
3.0,17.53846153846154,78.4551282051282,24.327281235376695,52.879270004679455,2.356303228825456,139.46607393542348,3.0,11.494618624239589,45.02105755732335,42.77674777725783,8.800336920917173,0.6482171268132897,122.54985025737014,56.56180000000001,Satisfactory,3.7707866666666674,8.36106983346031,56.56180000000001
3.0,17.53846153846154,78.46538461538462,24.327281235376695,52.879270004679455,2.356303228825456,139.46607393542348,3.0,11.494618624239589,45.02105755732335,42.77674777725783,8.800336920917173,0.6482171268132897,122.54985025737014,56.56180000000001,Satisfactory,3.7707866666666674,8.36106983346031,56.56180000000001
3.0,17.53846153846154,78.47564102564102,24.327281235376695,52.879270004679455,2.356303228825456,139.46607393542348,3.0,11.494618624239589,45.02105755732335,42.77674777725783,8.800336920917173,0.6482171268132897,122.54985025737014,56.56180000000001,Satisfactory,3.7707866666666674,8.36106983346031,56.56180000000001
3.0,17.53846153846154,78.48589743589744,24.327281235376695,52.879270004679455,2.356303228825456,139.46607393542348,3.0,11.494618624239589,45.02105755732335,42.77674777725783,8.800336920917173,0.6482171268132897,122.54985025737014,56.56180000000001,Satisfactory,3.7707866666666674,8.36106983346031,56.56180000000001
3.0,17.53846153846154,78.49615384615385,24.327281235376695,52.879270004679455,2.356303228825456,139.46607393542348,3.0,11.494618624239589,45.02105755732335,42.77674777725783,8.800336920917173,0.6482171268132897,122.54985025737014,56.56180000000001,Satisfactory,3.7707866666666674,8.36106983346031,56.56180000000001
3.0,17.53846153846154,78.50641025641026,24.327281235376695,52.879270004679455,2.356303228825456,139.46607393542348,3.0,11.494618624239589,45.02105755732335,42.77674777725783,8.800336920917173,0.6482171268132897,122.54985025737014,56.56180000000001,Satisfactory,3.7707866666666674,8.36106983346031,56.56180000000001
3.0,17.53846153846154,78.51666666666667,24.327281235376695,52.879270004679455,2.356303228825456,139.46607393542348,3.0,11.494618624239589,45.02105755732335,42.77674777725783,8.800336920917173,0.6482171268132897,122.54985025737014,56.56180000000001,Satisfactory,3.7707866666666674,8.36106983346031,56.56180000000001
3.0,17.53846153846154,78.52692307692308,24.327281235376695,52.879270004679455,2.356303228825456,139.46607393542348,3.0,11.494618624239589,45.02105755732335,42.77674777725783,8.800336920917173,0.6482171268132897,122.54985025737014,56.56180000000001,Satisfactory,3.7707866666666674,8.36106983346031,56.56180000000001
3.0,17.53846153846154,78.53717948717949,24.327281235376695,52.879270004679455,2.356303228825456,139.46607393542348,3.0,11.494618624239589,45.02105755732335,42.77674777725783,8.800336920917173,0.6482171268132897,122.54985025737014,56.56180000000001,Satisfactory,3.7707866666666674,8.36106983346031,56.56180000000001
3.0,17.53846153846154,78.5474358974359,24.327281235376695,52.879270004679455,2.356303228825456,139.46607393542348,3.0,11.494618624239589,45.02105755732335,42.77674777725783,8.800336920917173,0.6482171268132897,122.54985025737014,56.28200000000002,Satisfactory,3.7521333333333344,8.555921458265033,56.28200000000001
3.0,17.53846153846154,78.5576923076923,24.327281235376695,52.879270004679455,2.356303228825456,139.46607393542348,3.0,11.494618624239589,45.02105755732335,42.77674777725783,8.800336920917173,0.6482171268132897,122.54985025737014,56.28200000000002,Satisfactory,3.7521333333333344,8.555921458265033,56.28200000000001
3.0,17.53846153846154,78.56794871794872,24.327281235376695,52.879270004679455,2.356303228825456,139.46607393542348,3.0,11.494618624239589,45.02105755732335,42.77674777725783,8.800336920917173,0.6482171268132897,122.54985025737014,56.28200000000002,Satisfactory,3.7521333333333344,8.555921458265033,56.28200000000001
3.0,17.53846153846154,78.57820512820513,24.327281235376695,52.879270004679455,2.356303228825456,139.46607393542348,3.0,11.494618624239589,45.02105755732335,42.77674777725783,8.800336920917173,0.6482171268132897,122.54985025737014,56.28200000000002,Satisfactory,3.7521333333333344,8.555921458265033,56.28200000000001
3.0,17.53846153846154,78.58846153846154,24.327281235376695,52.879270004679455,2.356303228825456,139.46607393542348,3.0,11.494618624239589,45.02105755732335,42.77674777725783,8.800336920917173,0.6482171268132897,122.54985025737014,56.28200000000002,Satisfactory,3.7521333333333344,8.555921458265033,56.28200000000001
3.0,17.53846153846154,78.59871794871795,24.327281235376695,52.879270004679455,2.356303228825456,139.46607393542348,3.0,11.494618624239589,45.02105755732335,42.77674777725783,8.800336920917173,0.6482171268132897,122.54985025737014,56.28200000000002,Satisfactory,3.7521333333333344,8.555921458265033,56.28200000000001
3.0,17.53846153846154,78.60897435897436,24.327281235376695,52.879270004679455,2.356303228825456,139.46607393542348,3.0,11.494618624239589,45.02105755732335,42.77674777725783,8.800336920917173,0.6482171268132897,122.54985025737014,56.28200000000002,Satisfactory,3.7521333333333344,8.555921458265033,56.28200000000001
3.0,17.53846153846154,78.61923076923077,24.327281235376695,52.879270004679455,2.356303228825456,139.46607393542348,3.0,11.494618624239589,45.02105755732335,42.77674777725783,8.800336920917173,0.6482171268132897,122.54985025737014,56.28200000000002,Satisfactory,3.7521333333333344,8.555921458265033,56.28200000000001
3.0,17.53846153846154,78.62948717948719,24.327281235376695,52.879270004679455,2.356303228825456,139.46607393542348,3.0,11.494618624239589,45.02105755732335,42.77674777725783,8.800336920917173,0.6482171268132897,122.54985025737014,56.28200000000002,Satisfactory,3.7521333333333344,8.555921458265033,56.28200000000001
3.0,17.53846153846154,78.63974358974359,24.327281235376695,52.879270004679455,2.356303228825456,139.46607393542348,3.0,11.494618624239589,45.02105755732335,42.77674777725783,8.800336920917173,0.6482171268132897,122.54985025737014,56.28200000000002,Satisfactory,3.7521333333333344,8.555921458265033,56.28200000000001
3.0,17.53846153846154,78.65,24.327281235376695,52.879270004679455,2.356303228825456,139.46607393542348,3.0,11.494618624239589,45.02105755732335,42.77674777725783,8.800336920917173,0.6482171268132897,122.54985025737014,56.28200000000002,Satisfactory,3.7521333333333344,8.555921458265033,56.28200000000001
3.0,17.54871794871795,78.25,24.327281235376695,52.879270004679455,2.356303228825456,139.46607393542348,3.0,11.494618624239589,45.02105755732335,42.77674777725783,8.800336920917173,0.6482171268132897,122.54985025737014,56.30570000000003,Satisfactory,3.7537133333333355,8.204387150177642,56.30570000000002
3.0,17.54871794871795,78.26025641025642,24.327281235376695,52.879270004679455,2.356303228825456,139.46607393542348,3.0,11.494618624239589,45.02105755732335,42.77674777725783,8.800336920917173,0.6482171268132897,122.54985025737014,56.30570000000003,Satisfactory,3.7537133333333355,8.204387150177642,56.30570000000002
3.0,17.54871794871795,78.27051282051282,24.327281235376695,52.879270004679455,2.356303228825456,139.46607393542348,3.0,11.494618624239589,45.02105755732335,42.77674777725783,8.800336920917173,0.6482171268132897,122.54985025737014,56.30570000000003,Satisfactory,3.7537133333333355,8.204387150177642,56.30570000000002
3.0,17.54871794871795,78.28076923076924,24.327281235376695,52.879270004679455,2.356303228825456,139.46607393542348,3.0,11.494618624239589,45.02105755732335,42.77674777725783,8.800336920917173,0.6482171268132897,122.54985025737014,56.30570000000003,Satisfactory,3.7537133333333355,8.204387150177642,56.30570000000002
3.0,17.54871794871795,78.29102564102564,24.327281235376695,52.879270004679455,2.356303228825456,139.46607393542348,3.0,11.494618624239589,45.02105755732335,42.77674777725783,8.800336920917173,0.6482171268132897,122.54985025737014,56.30570000000003,Satisfactory,3.7537133333333355,8.204387150177642,56.30570000000002
3.0,17.54871794871795,78.30128205128206,24.327281235376695,52.879270004679455,2.356303228825456,139.46607393542348,3.0,11.494618624239589,45.02105755732335,42.77674777725783,8.800336920917173,0.6482171268132897,122.54985025737014,56.427800000000026,Satisfactory,3.761853333333335,8.113221503200807,56.427800000000026
3.0,17.54871794871795,78.31153846153846,24.327281235376695,52.879270004679455,2.356303228825456,139.46607393542348,3.0,11.494618624239589,45.02105755732335,42.77674777725783,8.800336920917173,0.6482171268132897,122.54985025737014,56.427800000000026,Satisfactory,3.761853333333335,8.113221503200807,56.427800000000026
3.0,17.54871794871795,78.32179487179488,24.327281235376695,52.879270004679455,2.356303228825456,139.46607393542348,3.0,11.494618624239589,45.02105755732335,42.77674777725783,8.800336920917173,0.6482171268132897,122.54985025737014,56.427800000000026,Satisfactory,3.761853333333335,8.113221503200807,56.427800000000026
3.0,17.54871794871795,78.33205128205128,24.327281235376695,52.879270004679455,2.356303228825456,139.46607393542348,3.0,11.494618624239589,45.02105755732335,42.77674777725783,8.800336920917173,0.6482171268132897,122.54985025737014,56.427800000000026,Satisfactory,3.761853333333335,8.113221503200807,56.427800000000026
3.0,17.54871794871795,78.3423076923077,24.327281235376695,52.879270004679455,2.356303228825456,139.46607393542348,3.0,11.494618624239589,45.02105755732335,42.77674777725783,8.800336920917173,0.6482171268132897,122.54985025737014,56.427800000000026,Satisfactory,3.761853333333335,8.113221503200807,56.427800000000026
3.0,17.54871794871795,78.3525641025641,24.327281235376695,52.879270004679455,2.356303228825456,139.46607393542348,3.0,11.494618624239589,45.02105755732335,42.77674777725783,8.800336920917173,0.6482171268132897,122.54985025737014,56.427800000000026,Satisfactory,3.761853333333335,8.113221503200807,56.427800000000026
3.0,17.54871794871795,78.36282051282052,24.327281235376695,52.879270004679455,2.356303228825456,139.46607393542348,3.0,11.494618624239589,45.02105755732335,42.77674777725783,8.800336920917173,0.6482171268132897,122.54985025737014,56.427800000000026,Satisfactory,3.761853333333335,8.113221503200807,56.427800000000026
3.0,17.54871794871795,78.37307692307692,24.327281235376695,52.879270004679455,2.356303228825456,139.46607393542348,3.0,11.494618624239589,45.02105755732335,42.77674777725783,8.800336920917173,0.6482171268132897,122.54985025737014,56.427800000000026,Satisfactory,3.761853333333335,8.113221503200807,56.427800000000026
3.0,17.54871794871795,78.38333333333334,24.327281235376695,52.879270004679455,2.356303228825456,139.46607393542348,3.0,11.494618624239589,45.02105755732335,42.77674777725783,8.800336920917173,0.6482171268132897,122.54985025737014,56.43140000000003,Satisfactory,3.7620933333333353,8.127657475558378,56.43140000000003
3.0,17.54871794871795,78.39358974358974,24.327281235376695,52.879270004679455,2.356303228825456,139.46607393542348,3.0,11.494618624239589,45.02105755732335,42.77674777725783,8.800336920917173,0.6482171268132897,122.54985025737014,56.43140000000003,Satisfactory,3.7620933333333353,8.127657475558378,56.43140000000003
3.0,17.54871794871795,78.40384615384616,24.327281235376695,52.879270004679455,2.356303228825456,139.46607393542348,3.0,11.494618624239589,45.02105755732335,42.77674777725783,8.800336920917173,0.6482171268132897,122.54985025737014,56.43140000000003,Satisfactory,3.7620933333333353,8.127657475558378,56.43140000000003
3.0,17.54871794871795,78.41410256410256,24.327281235376695,52.879270004679455,2.356303228825456,139.46607393542348,3.0,11.494618624239589,45.02105755732335,42.77674777725783,8.800336920917173,0.6482171268132897,122.54985025737014,56.54590000000002,Satisfactory,3.769726666666668,8.164219876387454,56.54590000000001
3.0,17.54871794871795,78.42435897435898,24.327281235376695,52.879270004679455,2.356303228825456,139.46607393542348,3.0,11.494618624239589,45.02105755732335,42.77674777725783,8.800336920917173,0.6482171268132897,122.54985025737014,56.54590000000002,Satisfactory,3.769726666666668,8.164219876387454,56.54590000000001
3.0,17.54871794871795,78.43461538461538,24.327281235376695,52.879270004679455,2.356303228825456,139.46607393542348,3.0,11.494618624239589,45.02105755732335,42.77674777725783,8.800336920917173,0.6482171268132897,122.54985025737014,56.406100000000016,Satisfactory,3.760406666666668,8.166398091570116,56.406100000000016
3.0,17.54871794871795,78.4448717948718,24.327281235376695,52.879270004679455,2.356303228825456,139.46607393542348,3.0,11.494618624239589,45.02105755732335,42.77674777725783,8.800336920917173,0.6482171268132897,122.54985025737014,56.406100000000016,Satisfactory,3.760406666666668,8.166398091570116,56.406100000000016
3.0,17.54871794871795,78.4551282051282,24.327281235376695,52.879270004679455,2.356303228825456,139.46607393542348,3.0,11.494618624239589,45.02105755732335,42.77674777725783,8.800336920917173,0.6482171268132897,122.54985025737014,56.40580000000002,Satisfactory,3.760386666666668,8.17014286044008,56.40580000000002
3.0,17.54871794871795,78.46538461538462,24.327281235376695,52.879270004679455,2.356303228825456,139.46607393542348,3.0,11.494618624239589,45.02105755732335,42.77674777725783,8.800336920917173,0.6482171268132897,122.54985025737014,56.40580000000002,Satisfactory,3.760386666666668,8.17014286044008,56.40580000000002
3.0,17.54871794871795,78.47564102564102,24.327281235376695,52.879270004679455,2.356303228825456,139.46607393542348,3.0,11.494618624239589,45.02105755732335,42.77674777725783,8.800336920917173,0.6482171268132897,122.54985025737014,56.40580000000002,Satisfactory,3.760386666666668,8.17014286044008,56.40580000000002
3.0,17.54871794871795,78.48589743589744,24.327281235376695,52.879270004679455,2.356303228825456,139.46607393542348,3.0,11.494618624239589,45.02105755732335,42.77674777725783,8.800336920917173,0.6482171268132897,122.54985025737014,56.40580000000002,Satisfactory,3.760386666666668,8.17014286044008,56.40580000000002
3.0,17.54871794871795,78.49615384615385,24.327281235376695,52.879270004679455,2.356303228825456,139.46607393542348,3.0,11.494618624239589,45.02105755732335,42.77674777725783,8.800336920917173,0.6482171268132897,122.54985025737014,56.40580000000002,Satisfactory,3.760386666666668,8.17014286044008,56.40580000000002
3.0,17.54871794871795,78.50641025641026,24.327281235376695,52.879270004679455,2.356303228825456,139.46607393542348,3.0,11.494618624239589,45.02105755732335,42.77674777725783,8.800336920917173,0.6482171268132897,122.54985025737014,56.40580000000002,Satisfactory,3.760386666666668,8.17014286044008,56.40580000000002
3.0,17.54871794871795,78.51666666666667,24.327281235376695,52.879270004679455,2.356303228825456,139.46607393542348,3.0,11.494618624239589,45.02105755732335,42.77674777725783,8.800336920917173,0.6482171268132897,122.54985025737014,56.40580000000002,Satisfactory,3.760386666666668,8.17014286044008,56.40580000000002
3.0,17.54871794871795,78.52692307692308,24.327281235376695,52.879270004679455,2.356303228825456,139.46607393542348,3.0,11.494618624239589,45.02105755732335,42.77674777725783,8.800336920917173,0.6482171268132897,122.54985025737014,56.40580000000002,Satisfactory,3.760386666666668,8.17014286044008,56.40580000000002
3.0,17.54871794871795,78.53717948717949,24.327281235376695,52.879270004679455,2.356303228825456,139.46607393542348,3.0,11.494618624239589,45.02105755732335,42.77674777725783,8.800336920917173,0.6482171268132897,122.54985025737014,56.40580000000002,Satisfactory,3.760386666666668,8.17014286044008,56.40580000000002
3.0,17.54871794871795,78.5474358974359,24.327281235376695,52.879270004679455,2.356303228825456,139.46607393542348,3.0,11.494618624239589,45.02105755732335,42.77674777725783,8.800336920917173,0.6482171268132897,122.54985025737014,56.12600000000001,Satisfactory,3.7417333333333342,8.364223813361285,56.12600000000001
3.0,17.54871794871795,78.5576923076923,24.327281235376695,52.879270004679455,2.356303228825456,139.46607393542348,3.0,11.494618624239589,45.02105755732335,42.77674777725783,8.800336920917173,0.6482171268132897,122.54985025737014,56.12600000000001,Satisfactory,3.7417333333333342,8.364223813361285,56.12600000000001
3.0,17.54871794871795,78.56794871794872,24.327281235376695,52.879270004679455,2.356303228825456,139.46607393542348,3.0,11.494618624239589,45.02105755732335,42.77674777725783,8.800336920917173,0.6482171268132897,122.54985025737014,56.12600000000001,Satisfactory,3.7417333333333342,8.364223813361285,56.12600000000001
3.0,17.54871794871795,78.57820512820513,24.327281235376695,52.879270004679455,2.356303228825456,139.46607393542348,3.0,11.494618624239589,45.02105755732335,42.77674777725783,8.800336920917173,0.6482171268132897,122.54985025737014,56.12600000000001,Satisfactory,3.7417333333333342,8.364223813361285,56.12600000000001
3.0,17.54871794871795,78.58846153846154,24.327281235376695,52.879270004679455,2.356303228825456,139.46607393542348,3.0,11.494618624239589,45.02105755732335,42.77674777725783,8.800336920917173,0.6482171268132897,122.54985025737014,56.12600000000001,Satisfactory,3.7417333333333342,8.364223813361285,56.12600000000001
3.0,17.54871794871795,78.59871794871795,24.327281235376695,52.879270004679455,2.356303228825456,139.46607393542348,3.0,11.494618624239589,45.02105755732335,42.77674777725783,8.800336920917173,0.6482171268132897,122.54985025737014,56.12600000000001,Satisfactory,3.7417333333333342,8.364223813361285,56.12600000000001
3.0,17.54871794871795,78.60897435897436,24.327281235376695,52.879270004679455,2.356303228825456,139.46607393542348,3.0,11.494618624239589,45.02105755732335,42.77674777725783,8.800336920917173,0.6482171268132897,122.54985025737014,56.12600000000001,Satisfactory,3.7417333333333342,8.364223813361285,56.12600000000001
3.0,17.54871794871795,78.61923076923077,24.327281235376695,52.879270004679455,2.356303228825456,139.46607393542348,3.0,11.494618624239589,45.02105755732335,42.77674777725783,8.800336920917173,0.6482171268132897,122.54985025737014,56.12600000000001,Satisfactory,3.7417333333333342,8.364223813361285,56.12600000000001
3.0,17.54871794871795,78.62948717948719,24.327281235376695,52.879270004679455,2.356303228825456,139.46607393542348,3.0,11.494618624239589,45.02105755732335,42.77674777725783,8.800336920917173,0.6482171268132897,122.54985025737014,56.12600000000001,Satisfactory,3.7417333333333342,8.364223813361285,56.12600000000001
3.0,17.54871794871795,78.63974358974359,24.327281235376695,52.879270004679455,2.356303228825456,139.46607393542348,3.0,11.494618624239589,45.02105755732335,42.77674777725783,8.800336920917173,0.6482171268132897,122.54985025737014,56.12600000000001,Satisfactory,3.7417333333333342,8.364223813361285,56.12600000000001
3.0,17.54871794871795,78.65,24.327281235376695,52.879270004679455,2.356303228825456,139.46607393542348,3.0,11.494618624239589,45.02105755732335,42.77674777725783,8.800336920917173,0.6482171268132897,122.54985025737014,56.12600000000001,Satisfactory,3.7417333333333342,8.364223813361285,56.12600000000001
3.0,17.55897435897436,78.25,24.327281235376695,52.879270004679455,2.356303228825456,139.46607393542348,3.0,11.494618624239589,45.02105755732335,42.77674777725783,8.800336920917173,0.6482171268132897,122.54985025737014,56.30570000000003,Satisfactory,3.7537133333333355,8.204387150177642,56.30570000000002
3.0,17.55897435897436,78.26025641025642,24.327281235376695,52.879270004679455,2.356303228825456,139.46607393542348,3.0,11.494618624239589,45.02105755732335,42.77674777725783,8.800336920917173,0.6482171268132897,122.54985025737014,56.30570000000003,Satisfactory,3.7537133333333355,8.204387150177642,56.30570000000002
3.0,17.55897435897436,78.27051282051282,24.327281235376695,52.879270004679455,2.356303228825456,139.46607393542348,3.0,11.494618624239589,45.02105755732335,42.77674777725783,8.800336920917173,0.6482171268132897,122.54985025737014,56.30570000000003,Satisfactory,3.7537133333333355,8.204387150177642,56.30570000000002
3.0,17.55897435897436,78.28076923076924,24.327281235376695,52.879270004679455,2.356303228825456,139.46607393542348,3.0,11.494618624239589,45.02105755732335,42.77674777725783,8.800336920917173,0.6482171268132897,122.54985025737014,56.30570000000003,Satisfactory,3.7537133333333355,8.204387150177642,56.30570000000002
3.0,17.55897435897436,78.29102564102564,24.327281235376695,52.879270004679455,2.356303228825456,139.46607393542348,3.0,11.494618624239589,45.02105755732335,42.77674777725783,8.800336920917173,0.6482171268132897,122.54985025737014,56.30570000000003,Satisfactory,3.7537133333333355,8.204387150177642,56.30570000000002
3.0,17.55897435897436,78.30128205128206,24.327281235376695,52.879270004679455,2.356303228825456,139.46607393542348,3.0,11.494618624239589,45.02105755732335,42.77674777725783,8.800336920917173,0.6482171268132897,122.54985025737014,56.427800000000026,Satisfactory,3.761853333333335,8.113221503200807,56.427800000000026
3.0,17.55897435897436,78.31153846153846,24.327281235376695,52.879270004679455,2.356303228825456,139.46607393542348,3.0,11.494618624239589,45.02105755732335,42.77674777725783,8.800336920917173,0.6482171268132897,122.54985025737014,56.427800000000026,Satisfactory,3.761853333333335,8.113221503200807,56.427800000000026
3.0,17.55897435897436,78.32179487179488,24.327281235376695,52.879270004679455,2.356303228825456,139.46607393542348,3.0,11.494618624239589,45.02105755732335,42.77674777725783,8.800336920917173,0.6482171268132897,122.54985025737014,56.427800000000026,Satisfactory,3.761853333333335,8.113221503200807,56.427800000000026
3.0,17.55897435897436,78.33205128205128,24.327281235376695,52.879270004679455,2.356303228825456,139.46607393542348,3.0,11.494618624239589,45.02105755732335,42.77674777725783,8.800336920917173,0.6482171268132897,122.54985025737014,56.427800000000026,Satisfactory,3.761853333333335,8.113221503200807,56.427800000000026
3.0,17.55897435897436,78.3423076923077,24.327281235376695,52.879270004679455,2.356303228825456,139.46607393542348,3.0,11.494618624239589,45.02105755732335,42.77674777725783,8.800336920917173,0.6482171268132897,122.54985025737014,56.427800000000026,Satisfactory,3.761853333333335,8.113221503200807,56.427800000000026
3.0,17.55897435897436,78.3525641025641,24.327281235376695,52.879270004679455,2.356303228825456,139.46607393542348,3.0,11.494618624239589,45.02105755732335,42.77674777725783,8.800336920917173,0.6482171268132897,122.54985025737014,56.427800000000026,Satisfactory,3.761853333333335,8.113221503200807,56.427800000000026
3.0,17.55897435897436,78.36282051282052,24.327281235376695,52.879270004679455,2.356303228825456,139.46607393542348,3.0,11.494618624239589,45.02105755732335,42.77674777725783,8.800336920917173,0.6482171268132897,122.54985025737014,56.427800000000026,Satisfactory,3.761853333333335,8.113221503200807,56.427800000000026
3.0,17.55897435897436,78.37307692307692,24.327281235376695,52.879270004679455,2.356303228825456,139.46607393542348,3.0,11.494618624239589,45.02105755732335,42.77674777725783,8.800336920917173,0.6482171268132897,122.54985025737014,56.427800000000026,Satisfactory,3.761853333333335,8.113221503200807,56.427800000000026
3.0,17.55897435897436,78.38333333333334,24.327281235376695,52.879270004679455,2.356303228825456,139.46607393542348,3.0,11.494618624239589,45.02105755732335,42.77674777725783,8.800336920917173,0.6482171268132897,122.54985025737014,56.43140000000003,Satisfactory,3.7620933333333353,8.127657475558378,56.43140000000003
3.0,17.55897435897436,78.39358974358974,24.327281235376695,52.879270004679455,2.356303228825456,139.46607393542348,3.0,11.494618624239589,45.02105755732335,42.77674777725783,8.800336920917173,0.6482171268132897,122.54985025737014,56.43140000000003,Satisfactory,3.7620933333333353,8.127657475558378,56.43140000000003
3.0,17.55897435897436,78.40384615384616,24.327281235376695,52.879270004679455,2.356303228825456,139.46607393542348,3.0,11.494618624239589,45.02105755732335,42.77674777725783,8.800336920917173,0.6482171268132897,122.54985025737014,56.43140000000003,Satisfactory,3.7620933333333353,8.127657475558378,56.43140000000003
3.0,17.55897435897436,78.41410256410256,24.327281235376695,52.879270004679455,2.356303228825456,139.46607393542348,3.0,11.494618624239589,45.02105755732335,42.77674777725783,8.800336920917173,0.6482171268132897,122.54985025737014,56.54590000000002,Satisfactory,3.769726666666668,8.164219876387454,56.54590000000001
3.0,17.55897435897436,78.42435897435898,24.327281235376695,52.879270004679455,2.356303228825456,139.46607393542348,3.0,11.494618624239589,45.02105755732335,42.77674777725783,8.800336920917173,0.6482171268132897,122.54985025737014,56.54590000000002,Satisfactory,3.769726666666668,8.164219876387454,56.54590000000001
3.0,17.55897435897436,78.43461538461538,24.327281235376695,52.879270004679455,2.356303228825456,139.46607393542348,3.0,11.494618624239589,45.02105755732335,42.77674777725783,8.800336920917173,0.6482171268132897,122.54985025737014,56.406100000000016,Satisfactory,3.760406666666668,8.166398091570116,56.406100000000016
3.0,17.55897435897436,78.4448717948718,24.327281235376695,52.879270004679455,2.356303228825456,139.46607393542348,3.0,11.494618624239589,45.02105755732335,42.77674777725783,8.800336920917173,0.6482171268132897,122.54985025737014,56.406100000000016,Satisfactory,3.760406666666668,8.166398091570116,56.406100000000016
3.0,17.55897435897436,78.4551282051282,24.327281235376695,52.879270004679455,2.356303228825456,139.46607393542348,3.0,11.494618624239589,45.02105755732335,42.77674777725783,8.800336920917173,0.6482171268132897,122.54985025737014,56.40580000000002,Satisfactory,3.760386666666668,8.17014286044008,56.40580000000002
3.0,17.55897435897436,78.46538461538462,24.327281235376695,52.879270004679455,2.356303228825456,139.46607393542348,3.0,11.494618624239589,45.02105755732335,42.77674777725783,8.800336920917173,0.6482171268132897,122.54985025737014,56.40580000000002,Satisfactory,3.760386666666668,8.17014286044008,56.40580000000002
3.0,17.55897435897436,78.47564102564102,24.327281235376695,52.879270004679455,2.356303228825456,139.46607393542348,3.0,11.494618624239589,45.02105755732335,42.77674777725783,8.800336920917173,0.6482171268132897,122.54985025737014,56.40580000000002,Satisfactory,3.760386666666668,8.17014286044008,56.40580000000002
3.0,17.55897435897436,78.48589743589744,24.327281235376695,52.879270004679455,2.356303228825456,139.46607393542348,3.0,11.494618624239589,45.02105755732335,42.77674777725783,8.800336920917173,0.6482171268132897,122.54985025737014,56.40580000000002,Satisfactory,3.760386666666668,8.17014286044008,56.40580000000002
3.0,17.55897435897436,78.49615384615385,24.327281235376695,52.879270004679455,2.356303228825456,139.46607393542348,3.0,11.494618624239589,45.02105755732335,42.77674777725783,8.800336920917173,0.6482171268132897,122.54985025737014,56.40580000000002,Satisfactory,3.760386666666668,8.17014286044008,56.40580000000002
3.0,17.55897435897436,78.50641025641026,24.327281235376695,52.879270004679455,2.356303228825456,139.46607393542348,3.0,11.494618624239589,45.02105755732335,42.77674777725783,8.800336920917173,0.6482171268132897,122.54985025737014,56.40580000000002,Satisfactory,3.760386666666668,8.17014286044008,56.40580000000002
3.0,17.55897435897436,78.51666666666667,24.327281235376695,52.879270004679455,2.356303228825456,139.46607393542348,3.0,11.494618624239589,45.02105755732335,42.77674777725783,8.800336920917173,0.6482171268132897,122.54985025737014,56.40580000000002,Satisfactory,3.760386666666668,8.17014286044008,56.40580000000002
3.0,17.55897435897436,78.52692307692308,24.327281235376695,52.879270004679455,2.356303228825456,139.46607393542348,3.0,11.494618624239589,45.02105755732335,42.77674777725783,8.800336920917173,0.6482171268132897,122.54985025737014,56.40580000000002,Satisfactory,3.760386666666668,8.17014286044008,56.40580000000002
3.0,17.55897435897436,78.53717948717949,24.327281235376695,52.879270004679455,2.356303228825456,139.46607393542348,3.0,11.494618624239589,45.02105755732335,42.77674777725783,8.800336920917173,0.6482171268132897,122.54985025737014,56.40580000000002,Satisfactory,3.760386666666668,8.17014286044008,56.40580000000002
3.0,17.55897435897436,78.5474358974359,24.327281235376695,52.879270004679455,2.356303228825456,139.46607393542348,3.0,11.494618624239589,45.02105755732335,42.77674777725783,8.800336920917173,0.6482171268132897,122.54985025737014,56.12600000000001,Satisfactory,3.7417333333333342,8.364223813361285,56.12600000000001
3.0,17.55897435897436,78.5576923076923,24.327281235376695,52.879270004679455,2.356303228825456,139.46607393542348,3.0,11.494618624239589,45.02105755732335,42.77674777725783,8.800336920917173,0.6482171268132897,122.54985025737014,56.12600000000001,Satisfactory,3.7417333333333342,8.364223813361285,56.12600000000001
3.0,17.55897435897436,78.56794871794872,24.327281235376695,52.879270004679455,2.356303228825456,139.46607393542348,3.0,11.494618624239589,45.02105755732335,42.77674777725783,8.800336920917173,0.6482171268132897,122.54985025737014,56.12600000000001,Satisfactory,3.7417333333333342,8.364223813361285,56.12600000000001
3.0,17.55897435897436,78.57820512820513,24.327281235376695,52.879270004679455,2.356303228825456,139.46607393542348,3.0,11.494618624239589,45.02105755732335,42.77674777725783,8.800336920917173,0.6482171268132897,122.54985025737014,56.12600000000001,Satisfactory,3.7417333333333342,8.364223813361285,56.12600000000001
3.0,17.55897435897436,78.58846153846154,24.327281235376695,52.879270004679455,2.356303228825456,139.46607393542348,3.0,11.494618624239589,45.02105755732335,42.77674777725783,8.800336920917173,0.6482171268132897,122.54985025737014,56.12600000000001,Satisfactory,3.7417333333333342,8.364223813361285,56.12600000000001
3.0,17.55897435897436,78.59871794871795,24.327281235376695,52.879270004679455,2.356303228825456,139.46607393542348,3.0,11.494618624239589,45.02105755732335,42.77674777725783,8.800336920917173,0.6482171268132897,122.54985025737014,56.12600000000001,Satisfactory,3.7417333333333342,8.364223813361285,56.12600000000001
3.0,17.55897435897436,78.60897435897436,24.327281235376695,52.879270004679455,2.356303228825456,139.46607393542348,3.0,11.494618624239589,45.02105755732335,42.77674777725783,8.800336920917173,0.6482171268132897,122.54985025737014,56.12600000000001,Satisfactory,3.7417333333333342,8.364223813361285,56.12600000000001
3.0,17.55897435897436,78.61923076923077,24.327281235376695,52.879270004679455,2.356303228825456,139.46607393542348,3.0,11.494618624239589,45.02105755732335,42.77674777725783,8.800336920917173,0.6482171268132897,122.54985025737014,56.12600000000001,Satisfactory,3.7417333333333342,8.364223813361285,56.12600000000001
3.0,17.55897435897436,78.62948717948719,24.327281235376695,52.879270004679455,2.356303228825456,139.46607393542348,3.0,11.494618624239589,45.02105755732335,42.77674777725783,8.800336920917173,0.6482171268132897,122.54985025737014,56.12600000000001,Satisfactory,3.7417333333333342,8.364223813361285,56.12600000000001
3.0,17.55897435897436,78.63974358974359,24.327281235376695,52.879270004679455,2.356303228825456,139.46607393542348,3.0,11.494618624239589,45.02105755732335,42.77674777725783,8.800336920917173,0.6482171268132897,122.54985025737014,56.12600000000001,Satisfactory,3.7417333333333342,8.364223813361285,56.12600000000001
3.0,17.55897435897436,78.65,24.327281235376695,52.879270004679455,2.356303228825456,139.46607393542348,3.0,11.494618624239589,45.02105755732335,42.77674777725783,8.800336920917173,0.6482171268132897,122.54985025737014,56.12600000000001,Satisfactory,3.7417333333333342,8.364223813361285,56.12600000000001
3.0,17.56923076923077,78.25,24.327281235376695,52.879270004679455,2.356303228825456,139.46607393542348,3.0,11.494618624239589,45.02105755732335,42.77674777725783,8.800336920917173,0.6482171268132897,122.54985025737014,56.30570000000003,Satisfactory,3.7537133333333355,8.204387150177642,56.30570000000002
3.0,17.56923076923077,78.26025641025642,24.327281235376695,52.879270004679455,2.356303228825456,139.46607393542348,3.0,11.494618624239589,45.02105755732335,42.77674777725783,8.800336920917173,0.6482171268132897,122.54985025737014,56.30570000000003,Satisfactory,3.7537133333333355,8.204387150177642,56.30570000000002
3.0,17.56923076923077,78.27051282051282,24.327281235376695,52.879270004679455,2.356303228825456,139.46607393542348,3.0,11.494618624239589,45.02105755732335,42.77674777725783,8.800336920917173,0.6482171268132897,122.54985025737014,56.30570000000003,Satisfactory,3.7537133333333355,8.204387150177642,56.30570000000002
3.0,17.56923076923077,78.28076923076924,24.327281235376695,52.879270004679455,2.356303228825456,139.46607393542348,3.0,11.494618624239589,45.02105755732335,42.77674777725783,8.800336920917173,0.6482171268132897,122.54985025737014,56.30570000000003,Satisfactory,3.7537133333333355,8.204387150177642,56.30570000000002
3.0,17.56923076923077,78.29102564102564,24.327281235376695,52.879270004679455,2.356303228825456,139.46607393542348,3.0,11.494618624239589,45.02105755732335,42.77674777725783,8.800336920917173,0.6482171268132897,122.54985025737014,56.30570000000003,Satisfactory,3.7537133333333355,8.204387150177642,56.30570000000002
3.0,17.56923076923077,78.30128205128206,24.327281235376695,52.879270004679455,2.356303228825456,139.46607393542348,3.0,11.494618624239589,45.02105755732335,42.77674777725783,8.800336920917173,0.6482171268132897,122.54985025737014,56.427800000000026,Satisfactory,3.761853333333335,8.113221503200807,56.427800000000026
3.0,17.56923076923077,78.31153846153846,24.327281235376695,52.879270004679455,2.356303228825456,139.46607393542348,3.0,11.494618624239589,45.02105755732335,42.77674777725783,8.800336920917173,0.6482171268132897,122.54985025737014,56.427800000000026,Satisfactory,3.761853333333335,8.113221503200807,56.427800000000026
3.0,17.56923076923077,78.32179487179488,24.327281235376695,52.879270004679455,2.356303228825456,139.46607393542348,3.0,11.494618624239589,45.02105755732335,42.77674777725783,8.800336920917173,0.6482171268132897,122.54985025737014,56.427800000000026,Satisfactory,3.761853333333335,8.113221503200807,56.427800000000026
3.0,17.56923076923077,78.33205128205128,24.327281235376695,52.879270004679455,2.356303228825456,139.46607393542348,3.0,11.494618624239589,45.02105755732335,42.77674777725783,8.800336920917173,0.6482171268132897,122.54985025737014,56.427800000000026,Satisfactory,3.761853333333335,8.113221503200807,56.427800000000026
3.0,17.56923076923077,78.3423076923077,24.327281235376695,52.879270004679455,2.356303228825456,139.46607393542348,3.0,11.494618624239589,45.02105755732335,42.77674777725783,8.800336920917173,0.6482171268132897,122.54985025737014,56.427800000000026,Satisfactory,3.761853333333335,8.113221503200807,56.427800000000026
3.0,17.56923076923077,78.3525641025641,24.327281235376695,52.879270004679455,2.356303228825456,139.46607393542348,3.0,11.494618624239589,45.02105755732335,42.77674777725783,8.800336920917173,0.6482171268132897,122.54985025737014,56.427800000000026,Satisfactory,3.761853333333335,8.113221503200807,56.427800000000026
3.0,17.56923076923077,78.36282051282052,24.327281235376695,52.879270004679455,2.356303228825456,139.46607393542348,3.0,11.494618624239589,45.02105755732335,42.77674777725783,8.800336920917173,0.6482171268132897,122.54985025737014,56.427800000000026,Satisfactory,3.761853333333335,8.113221503200807,56.427800000000026
3.0,17.56923076923077,78.37307692307692,24.327281235376695,52.879270004679455,2.356303228825456,139.46607393542348,3.0,11.494618624239589,45.02105755732335,42.77674777725783,8.800336920917173,0.6482171268132897,122.54985025737014,56.427800000000026,Satisfactory,3.761853333333335,8.113221503200807,56.427800000000026
3.0,17.56923076923077,78.38333333333334,24.327281235376695,52.879270004679455,2.356303228825456,139.46607393542348,3.0,11.494618624239589,45.02105755732335,42.77674777725783,8.800336920917173,0.6482171268132897,122.54985025737014,56.43140000000003,Satisfactory,3.7620933333333353,8.127657475558378,56.43140000000003
3.0,17.56923076923077,78.39358974358974,24.327281235376695,52.879270004679455,2.356303228825456,139.46607393542348,3.0,11.494618624239589,45.02105755732335,42.77674777725783,8.800336920917173,0.6482171268132897,122.54985025737014,56.43140000000003,Satisfactory,3.7620933333333353,8.127657475558378,56.43140000000003
3.0,17.56923076923077,78.40384615384616,24.327281235376695,52.879270004679455,2.356303228825456,139.46607393542348,3.0,11.494618624239589,45.02105755732335,42.77674777725783,8.800336920917173,0.6482171268132897,122.54985025737014,56.43140000000003,Satisfactory,3.7620933333333353,8.127657475558378,56.43140000000003
3.0,17.56923076923077,78.41410256410256,24.327281235376695,52.879270004679455,2.356303228825456,139.46607393542348,3.0,11.494618624239589,45.02105755732335,42.77674777725783,8.800336920917173,0.6482171268132897,122.54985025737014,56.54590000000002,Satisfactory,3.769726666666668,8.164219876387454,56.54590000000001
3.0,17.56923076923077,78.42435897435898,24.327281235376695,52.879270004679455,2.356303228825456,139.46607393542348,3.0,11.494618624239589,45.02105755732335,42.77674777725783,8.800336920917173,0.6482171268132897,122.54985025737014,56.54590000000002,Satisfactory,3.769726666666668,8.164219876387454,56.54590000000001
3.0,17.56923076923077,78.43461538461538,24.327281235376695,52.879270004679455,2.356303228825456,139.46607393542348,3.0,11.494618624239589,45.02105755732335,42.77674777725783,8.800336920917173,0.6482171268132897,122.54985025737014,56.406100000000016,Satisfactory,3.760406666666668,8.166398091570116,56.406100000000016
3.0,17.56923076923077,78.4448717948718,24.327281235376695,52.879270004679455,2.356303228825456,139.46607393542348,3.0,11.494618624239589,45.02105755732335,42.77674777725783,8.800336920917173,0.6482171268132897,122.54985025737014,56.406100000000016,Satisfactory,3.760406666666668,8.166398091570116,56.406100000000016
3.0,17.56923076923077,78.4551282051282,24.327281235376695,52.879270004679455,2.356303228825456,139.46607393542348,3.0,11.494618624239589,45.02105755732335,42.77674777725783,8.800336920917173,0.6482171268132897,122.54985025737014,56.40580000000002,Satisfactory,3.760386666666668,8.17014286044008,56.40580000000002
3.0,17.56923076923077,78.46538461538462,24.327281235376695,52.879270004679455,2.356303228825456,139.46607393542348,3.0,11.494618624239589,45.02105755732335,42.77674777725783,8.800336920917173,0.6482171268132897,122.54985025737014,56.40580000000002,Satisfactory,3.760386666666668,8.17014286044008,56.40580000000002
3.0,17.56923076923077,78.47564102564102,24.327281235376695,52.879270004679455,2.356303228825456,139.46607393542348,3.0,11.494618624239589,45.02105755732335,42.77674777725783,8.800336920917173,0.6482171268132897,122.54985025737014,56.40580000000002,Satisfactory,3.760386666666668,8.17014286044008,56.40580000000002
3.0,17.56923076923077,78.48589743589744,24.327281235376695,52.879270004679455,2.356303228825456,139.46607393542348,3.0,11.494618624239589,45.02105755732335,42.77674777725783,8.800336920917173,0.6482171268132897,122.54985025737014,56.40580000000002,Satisfactory,3.760386666666668,8.17014286044008,56.40580000000002
3.0,17.56923076923077,78.49615384615385,24.327281235376695,52.879270004679455,2.356303228825456,139.46607393542348,3.0,11.494618624239589,45.02105755732335,42.77674777725783,8.800336920917173,0.6482171268132897,122.54985025737014,56.40580000000002,Satisfactory,3.760386666666668,8.17014286044008,56.40580000000002
3.0,17.56923076923077,78.50641025641026,24.327281235376695,52.879270004679455,2.356303228825456,139.46607393542348,3.0,11.494618624239589,45.02105755732335,42.77674777725783,8.800336920917173,0.6482171268132897,122.54985025737014,56.40580000000002,Satisfactory,3.760386666666668,8.17014286044008,56.40580000000002
3.0,17.56923076923077,78.51666666666667,24.327281235376695,52.879270004679455,2.356303228825456,139.46607393542348,3.0,11.494618624239589,45.02105755732335,42.77674777725783,8.800336920917173,0.6482171268132897,122.54985025737014,56.40580000000002,Satisfactory,3.760386666666668,8.17014286044008,56.40580000000002
3.0,17.56923076923077,78.52692307692308,24.327281235376695,52.879270004679455,2.356303228825456,139.46607393542348,3.0,11.494618624239589,45.02105755732335,42.77674777725783,8.800336920917173,0.6482171268132897,122.54985025737014,56.40580000000002,Satisfactory,3.760386666666668,8.17014286044008,56.40580000000002
3.0,17.56923076923077,78.53717948717949,24.327281235376695,52.879270004679455,2.356303228825456,139.46607393542348,3.0,11.494618624239589,45.02105755732335,42.77674777725783,8.800336920917173,0.6482171268132897,122.54985025737014,56.40580000000002,Satisfactory,3.760386666666668,8.17014286044008,56.40580000000002
3.0,17.56923076923077,78.5474358974359,24.327281235376695,52.879270004679455,2.356303228825456,139.46607393542348,3.0,11.494618624239589,45.02105755732335,42.77674777725783,8.800336920917173,0.6482171268132897,122.54985025737014,56.12600000000001,Satisfactory,3.7417333333333342,8.364223813361285,56.12600000000001
3.0,17.56923076923077,78.5576923076923,24.327281235376695,52.879270004679455,2.356303228825456,139.46607393542348,3.0,11.494618624239589,45.02105755732335,42.77674777725783,8.800336920917173,0.6482171268132897,122.54985025737014,56.12600000000001,Satisfactory,3.7417333333333342,8.364223813361285,56.12600000000001
3.0,17.56923076923077,78.56794871794872,24.327281235376695,52.879270004679455,2.356303228825456,139.46607393542348,3.0,11.494618624239589,45.02105755732335,42.77674777725783,8.800336920917173,0.6482171268132897,122.54985025737014,56.12600000000001,Satisfactory,3.7417333333333342,8.364223813361285,56.12600000000001
3.0,17.56923076923077,78.57820512820513,24.327281235376695,52.879270004679455,2.356303228825456,139.46607393542348,3.0,11.494618624239589,45.02105755732335,42.77674777725783,8.800336920917173,0.6482171268132897,122.54985025737014,56.12600000000001,Satisfactory,3.7417333333333342,8.364223813361285,56.12600000000001
3.0,17.56923076923077,78.58846153846154,24.327281235376695,52.879270004679455,2.356303228825456,139.46607393542348,3.0,11.494618624239589,45.02105755732335,42.77674777725783,8.800336920917173,0.6482171268132897,122.54985025737014,56.12600000000001,Satisfactory,3.7417333333333342,8.364223813361285,56.12600000000001
3.0,17.56923076923077,78.59871794871795,24.327281235376695,52.879270004679455,2.356303228825456,139.46607393542348,3.0,11.494618624239589,45.02105755732335,42.77674777725783,8.800336920917173,0.6482171268132897,122.54985025737014,56.12600000000001,Satisfactory,3.7417333333333342,8.364223813361285,56.12600000000001
3.0,17.56923076923077,78.60897435897436,24.327281235376695,52.879270004679455,2.356303228825456,139.46607393542348,3.0,11.494618624239589,45.02105755732335,42.77674777725783,8.800336920917173,0.6482171268132897,122.54985025737014,56.12600000000001,Satisfactory,3.7417333333333342,8.364223813361285,56.12600000000001
3.0,17.56923076923077,78.61923076923077,24.327281235376695,52.879270004679455,2.356303228825456,139.46607393542348,3.0,11.494618624239589,45.02105755732335,42.77674777725783,8.800336920917173,0.6482171268132897,122.54985025737014,56.12600000000001,Satisfactory,3.7417333333333342,8.364223813361285,56.12600000000001
3.0,17.56923076923077,78.62948717948719,24.327281235376695,52.879270004679455,2.356303228825456,139.46607393542348,3.0,11.494618624239589,45.02105755732335,42.77674777725783,8.800336920917173,0.6482171268132897,122.54985025737014,56.12600000000001,Satisfactory,3.7417333333333342,8.364223813361285,56.12600000000001
3.0,17.56923076923077,78.63974358974359,24.327281235376695,52.879270004679455,2.356303228825456,139.46607393542348,3.0,11.494618624239589,45.02105755732335,42.77674777725783,8.800336920917173,0.6482171268132897,122.54985025737014,56.12600000000001,Satisfactory,3.7417333333333342,8.364223813361285,56.12600000000001
3.0,17.56923076923077,78.65,24.327281235376695,52.879270004679455,2.356303228825456,139.46607393542348,3.0,11.494618624239589,45.02105755732335,42.77674777725783,8.800336920917173,0.6482171268132897,122.54985025737014,56.12600000000001,Satisfactory,3.7417333333333342,8.364223813361285,56.12600000000001
3.0,17.57948717948718,78.25,24.327281235376695,52.879270004679455,2.356303228825456,139.46607393542348,3.0,11.494618624239589,45.02105755732335,42.77674777725783,8.800336920917173,0.6482171268132897,122.54985025737014,56.30570000000003,Satisfactory,3.7537133333333355,8.204387150177642,56.30570000000002
3.0,17.57948717948718,78.26025641025642,24.327281235376695,52.879270004679455,2.356303228825456,139.46607393542348,3.0,11.494618624239589,45.02105755732335,42.77674777725783,8.800336920917173,0.6482171268132897,122.54985025737014,56.30570000000003,Satisfactory,3.7537133333333355,8.204387150177642,56.30570000000002
3.0,17.57948717948718,78.27051282051282,24.327281235376695,52.879270004679455,2.356303228825456,139.46607393542348,3.0,11.494618624239589,45.02105755732335,42.77674777725783,8.800336920917173,0.6482171268132897,122.54985025737014,56.30570000000003,Satisfactory,3.7537133333333355,8.204387150177642,56.30570000000002
3.0,17.57948717948718,78.28076923076924,24.327281235376695,52.879270004679455,2.356303228825456,139.46607393542348,3.0,11.494618624239589,45.02105755732335,42.77674777725783,8.800336920917173,0.6482171268132897,122.54985025737014,56.30570000000003,Satisfactory,3.7537133333333355,8.204387150177642,56.30570000000002
3.0,17.57948717948718,78.29102564102564,24.327281235376695,52.879270004679455,2.356303228825456,139.46607393542348,3.0,11.494618624239589,45.02105755732335,42.77674777725783,8.800336920917173,0.6482171268132897,122.54985025737014,56.30570000000003,Satisfactory,3.7537133333333355,8.204387150177642,56.30570000000002
3.0,17.57948717948718,78.30128205128206,24.327281235376695,52.879270004679455,2.356303228825456,139.46607393542348,3.0,11.494618624239589,45.02105755732335,42.77674777725783,8.800336920917173,0.6482171268132897,122.54985025737014,56.427800000000026,Satisfactory,3.761853333333335,8.113221503200807,56.427800000000026
3.0,17.57948717948718,78.31153846153846,24.327281235376695,52.879270004679455,2.356303228825456,139.46607393542348,3.0,11.494618624239589,45.02105755732335,42.77674777725783,8.800336920917173,0.6482171268132897,122.54985025737014,56.427800000000026,Satisfactory,3.761853333333335,8.113221503200807,56.427800000000026
3.0,17.57948717948718,78.32179487179488,24.327281235376695,52.879270004679455,2.356303228825456,139.46607393542348,3.0,11.494618624239589,45.02105755732335,42.77674777725783,8.800336920917173,0.6482171268132897,122.54985025737014,56.427800000000026,Satisfactory,3.761853333333335,8.113221503200807,56.427800000000026
3.0,17.57948717948718,78.33205128205128,24.327281235376695,52.879270004679455,2.356303228825456,139.46607393542348,3.0,11.494618624239589,45.02105755732335,42.77674777725783,8.800336920917173,0.6482171268132897,122.54985025737014,56.427800000000026,Satisfactory,3.761853333333335,8.113221503200807,56.427800000000026
3.0,17.57948717948718,78.3423076923077,24.327281235376695,52.879270004679455,2.356303228825456,139.46607393542348,3.0,11.494618624239589,45.02105755732335,42.77674777725783,8.800336920917173,0.6482171268132897,122.54985025737014,56.427800000000026,Satisfactory,3.761853333333335,8.113221503200807,56.427800000000026
3.0,17.57948717948718,78.3525641025641,24.327281235376695,52.879270004679455,2.356303228825456,139.46607393542348,3.0,11.494618624239589,45.02105755732335,42.77674777725783,8.800336920917173,0.6482171268132897,122.54985025737014,56.427800000000026,Satisfactory,3.761853333333335,8.113221503200807,56.427800000000026
3.0,17.57948717948718,78.36282051282052,24.327281235376695,52.879270004679455,2.356303228825456,139.46607393542348,3.0,11.494618624239589,45.02105755732335,42.77674777725783,8.800336920917173,0.6482171268132897,122.54985025737014,56.427800000000026,Satisfactory,3.761853333333335,8.113221503200807,56.427800000000026
3.0,17.57948717948718,78.37307692307692,24.327281235376695,52.879270004679455,2.356303228825456,139.46607393542348,3.0,11.494618624239589,45.02105755732335,42.77674777725783,8.800336920917173,0.6482171268132897,122.54985025737014,56.427800000000026,Satisfactory,3.761853333333335,8.113221503200807,56.427800000000026
3.0,17.57948717948718,78.38333333333334,24.327281235376695,52.879270004679455,2.356303228825456,139.46607393542348,3.0,11.494618624239589,45.02105755732335,42.77674777725783,8.800336920917173,0.6482171268132897,122.54985025737014,56.43140000000003,Satisfactory,3.7620933333333353,8.127657475558378,56.43140000000003
3.0,17.57948717948718,78.39358974358974,24.327281235376695,52.879270004679455,2.356303228825456,139.46607393542348,3.0,11.494618624239589,45.02105755732335,42.77674777725783,8.800336920917173,0.6482171268132897,122.54985025737014,56.43140000000003,Satisfactory,3.7620933333333353,8.127657475558378,56.43140000000003
3.0,17.57948717948718,78.40384615384616,24.327281235376695,52.879270004679455,2.356303228825456,139.46607393542348,3.0,11.494618624239589,45.02105755732335,42.77674777725783,8.800336920917173,0.6482171268132897,122.54985025737014,56.43140000000003,Satisfactory,3.7620933333333353,8.127657475558378,56.43140000000003
3.0,17.57948717948718,78.41410256410256,24.327281235376695,52.879270004679455,2.356303228825456,139.46607393542348,3.0,11.494618624239589,45.02105755732335,42.77674777725783,8.800336920917173,0.6482171268132897,122.54985025737014,56.54590000000002,Satisfactory,3.769726666666668,8.164219876387454,56.54590000000001
3.0,17.57948717948718,78.42435897435898,24.327281235376695,52.879270004679455,2.356303228825456,139.46607393542348,3.0,11.494618624239589,45.02105755732335,42.77674777725783,8.800336920917173,0.6482171268132897,122.54985025737014,56.54590000000002,Satisfactory,3.769726666666668,8.164219876387454,56.54590000000001
3.0,17.57948717948718,78.43461538461538,24.327281235376695,52.879270004679455,2.356303228825456,139.46607393542348,3.0,11.494618624239589,45.02105755732335,42.77674777725783,8.800336920917173,0.6482171268132897,122.54985025737014,56.406100000000016,Satisfactory,3.760406666666668,8.166398091570116,56.406100000000016
3.0,17.57948717948718,78.4448717948718,24.327281235376695,52.879270004679455,2.356303228825456,139.46607393542348,3.0,11.494618624239589,45.02105755732335,42.77674777725783,8.800336920917173,0.6482171268132897,122.54985025737014,56.406100000000016,Satisfactory,3.760406666666668,8.166398091570116,56.406100000000016
3.0,17.57948717948718,78.4551282051282,24.327281235376695,52.879270004679455,2.356303228825456,139.46607393542348,3.0,11.494618624239589,45.02105755732335,42.77674777725783,8.800336920917173,0.6482171268132897,122.54985025737014,56.40580000000002,Satisfactory,3.760386666666668,8.17014286044008,56.40580000000002
3.0,17.57948717948718,78.46538461538462,24.327281235376695,52.879270004679455,2.356303228825456,139.46607393542348,3.0,11.494618624239589,45.02105755732335,42.77674777725783,8.800336920917173,0.6482171268132897,122.54985025737014,56.40580000000002,Satisfactory,3.760386666666668,8.17014286044008,56.40580000000002
3.0,17.57948717948718,78.47564102564102,24.327281235376695,52.879270004679455,2.356303228825456,139.46607393542348,3.0,11.494618624239589,45.02105755732335,42.77674777725783,8.800336920917173,0.6482171268132897,122.54985025737014,56.40580000000002,Satisfactory,3.760386666666668,8.17014286044008,56.40580000000002
3.0,17.57948717948718,78.48589743589744,24.327281235376695,52.879270004679455,2.356303228825456,139.46607393542348,3.0,11.494618624239589,45.02105755732335,42.77674777725783,8.800336920917173,0.6482171268132897,122.54985025737014,56.40580000000002,Satisfactory,3.760386666666668,8.17014286044008,56.40580000000002
3.0,17.57948717948718,78.49615384615385,24.327281235376695,52.879270004679455,2.356303228825456,139.46607393542348,3.0,11.494618624239589,45.02105755732335,42.77674777725783,8.800336920917173,0.6482171268132897,122.54985025737014,56.40580000000002,Satisfactory,3.760386666666668,8.17014286044008,56.40580000000002
3.0,17.57948717948718,78.50641025641026,24.327281235376695,52.879270004679455,2.356303228825456,139.46607393542348,3.0,11.494618624239589,45.02105755732335,42.77674777725783,8.800336920917173,0.6482171268132897,122.54985025737014,56.40580000000002,Satisfactory,3.760386666666668,8.17014286044008,56.40580000000002
3.0,17.57948717948718,78.51666666666667,24.327281235376695,52.879270004679455,2.356303228825456,139.46607393542348,3.0,11.494618624239589,45.02105755732335,42.77674777725783,8.800336920917173,0.6482171268132897,122.54985025737014,56.40580000000002,Satisfactory,3.760386666666668,8.17014286044008,56.40580000000002
3.0,17.57948717948718,78.52692307692308,24.327281235376695,52.879270004679455,2.356303228825456,139.46607393542348,3.0,11.494618624239589,45.02105755732335,42.77674777725783,8.800336920917173,0.6482171268132897,122.54985025737014,56.40580000000002,Satisfactory,3.760386666666668,8.17014286044008,56.40580000000002
3.0,17.57948717948718,78.53717948717949,24.327281235376695,52.879270004679455,2.356303228825456,139.46607393542348,3.0,11.494618624239589,45.02105755732335,42.77674777725783,8.800336920917173,0.6482171268132897,122.54985025737014,56.40580000000002,Satisfactory,3.760386666666668,8.17014286044008,56.40580000000002
3.0,17.57948717948718,78.5474358974359,24.327281235376695,52.879270004679455,2.356303228825456,139.46607393542348,3.0,11.494618624239589,45.02105755732335,42.77674777725783,8.800336920917173,0.6482171268132897,122.54985025737014,56.12600000000001,Satisfactory,3.7417333333333342,8.364223813361285,56.12600000000001
3.0,17.57948717948718,78.5576923076923,24.327281235376695,52.879270004679455,2.356303228825456,139.46607393542348,3.0,11.494618624239589,45.02105755732335,42.77674777725783,8.800336920917173,0.6482171268132897,122.54985025737014,56.12600000000001,Satisfactory,3.7417333333333342,8.364223813361285,56.12600000000001
3.0,17.57948717948718,78.56794871794872,24.327281235376695,52.879270004679455,2.356303228825456,139.46607393542348,3.0,11.494618624239589,45.02105755732335,42.77674777725783,8.800336920917173,0.6482171268132897,122.54985025737014,56.12600000000001,Satisfactory,3.7417333333333342,8.364223813361285,56.12600000000001
3.0,17.57948717948718,78.57820512820513,24.327281235376695,52.879270004679455,2.356303228825456,139.46607393542348,3.0,11.494618624239589,45.02105755732335,42.77674777725783,8.800336920917173,0.6482171268132897,122.54985025737014,56.12600000000001,Satisfactory,3.7417333333333342,8.364223813361285,56.12600000000001
3.0,17.57948717948718,78.58846153846154,24.327281235376695,52.879270004679455,2.356303228825456,139.46607393542348,3.0,11.494618624239589,45.02105755732335,42.77674777725783,8.800336920917173,0.6482171268132897,122.54985025737014,56.12600000000001,Satisfactory,3.7417333333333342,8.364223813361285,56.12600000000001
3.0,17.57948717948718,78.59871794871795,24.327281235376695,52.879270004679455,2.356303228825456,139.46607393542348,3.0,11.494618624239589,45.02105755732335,42.77674777725783,8.800336920917173,0.6482171268132897,122.54985025737014,56.12600000000001,Satisfactory,3.7417333333333342,8.364223813361285,56.12600000000001
3.0,17.57948717948718,78.60897435897436,24.327281235376695,52.879270004679455,2.356303228825456,139.46607393542348,3.0,11.494618624239589,45.02105755732335,42.77674777725783,8.800336920917173,0.6482171268132897,122.54985025737014,56.12600000000001,Satisfactory,3.7417333333333342,8.364223813361285,56.12600000000001
3.0,17.57948717948718,78.61923076923077,24.327281235376695,52.879270004679455,2.356303228825456,139.46607393542348,3.0,11.494618624239589,45.02105755732335,42.77674777725783,8.800336920917173,0.6482171268132897,122.54985025737014,56.12600000000001,Satisfactory,3.7417333333333342,8.364223813361285,56.12600000000001
3.0,17.57948717948718,78.62948717948719,24.327281235376695,52.879270004679455,2.356303228825456,139.46607393542348,3.0,11.494618624239589,45.02105755732335,42.77674777725783,8.800336920917173,0.6482171268132897,122.54985025737014,56.12600000000001,Satisfactory,3.7417333333333342,8.364223813361285,56.12600000000001
3.0,17.57948717948718,78.63974358974359,24.327281235376695,52.879270004679455,2.356303228825456,139.46607393542348,3.0,11.494618624239589,45.02105755732335,42.77674777725783,8.800336920917173,0.6482171268132897,122.54985025737014,56.12600000000001,Satisfactory,3.7417333333333342,8.364223813361285,56.12600000000001
3.0,17.57948717948718,78.65,24.327281235376695,52.879270004679455,2.356303228825456,139.46607393542348,3.0,11.494618624239589,45.02105755732335,42.77674777725783,8.800336920917173,0.6482171268132897,122.54985025737014,56.12600000000001,Satisfactory,3.7417333333333342,8.364223813361285,56.12600000000001
3.0,17.58974358974359,78.25,24.327281235376695,52.879270004679455,2.356303228825456,139.46607393542348,3.0,11.494618624239589,45.02105755732335,42.77674777725783,8.800336920917173,0.6482171268132897,122.54985025737014,56.30570000000003,Satisfactory,3.7537133333333355,8.204387150177642,56.30570000000002
3.0,17.58974358974359,78.26025641025642,24.327281235376695,52.879270004679455,2.356303228825456,139.46607393542348,3.0,11.494618624239589,45.02105755732335,42.77674777725783,8.800336920917173,0.6482171268132897,122.54985025737014,56.30570000000003,Satisfactory,3.7537133333333355,8.204387150177642,56.30570000000002
3.0,17.58974358974359,78.27051282051282,24.327281235376695,52.879270004679455,2.356303228825456,139.46607393542348,3.0,11.494618624239589,45.02105755732335,42.77674777725783,8.800336920917173,0.6482171268132897,122.54985025737014,56.30570000000003,Satisfactory,3.7537133333333355,8.204387150177642,56.30570000000002
3.0,17.58974358974359,78.28076923076924,24.327281235376695,52.879270004679455,2.356303228825456,139.46607393542348,3.0,11.494618624239589,45.02105755732335,42.77674777725783,8.800336920917173,0.6482171268132897,122.54985025737014,56.30570000000003,Satisfactory,3.7537133333333355,8.204387150177642,56.30570000000002
3.0,17.58974358974359,78.29102564102564,24.327281235376695,52.879270004679455,2.356303228825456,139.46607393542348,3.0,11.494618624239589,45.02105755732335,42.77674777725783,8.800336920917173,0.6482171268132897,122.54985025737014,56.30570000000003,Satisfactory,3.7537133333333355,8.204387150177642,56.30570000000002
3.0,17.58974358974359,78.30128205128206,24.327281235376695,52.879270004679455,2.356303228825456,139.46607393542348,3.0,11.494618624239589,45.02105755732335,42.77674777725783,8.800336920917173,0.6482171268132897,122.54985025737014,56.427800000000026,Satisfactory,3.761853333333335,8.113221503200807,56.427800000000026
3.0,17.58974358974359,78.31153846153846,24.327281235376695,52.879270004679455,2.356303228825456,139.46607393542348,3.0,11.494618624239589,45.02105755732335,42.77674777725783,8.800336920917173,0.6482171268132897,122.54985025737014,56.427800000000026,Satisfactory,3.761853333333335,8.113221503200807,56.427800000000026
3.0,17.58974358974359,78.32179487179488,24.327281235376695,52.879270004679455,2.356303228825456,139.46607393542348,3.0,11.494618624239589,45.02105755732335,42.77674777725783,8.800336920917173,0.6482171268132897,122.54985025737014,56.427800000000026,Satisfactory,3.761853333333335,8.113221503200807,56.427800000000026
3.0,17.58974358974359,78.33205128205128,24.327281235376695,52.879270004679455,2.356303228825456,139.46607393542348,3.0,11.494618624239589,45.02105755732335,42.77674777725783,8.800336920917173,0.6482171268132897,122.54985025737014,56.427800000000026,Satisfactory,3.761853333333335,8.113221503200807,56.427800000000026
3.0,17.58974358974359,78.3423076923077,24.327281235376695,52.879270004679455,2.356303228825456,139.46607393542348,3.0,11.494618624239589,45.02105755732335,42.77674777725783,8.800336920917173,0.6482171268132897,122.54985025737014,56.427800000000026,Satisfactory,3.761853333333335,8.113221503200807,56.427800000000026
3.0,17.58974358974359,78.3525641025641,24.327281235376695,52.879270004679455,2.356303228825456,139.46607393542348,3.0,11.494618624239589,45.02105755732335,42.77674777725783,8.800336920917173,0.6482171268132897,122.54985025737014,56.427800000000026,Satisfactory,3.761853333333335,8.113221503200807,56.427800000000026
3.0,17.58974358974359,78.36282051282052,24.327281235376695,52.879270004679455,2.356303228825456,139.46607393542348,3.0,11.494618624239589,45.02105755732335,42.77674777725783,8.800336920917173,0.6482171268132897,122.54985025737014,56.427800000000026,Satisfactory,3.761853333333335,8.113221503200807,56.427800000000026
3.0,17.58974358974359,78.37307692307692,24.327281235376695,52.879270004679455,2.356303228825456,139.46607393542348,3.0,11.494618624239589,45.02105755732335,42.77674777725783,8.800336920917173,0.6482171268132897,122.54985025737014,56.427800000000026,Satisfactory,3.761853333333335,8.113221503200807,56.427800000000026
3.0,17.58974358974359,78.38333333333334,24.327281235376695,52.879270004679455,2.356303228825456,139.46607393542348,3.0,11.494618624239589,45.02105755732335,42.77674777725783,8.800336920917173,0.6482171268132897,122.54985025737014,56.43140000000003,Satisfactory,3.7620933333333353,8.127657475558378,56.43140000000003
3.0,17.58974358974359,78.39358974358974,24.327281235376695,52.879270004679455,2.356303228825456,139.46607393542348,3.0,11.494618624239589,45.02105755732335,42.77674777725783,8.800336920917173,0.6482171268132897,122.54985025737014,56.43140000000003,Satisfactory,3.7620933333333353,8.127657475558378,56.43140000000003
3.0,17.58974358974359,78.40384615384616,24.327281235376695,52.879270004679455,2.356303228825456,139.46607393542348,3.0,11.494618624239589,45.02105755732335,42.77674777725783,8.800336920917173,0.6482171268132897,122.54985025737014,56.43140000000003,Satisfactory,3.7620933333333353,8.127657475558378,56.43140000000003
3.0,17.58974358974359,78.41410256410256,24.327281235376695,52.879270004679455,2.356303228825456,139.46607393542348,3.0,11.494618624239589,45.02105755732335,42.77674777725783,8.800336920917173,0.6482171268132897,122.54985025737014,56.54590000000002,Satisfactory,3.769726666666668,8.164219876387454,56.54590000000001
3.0,17.58974358974359,78.42435897435898,24.327281235376695,52.879270004679455,2.356303228825456,139.46607393542348,3.0,11.494618624239589,45.02105755732335,42.77674777725783,8.800336920917173,0.6482171268132897,122.54985025737014,56.54590000000002,Satisfactory,3.769726666666668,8.164219876387454,56.54590000000001
3.0,17.58974358974359,78.43461538461538,24.327281235376695,52.879270004679455,2.356303228825456,139.46607393542348,3.0,11.494618624239589,45.02105755732335,42.77674777725783,8.800336920917173,0.6482171268132897,122.54985025737014,56.406100000000016,Satisfactory,3.760406666666668,8.166398091570116,56.406100000000016
3.0,17.58974358974359,78.4448717948718,24.327281235376695,52.879270004679455,2.356303228825456,139.46607393542348,3.0,11.494618624239589,45.02105755732335,42.77674777725783,8.800336920917173,0.6482171268132897,122.54985025737014,56.406100000000016,Satisfactory,3.760406666666668,8.166398091570116,56.406100000000016
3.0,17.58974358974359,78.4551282051282,24.327281235376695,52.879270004679455,2.356303228825456,139.46607393542348,3.0,11.494618624239589,45.02105755732335,42.77674777725783,8.800336920917173,0.6482171268132897,122.54985025737014,56.40580000000002,Satisfactory,3.760386666666668,8.17014286044008,56.40580000000002
3.0,17.58974358974359,78.46538461538462,24.327281235376695,52.879270004679455,2.356303228825456,139.46607393542348,3.0,11.494618624239589,45.02105755732335,42.77674777725783,8.800336920917173,0.6482171268132897,122.54985025737014,56.40580000000002,Satisfactory,3.760386666666668,8.17014286044008,56.40580000000002
3.0,17.58974358974359,78.47564102564102,24.327281235376695,52.879270004679455,2.356303228825456,139.46607393542348,3.0,11.494618624239589,45.02105755732335,42.77674777725783,8.800336920917173,0.6482171268132897,122.54985025737014,56.40580000000002,Satisfactory,3.760386666666668,8.17014286044008,56.40580000000002
3.0,17.58974358974359,78.48589743589744,24.327281235376695,52.879270004679455,2.356303228825456,139.46607393542348,3.0,11.494618624239589,45.02105755732335,42.77674777725783,8.800336920917173,0.6482171268132897,122.54985025737014,56.40580000000002,Satisfactory,3.760386666666668,8.17014286044008,56.40580000000002
3.0,17.58974358974359,78.49615384615385,24.327281235376695,52.879270004679455,2.356303228825456,139.46607393542348,3.0,11.494618624239589,45.02105755732335,42.77674777725783,8.800336920917173,0.6482171268132897,122.54985025737014,56.40580000000002,Satisfactory,3.760386666666668,8.17014286044008,56.40580000000002
3.0,17.58974358974359,78.50641025641026,24.327281235376695,52.879270004679455,2.356303228825456,139.46607393542348,3.0,11.494618624239589,45.02105755732335,42.77674777725783,8.800336920917173,0.6482171268132897,122.54985025737014,56.40580000000002,Satisfactory,3.760386666666668,8.17014286044008,56.40580000000002
3.0,17.58974358974359,78.51666666666667,24.327281235376695,52.879270004679455,2.356303228825456,139.46607393542348,3.0,11.494618624239589,45.02105755732335,42.77674777725783,8.800336920917173,0.6482171268132897,122.54985025737014,56.40580000000002,Satisfactory,3.760386666666668,8.17014286044008,56.40580000000002
3.0,17.58974358974359,78.52692307692308,24.327281235376695,52.879270004679455,2.356303228825456,139.46607393542348,3.0,11.494618624239589,45.02105755732335,42.77674777725783,8.800336920917173,0.6482171268132897,122.54985025737014,56.40580000000002,Satisfactory,3.760386666666668,8.17014286044008,56.40580000000002
3.0,17.58974358974359,78.53717948717949,24.327281235376695,52.879270004679455,2.356303228825456,139.46607393542348,3.0,11.494618624239589,45.02105755732335,42.77674777725783,8.800336920917173,0.6482171268132897,122.54985025737014,56.40580000000002,Satisfactory,3.760386666666668,8.17014286044008,56.40580000000002
3.0,17.58974358974359,78.5474358974359,24.327281235376695,52.879270004679455,2.356303228825456,139.46607393542348,3.0,11.494618624239589,45.02105755732335,42.77674777725783,8.800336920917173,0.6482171268132897,122.54985025737014,56.12600000000001,Satisfactory,3.7417333333333342,8.364223813361285,56.12600000000001
3.0,17.58974358974359,78.5576923076923,24.327281235376695,52.879270004679455,2.356303228825456,139.46607393542348,3.0,11.494618624239589,45.02105755732335,42.77674777725783,8.800336920917173,0.6482171268132897,122.54985025737014,56.12600000000001,Satisfactory,3.7417333333333342,8.364223813361285,56.12600000000001
3.0,17.58974358974359,78.56794871794872,24.327281235376695,52.879270004679455,2.356303228825456,139.46607393542348,3.0,11.494618624239589,45.02105755732335,42.77674777725783,8.800336920917173,0.6482171268132897,122.54985025737014,56.12600000000001,Satisfactory,3.7417333333333342,8.364223813361285,56.12600000000001
3.0,17.58974358974359,78.57820512820513,24.327281235376695,52.879270004679455,2.356303228825456,139.46607393542348,3.0,11.494618624239589,45.02105755732335,42.77674777725783,8.800336920917173,0.6482171268132897,122.54985025737014,56.12600000000001,Satisfactory,3.7417333333333342,8.364223813361285,56.12600000000001
3.0,17.58974358974359,78.58846153846154,24.327281235376695,52.879270004679455,2.356303228825456,139.46607393542348,3.0,11.494618624239589,45.02105755732335,42.77674777725783,8.800336920917173,0.6482171268132897,122.54985025737014,56.12600000000001,Satisfactory,3.7417333333333342,8.364223813361285,56.12600000000001
3.0,17.58974358974359,78.59871794871795,24.327281235376695,52.879270004679455,2.356303228825456,139.46607393542348,3.0,11.494618624239589,45.02105755732335,42.77674777725783,8.800336920917173,0.6482171268132897,122.54985025737014,56.12600000000001,Satisfactory,3.7417333333333342,8.364223813361285,56.12600000000001
3.0,17.58974358974359,78.60897435897436,24.327281235376695,52.879270004679455,2.356303228825456,139.46607393542348,3.0,11.494618624239589,45.02105755732335,42.77674777725783,8.800336920917173,0.6482171268132897,122.54985025737014,56.12600000000001,Satisfactory,3.7417333333333342,8.364223813361285,56.12600000000001
3.0,17.58974358974359,78.61923076923077,24.327281235376695,52.879270004679455,2.356303228825456,139.46607393542348,3.0,11.494618624239589,45.02105755732335,42.77674777725783,8.800336920917173,0.6482171268132897,122.54985025737014,56.12600000000001,Satisfactory,3.7417333333333342,8.364223813361285,56.12600000000001
3.0,17.58974358974359,78.62948717948719,24.327281235376695,52.879270004679455,2.356303228825456,139.46607393542348,3.0,11.494618624239589,45.02105755732335,42.77674777725783,8.800336920917173,0.6482171268132897,122.54985025737014,56.12600000000001,Satisfactory,3.7417333333333342,8.364223813361285,56.12600000000001
3.0,17.58974358974359,78.63974358974359,24.327281235376695,52.879270004679455,2.356303228825456,139.46607393542348,3.0,11.494618624239589,45.02105755732335,42.77674777725783,8.800336920917173,0.6482171268132897,122.54985025737014,56.12600000000001,Satisfactory,3.7417333333333342,8.364223813361285,56.12600000000001
3.0,17.58974358974359,78.65,24.327281235376695,52.879270004679455,2.356303228825456,139.46607393542348,3.0,11.494618624239589,45.02105755732335,42.77674777725783,8.800336920917173,0.6482171268132897,122.54985025737014,56.12600000000001,Satisfactory,3.7417333333333342,8.364223813361285,56.12600000000001
3.0,17.6,78.25,24.327281235376695,52.879270004679455,2.356303228825456,139.46607393542348,3.0,11.494618624239589,45.02105755732335,42.77674777725783,8.800336920917173,0.6482171268132897,122.54985025737014,56.30570000000003,Satisfactory,3.7537133333333355,8.204387150177642,56.30570000000002
3.0,17.6,78.26025641025642,24.327281235376695,52.879270004679455,2.356303228825456,139.46607393542348,3.0,11.494618624239589,45.02105755732335,42.77674777725783,8.800336920917173,0.6482171268132897,122.54985025737014,56.30570000000003,Satisfactory,3.7537133333333355,8.204387150177642,56.30570000000002
3.0,17.6,78.27051282051282,24.327281235376695,52.879270004679455,2.356303228825456,139.46607393542348,3.0,11.494618624239589,45.02105755732335,42.77674777725783,8.800336920917173,0.6482171268132897,122.54985025737014,56.30570000000003,Satisfactory,3.7537133333333355,8.204387150177642,56.30570000000002
3.0,17.6,78.28076923076924,24.327281235376695,52.879270004679455,2.356303228825456,139.46607393542348,3.0,11.494618624239589,45.02105755732335,42.77674777725783,8.800336920917173,0.6482171268132897,122.54985025737014,56.30570000000003,Satisfactory,3.7537133333333355,8.204387150177642,56.30570000000002
3.0,17.6,78.29102564102564,24.327281235376695,52.879270004679455,2.356303228825456,139.46607393542348,3.0,11.494618624239589,45.02105755732335,42.77674777725783,8.800336920917173,0.6482171268132897,122.54985025737014,56.30570000000003,Satisfactory,3.7537133333333355,8.204387150177642,56.30570000000002
3.0,17.6,78.30128205128206,24.327281235376695,52.879270004679455,2.356303228825456,139.46607393542348,3.0,11.494618624239589,45.02105755732335,42.77674777725783,8.800336920917173,0.6482171268132897,122.54985025737014,56.427800000000026,Satisfactory,3.761853333333335,8.113221503200807,56.427800000000026
3.0,17.6,78.31153846153846,24.327281235376695,52.879270004679455,2.356303228825456,139.46607393542348,3.0,11.494618624239589,45.02105755732335,42.77674777725783,8.800336920917173,0.6482171268132897,122.54985025737014,56.427800000000026,Satisfactory,3.761853333333335,8.113221503200807,56.427800000000026
3.0,17.6,78.32179487179488,24.327281235376695,52.879270004679455,2.356303228825456,139.46607393542348,3.0,11.494618624239589,45.02105755732335,42.77674777725783,8.800336920917173,0.6482171268132897,122.54985025737014,56.427800000000026,Satisfactory,3.761853333333335,8.113221503200807,56.427800000000026
3.0,17.6,78.33205128205128,24.327281235376695,52.879270004679455,2.356303228825456,139.46607393542348,3.0,11.494618624239589,45.02105755732335,42.77674777725783,8.800336920917173,0.6482171268132897,122.54985025737014,56.427800000000026,Satisfactory,3.761853333333335,8.113221503200807,56.427800000000026
3.0,17.6,78.3423076923077,24.327281235376695,52.879270004679455,2.356303228825456,139.46607393542348,3.0,11.494618624239589,45.02105755732335,42.77674777725783,8.800336920917173,0.6482171268132897,122.54985025737014,56.427800000000026,Satisfactory,3.761853333333335,8.113221503200807,56.427800000000026
3.0,17.6,78.3525641025641,24.327281235376695,52.879270004679455,2.356303228825456,139.46607393542348,3.0,11.494618624239589,45.02105755732335,42.77674777725783,8.800336920917173,0.6482171268132897,122.54985025737014,56.427800000000026,Satisfactory,3.761853333333335,8.113221503200807,56.427800000000026
3.0,17.6,78.36282051282052,24.327281235376695,52.879270004679455,2.356303228825456,139.46607393542348,3.0,11.494618624239589,45.02105755732335,42.77674777725783,8.800336920917173,0.6482171268132897,122.54985025737014,56.427800000000026,Satisfactory,3.761853333333335,8.113221503200807,56.427800000000026
3.0,17.6,78.37307692307692,24.327281235376695,52.879270004679455,2.356303228825456,139.46607393542348,3.0,11.494618624239589,45.02105755732335,42.77674777725783,8.800336920917173,0.6482171268132897,122.54985025737014,56.427800000000026,Satisfactory,3.761853333333335,8.113221503200807,56.427800000000026
3.0,17.6,78.38333333333334,24.327281235376695,52.879270004679455,2.356303228825456,139.46607393542348,3.0,11.494618624239589,45.02105755732335,42.77674777725783,8.800336920917173,0.6482171268132897,122.54985025737014,56.43140000000003,Satisfactory,3.7620933333333353,8.127657475558378,56.43140000000003
3.0,17.6,78.39358974358974,24.327281235376695,52.879270004679455,2.356303228825456,139.46607393542348,3.0,11.494618624239589,45.02105755732335,42.77674777725783,8.800336920917173,0.6482171268132897,122.54985025737014,56.43140000000003,Satisfactory,3.7620933333333353,8.127657475558378,56.43140000000003
3.0,17.6,78.40384615384616,24.327281235376695,52.879270004679455,2.356303228825456,139.46607393542348,3.0,11.494618624239589,45.02105755732335,42.77674777725783,8.800336920917173,0.6482171268132897,122.54985025737014,56.43140000000003,Satisfactory,3.7620933333333353,8.127657475558378,56.43140000000003
3.0,17.6,78.41410256410256,24.327281235376695,52.879270004679455,2.356303228825456,139.46607393542348,3.0,11.494618624239589,45.02105755732335,42.77674777725783,8.800336920917173,0.6482171268132897,122.54985025737014,56.54590000000002,Satisfactory,3.769726666666668,8.164219876387454,56.54590000000001
3.0,17.6,78.42435897435898,24.327281235376695,52.879270004679455,2.356303228825456,139.46607393542348,3.0,11.494618624239589,45.02105755732335,42.77674777725783,8.800336920917173,0.6482171268132897,122.54985025737014,56.54590000000002,Satisfactory,3.769726666666668,8.164219876387454,56.54590000000001
3.0,17.6,78.43461538461538,24.327281235376695,52.879270004679455,2.356303228825456,139.46607393542348,3.0,11.494618624239589,45.02105755732335,42.77674777725783,8.800336920917173,0.6482171268132897,122.54985025737014,56.406100000000016,Satisfactory,3.760406666666668,8.166398091570116,56.406100000000016
3.0,17.6,78.4448717948718,24.327281235376695,52.879270004679455,2.356303228825456,139.46607393542348,3.0,11.494618624239589,45.02105755732335,42.77674777725783,8.800336920917173,0.6482171268132897,122.54985025737014,56.406100000000016,Satisfactory,3.760406666666668,8.166398091570116,56.406100000000016
3.0,17.6,78.4551282051282,24.327281235376695,52.879270004679455,2.356303228825456,139.46607393542348,3.0,11.494618624239589,45.02105755732335,42.77674777725783,8.800336920917173,0.6482171268132897,122.54985025737014,56.40580000000002,Satisfactory,3.760386666666668,8.17014286044008,56.40580000000002
3.0,17.6,78.46538461538462,24.327281235376695,52.879270004679455,2.356303228825456,139.46607393542348,3.0,11.494618624239589,45.02105755732335,42.77674777725783,8.800336920917173,0.6482171268132897,122.54985025737014,56.40580000000002,Satisfactory,3.760386666666668,8.17014286044008,56.40580000000002
3.0,17.6,78.47564102564102,24.327281235376695,52.879270004679455,2.356303228825456,139.46607393542348,3.0,11.494618624239589,45.02105755732335,42.77674777725783,8.800336920917173,0.6482171268132897,122.54985025737014,56.40580000000002,Satisfactory,3.760386666666668,8.17014286044008,56.40580000000002
3.0,17.6,78.48589743589744,24.327281235376695,52.879270004679455,2.356303228825456,139.46607393542348,3.0,11.494618624239589,45.02105755732335,42.77674777725783,8.800336920917173,0.6482171268132897,122.54985025737014,56.40580000000002,Satisfactory,3.760386666666668,8.17014286044008,56.40580000000002
3.0,17.6,78.49615384615385,24.327281235376695,52.879270004679455,2.356303228825456,139.46607393542348,3.0,11.494618624239589,45.02105755732335,42.77674777725783,8.800336920917173,0.6482171268132897,122.54985025737014,56.40580000000002,Satisfactory,3.760386666666668,8.17014286044008,56.40580000000002
3.0,17.6,78.50641025641026,24.327281235376695,52.879270004679455,2.356303228825456,139.46607393542348,3.0,11.494618624239589,45.02105755732335,42.77674777725783,8.800336920917173,0.6482171268132897,122.54985025737014,56.40580000000002,Satisfactory,3.760386666666668,8.17014286044008,56.40580000000002
3.0,17.6,78.51666666666667,24.327281235376695,52.879270004679455,2.356303228825456,139.46607393542348,3.0,11.494618624239589,45.02105755732335,42.77674777725783,8.800336920917173,0.6482171268132897,122.54985025737014,56.40580000000002,Satisfactory,3.760386666666668,8.17014286044008,56.40580000000002
3.0,17.6,78.52692307692308,24.327281235376695,52.879270004679455,2.356303228825456,139.46607393542348,3.0,11.494618624239589,45.02105755732335,42.77674777725783,8.800336920917173,0.6482171268132897,122.54985025737014,56.40580000000002,Satisfactory,3.760386666666668,8.17014286044008,56.40580000000002
3.0,17.6,78.53717948717949,24.327281235376695,52.879270004679455,2.356303228825456,139.46607393542348,3.0,11.494618624239589,45.02105755732335,42.77674777725783,8.800336920917173,0.6482171268132897,122.54985025737014,56.40580000000002,Satisfactory,3.760386666666668,8.17014286044008,56.40580000000002
3.0,17.6,78.5474358974359,24.327281235376695,52.879270004679455,2.356303228825456,139.46607393542348,3.0,11.494618624239589,45.02105755732335,42.77674777725783,8.800336920917173,0.6482171268132897,122.54985025737014,56.12600000000001,Satisfactory,3.7417333333333342,8.364223813361285,56.12600000000001
3.0,17.6,78.5576923076923,24.327281235376695,52.879270004679455,2.356303228825456,139.46607393542348,3.0,11.494618624239589,45.02105755732335,42.77674777725783,8.800336920917173,0.6482171268132897,122.54985025737014,56.12600000000001,Satisfactory,3.7417333333333342,8.364223813361285,56.12600000000001
3.0,17.6,78.56794871794872,24.327281235376695,52.879270004679455,2.356303228825456,139.46607393542348,3.0,11.494618624239589,45.02105755732335,42.77674777725783,8.800336920917173,0.6482171268132897,122.54985025737014,56.12600000000001,Satisfactory,3.7417333333333342,8.364223813361285,56.12600000000001
3.0,17.6,78.57820512820513,24.327281235376695,52.879270004679455,2.356303228825456,139.46607393542348,3.0,11.494618624239589,45.02105755732335,42.77674777725783,8.800336920917173,0.6482171268132897,122.54985025737014,56.12600000000001,Satisfactory,3.7417333333333342,8.364223813361285,56.12600000000001
3.0,17.6,78.58846153846154,24.327281235376695,52.879270004679455,2.356303228825456,139.46607393542348,3.0,11.494618624239589,45.02105755732335,42.77674777725783,8.800336920917173,0.6482171268132897,122.54985025737014,56.12600000000001,Satisfactory,3.7417333333333342,8.364223813361285,56.12600000000001
3.0,17.6,78.59871794871795,24.327281235376695,52.879270004679455,2.356303228825456,139.46607393542348,3.0,11.494618624239589,45.02105755732335,42.77674777725783,8.800336920917173,0.6482171268132897,122.54985025737014,56.12600000000001,Satisfactory,3.7417333333333342,8.364223813361285,56.12600000000001
3.0,17.6,78.60897435897436,24.327281235376695,52.879270004679455,2.356303228825456,139.46607393542348,3.0,11.494618624239589,45.02105755732335,42.77674777725783,8.800336920917173,0.6482171268132897,122.54985025737014,56.12600000000001,Satisfactory,3.7417333333333342,8.364223813361285,56.12600000000001
3.0,17.6,78.61923076923077,24.327281235376695,52.879270004679455,2.356303228825456,139.46607393542348,3.0,11.494618624239589,45.02105755732335,42.77674777725783,8.800336920917173,0.6482171268132897,122.54985025737014,56.12600000000001,Satisfactory,3.7417333333333342,8.364223813361285,56.12600000000001
3.0,17.6,78.62948717948719,24.327281235376695,52.879270004679455,2.356303228825456,139.46607393542348,3.0,11.494618624239589,45.02105755732335,42.77674777725783,8.800336920917173,0.6482171268132897,122.54985025737014,56.12600000000001,Satisfactory,3.7417333333333342,8.364223813361285,56.12600000000001
3.0,17.6,78.63974358974359,24.327281235376695,52.879270004679455,2.356303228825456,139.46607393542348,3.0,11.494618624239589,45.02105755732335,42.77674777725783,8.800336920917173,0.6482171268132897,122.54985025737014,56.12600000000001,Satisfactory,3.7417333333333342,8.364223813361285,56.12600000000001
3.0,17.6,78.65,24.327281235376695,52.879270004679455,2.356303228825456,139.46607393542348,3.0,11.494618624239589,45.02105755732335,42.77674777725783,8.800336920917173,0.6482171268132897,122.54985025737014,56.12600000000001,Satisfactory,3.7417333333333342,8.364223813361285,56.12600000000001
