city_encoded,lat,lon,temperature,humidity,wind_speed,wind_deg,road_density,hour,day_of_year,NO2,SO2,CO,PM10,predicted_pm25,aqi_category,who_exceedance,rf_std,rf_mean
4.0,26.75,75.7,17.827353066945406,50.513469853185725,2.6073758730460397,158.44666698341805,3.0,11.503634722288211,45.57233810044187,30.590375825533332,12.932034969354302,1.0244642941986981,113.34163918848294,45.03469999999999,Satisfactory,3.0023133333333325,6.634104831098166,45.03469999999999
4.0,26.75,75.7051282051282,17.827353066945406,50.513469853185725,2.6073758730460397,158.44666698341805,3.0,11.503634722288211,45.57233810044187,30.590375825533332,12.932034969354302,1.0244642941986981,113.34163918848294,45.03469999999999,Satisfactory,3.0023133333333325,6.634104831098166,45.03469999999999
4.0,26.75,75.71025641025642,17.827353066945406,50.513469853185725,2.6073758730460397,158.44666698341805,3.0,11.503634722288211,45.57233810044187,30.590375825533332,12.932034969354302,1.0244642941986981,113.34163918848294,45.03469999999999,Satisfactory,3.0023133333333325,6.634104831098166,45.03469999999999
4.0,26.75,75.71538461538462,17.827353066945406,50.513469853185725,2.6073758730460397,158.44666698341805,3.0,11.503634722288211,45.57233810044187,30.590375825533332,12.932034969354302,1.0244642941986981,113.34163918848294,45.03469999999999,Satisfactory,3.0023133333333325,6.634104831098166,45.03469999999999
4.0,26.75,75.72051282051282,17.827353066945406,50.513469853185725,2.6073758730460397,158.44666698341805,3.0,11.503634722288211,45.57233810044187,30.590375825533332,12.932034969354302,1.0244642941986981,113.34163918848294,45.03469999999999,Satisfactory,3.0023133333333325,6.634104831098166,45.03469999999999
4.0,26.75,75.72564102564102,17.827353066945406,50.513469853185725,2.6073758730460397,158.44666698341805,3.0,11.503634722288211,45.57233810044187,30.590375825533332,12.932034969354302,1.0244642941986981,113.34163918848294,45.03469999999999,Satisfactory,3.0023133333333325,6.634104831098166,45.03469999999999
4.0,26.75,75.73076923076924,17.827353066945406,50.513469853185725,2.6073758730460397,158.44666698341805,3.0,11.503634722288211,45.57233810044187,30.590375825533332,12.932034969354302,1.0244642941986981,113.34163918848294,45.03469999999999,Satisfactory,3.0023133333333325,6.634104831098166,45.03469999999999
4.0,26.75,75.73589743589744,17.827353066945406,50.513469853185725,2.6073758730460397,158.44666698341805,3.0,11.503634722288211,45.57233810044187,30.590375825533332,12.932034969354302,1.0244642941986981,113.34163918848294,45.03469999999999,Satisfactory,3.0023133333333325,6.634104831098166,45.03469999999999
4.0,26.75,75.74102564102564,17.827353066945406,50.513469853185725,2.6073758730460397,158.44666698341805,3.0,11.503634722288211,45.57233810044187,30.590375825533332,12.932034969354302,1.0244642941986981,113.34163918848294,45.03469999999999,Satisfactory,3.0023133333333325,6.634104831098166,45.03469999999999
4.0,26.75,75.74615384615385,17.827353066945406,50.513469853185725,2.6073758730460397,158.44666698341805,3.0,11.503634722288211,45.57233810044187,30.590375825533332,12.932034969354302,1.0244642941986981,113.34163918848294,45.03469999999999,Satisfactory,3.0023133333333325,6.634104831098166,45.03469999999999
4.0,26.75,75.75128205128206,17.827353066945406,50.513469853185725,2.6073758730460397,158.44666698341805,3.0,11.503634722288211,45.57233810044187,30.590375825533332,12.932034969354302,1.0244642941986981,113.34163918848294,45.03469999999999,Satisfactory,3.0023133333333325,6.634104831098166,45.03469999999999
4.0,26.75,75.75641025641026,17.827353066945406,50.513469853185725,2.6073758730460397,158.44666698341805,3.0,11.503634722288211,45.57233810044187,30.590375825533332,12.932034969354302,1.0244642941986981,113.34163918848294,45.03619999999999,Satisfactory,3.0024133333333323,6.567218708098581,45.03619999999999
4.0,26.75,75.76153846153846,17.827353066945406,50.513469853185725,2.6073758730460397,158.44666698341805,3.0,11.503634722288211,45.57233810044187,30.590375825533332,12.932034969354302,1.0244642941986981,113.34163918848294,45.03619999999999,Satisfactory,3.0024133333333323,6.567218708098581,45.03619999999999
4.0,26.75,75.76666666666667,17.827353066945406,50.513469853185725,2.6073758730460397,158.44666698341805,3.0,11.503634722288211,45.57233810044187,30.590375825533332,12.932034969354302,1.0244642941986981,113.34163918848294,45.03619999999999,Satisfactory,3.0024133333333323,6.567218708098581,45.03619999999999
4.0,26.75,75.77179487179488,17.827353066945406,50.513469853185725,2.6073758730460397,158.44666698341805,3.0,11.503634722288211,45.57233810044187,30.590375825533332,12.932034969354302,1.0244642941986981,113.34163918848294,45.03619999999999,Satisfactory,3.0024133333333323,6.567218708098581,45.03619999999999
4.0,26.75,75.77692307692308,17.827353066945406,50.513469853185725,2.6073758730460397,158.44666698341805,3.0,11.503634722288211,45.57233810044187,30.590375825533332,12.932034969354302,1.0244642941986981,113.34163918848294,45.005499999999984,Satisfactory,3.0003666666666655,6.5297412467876566,45.005499999999984
4.0,26.75,75.78205128205128,17.827353066945406,50.513469853185725,2.6073758730460397,158.44666698341805,3.0,11.503634722288211,45.57233810044187,30.590375825533332,12.932034969354302,1.0244642941986981,113.34163918848294,45.005499999999984,Satisfactory,3.0003666666666655,6.5297412467876566,45.005499999999984
4.0,26.75,75.78717948717949,17.827353066945406,50.513469853185725,2.6073758730460397,158.44666698341805,3.0,11.503634722288211,45.57233810044187,30.590375825533332,12.932034969354302,1.0244642941986981,113.34163918848294,45.005499999999984,Satisfactory,3.0003666666666655,6.5297412467876566,45.005499999999984
4.0,26.75,75.7923076923077,17.827353066945406,50.513469853185725,2.6073758730460397,158.44666698341805,3.0,11.503634722288211,45.57233810044187,30.590375825533332,12.932034969354302,1.0244642941986981,113.34163918848294,44.84399999999999,Satisfactory,2.989599999999999,6.7015651903118885,44.84399999999999
4.0,26.75,75.7974358974359,17.827353066945406,50.513469853185725,2.6073758730460397,158.44666698341805,3.0,11.503634722288211,45.57233810044187,30.590375825533332,12.932034969354302,1.0244642941986981,113.34163918848294,44.673799999999986,Satisfactory,2.9782533333333325,6.532352222591798,44.673799999999986
4.0,26.75,75.8025641025641,17.827353066945406,50.513469853185725,2.6073758730460397,158.44666698341805,3.0,11.503634722288211,45.57233810044187,30.590375825533332,12.932034969354302,1.0244642941986981,113.34163918848294,44.673799999999986,Satisfactory,2.9782533333333325,6.532352222591798,44.673799999999986
4.0,26.75,75.8076923076923,17.827353066945406,50.513469853185725,2.6073758730460397,158.44666698341805,3.0,11.503634722288211,45.57233810044187,30.590375825533332,12.932034969354302,1.0244642941986981,113.34163918848294,44.673799999999986,Satisfactory,2.9782533333333325,6.532352222591798,44.673799999999986
4.0,26.75,75.81282051282052,17.827353066945406,50.513469853185725,2.6073758730460397,158.44666698341805,3.0,11.503634722288211,45.57233810044187,30.590375825533332,12.932034969354302,1.0244642941986981,113.34163918848294,44.673799999999986,Satisfactory,2.9782533333333325,6.532352222591798,44.673799999999986
4.0,26.75,75.81794871794872,17.827353066945406,50.513469853185725,2.6073758730460397,158.44666698341805,3.0,11.503634722288211,45.57233810044187,30.590375825533332,12.932034969354302,1.0244642941986981,113.34163918848294,44.32789999999998,Satisfactory,2.955193333333332,6.431920443382366,44.32789999999998
4.0,26.75,75.82307692307693,17.827353066945406,50.513469853185725,2.6073758730460397,158.44666698341805,3.0,11.503634722288211,45.57233810044187,30.590375825533332,12.932034969354302,1.0244642941986981,113.34163918848294,44.465099999999985,Satisfactory,2.964339999999999,6.563912628150987,44.465099999999985
4.0,26.75,75.82820512820513,17.827353066945406,50.513469853185725,2.6073758730460397,158.44666698341805,3.0,11.503634722288211,45.57233810044187,30.590375825533332,12.932034969354302,1.0244642941986981,113.34163918848294,44.465099999999985,Satisfactory,2.964339999999999,6.563912628150987,44.465099999999985
4.0,26.75,75.83333333333334,17.827353066945406,50.513469853185725,2.6073758730460397,158.44666698341805,3.0,11.503634722288211,45.57233810044187,30.590375825533332,12.932034969354302,1.0244642941986981,113.34163918848294,44.465099999999985,Satisfactory,2.964339999999999,6.563912628150987,44.465099999999985
4.0,26.75,75.83846153846154,17.827353066945406,50.513469853185725,2.6073758730460397,158.44666698341805,3.0,11.503634722288211,45.57233810044187,30.590375825533332,12.932034969354302,1.0244642941986981,113.34163918848294,44.465099999999985,Satisfactory,2.964339999999999,6.563912628150987,44.465099999999985
4.0,26.75,75.84358974358975,17.827353066945406,50.513469853185725,2.6073758730460397,158.44666698341805,3.0,11.503634722288211,45.57233810044187,30.590375825533332,12.932034969354302,1.0244642941986981,113.34163918848294,44.465099999999985,Satisfactory,2.964339999999999,6.563912628150987,44.465099999999985
4.0,26.75,75.84871794871795,17.827353066945406,50.513469853185725,2.6073758730460397,158.44666698341805,3.0,11.503634722288211,45.57233810044187,30.590375825533332,12.932034969354302,1.0244642941986981,113.34163918848294,44.465099999999985,Satisfactory,2.964339999999999,6.563912628150987,44.465099999999985
4.0,26.75,75.85384615384616,17.827353066945406,50.513469853185725,2.6073758730460397,158.44666698341805,3.0,11.503634722288211,45.57233810044187,30.590375825533332,12.932034969354302,1.0244642941986981,113.34163918848294,44.465099999999985,Satisfactory,2.964339999999999,6.563912628150987,44.465099999999985
4.0,26.75,75.85897435897436,17.827353066945406,50.513469853185725,2.6073758730460397,158.44666698341805,3.0,11.503634722288211,45.57233810044187,30.590375825533332,12.932034969354302,1.0244642941986981,113.34163918848294,44.465099999999985,Satisfactory,2.964339999999999,6.563912628150987,44.465099999999985
4.0,26.75,75.86410256410257,17.827353066945406,50.513469853185725,2.6073758730460397,158.44666698341805,3.0,11.503634722288211,45.57233810044187,30.590375825533332,12.932034969354302,1.0244642941986981,113.34163918848294,44.465099999999985,Satisfactory,2.964339999999999,6.563912628150987,44.465099999999985
4.0,26.75,75.86923076923077,17.827353066945406,50.513469853185725,2.6073758730460397,158.44666698341805,3.0,11.503634722288211,45.57233810044187,30.590375825533332,12.932034969354302,1.0244642941986981,113.34163918848294,44.465099999999985,Satisfactory,2.964339999999999,6.563912628150987,44.465099999999985
4.0,26.75,75.87435897435898,17.827353066945406,50.513469853185725,2.6073758730460397,158.44666698341805,3.0,11.503634722288211,45.57233810044187,30.590375825533332,12.932034969354302,1.0244642941986981,113.34163918848294,44.465099999999985,Satisfactory,2.964339999999999,6.563912628150987,44.465099999999985
4.0,26.75,75.87948717948719,17.827353066945406,50.513469853185725,2.6073758730460397,158.44666698341805,3.0,11.503634722288211,45.57233810044187,30.590375825533332,12.932034969354302,1.0244642941986981,113.34163918848294,44.465099999999985,Satisfactory,2.964339999999999,6.563912628150987,44.465099999999985
4.0,26.75,75.88461538461539,17.827353066945406,50.513469853185725,2.6073758730460397,158.44666698341805,3.0,11.503634722288211,45.57233810044187,30.590375825533332,12.932034969354302,1.0244642941986981,113.34163918848294,44.465099999999985,Satisfactory,2.964339999999999,6.563912628150987,44.465099999999985
4.0,26.75,75.88974358974359,17.827353066945406,50.513469853185725,2.6073758730460397,158.44666698341805,3.0,11.503634722288211,45.57233810044187,30.590375825533332,12.932034969354302,1.0244642941986981,113.34163918848294,44.465099999999985,Satisfactory,2.964339999999999,6.563912628150987,44.465099999999985
4.0,26.75,75.8948717948718,17.827353066945406,50.513469853185725,2.6073758730460397,158.44666698341805,3.0,11.503634722288211,45.57233810044187,30.590375825533332,12.932034969354302,1.0244642941986981,113.34163918848294,44.465099999999985,Satisfactory,2.964339999999999,6.563912628150987,44.465099999999985
4.0,26.75,75.9,17.827353066945406,50.513469853185725,2.6073758730460397,158.44666698341805,3.0,11.503634722288211,45.57233810044187,30.590375825533332,12.932034969354302,1.0244642941986981,113.34163918848294,44.465099999999985,Satisfactory,2.964339999999999,6.563912628150987,44.465099999999985
4.0,26.756410256410255,75.7,17.827353066945406,50.513469853185725,2.6073758730460397,158.44666698341805,3.0,11.503634722288211,45.57233810044187,30.590375825533332,12.932034969354302,1.0244642941986981,113.34163918848294,45.03469999999999,Satisfactory,3.0023133333333325,6.634104831098166,45.03469999999999
4.0,26.756410256410255,75.7051282051282,17.827353066945406,50.513469853185725,2.6073758730460397,158.44666698341805,3.0,11.503634722288211,45.57233810044187,30.590375825533332,12.932034969354302,1.0244642941986981,113.34163918848294,45.03469999999999,Satisfactory,3.0023133333333325,6.634104831098166,45.03469999999999
4.0,26.756410256410255,75.71025641025642,17.827353066945406,50.513469853185725,2.6073758730460397,158.44666698341805,3.0,11.503634722288211,45.57233810044187,30.590375825533332,12.932034969354302,1.0244642941986981,113.34163918848294,45.03469999999999,Satisfactory,3.0023133333333325,6.634104831098166,45.03469999999999
4.0,26.756410256410255,75.71538461538462,17.827353066945406,50.513469853185725,2.6073758730460397,158.44666698341805,3.0,11.503634722288211,45.57233810044187,30.590375825533332,12.932034969354302,1.0244642941986981,113.34163918848294,45.03469999999999,Satisfactory,3.0023133333333325,6.634104831098166,45.03469999999999
4.0,26.756410256410255,75.72051282051282,17.827353066945406,50.513469853185725,2.6073758730460397,158.44666698341805,3.0,11.503634722288211,45.57233810044187,30.590375825533332,12.932034969354302,1.0244642941986981,113.34163918848294,45.03469999999999,Satisfactory,3.0023133333333325,6.634104831098166,45.03469999999999
4.0,26.756410256410255,75.72564102564102,17.827353066945406,50.513469853185725,2.6073758730460397,158.44666698341805,3.0,11.503634722288211,45.57233810044187,30.590375825533332,12.932034969354302,1.0244642941986981,113.34163918848294,45.03469999999999,Satisfactory,3.0023133333333325,6.634104831098166,45.03469999999999
4.0,26.756410256410255,75.73076923076924,17.827353066945406,50.513469853185725,2.6073758730460397,158.44666698341805,3.0,11.503634722288211,45.57233810044187,30.590375825533332,12.932034969354302,1.0244642941986981,113.34163918848294,45.03469999999999,Satisfactory,3.0023133333333325,6.634104831098166,45.03469999999999
4.0,26.756410256410255,75.73589743589744,17.827353066945406,50.513469853185725,2.6073758730460397,158.44666698341805,3.0,11.503634722288211,45.57233810044187,30.590375825533332,12.932034969354302,1.0244642941986981,113.34163918848294,45.03469999999999,Satisfactory,3.0023133333333325,6.634104831098166,45.03469999999999
4.0,26.756410256410255,75.74102564102564,17.827353066945406,50.513469853185725,2.6073758730460397,158.44666698341805,3.0,11.503634722288211,45.57233810044187,30.590375825533332,12.932034969354302,1.0244642941986981,113.34163918848294,45.03469999999999,Satisfactory,3.0023133333333325,6.634104831098166,45.03469999999999
4.0,26.756410256410255,75.74615384615385,17.827353066945406,50.513469853185725,2.6073758730460397,158.44666698341805,3.0,11.503634722288211,45.57233810044187,30.590375825533332,12.932034969354302,1.0244642941986981,113.34163918848294,45.03469999999999,Satisfactory,3.0023133333333325,6.634104831098166,45.03469999999999
4.0,26.756410256410255,75.75128205128206,17.827353066945406,50.513469853185725,2.6073758730460397,158.44666698341805,3.0,11.503634722288211,45.57233810044187,30.590375825533332,12.932034969354302,1.0244642941986981,113.34163918848294,45.03469999999999,Satisfactory,3.0023133333333325,6.634104831098166,45.03469999999999
4.0,26.756410256410255,75.75641025641026,17.827353066945406,50.513469853185725,2.6073758730460397,158.44666698341805,3.0,11.503634722288211,45.57233810044187,30.590375825533332,12.932034969354302,1.0244642941986981,113.34163918848294,45.03619999999999,Satisfactory,3.0024133333333323,6.567218708098581,45.03619999999999
4.0,26.756410256410255,75.76153846153846,17.827353066945406,50.513469853185725,2.6073758730460397,158.44666698341805,3.0,11.503634722288211,45.57233810044187,30.590375825533332,12.932034969354302,1.0244642941986981,113.34163918848294,45.03619999999999,Satisfactory,3.0024133333333323,6.567218708098581,45.03619999999999
4.0,26.756410256410255,75.76666666666667,17.827353066945406,50.513469853185725,2.6073758730460397,158.44666698341805,3.0,11.503634722288211,45.57233810044187,30.590375825533332,12.932034969354302,1.0244642941986981,113.34163918848294,45.03619999999999,Satisfactory,3.0024133333333323,6.567218708098581,45.03619999999999
4.0,26.756410256410255,75.77179487179488,17.827353066945406,50.513469853185725,2.6073758730460397,158.44666698341805,3.0,11.503634722288211,45.57233810044187,30.590375825533332,12.932034969354302,1.0244642941986981,113.34163918848294,45.03619999999999,Satisfactory,3.0024133333333323,6.567218708098581,45.03619999999999
4.0,26.756410256410255,75.77692307692308,17.827353066945406,50.513469853185725,2.6073758730460397,158.44666698341805,3.0,11.503634722288211,45.57233810044187,30.590375825533332,12.932034969354302,1.0244642941986981,113.34163918848294,45.005499999999984,Satisfactory,3.0003666666666655,6.5297412467876566,45.005499999999984
4.0,26.756410256410255,75.78205128205128,17.827353066945406,50.513469853185725,2.6073758730460397,158.44666698341805,3.0,11.503634722288211,45.57233810044187,30.590375825533332,12.932034969354302,1.0244642941986981,113.34163918848294,45.005499999999984,Satisfactory,3.0003666666666655,6.5297412467876566,45.005499999999984
4.0,26.756410256410255,75.78717948717949,17.827353066945406,50.513469853185725,2.6073758730460397,158.44666698341805,3.0,11.503634722288211,45.57233810044187,30.590375825533332,12.932034969354302,1.0244642941986981,113.34163918848294,45.005499999999984,Satisfactory,3.0003666666666655,6.5297412467876566,45.005499999999984
4.0,26.756410256410255,75.7923076923077,17.827353066945406,50.513469853185725,2.6073758730460397,158.44666698341805,3.0,11.503634722288211,45.57233810044187,30.590375825533332,12.932034969354302,1.0244642941986981,113.34163918848294,44.84399999999999,Satisfactory,2.989599999999999,6.7015651903118885,44.84399999999999
4.0,26.756410256410255,75.7974358974359,17.827353066945406,50.513469853185725,2.6073758730460397,158.44666698341805,3.0,11.503634722288211,45.57233810044187,30.590375825533332,12.932034969354302,1.0244642941986981,113.34163918848294,44.673799999999986,Satisfactory,2.9782533333333325,6.532352222591798,44.673799999999986
4.0,26.756410256410255,75.8025641025641,17.827353066945406,50.513469853185725,2.6073758730460397,158.44666698341805,3.0,11.503634722288211,45.57233810044187,30.590375825533332,12.932034969354302,1.0244642941986981,113.34163918848294,44.673799999999986,Satisfactory,2.9782533333333325,6.532352222591798,44.673799999999986
4.0,26.756410256410255,75.8076923076923,17.827353066945406,50.513469853185725,2.6073758730460397,158.44666698341805,3.0,11.503634722288211,45.57233810044187,30.590375825533332,12.932034969354302,1.0244642941986981,113.34163918848294,44.673799999999986,Satisfactory,2.9782533333333325,6.532352222591798,44.673799999999986
4.0,26.756410256410255,75.81282051282052,17.827353066945406,50.513469853185725,2.6073758730460397,158.44666698341805,3.0,11.503634722288211,45.57233810044187,30.590375825533332,12.932034969354302,1.0244642941986981,113.34163918848294,44.673799999999986,Satisfactory,2.9782533333333325,6.532352222591798,44.673799999999986
4.0,26.756410256410255,75.81794871794872,17.827353066945406,50.513469853185725,2.6073758730460397,158.44666698341805,3.0,11.503634722288211,45.57233810044187,30.590375825533332,12.932034969354302,1.0244642941986981,113.34163918848294,44.32789999999998,Satisfactory,2.955193333333332,6.431920443382366,44.32789999999998
4.0,26.756410256410255,75.82307692307693,17.827353066945406,50.513469853185725,2.6073758730460397,158.44666698341805,3.0,11.503634722288211,45.57233810044187,30.590375825533332,12.932034969354302,1.0244642941986981,113.34163918848294,44.465099999999985,Satisfactory,2.964339999999999,6.563912628150987,44.465099999999985
4.0,26.756410256410255,75.82820512820513,17.827353066945406,50.513469853185725,2.6073758730460397,158.44666698341805,3.0,11.503634722288211,45.57233810044187,30.590375825533332,12.932034969354302,1.0244642941986981,113.34163918848294,44.465099999999985,Satisfactory,2.964339999999999,6.563912628150987,44.465099999999985
4.0,26.756410256410255,75.83333333333334,17.827353066945406,50.513469853185725,2.6073758730460397,158.44666698341805,3.0,11.503634722288211,45.57233810044187,30.590375825533332,12.932034969354302,1.0244642941986981,113.34163918848294,44.465099999999985,Satisfactory,2.964339999999999,6.563912628150987,44.465099999999985
4.0,26.756410256410255,75.83846153846154,17.827353066945406,50.513469853185725,2.6073758730460397,158.44666698341805,3.0,11.503634722288211,45.57233810044187,30.590375825533332,12.932034969354302,1.0244642941986981,113.34163918848294,44.465099999999985,Satisfactory,2.964339999999999,6.563912628150987,44.465099999999985
4.0,26.756410256410255,75.84358974358975,17.827353066945406,50.513469853185725,2.6073758730460397,158.44666698341805,3.0,11.503634722288211,45.57233810044187,30.590375825533332,12.932034969354302,1.0244642941986981,113.34163918848294,44.465099999999985,Satisfactory,2.964339999999999,6.563912628150987,44.465099999999985
4.0,26.756410256410255,75.84871794871795,17.827353066945406,50.513469853185725,2.6073758730460397,158.44666698341805,3.0,11.503634722288211,45.57233810044187,30.590375825533332,12.932034969354302,1.0244642941986981,113.34163918848294,44.465099999999985,Satisfactory,2.964339999999999,6.563912628150987,44.465099999999985
4.0,26.756410256410255,75.85384615384616,17.827353066945406,50.513469853185725,2.6073758730460397,158.44666698341805,3.0,11.503634722288211,45.57233810044187,30.590375825533332,12.932034969354302,1.0244642941986981,113.34163918848294,44.465099999999985,Satisfactory,2.964339999999999,6.563912628150987,44.465099999999985
4.0,26.756410256410255,75.85897435897436,17.827353066945406,50.513469853185725,2.6073758730460397,158.44666698341805,3.0,11.503634722288211,45.57233810044187,30.590375825533332,12.932034969354302,1.0244642941986981,113.34163918848294,44.465099999999985,Satisfactory,2.964339999999999,6.563912628150987,44.465099999999985
4.0,26.756410256410255,75.86410256410257,17.827353066945406,50.513469853185725,2.6073758730460397,158.44666698341805,3.0,11.503634722288211,45.57233810044187,30.590375825533332,12.932034969354302,1.0244642941986981,113.34163918848294,44.465099999999985,Satisfactory,2.964339999999999,6.563912628150987,44.465099999999985
4.0,26.756410256410255,75.86923076923077,17.827353066945406,50.513469853185725,2.6073758730460397,158.44666698341805,3.0,11.503634722288211,45.57233810044187,30.590375825533332,12.932034969354302,1.0244642941986981,113.34163918848294,44.465099999999985,Satisfactory,2.964339999999999,6.563912628150987,44.465099999999985
4.0,26.756410256410255,75.87435897435898,17.827353066945406,50.513469853185725,2.6073758730460397,158.44666698341805,3.0,11.503634722288211,45.57233810044187,30.590375825533332,12.932034969354302,1.0244642941986981,113.34163918848294,44.465099999999985,Satisfactory,2.964339999999999,6.563912628150987,44.465099999999985
4.0,26.756410256410255,75.87948717948719,17.827353066945406,50.513469853185725,2.6073758730460397,158.44666698341805,3.0,11.503634722288211,45.57233810044187,30.590375825533332,12.932034969354302,1.0244642941986981,113.34163918848294,44.465099999999985,Satisfactory,2.964339999999999,6.563912628150987,44.465099999999985
4.0,26.756410256410255,75.88461538461539,17.827353066945406,50.513469853185725,2.6073758730460397,158.44666698341805,3.0,11.503634722288211,45.57233810044187,30.590375825533332,12.932034969354302,1.0244642941986981,113.34163918848294,44.465099999999985,Satisfactory,2.964339999999999,6.563912628150987,44.465099999999985
4.0,26.756410256410255,75.88974358974359,17.827353066945406,50.513469853185725,2.6073758730460397,158.44666698341805,3.0,11.503634722288211,45.57233810044187,30.590375825533332,12.932034969354302,1.0244642941986981,113.34163918848294,44.465099999999985,Satisfactory,2.964339999999999,6.563912628150987,44.465099999999985
4.0,26.756410256410255,75.8948717948718,17.827353066945406,50.513469853185725,2.6073758730460397,158.44666698341805,3.0,11.503634722288211,45.57233810044187,30.590375825533332,12.932034969354302,1.0244642941986981,113.34163918848294,44.465099999999985,Satisfactory,2.964339999999999,6.563912628150987,44.465099999999985
4.0,26.756410256410255,75.9,17.827353066945406,50.513469853185725,2.6073758730460397,158.44666698341805,3.0,11.503634722288211,45.57233810044187,30.590375825533332,12.932034969354302,1.0244642941986981,113.34163918848294,44.465099999999985,Satisfactory,2.964339999999999,6.563912628150987,44.465099999999985
4.0,26.762820512820515,75.7,17.827353066945406,50.513469853185725,2.6073758730460397,158.44666698341805,3.0,11.503634722288211,45.57233810044187,30.590375825533332,12.932034969354302,1.0244642941986981,113.34163918848294,45.03469999999999,Satisfactory,3.0023133333333325,6.634104831098166,45.03469999999999
4.0,26.762820512820515,75.7051282051282,17.827353066945406,50.513469853185725,2.6073758730460397,158.44666698341805,3.0,11.503634722288211,45.57233810044187,30.590375825533332,12.932034969354302,1.0244642941986981,113.34163918848294,45.03469999999999,Satisfactory,3.0023133333333325,6.634104831098166,45.03469999999999
4.0,26.762820512820515,75.71025641025642,17.827353066945406,50.513469853185725,2.6073758730460397,158.44666698341805,3.0,11.503634722288211,45.57233810044187,30.590375825533332,12.932034969354302,1.0244642941986981,113.34163918848294,45.03469999999999,Satisfactory,3.0023133333333325,6.634104831098166,45.03469999999999
4.0,26.762820512820515,75.71538461538462,17.827353066945406,50.513469853185725,2.6073758730460397,158.44666698341805,3.0,11.503634722288211,45.57233810044187,30.590375825533332,12.932034969354302,1.0244642941986981,113.34163918848294,45.03469999999999,Satisfactory,3.0023133333333325,6.634104831098166,45.03469999999999
4.0,26.762820512820515,75.72051282051282,17.827353066945406,50.513469853185725,2.6073758730460397,158.44666698341805,3.0,11.503634722288211,45.57233810044187,30.590375825533332,12.932034969354302,1.0244642941986981,113.34163918848294,45.03469999999999,Satisfactory,3.0023133333333325,6.634104831098166,45.03469999999999
4.0,26.762820512820515,75.72564102564102,17.827353066945406,50.513469853185725,2.6073758730460397,158.44666698341805,3.0,11.503634722288211,45.57233810044187,30.590375825533332,12.932034969354302,1.0244642941986981,113.34163918848294,45.03469999999999,Satisfactory,3.0023133333333325,6.634104831098166,45.03469999999999
4.0,26.762820512820515,75.73076923076924,17.827353066945406,50.513469853185725,2.6073758730460397,158.44666698341805,3.0,11.503634722288211,45.57233810044187,30.590375825533332,12.932034969354302,1.0244642941986981,113.34163918848294,45.03469999999999,Satisfactory,3.0023133333333325,6.634104831098166,45.03469999999999
4.0,26.762820512820515,75.73589743589744,17.827353066945406,50.513469853185725,2.6073758730460397,158.44666698341805,3.0,11.503634722288211,45.57233810044187,30.590375825533332,12.932034969354302,1.0244642941986981,113.34163918848294,45.03469999999999,Satisfactory,3.0023133333333325,6.634104831098166,45.03469999999999
4.0,26.762820512820515,75.74102564102564,17.827353066945406,50.513469853185725,2.6073758730460397,158.44666698341805,3.0,11.503634722288211,45.57233810044187,30.590375825533332,12.932034969354302,1.0244642941986981,113.34163918848294,45.03469999999999,Satisfactory,3.0023133333333325,6.634104831098166,45.03469999999999
4.0,26.762820512820515,75.74615384615385,17.827353066945406,50.513469853185725,2.6073758730460397,158.44666698341805,3.0,11.503634722288211,45.57233810044187,30.590375825533332,12.932034969354302,1.0244642941986981,113.34163918848294,45.03469999999999,Satisfactory,3.0023133333333325,6.634104831098166,45.03469999999999
4.0,26.762820512820515,75.75128205128206,17.827353066945406,50.513469853185725,2.6073758730460397,158.44666698341805,3.0,11.503634722288211,45.57233810044187,30.590375825533332,12.932034969354302,1.0244642941986981,113.34163918848294,45.03469999999999,Satisfactory,3.0023133333333325,6.634104831098166,45.03469999999999
4.0,26.762820512820515,75.75641025641026,17.827353066945406,50.513469853185725,2.6073758730460397,158.44666698341805,3.0,11.503634722288211,45.57233810044187,30.590375825533332,12.932034969354302,1.0244642941986981,113.34163918848294,45.03619999999999,Satisfactory,3.0024133333333323,6.567218708098581,45.03619999999999
4.0,26.762820512820515,75.76153846153846,17.827353066945406,50.513469853185725,2.6073758730460397,158.44666698341805,3.0,11.503634722288211,45.57233810044187,30.590375825533332,12.932034969354302,1.0244642941986981,113.34163918848294,45.03619999999999,Satisfactory,3.0024133333333323,6.567218708098581,45.03619999999999
4.0,26.762820512820515,75.76666666666667,17.827353066945406,50.513469853185725,2.6073758730460397,158.44666698341805,3.0,11.503634722288211,45.57233810044187,30.590375825533332,12.932034969354302,1.0244642941986981,113.34163918848294,45.03619999999999,Satisfactory,3.0024133333333323,6.567218708098581,45.03619999999999
4.0,26.762820512820515,75.77179487179488,17.827353066945406,50.513469853185725,2.6073758730460397,158.44666698341805,3.0,11.503634722288211,45.57233810044187,30.590375825533332,12.932034969354302,1.0244642941986981,113.34163918848294,45.03619999999999,Satisfactory,3.0024133333333323,6.567218708098581,45.03619999999999
4.0,26.762820512820515,75.77692307692308,17.827353066945406,50.513469853185725,2.6073758730460397,158.44666698341805,3.0,11.503634722288211,45.57233810044187,30.590375825533332,12.932034969354302,1.0244642941986981,113.34163918848294,45.005499999999984,Satisfactory,3.0003666666666655,6.5297412467876566,45.005499999999984
4.0,26.762820512820515,75.78205128205128,17.827353066945406,50.513469853185725,2.6073758730460397,158.44666698341805,3.0,11.503634722288211,45.57233810044187,30.590375825533332,12.932034969354302,1.0244642941986981,113.34163918848294,45.005499999999984,Satisfactory,3.0003666666666655,6.5297412467876566,45.005499999999984
4.0,26.762820512820515,75.78717948717949,17.827353066945406,50.513469853185725,2.6073758730460397,158.44666698341805,3.0,11.503634722288211,45.57233810044187,30.590375825533332,12.932034969354302,1.0244642941986981,113.34163918848294,45.005499999999984,Satisfactory,3.0003666666666655,6.5297412467876566,45.005499999999984
4.0,26.762820512820515,75.7923076923077,17.827353066945406,50.513469853185725,2.6073758730460397,158.44666698341805,3.0,11.503634722288211,45.57233810044187,30.590375825533332,12.932034969354302,1.0244642941986981,113.34163918848294,44.84399999999999,Satisfactory,2.989599999999999,6.7015651903118885,44.84399999999999
4.0,26.762820512820515,75.7974358974359,17.827353066945406,50.513469853185725,2.6073758730460397,158.44666698341805,3.0,11.503634722288211,45.57233810044187,30.590375825533332,12.932034969354302,1.0244642941986981,113.34163918848294,44.673799999999986,Satisfactory,2.9782533333333325,6.532352222591798,44.673799999999986
4.0,26.762820512820515,75.8025641025641,17.827353066945406,50.513469853185725,2.6073758730460397,158.44666698341805,3.0,11.503634722288211,45.57233810044187,30.590375825533332,12.932034969354302,1.0244642941986981,113.34163918848294,44.673799999999986,Satisfactory,2.9782533333333325,6.532352222591798,44.673799999999986
4.0,26.762820512820515,75.8076923076923,17.827353066945406,50.513469853185725,2.6073758730460397,158.44666698341805,3.0,11.503634722288211,45.57233810044187,30.590375825533332,12.932034969354302,1.0244642941986981,113.34163918848294,44.673799999999986,Satisfactory,2.9782533333333325,6.532352222591798,44.673799999999986
4.0,26.762820512820515,75.81282051282052,17.827353066945406,50.513469853185725,2.6073758730460397,158.44666698341805,3.0,11.503634722288211,45.57233810044187,30.590375825533332,12.932034969354302,1.0244642941986981,113.34163918848294,44.673799999999986,Satisfactory,2.9782533333333325,6.532352222591798,44.673799999999986
4.0,26.762820512820515,75.81794871794872,17.827353066945406,50.513469853185725,2.6073758730460397,158.44666698341805,3.0,11.503634722288211,45.57233810044187,30.590375825533332,12.932034969354302,1.0244642941986981,113.34163918848294,44.32789999999998,Satisfactory,2.955193333333332,6.431920443382366,44.32789999999998
4.0,26.762820512820515,75.82307692307693,17.827353066945406,50.513469853185725,2.6073758730460397,158.44666698341805,3.0,11.503634722288211,45.57233810044187,30.590375825533332,12.932034969354302,1.0244642941986981,113.34163918848294,44.465099999999985,Satisfactory,2.964339999999999,6.563912628150987,44.465099999999985
4.0,26.762820512820515,75.82820512820513,17.827353066945406,50.513469853185725,2.6073758730460397,158.44666698341805,3.0,11.503634722288211,45.57233810044187,30.590375825533332,12.932034969354302,1.0244642941986981,113.34163918848294,44.465099999999985,Satisfactory,2.964339999999999,6.563912628150987,44.465099999999985
4.0,26.762820512820515,75.83333333333334,17.827353066945406,50.513469853185725,2.6073758730460397,158.44666698341805,3.0,11.503634722288211,45.57233810044187,30.590375825533332,12.932034969354302,1.0244642941986981,113.34163918848294,44.465099999999985,Satisfactory,2.964339999999999,6.563912628150987,44.465099999999985
4.0,26.762820512820515,75.83846153846154,17.827353066945406,50.513469853185725,2.6073758730460397,158.44666698341805,3.0,11.503634722288211,45.57233810044187,30.590375825533332,12.932034969354302,1.0244642941986981,113.34163918848294,44.465099999999985,Satisfactory,2.964339999999999,6.563912628150987,44.465099999999985
4.0,26.762820512820515,75.84358974358975,17.827353066945406,50.513469853185725,2.6073758730460397,158.44666698341805,3.0,11.503634722288211,45.57233810044187,30.590375825533332,12.932034969354302,1.0244642941986981,113.34163918848294,44.465099999999985,Satisfactory,2.964339999999999,6.563912628150987,44.465099999999985
4.0,26.762820512820515,75.84871794871795,17.827353066945406,50.513469853185725,2.6073758730460397,158.44666698341805,3.0,11.503634722288211,45.57233810044187,30.590375825533332,12.932034969354302,1.0244642941986981,113.34163918848294,44.465099999999985,Satisfactory,2.964339999999999,6.563912628150987,44.465099999999985
4.0,26.762820512820515,75.85384615384616,17.827353066945406,50.513469853185725,2.6073758730460397,158.44666698341805,3.0,11.503634722288211,45.57233810044187,30.590375825533332,12.932034969354302,1.0244642941986981,113.34163918848294,44.465099999999985,Satisfactory,2.964339999999999,6.563912628150987,44.465099999999985
4.0,26.762820512820515,75.85897435897436,17.827353066945406,50.513469853185725,2.6073758730460397,158.44666698341805,3.0,11.503634722288211,45.57233810044187,30.590375825533332,12.932034969354302,1.0244642941986981,113.34163918848294,44.465099999999985,Satisfactory,2.964339999999999,6.563912628150987,44.465099999999985
4.0,26.762820512820515,75.86410256410257,17.827353066945406,50.513469853185725,2.6073758730460397,158.44666698341805,3.0,11.503634722288211,45.57233810044187,30.590375825533332,12.932034969354302,1.0244642941986981,113.34163918848294,44.465099999999985,Satisfactory,2.964339999999999,6.563912628150987,44.465099999999985
4.0,26.762820512820515,75.86923076923077,17.827353066945406,50.513469853185725,2.6073758730460397,158.44666698341805,3.0,11.503634722288211,45.57233810044187,30.590375825533332,12.932034969354302,1.0244642941986981,113.34163918848294,44.465099999999985,Satisfactory,2.964339999999999,6.563912628150987,44.465099999999985
4.0,26.762820512820515,75.87435897435898,17.827353066945406,50.513469853185725,2.6073758730460397,158.44666698341805,3.0,11.503634722288211,45.57233810044187,30.590375825533332,12.932034969354302,1.0244642941986981,113.34163918848294,44.465099999999985,Satisfactory,2.964339999999999,6.563912628150987,44.465099999999985
4.0,26.762820512820515,75.87948717948719,17.827353066945406,50.513469853185725,2.6073758730460397,158.44666698341805,3.0,11.503634722288211,45.57233810044187,30.590375825533332,12.932034969354302,1.0244642941986981,113.34163918848294,44.465099999999985,Satisfactory,2.964339999999999,6.563912628150987,44.465099999999985
4.0,26.762820512820515,75.88461538461539,17.827353066945406,50.513469853185725,2.6073758730460397,158.44666698341805,3.0,11.503634722288211,45.57233810044187,30.590375825533332,12.932034969354302,1.0244642941986981,113.34163918848294,44.465099999999985,Satisfactory,2.964339999999999,6.563912628150987,44.465099999999985
4.0,26.762820512820515,75.88974358974359,17.827353066945406,50.513469853185725,2.6073758730460397,158.44666698341805,3.0,11.503634722288211,45.57233810044187,30.590375825533332,12.932034969354302,1.0244642941986981,113.34163918848294,44.465099999999985,Satisfactory,2.964339999999999,6.563912628150987,44.465099999999985
4.0,26.762820512820515,75.8948717948718,17.827353066945406,50.513469853185725,2.6073758730460397,158.44666698341805,3.0,11.503634722288211,45.57233810044187,30.590375825533332,12.932034969354302,1.0244642941986981,113.34163918848294,44.465099999999985,Satisfactory,2.964339999999999,6.563912628150987,44.465099999999985
4.0,26.762820512820515,75.9,17.827353066945406,50.513469853185725,2.6073758730460397,158.44666698341805,3.0,11.503634722288211,45.57233810044187,30.590375825533332,12.932034969354302,1.0244642941986981,113.34163918848294,44.465099999999985,Satisfactory,2.964339999999999,6.563912628150987,44.465099999999985
4.0,26.76923076923077,75.7,17.827353066945406,50.513469853185725,2.6073758730460397,158.44666698341805,3.0,11.503634722288211,45.57233810044187,30.590375825533332,12.932034969354302,1.0244642941986981,113.34163918848294,45.03469999999999,Satisfactory,3.0023133333333325,6.634104831098166,45.03469999999999
4.0,26.76923076923077,75.7051282051282,17.827353066945406,50.513469853185725,2.6073758730460397,158.44666698341805,3.0,11.503634722288211,45.57233810044187,30.590375825533332,12.932034969354302,1.0244642941986981,113.34163918848294,45.03469999999999,Satisfactory,3.0023133333333325,6.634104831098166,45.03469999999999
4.0,26.76923076923077,75.71025641025642,17.827353066945406,50.513469853185725,2.6073758730460397,158.44666698341805,3.0,11.503634722288211,45.57233810044187,30.590375825533332,12.932034969354302,1.0244642941986981,113.34163918848294,45.03469999999999,Satisfactory,3.0023133333333325,6.634104831098166,45.03469999999999
4.0,26.76923076923077,75.71538461538462,17.827353066945406,50.513469853185725,2.6073758730460397,158.44666698341805,3.0,11.503634722288211,45.57233810044187,30.590375825533332,12.932034969354302,1.0244642941986981,113.34163918848294,45.03469999999999,Satisfactory,3.0023133333333325,6.634104831098166,45.03469999999999
4.0,26.76923076923077,75.72051282051282,17.827353066945406,50.513469853185725,2.6073758730460397,158.44666698341805,3.0,11.503634722288211,45.57233810044187,30.590375825533332,12.932034969354302,1.0244642941986981,113.34163918848294,45.03469999999999,Satisfactory,3.0023133333333325,6.634104831098166,45.03469999999999
4.0,26.76923076923077,75.72564102564102,17.827353066945406,50.513469853185725,2.6073758730460397,158.44666698341805,3.0,11.503634722288211,45.57233810044187,30.590375825533332,12.932034969354302,1.0244642941986981,113.34163918848294,45.03469999999999,Satisfactory,3.0023133333333325,6.634104831098166,45.03469999999999
4.0,26.76923076923077,75.73076923076924,17.827353066945406,50.513469853185725,2.6073758730460397,158.44666698341805,3.0,11.503634722288211,45.57233810044187,30.590375825533332,12.932034969354302,1.0244642941986981,113.34163918848294,45.03469999999999,Satisfactory,3.0023133333333325,6.634104831098166,45.03469999999999
4.0,26.76923076923077,75.73589743589744,17.827353066945406,50.513469853185725,2.6073758730460397,158.44666698341805,3.0,11.503634722288211,45.57233810044187,30.590375825533332,12.932034969354302,1.0244642941986981,113.34163918848294,45.03469999999999,Satisfactory,3.0023133333333325,6.634104831098166,45.03469999999999
4.0,26.76923076923077,75.74102564102564,17.827353066945406,50.513469853185725,2.6073758730460397,158.44666698341805,3.0,11.503634722288211,45.57233810044187,30.590375825533332,12.932034969354302,1.0244642941986981,113.34163918848294,45.03469999999999,Satisfactory,3.0023133333333325,6.634104831098166,45.03469999999999
4.0,26.76923076923077,75.74615384615385,17.827353066945406,50.513469853185725,2.6073758730460397,158.44666698341805,3.0,11.503634722288211,45.57233810044187,30.590375825533332,12.932034969354302,1.0244642941986981,113.34163918848294,45.03469999999999,Satisfactory,3.0023133333333325,6.634104831098166,45.03469999999999
4.0,26.76923076923077,75.75128205128206,17.827353066945406,50.513469853185725,2.6073758730460397,158.44666698341805,3.0,11.503634722288211,45.57233810044187,30.590375825533332,12.932034969354302,1.0244642941986981,113.34163918848294,45.03469999999999,Satisfactory,3.0023133333333325,6.634104831098166,45.03469999999999
4.0,26.76923076923077,75.75641025641026,17.827353066945406,50.513469853185725,2.6073758730460397,158.44666698341805,3.0,11.503634722288211,45.57233810044187,30.590375825533332,12.932034969354302,1.0244642941986981,113.34163918848294,45.03619999999999,Satisfactory,3.0024133333333323,6.567218708098581,45.03619999999999
4.0,26.76923076923077,75.76153846153846,17.827353066945406,50.513469853185725,2.6073758730460397,158.44666698341805,3.0,11.503634722288211,45.57233810044187,30.590375825533332,12.932034969354302,1.0244642941986981,113.34163918848294,45.03619999999999,Satisfactory,3.0024133333333323,6.567218708098581,45.03619999999999
4.0,26.76923076923077,75.76666666666667,17.827353066945406,50.513469853185725,2.6073758730460397,158.44666698341805,3.0,11.503634722288211,45.57233810044187,30.590375825533332,12.932034969354302,1.0244642941986981,113.34163918848294,45.03619999999999,Satisfactory,3.0024133333333323,6.567218708098581,45.03619999999999
4.0,26.76923076923077,75.77179487179488,17.827353066945406,50.513469853185725,2.6073758730460397,158.44666698341805,3.0,11.503634722288211,45.57233810044187,30.590375825533332,12.932034969354302,1.0244642941986981,113.34163918848294,45.03619999999999,Satisfactory,3.0024133333333323,6.567218708098581,45.03619999999999
4.0,26.76923076923077,75.77692307692308,17.827353066945406,50.513469853185725,2.6073758730460397,158.44666698341805,3.0,11.503634722288211,45.57233810044187,30.590375825533332,12.932034969354302,1.0244642941986981,113.34163918848294,45.005499999999984,Satisfactory,3.0003666666666655,6.5297412467876566,45.005499999999984
4.0,26.76923076923077,75.78205128205128,17.827353066945406,50.513469853185725,2.6073758730460397,158.44666698341805,3.0,11.503634722288211,45.57233810044187,30.590375825533332,12.932034969354302,1.0244642941986981,113.34163918848294,45.005499999999984,Satisfactory,3.0003666666666655,6.5297412467876566,45.005499999999984
4.0,26.76923076923077,75.78717948717949,17.827353066945406,50.513469853185725,2.6073758730460397,158.44666698341805,3.0,11.503634722288211,45.57233810044187,30.590375825533332,12.932034969354302,1.0244642941986981,113.34163918848294,45.005499999999984,Satisfactory,3.0003666666666655,6.5297412467876566,45.005499999999984
4.0,26.76923076923077,75.7923076923077,17.827353066945406,50.513469853185725,2.6073758730460397,158.44666698341805,3.0,11.503634722288211,45.57233810044187,30.590375825533332,12.932034969354302,1.0244642941986981,113.34163918848294,44.84399999999999,Satisfactory,2.989599999999999,6.7015651903118885,44.84399999999999
4.0,26.76923076923077,75.7974358974359,17.827353066945406,50.513469853185725,2.6073758730460397,158.44666698341805,3.0,11.503634722288211,45.57233810044187,30.590375825533332,12.932034969354302,1.0244642941986981,113.34163918848294,44.673799999999986,Satisfactory,2.9782533333333325,6.532352222591798,44.673799999999986
4.0,26.76923076923077,75.8025641025641,17.827353066945406,50.513469853185725,2.6073758730460397,158.44666698341805,3.0,11.503634722288211,45.57233810044187,30.590375825533332,12.932034969354302,1.0244642941986981,113.34163918848294,44.673799999999986,Satisfactory,2.9782533333333325,6.532352222591798,44.673799999999986
4.0,26.76923076923077,75.8076923076923,17.827353066945406,50.513469853185725,2.6073758730460397,158.44666698341805,3.0,11.503634722288211,45.57233810044187,30.590375825533332,12.932034969354302,1.0244642941986981,113.34163918848294,44.673799999999986,Satisfactory,2.9782533333333325,6.532352222591798,44.673799999999986
4.0,26.76923076923077,75.81282051282052,17.827353066945406,50.513469853185725,2.6073758730460397,158.44666698341805,3.0,11.503634722288211,45.57233810044187,30.590375825533332,12.932034969354302,1.0244642941986981,113.34163918848294,44.673799999999986,Satisfactory,2.9782533333333325,6.532352222591798,44.673799999999986
4.0,26.76923076923077,75.81794871794872,17.827353066945406,50.513469853185725,2.6073758730460397,158.44666698341805,3.0,11.503634722288211,45.57233810044187,30.590375825533332,12.932034969354302,1.0244642941986981,113.34163918848294,44.32789999999998,Satisfactory,2.955193333333332,6.431920443382366,44.32789999999998
4.0,26.76923076923077,75.82307692307693,17.827353066945406,50.513469853185725,2.6073758730460397,158.44666698341805,3.0,11.503634722288211,45.57233810044187,30.590375825533332,12.932034969354302,1.0244642941986981,113.34163918848294,44.465099999999985,Satisfactory,2.964339999999999,6.563912628150987,44.465099999999985
4.0,26.76923076923077,75.82820512820513,17.827353066945406,50.513469853185725,2.6073758730460397,158.44666698341805,3.0,11.503634722288211,45.57233810044187,30.590375825533332,12.932034969354302,1.0244642941986981,113.34163918848294,44.465099999999985,Satisfactory,2.964339999999999,6.563912628150987,44.465099999999985
4.0,26.76923076923077,75.83333333333334,17.827353066945406,50.513469853185725,2.6073758730460397,158.44666698341805,3.0,11.503634722288211,45.57233810044187,30.590375825533332,12.932034969354302,1.0244642941986981,113.34163918848294,44.465099999999985,Satisfactory,2.964339999999999,6.563912628150987,44.465099999999985
4.0,26.76923076923077,75.83846153846154,17.827353066945406,50.513469853185725,2.6073758730460397,158.44666698341805,3.0,11.503634722288211,45.57233810044187,30.590375825533332,12.932034969354302,1.0244642941986981,113.34163918848294,44.465099999999985,Satisfactory,2.964339999999999,6.563912628150987,44.465099999999985
4.0,26.76923076923077,75.84358974358975,17.827353066945406,50.513469853185725,2.6073758730460397,158.44666698341805,3.0,11.503634722288211,45.57233810044187,30.590375825533332,12.932034969354302,1.0244642941986981,113.34163918848294,44.465099999999985,Satisfactory,2.964339999999999,6.563912628150987,44.465099999999985
4.0,26.76923076923077,75.84871794871795,17.827353066945406,50.513469853185725,2.6073758730460397,158.44666698341805,3.0,11.503634722288211,45.57233810044187,30.590375825533332,12.932034969354302,1.0244642941986981,113.34163918848294,44.465099999999985,Satisfactory,2.964339999999999,6.563912628150987,44.465099999999985
4.0,26.76923076923077,75.85384615384616,17.827353066945406,50.513469853185725,2.6073758730460397,158.44666698341805,3.0,11.503634722288211,45.57233810044187,30.590375825533332,12.932034969354302,1.0244642941986981,113.34163918848294,44.465099999999985,Satisfactory,2.964339999999999,6.563912628150987,44.465099999999985
4.0,26.76923076923077,75.85897435897436,17.827353066945406,50.513469853185725,2.6073758730460397,158.44666698341805,3.0,11.503634722288211,45.57233810044187,30.590375825533332,12.932034969354302,1.0244642941986981,113.34163918848294,44.465099999999985,Satisfactory,2.964339999999999,6.563912628150987,44.465099999999985
4.0,26.76923076923077,75.86410256410257,17.827353066945406,50.513469853185725,2.6073758730460397,158.44666698341805,3.0,11.503634722288211,45.57233810044187,30.590375825533332,12.932034969354302,1.0244642941986981,113.34163918848294,44.465099999999985,Satisfactory,2.964339999999999,6.563912628150987,44.465099999999985
4.0,26.76923076923077,75.86923076923077,17.827353066945406,50.513469853185725,2.6073758730460397,158.44666698341805,3.0,11.503634722288211,45.57233810044187,30.590375825533332,12.932034969354302,1.0244642941986981,113.34163918848294,44.465099999999985,Satisfactory,2.964339999999999,6.563912628150987,44.465099999999985
4.0,26.76923076923077,75.87435897435898,17.827353066945406,50.513469853185725,2.6073758730460397,158.44666698341805,3.0,11.503634722288211,45.57233810044187,30.590375825533332,12.932034969354302,1.0244642941986981,113.34163918848294,44.465099999999985,Satisfactory,2.964339999999999,6.563912628150987,44.465099999999985
4.0,26.76923076923077,75.87948717948719,17.827353066945406,50.513469853185725,2.6073758730460397,158.44666698341805,3.0,11.503634722288211,45.57233810044187,30.590375825533332,12.932034969354302,1.0244642941986981,113.34163918848294,44.465099999999985,Satisfactory,2.964339999999999,6.563912628150987,44.465099999999985
4.0,26.76923076923077,75.88461538461539,17.827353066945406,50.513469853185725,2.6073758730460397,158.44666698341805,3.0,11.503634722288211,45.57233810044187,30.590375825533332,12.932034969354302,1.0244642941986981,113.34163918848294,44.465099999999985,Satisfactory,2.964339999999999,6.563912628150987,44.465099999999985
4.0,26.76923076923077,75.88974358974359,17.827353066945406,50.513469853185725,2.6073758730460397,158.44666698341805,3.0,11.503634722288211,45.57233810044187,30.590375825533332,12.932034969354302,1.0244642941986981,113.34163918848294,44.465099999999985,Satisfactory,2.964339999999999,6.563912628150987,44.465099999999985
4.0,26.76923076923077,75.8948717948718,17.827353066945406,50.513469853185725,2.6073758730460397,158.44666698341805,3.0,11.503634722288211,45.57233810044187,30.590375825533332,12.932034969354302,1.0244642941986981,113.34163918848294,44.465099999999985,Satisfactory,2.964339999999999,6.563912628150987,44.465099999999985
4.0,26.76923076923077,75.9,17.827353066945406,50.513469853185725,2.6073758730460397,158.44666698341805,3.0,11.503634722288211,45.57233810044187,30.590375825533332,12.932034969354302,1.0244642941986981,113.34163918848294,44.465099999999985,Satisfactory,2.964339999999999,6.563912628150987,44.465099999999985
4.0,26.775641025641026,75.7,17.827353066945406,50.513469853185725,2.6073758730460397,158.44666698341805,3.0,11.503634722288211,45.57233810044187,30.590375825533332,12.932034969354302,1.0244642941986981,113.34163918848294,45.03469999999999,Satisfactory,3.0023133333333325,6.634104831098166,45.03469999999999
4.0,26.775641025641026,75.7051282051282,17.827353066945406,50.513469853185725,2.6073758730460397,158.44666698341805,3.0,11.503634722288211,45.57233810044187,30.590375825533332,12.932034969354302,1.0244642941986981,113.34163918848294,45.03469999999999,Satisfactory,3.0023133333333325,6.634104831098166,45.03469999999999
4.0,26.775641025641026,75.71025641025642,17.827353066945406,50.513469853185725,2.6073758730460397,158.44666698341805,3.0,11.503634722288211,45.57233810044187,30.590375825533332,12.932034969354302,1.0244642941986981,113.34163918848294,45.03469999999999,Satisfactory,3.0023133333333325,6.634104831098166,45.03469999999999
4.0,26.775641025641026,75.71538461538462,17.827353066945406,50.513469853185725,2.6073758730460397,158.44666698341805,3.0,11.503634722288211,45.57233810044187,30.590375825533332,12.932034969354302,1.0244642941986981,113.34163918848294,45.03469999999999,Satisfactory,3.0023133333333325,6.634104831098166,45.03469999999999
4.0,26.775641025641026,75.72051282051282,17.827353066945406,50.513469853185725,2.6073758730460397,158.44666698341805,3.0,11.503634722288211,45.57233810044187,30.590375825533332,12.932034969354302,1.0244642941986981,113.34163918848294,45.03469999999999,Satisfactory,3.0023133333333325,6.634104831098166,45.03469999999999
4.0,26.775641025641026,75.72564102564102,17.827353066945406,50.513469853185725,2.6073758730460397,158.44666698341805,3.0,11.503634722288211,45.57233810044187,30.590375825533332,12.932034969354302,1.0244642941986981,113.34163918848294,45.03469999999999,Satisfactory,3.0023133333333325,6.634104831098166,45.03469999999999
4.0,26.775641025641026,75.73076923076924,17.827353066945406,50.513469853185725,2.6073758730460397,158.44666698341805,3.0,11.503634722288211,45.57233810044187,30.590375825533332,12.932034969354302,1.0244642941986981,113.34163918848294,45.03469999999999,Satisfactory,3.0023133333333325,6.634104831098166,45.03469999999999
4.0,26.775641025641026,75.73589743589744,17.827353066945406,50.513469853185725,2.6073758730460397,158.44666698341805,3.0,11.503634722288211,45.57233810044187,30.590375825533332,12.932034969354302,1.0244642941986981,113.34163918848294,45.03469999999999,Satisfactory,3.0023133333333325,6.634104831098166,45.03469999999999
4.0,26.775641025641026,75.74102564102564,17.827353066945406,50.513469853185725,2.6073758730460397,158.44666698341805,3.0,11.503634722288211,45.57233810044187,30.590375825533332,12.932034969354302,1.0244642941986981,113.34163918848294,45.03469999999999,Satisfactory,3.0023133333333325,6.634104831098166,45.03469999999999
4.0,26.775641025641026,75.74615384615385,17.827353066945406,50.513469853185725,2.6073758730460397,158.44666698341805,3.0,11.503634722288211,45.57233810044187,30.590375825533332,12.932034969354302,1.0244642941986981,113.34163918848294,45.03469999999999,Satisfactory,3.0023133333333325,6.634104831098166,45.03469999999999
4.0,26.775641025641026,75.75128205128206,17.827353066945406,50.513469853185725,2.6073758730460397,158.44666698341805,3.0,11.503634722288211,45.57233810044187,30.590375825533332,12.932034969354302,1.0244642941986981,113.34163918848294,45.03469999999999,Satisfactory,3.0023133333333325,6.634104831098166,45.03469999999999
4.0,26.775641025641026,75.75641025641026,17.827353066945406,50.513469853185725,2.6073758730460397,158.44666698341805,3.0,11.503634722288211,45.57233810044187,30.590375825533332,12.932034969354302,1.0244642941986981,113.34163918848294,45.03619999999999,Satisfactory,3.0024133333333323,6.567218708098581,45.03619999999999
4.0,26.775641025641026,75.76153846153846,17.827353066945406,50.513469853185725,2.6073758730460397,158.44666698341805,3.0,11.503634722288211,45.57233810044187,30.590375825533332,12.932034969354302,1.0244642941986981,113.34163918848294,45.03619999999999,Satisfactory,3.0024133333333323,6.567218708098581,45.03619999999999
4.0,26.775641025641026,75.76666666666667,17.827353066945406,50.513469853185725,2.6073758730460397,158.44666698341805,3.0,11.503634722288211,45.57233810044187,30.590375825533332,12.932034969354302,1.0244642941986981,113.34163918848294,45.03619999999999,Satisfactory,3.0024133333333323,6.567218708098581,45.03619999999999
4.0,26.775641025641026,75.77179487179488,17.827353066945406,50.513469853185725,2.6073758730460397,158.44666698341805,3.0,11.503634722288211,45.57233810044187,30.590375825533332,12.932034969354302,1.0244642941986981,113.34163918848294,45.03619999999999,Satisfactory,3.0024133333333323,6.567218708098581,45.03619999999999
4.0,26.775641025641026,75.77692307692308,17.827353066945406,50.513469853185725,2.6073758730460397,158.44666698341805,3.0,11.503634722288211,45.57233810044187,30.590375825533332,12.932034969354302,1.0244642941986981,113.34163918848294,45.005499999999984,Satisfactory,3.0003666666666655,6.5297412467876566,45.005499999999984
4.0,26.775641025641026,75.78205128205128,17.827353066945406,50.513469853185725,2.6073758730460397,158.44666698341805,3.0,11.503634722288211,45.57233810044187,30.590375825533332,12.932034969354302,1.0244642941986981,113.34163918848294,45.005499999999984,Satisfactory,3.0003666666666655,6.5297412467876566,45.005499999999984
4.0,26.775641025641026,75.78717948717949,17.827353066945406,50.513469853185725,2.6073758730460397,158.44666698341805,3.0,11.503634722288211,45.57233810044187,30.590375825533332,12.932034969354302,1.0244642941986981,113.34163918848294,45.005499999999984,Satisfactory,3.0003666666666655,6.5297412467876566,45.005499999999984
4.0,26.775641025641026,75.7923076923077,17.827353066945406,50.513469853185725,2.6073758730460397,158.44666698341805,3.0,11.503634722288211,45.57233810044187,30.590375825533332,12.932034969354302,1.0244642941986981,113.34163918848294,44.84399999999999,Satisfactory,2.989599999999999,6.7015651903118885,44.84399999999999
4.0,26.775641025641026,75.7974358974359,17.827353066945406,50.513469853185725,2.6073758730460397,158.44666698341805,3.0,11.503634722288211,45.57233810044187,30.590375825533332,12.932034969354302,1.0244642941986981,113.34163918848294,44.673799999999986,Satisfactory,2.9782533333333325,6.532352222591798,44.673799999999986
4.0,26.775641025641026,75.8025641025641,17.827353066945406,50.513469853185725,2.6073758730460397,158.44666698341805,3.0,11.503634722288211,45.57233810044187,30.590375825533332,12.932034969354302,1.0244642941986981,113.34163918848294,44.673799999999986,Satisfactory,2.9782533333333325,6.532352222591798,44.673799999999986
4.0,26.775641025641026,75.8076923076923,17.827353066945406,50.513469853185725,2.6073758730460397,158.44666698341805,3.0,11.503634722288211,45.57233810044187,30.590375825533332,12.932034969354302,1.0244642941986981,113.34163918848294,44.673799999999986,Satisfactory,2.9782533333333325,6.532352222591798,44.673799999999986
4.0,26.775641025641026,75.81282051282052,17.827353066945406,50.513469853185725,2.6073758730460397,158.44666698341805,3.0,11.503634722288211,45.57233810044187,30.590375825533332,12.932034969354302,1.0244642941986981,113.34163918848294,44.673799999999986,Satisfactory,2.9782533333333325,6.532352222591798,44.673799999999986
4.0,26.775641025641026,75.81794871794872,17.827353066945406,50.513469853185725,2.6073758730460397,158.44666698341805,3.0,11.503634722288211,45.57233810044187,30.590375825533332,12.932034969354302,1.0244642941986981,113.34163918848294,44.32789999999998,Satisfactory,2.955193333333332,6.431920443382366,44.32789999999998
4.0,26.775641025641026,75.82307692307693,17.827353066945406,50.513469853185725,2.6073758730460397,158.44666698341805,3.0,11.503634722288211,45.57233810044187,30.590375825533332,12.932034969354302,1.0244642941986981,113.34163918848294,44.465099999999985,Satisfactory,2.964339999999999,6.563912628150987,44.465099999999985
4.0,26.775641025641026,75.82820512820513,17.827353066945406,50.513469853185725,2.6073758730460397,158.44666698341805,3.0,11.503634722288211,45.57233810044187,30.590375825533332,12.932034969354302,1.0244642941986981,113.34163918848294,44.465099999999985,Satisfactory,2.964339999999999,6.563912628150987,44.465099999999985
4.0,26.775641025641026,75.83333333333334,17.827353066945406,50.513469853185725,2.6073758730460397,158.44666698341805,3.0,11.503634722288211,45.57233810044187,30.590375825533332,12.932034969354302,1.0244642941986981,113.34163918848294,44.465099999999985,Satisfactory,2.964339999999999,6.563912628150987,44.465099999999985
4.0,26.775641025641026,75.83846153846154,17.827353066945406,50.513469853185725,2.6073758730460397,158.44666698341805,3.0,11.503634722288211,45.57233810044187,30.590375825533332,12.932034969354302,1.0244642941986981,113.34163918848294,44.465099999999985,Satisfactory,2.964339999999999,6.563912628150987,44.465099999999985
4.0,26.775641025641026,75.84358974358975,17.827353066945406,50.513469853185725,2.6073758730460397,158.44666698341805,3.0,11.503634722288211,45.57233810044187,30.590375825533332,12.932034969354302,1.0244642941986981,113.34163918848294,44.465099999999985,Satisfactory,2.964339999999999,6.563912628150987,44.465099999999985
4.0,26.775641025641026,75.84871794871795,17.827353066945406,50.513469853185725,2.6073758730460397,158.44666698341805,3.0,11.503634722288211,45.57233810044187,30.590375825533332,12.932034969354302,1.0244642941986981,113.34163918848294,44.465099999999985,Satisfactory,2.964339999999999,6.563912628150987,44.465099999999985
4.0,26.775641025641026,75.85384615384616,17.827353066945406,50.513469853185725,2.6073758730460397,158.44666698341805,3.0,11.503634722288211,45.57233810044187,30.590375825533332,12.932034969354302,1.0244642941986981,113.34163918848294,44.465099999999985,Satisfactory,2.964339999999999,6.563912628150987,44.465099999999985
4.0,26.775641025641026,75.85897435897436,17.827353066945406,50.513469853185725,2.6073758730460397,158.44666698341805,3.0,11.503634722288211,45.57233810044187,30.590375825533332,12.932034969354302,1.0244642941986981,113.34163918848294,44.465099999999985,Satisfactory,2.964339999999999,6.563912628150987,44.465099999999985
4.0,26.775641025641026,75.86410256410257,17.827353066945406,50.513469853185725,2.6073758730460397,158.44666698341805,3.0,11.503634722288211,45.57233810044187,30.590375825533332,12.932034969354302,1.0244642941986981,113.34163918848294,44.465099999999985,Satisfactory,2.964339999999999,6.563912628150987,44.465099999999985
4.0,26.775641025641026,75.86923076923077,17.827353066945406,50.513469853185725,2.6073758730460397,158.44666698341805,3.0,11.503634722288211,45.57233810044187,30.590375825533332,12.932034969354302,1.0244642941986981,113.34163918848294,44.465099999999985,Satisfactory,2.964339999999999,6.563912628150987,44.465099999999985
4.0,26.775641025641026,75.87435897435898,17.827353066945406,50.513469853185725,2.6073758730460397,158.44666698341805,3.0,11.503634722288211,45.57233810044187,30.590375825533332,12.932034969354302,1.0244642941986981,113.34163918848294,44.465099999999985,Satisfactory,2.964339999999999,6.563912628150987,44.465099999999985
4.0,26.775641025641026,75.87948717948719,17.827353066945406,50.513469853185725,2.6073758730460397,158.44666698341805,3.0,11.503634722288211,45.57233810044187,30.590375825533332,12.932034969354302,1.0244642941986981,113.34163918848294,44.465099999999985,Satisfactory,2.964339999999999,6.563912628150987,44.465099999999985
4.0,26.775641025641026,75.88461538461539,17.827353066945406,50.513469853185725,2.6073758730460397,158.44666698341805,3.0,11.503634722288211,45.57233810044187,30.590375825533332,12.932034969354302,1.0244642941986981,113.34163918848294,44.465099999999985,Satisfactory,2.964339999999999,6.563912628150987,44.465099999999985
4.0,26.775641025641026,75.88974358974359,17.827353066945406,50.513469853185725,2.6073758730460397,158.44666698341805,3.0,11.503634722288211,45.57233810044187,30.590375825533332,12.932034969354302,1.0244642941986981,113.34163918848294,44.465099999999985,Satisfactory,2.964339999999999,6.563912628150987,44.465099999999985
4.0,26.775641025641026,75.8948717948718,17.827353066945406,50.513469853185725,2.6073758730460397,158.44666698341805,3.0,11.503634722288211,45.57233810044187,30.590375825533332,12.932034969354302,1.0244642941986981,113.34163918848294,44.465099999999985,Satisfactory,2.964339999999999,6.563912628150987,44.465099999999985
4.0,26.775641025641026,75.9,17.827353066945406,50.513469853185725,2.6073758730460397,158.44666698341805,3.0,11.503634722288211,45.57233810044187,30.590375825533332,12.932034969354302,1.0244642941986981,113.34163918848294,44.465099999999985,Satisfactory,2.964339999999999,6.563912628150987,44.465099999999985
4.0,26.78205128205128,75.7,17.827353066945406,50.513469853185725,2.6073758730460397,158.44666698341805,3.0,11.503634722288211,45.57233810044187,30.590375825533332,12.932034969354302,1.0244642941986981,113.34163918848294,45.03469999999999,Satisfactory,3.0023133333333325,6.634104831098166,45.03469999999999
4.0,26.78205128205128,75.7051282051282,17.827353066945406,50.513469853185725,2.6073758730460397,158.44666698341805,3.0,11.503634722288211,45.57233810044187,30.590375825533332,12.932034969354302,1.0244642941986981,113.34163918848294,45.03469999999999,Satisfactory,3.0023133333333325,6.634104831098166,45.03469999999999
4.0,26.78205128205128,75.71025641025642,17.827353066945406,50.513469853185725,2.6073758730460397,158.44666698341805,3.0,11.503634722288211,45.57233810044187,30.590375825533332,12.932034969354302,1.0244642941986981,113.34163918848294,45.03469999999999,Satisfactory,3.0023133333333325,6.634104831098166,45.03469999999999
4.0,26.78205128205128,75.71538461538462,17.827353066945406,50.513469853185725,2.6073758730460397,158.44666698341805,3.0,11.503634722288211,45.57233810044187,30.590375825533332,12.932034969354302,1.0244642941986981,113.34163918848294,45.03469999999999,Satisfactory,3.0023133333333325,6.634104831098166,45.03469999999999
4.0,26.78205128205128,75.72051282051282,17.827353066945406,50.513469853185725,2.6073758730460397,158.44666698341805,3.0,11.503634722288211,45.57233810044187,30.590375825533332,12.932034969354302,1.0244642941986981,113.34163918848294,45.03469999999999,Satisfactory,3.0023133333333325,6.634104831098166,45.03469999999999
4.0,26.78205128205128,75.72564102564102,17.827353066945406,50.513469853185725,2.6073758730460397,158.44666698341805,3.0,11.503634722288211,45.57233810044187,30.590375825533332,12.932034969354302,1.0244642941986981,113.34163918848294,45.03469999999999,Satisfactory,3.0023133333333325,6.634104831098166,45.03469999999999
4.0,26.78205128205128,75.73076923076924,17.827353066945406,50.513469853185725,2.6073758730460397,158.44666698341805,3.0,11.503634722288211,45.57233810044187,30.590375825533332,12.932034969354302,1.0244642941986981,113.34163918848294,45.03469999999999,Satisfactory,3.0023133333333325,6.634104831098166,45.03469999999999
4.0,26.78205128205128,75.73589743589744,17.827353066945406,50.513469853185725,2.6073758730460397,158.44666698341805,3.0,11.503634722288211,45.57233810044187,30.590375825533332,12.932034969354302,1.0244642941986981,113.34163918848294,45.03469999999999,Satisfactory,3.0023133333333325,6.634104831098166,45.03469999999999
4.0,26.78205128205128,75.74102564102564,17.827353066945406,50.513469853185725,2.6073758730460397,158.44666698341805,3.0,11.503634722288211,45.57233810044187,30.590375825533332,12.932034969354302,1.0244642941986981,113.34163918848294,45.03469999999999,Satisfactory,3.0023133333333325,6.634104831098166,45.03469999999999
4.0,26.78205128205128,75.74615384615385,17.827353066945406,50.513469853185725,2.6073758730460397,158.44666698341805,3.0,11.503634722288211,45.57233810044187,30.590375825533332,12.932034969354302,1.0244642941986981,113.34163918848294,45.03469999999999,Satisfactory,3.0023133333333325,6.634104831098166,45.03469999999999
4.0,26.78205128205128,75.75128205128206,17.827353066945406,50.513469853185725,2.6073758730460397,158.44666698341805,3.0,11.503634722288211,45.57233810044187,30.590375825533332,12.932034969354302,1.0244642941986981,113.34163918848294,45.03469999999999,Satisfactory,3.0023133333333325,6.634104831098166,45.03469999999999
4.0,26.78205128205128,75.75641025641026,17.827353066945406,50.513469853185725,2.6073758730460397,158.44666698341805,3.0,11.503634722288211,45.57233810044187,30.590375825533332,12.932034969354302,1.0244642941986981,113.34163918848294,45.03619999999999,Satisfactory,3.0024133333333323,6.567218708098581,45.03619999999999
4.0,26.78205128205128,75.76153846153846,17.827353066945406,50.513469853185725,2.6073758730460397,158.44666698341805,3.0,11.503634722288211,45.57233810044187,30.590375825533332,12.932034969354302,1.0244642941986981,113.34163918848294,45.03619999999999,Satisfactory,3.0024133333333323,6.567218708098581,45.03619999999999
4.0,26.78205128205128,75.76666666666667,17.827353066945406,50.513469853185725,2.6073758730460397,158.44666698341805,3.0,11.503634722288211,45.57233810044187,30.590375825533332,12.932034969354302,1.0244642941986981,113.34163918848294,45.03619999999999,Satisfactory,3.0024133333333323,6.567218708098581,45.03619999999999
4.0,26.78205128205128,75.77179487179488,17.827353066945406,50.513469853185725,2.6073758730460397,158.44666698341805,3.0,11.503634722288211,45.57233810044187,30.590375825533332,12.932034969354302,1.0244642941986981,113.34163918848294,45.03619999999999,Satisfactory,3.0024133333333323,6.567218708098581,45.03619999999999
4.0,26.78205128205128,75.77692307692308,17.827353066945406,50.513469853185725,2.6073758730460397,158.44666698341805,3.0,11.503634722288211,45.57233810044187,30.590375825533332,12.932034969354302,1.0244642941986981,113.34163918848294,45.005499999999984,Satisfactory,3.0003666666666655,6.5297412467876566,45.005499999999984
4.0,26.78205128205128,75.78205128205128,17.827353066945406,50.513469853185725,2.6073758730460397,158.44666698341805,3.0,11.503634722288211,45.57233810044187,30.590375825533332,12.932034969354302,1.0244642941986981,113.34163918848294,45.005499999999984,Satisfactory,3.0003666666666655,6.5297412467876566,45.005499999999984
4.0,26.78205128205128,75.78717948717949,17.827353066945406,50.513469853185725,2.6073758730460397,158.44666698341805,3.0,11.503634722288211,45.57233810044187,30.590375825533332,12.932034969354302,1.0244642941986981,113.34163918848294,45.005499999999984,Satisfactory,3.0003666666666655,6.5297412467876566,45.005499999999984
4.0,26.78205128205128,75.7923076923077,17.827353066945406,50.513469853185725,2.6073758730460397,158.44666698341805,3.0,11.503634722288211,45.57233810044187,30.590375825533332,12.932034969354302,1.0244642941986981,113.34163918848294,44.84399999999999,Satisfactory,2.989599999999999,6.7015651903118885,44.84399999999999
4.0,26.78205128205128,75.7974358974359,17.827353066945406,50.513469853185725,2.6073758730460397,158.44666698341805,3.0,11.503634722288211,45.57233810044187,30.590375825533332,12.932034969354302,1.0244642941986981,113.34163918848294,44.673799999999986,Satisfactory,2.9782533333333325,6.532352222591798,44.673799999999986
4.0,26.78205128205128,75.8025641025641,17.827353066945406,50.513469853185725,2.6073758730460397,158.44666698341805,3.0,11.503634722288211,45.57233810044187,30.590375825533332,12.932034969354302,1.0244642941986981,113.34163918848294,44.673799999999986,Satisfactory,2.9782533333333325,6.532352222591798,44.673799999999986
4.0,26.78205128205128,75.8076923076923,17.827353066945406,50.513469853185725,2.6073758730460397,158.44666698341805,3.0,11.503634722288211,45.57233810044187,30.590375825533332,12.932034969354302,1.0244642941986981,113.34163918848294,44.673799999999986,Satisfactory,2.9782533333333325,6.532352222591798,44.673799999999986
4.0,26.78205128205128,75.81282051282052,17.827353066945406,50.513469853185725,2.6073758730460397,158.44666698341805,3.0,11.503634722288211,45.57233810044187,30.590375825533332,12.932034969354302,1.0244642941986981,113.34163918848294,44.673799999999986,Satisfactory,2.9782533333333325,6.532352222591798,44.673799999999986
4.0,26.78205128205128,75.81794871794872,17.827353066945406,50.513469853185725,2.6073758730460397,158.44666698341805,3.0,11.503634722288211,45.57233810044187,30.590375825533332,12.932034969354302,1.0244642941986981,113.34163918848294,44.32789999999998,Satisfactory,2.955193333333332,6.431920443382366,44.32789999999998
4.0,26.78205128205128,75.82307692307693,17.827353066945406,50.513469853185725,2.6073758730460397,158.44666698341805,3.0,11.503634722288211,45.57233810044187,30.590375825533332,12.932034969354302,1.0244642941986981,113.34163918848294,44.465099999999985,Satisfactory,2.964339999999999,6.563912628150987,44.465099999999985
4.0,26.78205128205128,75.82820512820513,17.827353066945406,50.513469853185725,2.6073758730460397,158.44666698341805,3.0,11.503634722288211,45.57233810044187,30.590375825533332,12.932034969354302,1.0244642941986981,113.34163918848294,44.465099999999985,Satisfactory,2.964339999999999,6.563912628150987,44.465099999999985
4.0,26.78205128205128,75.83333333333334,17.827353066945406,50.513469853185725,2.6073758730460397,158.44666698341805,3.0,11.503634722288211,45.57233810044187,30.590375825533332,12.932034969354302,1.0244642941986981,113.34163918848294,44.465099999999985,Satisfactory,2.964339999999999,6.563912628150987,44.465099999999985
4.0,26.78205128205128,75.83846153846154,17.827353066945406,50.513469853185725,2.6073758730460397,158.44666698341805,3.0,11.503634722288211,45.57233810044187,30.590375825533332,12.932034969354302,1.0244642941986981,113.34163918848294,44.465099999999985,Satisfactory,2.964339999999999,6.563912628150987,44.465099999999985
4.0,26.78205128205128,75.84358974358975,17.827353066945406,50.513469853185725,2.6073758730460397,158.44666698341805,3.0,11.503634722288211,45.57233810044187,30.590375825533332,12.932034969354302,1.0244642941986981,113.34163918848294,44.465099999999985,Satisfactory,2.964339999999999,6.563912628150987,44.465099999999985
4.0,26.78205128205128,75.84871794871795,17.827353066945406,50.513469853185725,2.6073758730460397,158.44666698341805,3.0,11.503634722288211,45.57233810044187,30.590375825533332,12.932034969354302,1.0244642941986981,113.34163918848294,44.465099999999985,Satisfactory,2.964339999999999,6.563912628150987,44.465099999999985
4.0,26.78205128205128,75.85384615384616,17.827353066945406,50.513469853185725,2.6073758730460397,158.44666698341805,3.0,11.503634722288211,45.57233810044187,30.590375825533332,12.932034969354302,1.0244642941986981,113.34163918848294,44.465099999999985,Satisfactory,2.964339999999999,6.563912628150987,44.465099999999985
4.0,26.78205128205128,75.85897435897436,17.827353066945406,50.513469853185725,2.6073758730460397,158.44666698341805,3.0,11.503634722288211,45.57233810044187,30.590375825533332,12.932034969354302,1.0244642941986981,113.34163918848294,44.465099999999985,Satisfactory,2.964339999999999,6.563912628150987,44.465099999999985
4.0,26.78205128205128,75.86410256410257,17.827353066945406,50.513469853185725,2.6073758730460397,158.44666698341805,3.0,11.503634722288211,45.57233810044187,30.590375825533332,12.932034969354302,1.0244642941986981,113.34163918848294,44.465099999999985,Satisfactory,2.964339999999999,6.563912628150987,44.465099999999985
4.0,26.78205128205128,75.86923076923077,17.827353066945406,50.513469853185725,2.6073758730460397,158.44666698341805,3.0,11.503634722288211,45.57233810044187,30.590375825533332,12.932034969354302,1.0244642941986981,113.34163918848294,44.465099999999985,Satisfactory,2.964339999999999,6.563912628150987,44.465099999999985
4.0,26.78205128205128,75.87435897435898,17.827353066945406,50.513469853185725,2.6073758730460397,158.44666698341805,3.0,11.503634722288211,45.57233810044187,30.590375825533332,12.932034969354302,1.0244642941986981,113.34163918848294,44.465099999999985,Satisfactory,2.964339999999999,6.563912628150987,44.465099999999985
4.0,26.78205128205128,75.87948717948719,17.827353066945406,50.513469853185725,2.6073758730460397,158.44666698341805,3.0,11.503634722288211,45.57233810044187,30.590375825533332,12.932034969354302,1.0244642941986981,113.34163918848294,44.465099999999985,Satisfactory,2.964339999999999,6.563912628150987,44.465099999999985
4.0,26.78205128205128,75.88461538461539,17.827353066945406,50.513469853185725,2.6073758730460397,158.44666698341805,3.0,11.503634722288211,45.57233810044187,30.590375825533332,12.932034969354302,1.0244642941986981,113.34163918848294,44.465099999999985,Satisfactory,2.964339999999999,6.563912628150987,44.465099999999985
4.0,26.78205128205128,75.88974358974359,17.827353066945406,50.513469853185725,2.6073758730460397,158.44666698341805,3.0,11.503634722288211,45.57233810044187,30.590375825533332,12.932034969354302,1.0244642941986981,113.34163918848294,44.465099999999985,Satisfactory,2.964339999999999,6.563912628150987,44.465099999999985
4.0,26.78205128205128,75.8948717948718,17.827353066945406,50.513469853185725,2.6073758730460397,158.44666698341805,3.0,11.503634722288211,45.57233810044187,30.590375825533332,12.932034969354302,1.0244642941986981,113.34163918848294,44.465099999999985,Satisfactory,2.964339999999999,6.563912628150987,44.465099999999985
4.0,26.78205128205128,75.9,17.827353066945406,50.513469853185725,2.6073758730460397,158.44666698341805,3.0,11.503634722288211,45.57233810044187,30.590375825533332,12.932034969354302,1.0244642941986981,113.34163918848294,44.465099999999985,Satisfactory,2.964339999999999,6.563912628150987,44.465099999999985
4.0,26.78846153846154,75.7,17.827353066945406,50.513469853185725,2.6073758730460397,158.44666698341805,3.0,11.503634722288211,45.57233810044187,30.590375825533332,12.932034969354302,1.0244642941986981,113.34163918848294,45.03469999999999,Satisfactory,3.0023133333333325,6.634104831098166,45.03469999999999
4.0,26.78846153846154,75.7051282051282,17.827353066945406,50.513469853185725,2.6073758730460397,158.44666698341805,3.0,11.503634722288211,45.57233810044187,30.590375825533332,12.932034969354302,1.0244642941986981,113.34163918848294,45.03469999999999,Satisfactory,3.0023133333333325,6.634104831098166,45.03469999999999
4.0,26.78846153846154,75.71025641025642,17.827353066945406,50.513469853185725,2.6073758730460397,158.44666698341805,3.0,11.503634722288211,45.57233810044187,30.590375825533332,12.932034969354302,1.0244642941986981,113.34163918848294,45.03469999999999,Satisfactory,3.0023133333333325,6.634104831098166,45.03469999999999
4.0,26.78846153846154,75.71538461538462,17.827353066945406,50.513469853185725,2.6073758730460397,158.44666698341805,3.0,11.503634722288211,45.57233810044187,30.590375825533332,12.932034969354302,1.0244642941986981,113.34163918848294,45.03469999999999,Satisfactory,3.0023133333333325,6.634104831098166,45.03469999999999
4.0,26.78846153846154,75.72051282051282,17.827353066945406,50.513469853185725,2.6073758730460397,158.44666698341805,3.0,11.503634722288211,45.57233810044187,30.590375825533332,12.932034969354302,1.0244642941986981,113.34163918848294,45.03469999999999,Satisfactory,3.0023133333333325,6.634104831098166,45.03469999999999
4.0,26.78846153846154,75.72564102564102,17.827353066945406,50.513469853185725,2.6073758730460397,158.44666698341805,3.0,11.503634722288211,45.57233810044187,30.590375825533332,12.932034969354302,1.0244642941986981,113.34163918848294,45.03469999999999,Satisfactory,3.0023133333333325,6.634104831098166,45.03469999999999
4.0,26.78846153846154,75.73076923076924,17.827353066945406,50.513469853185725,2.6073758730460397,158.44666698341805,3.0,11.503634722288211,45.57233810044187,30.590375825533332,12.932034969354302,1.0244642941986981,113.34163918848294,45.03469999999999,Satisfactory,3.0023133333333325,6.634104831098166,45.03469999999999
4.0,26.78846153846154,75.73589743589744,17.827353066945406,50.513469853185725,2.6073758730460397,158.44666698341805,3.0,11.503634722288211,45.57233810044187,30.590375825533332,12.932034969354302,1.0244642941986981,113.34163918848294,45.03469999999999,Satisfactory,3.0023133333333325,6.634104831098166,45.03469999999999
4.0,26.78846153846154,75.74102564102564,17.827353066945406,50.513469853185725,2.6073758730460397,158.44666698341805,3.0,11.503634722288211,45.57233810044187,30.590375825533332,12.932034969354302,1.0244642941986981,113.34163918848294,45.03469999999999,Satisfactory,3.0023133333333325,6.634104831098166,45.03469999999999
4.0,26.78846153846154,75.74615384615385,17.827353066945406,50.513469853185725,2.6073758730460397,158.44666698341805,3.0,11.503634722288211,45.57233810044187,30.590375825533332,12.932034969354302,1.0244642941986981,113.34163918848294,45.03469999999999,Satisfactory,3.0023133333333325,6.634104831098166,45.03469999999999
4.0,26.78846153846154,75.75128205128206,17.827353066945406,50.513469853185725,2.6073758730460397,158.44666698341805,3.0,11.503634722288211,45.57233810044187,30.590375825533332,12.932034969354302,1.0244642941986981,113.34163918848294,45.03469999999999,Satisfactory,3.0023133333333325,6.634104831098166,45.03469999999999
4.0,26.78846153846154,75.75641025641026,17.827353066945406,50.513469853185725,2.6073758730460397,158.44666698341805,3.0,11.503634722288211,45.57233810044187,30.590375825533332,12.932034969354302,1.0244642941986981,113.34163918848294,45.03619999999999,Satisfactory,3.0024133333333323,6.567218708098581,45.03619999999999
4.0,26.78846153846154,75.76153846153846,17.827353066945406,50.513469853185725,2.6073758730460397,158.44666698341805,3.0,11.503634722288211,45.57233810044187,30.590375825533332,12.932034969354302,1.0244642941986981,113.34163918848294,45.03619999999999,Satisfactory,3.0024133333333323,6.567218708098581,45.03619999999999
4.0,26.78846153846154,75.76666666666667,17.827353066945406,50.513469853185725,2.6073758730460397,158.44666698341805,3.0,11.503634722288211,45.57233810044187,30.590375825533332,12.932034969354302,1.0244642941986981,113.34163918848294,45.03619999999999,Satisfactory,3.0024133333333323,6.567218708098581,45.03619999999999
4.0,26.78846153846154,75.77179487179488,17.827353066945406,50.513469853185725,2.6073758730460397,158.44666698341805,3.0,11.503634722288211,45.57233810044187,30.590375825533332,12.932034969354302,1.0244642941986981,113.34163918848294,45.03619999999999,Satisfactory,3.0024133333333323,6.567218708098581,45.03619999999999
4.0,26.78846153846154,75.77692307692308,17.827353066945406,50.513469853185725,2.6073758730460397,158.44666698341805,3.0,11.503634722288211,45.57233810044187,30.590375825533332,12.932034969354302,1.0244642941986981,113.34163918848294,45.005499999999984,Satisfactory,3.0003666666666655,6.5297412467876566,45.005499999999984
4.0,26.78846153846154,75.78205128205128,17.827353066945406,50.513469853185725,2.6073758730460397,158.44666698341805,3.0,11.503634722288211,45.57233810044187,30.590375825533332,12.932034969354302,1.0244642941986981,113.34163918848294,45.005499999999984,Satisfactory,3.0003666666666655,6.5297412467876566,45.005499999999984
4.0,26.78846153846154,75.78717948717949,17.827353066945406,50.513469853185725,2.6073758730460397,158.44666698341805,3.0,11.503634722288211,45.57233810044187,30.590375825533332,12.932034969354302,1.0244642941986981,113.34163918848294,45.005499999999984,Satisfactory,3.0003666666666655,6.5297412467876566,45.005499999999984
4.0,26.78846153846154,75.7923076923077,17.827353066945406,50.513469853185725,2.6073758730460397,158.44666698341805,3.0,11.503634722288211,45.57233810044187,30.590375825533332,12.932034969354302,1.0244642941986981,113.34163918848294,44.84399999999999,Satisfactory,2.989599999999999,6.7015651903118885,44.84399999999999
4.0,26.78846153846154,75.7974358974359,17.827353066945406,50.513469853185725,2.6073758730460397,158.44666698341805,3.0,11.503634722288211,45.57233810044187,30.590375825533332,12.932034969354302,1.0244642941986981,113.34163918848294,44.673799999999986,Satisfactory,2.9782533333333325,6.532352222591798,44.673799999999986
4.0,26.78846153846154,75.8025641025641,17.827353066945406,50.513469853185725,2.6073758730460397,158.44666698341805,3.0,11.503634722288211,45.57233810044187,30.590375825533332,12.932034969354302,1.0244642941986981,113.34163918848294,44.673799999999986,Satisfactory,2.9782533333333325,6.532352222591798,44.673799999999986
4.0,26.78846153846154,75.8076923076923,17.827353066945406,50.513469853185725,2.6073758730460397,158.44666698341805,3.0,11.503634722288211,45.57233810044187,30.590375825533332,12.932034969354302,1.0244642941986981,113.34163918848294,44.673799999999986,Satisfactory,2.9782533333333325,6.532352222591798,44.673799999999986
4.0,26.78846153846154,75.81282051282052,17.827353066945406,50.513469853185725,2.6073758730460397,158.44666698341805,3.0,11.503634722288211,45.57233810044187,30.590375825533332,12.932034969354302,1.0244642941986981,113.34163918848294,44.673799999999986,Satisfactory,2.9782533333333325,6.532352222591798,44.673799999999986
4.0,26.78846153846154,75.81794871794872,17.827353066945406,50.513469853185725,2.6073758730460397,158.44666698341805,3.0,11.503634722288211,45.57233810044187,30.590375825533332,12.932034969354302,1.0244642941986981,113.34163918848294,44.32789999999998,Satisfactory,2.955193333333332,6.431920443382366,44.32789999999998
4.0,26.78846153846154,75.82307692307693,17.827353066945406,50.513469853185725,2.6073758730460397,158.44666698341805,3.0,11.503634722288211,45.57233810044187,30.590375825533332,12.932034969354302,1.0244642941986981,113.34163918848294,44.465099999999985,Satisfactory,2.964339999999999,6.563912628150987,44.465099999999985
4.0,26.78846153846154,75.82820512820513,17.827353066945406,50.513469853185725,2.6073758730460397,158.44666698341805,3.0,11.503634722288211,45.57233810044187,30.590375825533332,12.932034969354302,1.0244642941986981,113.34163918848294,44.465099999999985,Satisfactory,2.964339999999999,6.563912628150987,44.465099999999985
4.0,26.78846153846154,75.83333333333334,17.827353066945406,50.513469853185725,2.6073758730460397,158.44666698341805,3.0,11.503634722288211,45.57233810044187,30.590375825533332,12.932034969354302,1.0244642941986981,113.34163918848294,44.465099999999985,Satisfactory,2.964339999999999,6.563912628150987,44.465099999999985
4.0,26.78846153846154,75.83846153846154,17.827353066945406,50.513469853185725,2.6073758730460397,158.44666698341805,3.0,11.503634722288211,45.57233810044187,30.590375825533332,12.932034969354302,1.0244642941986981,113.34163918848294,44.465099999999985,Satisfactory,2.964339999999999,6.563912628150987,44.465099999999985
4.0,26.78846153846154,75.84358974358975,17.827353066945406,50.513469853185725,2.6073758730460397,158.44666698341805,3.0,11.503634722288211,45.57233810044187,30.590375825533332,12.932034969354302,1.0244642941986981,113.34163918848294,44.465099999999985,Satisfactory,2.964339999999999,6.563912628150987,44.465099999999985
4.0,26.78846153846154,75.84871794871795,17.827353066945406,50.513469853185725,2.6073758730460397,158.44666698341805,3.0,11.503634722288211,45.57233810044187,30.590375825533332,12.932034969354302,1.0244642941986981,113.34163918848294,44.465099999999985,Satisfactory,2.964339999999999,6.563912628150987,44.465099999999985
4.0,26.78846153846154,75.85384615384616,17.827353066945406,50.513469853185725,2.6073758730460397,158.44666698341805,3.0,11.503634722288211,45.57233810044187,30.590375825533332,12.932034969354302,1.0244642941986981,113.34163918848294,44.465099999999985,Satisfactory,2.964339999999999,6.563912628150987,44.465099999999985
4.0,26.78846153846154,75.85897435897436,17.827353066945406,50.513469853185725,2.6073758730460397,158.44666698341805,3.0,11.503634722288211,45.57233810044187,30.590375825533332,12.932034969354302,1.0244642941986981,113.34163918848294,44.465099999999985,Satisfactory,2.964339999999999,6.563912628150987,44.465099999999985
4.0,26.78846153846154,75.86410256410257,17.827353066945406,50.513469853185725,2.6073758730460397,158.44666698341805,3.0,11.503634722288211,45.57233810044187,30.590375825533332,12.932034969354302,1.0244642941986981,113.34163918848294,44.465099999999985,Satisfactory,2.964339999999999,6.563912628150987,44.465099999999985
4.0,26.78846153846154,75.86923076923077,17.827353066945406,50.513469853185725,2.6073758730460397,158.44666698341805,3.0,11.503634722288211,45.57233810044187,30.590375825533332,12.932034969354302,1.0244642941986981,113.34163918848294,44.465099999999985,Satisfactory,2.964339999999999,6.563912628150987,44.465099999999985
4.0,26.78846153846154,75.87435897435898,17.827353066945406,50.513469853185725,2.6073758730460397,158.44666698341805,3.0,11.503634722288211,45.57233810044187,30.590375825533332,12.932034969354302,1.0244642941986981,113.34163918848294,44.465099999999985,Satisfactory,2.964339999999999,6.563912628150987,44.465099999999985
4.0,26.78846153846154,75.87948717948719,17.827353066945406,50.513469853185725,2.6073758730460397,158.44666698341805,3.0,11.503634722288211,45.57233810044187,30.590375825533332,12.932034969354302,1.0244642941986981,113.34163918848294,44.465099999999985,Satisfactory,2.964339999999999,6.563912628150987,44.465099999999985
4.0,26.78846153846154,75.88461538461539,17.827353066945406,50.513469853185725,2.6073758730460397,158.44666698341805,3.0,11.503634722288211,45.57233810044187,30.590375825533332,12.932034969354302,1.0244642941986981,113.34163918848294,44.465099999999985,Satisfactory,2.964339999999999,6.563912628150987,44.465099999999985
4.0,26.78846153846154,75.88974358974359,17.827353066945406,50.513469853185725,2.6073758730460397,158.44666698341805,3.0,11.503634722288211,45.57233810044187,30.590375825533332,12.932034969354302,1.0244642941986981,113.34163918848294,44.465099999999985,Satisfactory,2.964339999999999,6.563912628150987,44.465099999999985
4.0,26.78846153846154,75.8948717948718,17.827353066945406,50.513469853185725,2.6073758730460397,158.44666698341805,3.0,11.503634722288211,45.57233810044187,30.590375825533332,12.932034969354302,1.0244642941986981,113.34163918848294,44.465099999999985,Satisfactory,2.964339999999999,6.563912628150987,44.465099999999985
4.0,26.78846153846154,75.9,17.827353066945406,50.513469853185725,2.6073758730460397,158.44666698341805,3.0,11.503634722288211,45.57233810044187,30.590375825533332,12.932034969354302,1.0244642941986981,113.34163918848294,44.465099999999985,Satisfactory,2.964339999999999,6.563912628150987,44.465099999999985
4.0,26.794871794871796,75.7,17.827353066945406,50.513469853185725,2.6073758730460397,158.44666698341805,3.0,11.503634722288211,45.57233810044187,30.590375825533332,12.932034969354302,1.0244642941986981,113.34163918848294,45.03469999999999,Satisfactory,3.0023133333333325,6.634104831098166,45.03469999999999
4.0,26.794871794871796,75.7051282051282,17.827353066945406,50.513469853185725,2.6073758730460397,158.44666698341805,3.0,11.503634722288211,45.57233810044187,30.590375825533332,12.932034969354302,1.0244642941986981,113.34163918848294,45.03469999999999,Satisfactory,3.0023133333333325,6.634104831098166,45.03469999999999
4.0,26.794871794871796,75.71025641025642,17.827353066945406,50.513469853185725,2.6073758730460397,158.44666698341805,3.0,11.503634722288211,45.57233810044187,30.590375825533332,12.932034969354302,1.0244642941986981,113.34163918848294,45.03469999999999,Satisfactory,3.0023133333333325,6.634104831098166,45.03469999999999
4.0,26.794871794871796,75.71538461538462,17.827353066945406,50.513469853185725,2.6073758730460397,158.44666698341805,3.0,11.503634722288211,45.57233810044187,30.590375825533332,12.932034969354302,1.0244642941986981,113.34163918848294,45.03469999999999,Satisfactory,3.0023133333333325,6.634104831098166,45.03469999999999
4.0,26.794871794871796,75.72051282051282,17.827353066945406,50.513469853185725,2.6073758730460397,158.44666698341805,3.0,11.503634722288211,45.57233810044187,30.590375825533332,12.932034969354302,1.0244642941986981,113.34163918848294,45.03469999999999,Satisfactory,3.0023133333333325,6.634104831098166,45.03469999999999
4.0,26.794871794871796,75.72564102564102,17.827353066945406,50.513469853185725,2.6073758730460397,158.44666698341805,3.0,11.503634722288211,45.57233810044187,30.590375825533332,12.932034969354302,1.0244642941986981,113.34163918848294,45.03469999999999,Satisfactory,3.0023133333333325,6.634104831098166,45.03469999999999
4.0,26.794871794871796,75.73076923076924,17.827353066945406,50.513469853185725,2.6073758730460397,158.44666698341805,3.0,11.503634722288211,45.57233810044187,30.590375825533332,12.932034969354302,1.0244642941986981,113.34163918848294,45.03469999999999,Satisfactory,3.0023133333333325,6.634104831098166,45.03469999999999
4.0,26.794871794871796,75.73589743589744,17.827353066945406,50.513469853185725,2.6073758730460397,158.44666698341805,3.0,11.503634722288211,45.57233810044187,30.590375825533332,12.932034969354302,1.0244642941986981,113.34163918848294,45.03469999999999,Satisfactory,3.0023133333333325,6.634104831098166,45.03469999999999
4.0,26.794871794871796,75.74102564102564,17.827353066945406,50.513469853185725,2.6073758730460397,158.44666698341805,3.0,11.503634722288211,45.57233810044187,30.590375825533332,12.932034969354302,1.0244642941986981,113.34163918848294,45.03469999999999,Satisfactory,3.0023133333333325,6.634104831098166,45.03469999999999
4.0,26.794871794871796,75.74615384615385,17.827353066945406,50.513469853185725,2.6073758730460397,158.44666698341805,3.0,11.503634722288211,45.57233810044187,30.590375825533332,12.932034969354302,1.0244642941986981,113.34163918848294,45.03469999999999,Satisfactory,3.0023133333333325,6.634104831098166,45.03469999999999
4.0,26.794871794871796,75.75128205128206,17.827353066945406,50.513469853185725,2.6073758730460397,158.44666698341805,3.0,11.503634722288211,45.57233810044187,30.590375825533332,12.932034969354302,1.0244642941986981,113.34163918848294,45.03469999999999,Satisfactory,3.0023133333333325,6.634104831098166,45.03469999999999
4.0,26.794871794871796,75.75641025641026,17.827353066945406,50.513469853185725,2.6073758730460397,158.44666698341805,3.0,11.503634722288211,45.57233810044187,30.590375825533332,12.932034969354302,1.0244642941986981,113.34163918848294,45.03619999999999,Satisfactory,3.0024133333333323,6.567218708098581,45.03619999999999
4.0,26.794871794871796,75.76153846153846,17.827353066945406,50.513469853185725,2.6073758730460397,158.44666698341805,3.0,11.503634722288211,45.57233810044187,30.590375825533332,12.932034969354302,1.0244642941986981,113.34163918848294,45.03619999999999,Satisfactory,3.0024133333333323,6.567218708098581,45.03619999999999
4.0,26.794871794871796,75.76666666666667,17.827353066945406,50.513469853185725,2.6073758730460397,158.44666698341805,3.0,11.503634722288211,45.57233810044187,30.590375825533332,12.932034969354302,1.0244642941986981,113.34163918848294,45.03619999999999,Satisfactory,3.0024133333333323,6.567218708098581,45.03619999999999
4.0,26.794871794871796,75.77179487179488,17.827353066945406,50.513469853185725,2.6073758730460397,158.44666698341805,3.0,11.503634722288211,45.57233810044187,30.590375825533332,12.932034969354302,1.0244642941986981,113.34163918848294,45.03619999999999,Satisfactory,3.0024133333333323,6.567218708098581,45.03619999999999
4.0,26.794871794871796,75.77692307692308,17.827353066945406,50.513469853185725,2.6073758730460397,158.44666698341805,3.0,11.503634722288211,45.57233810044187,30.590375825533332,12.932034969354302,1.0244642941986981,113.34163918848294,45.005499999999984,Satisfactory,3.0003666666666655,6.5297412467876566,45.005499999999984
4.0,26.794871794871796,75.78205128205128,17.827353066945406,50.513469853185725,2.6073758730460397,158.44666698341805,3.0,11.503634722288211,45.57233810044187,30.590375825533332,12.932034969354302,1.0244642941986981,113.34163918848294,45.005499999999984,Satisfactory,3.0003666666666655,6.5297412467876566,45.005499999999984
4.0,26.794871794871796,75.78717948717949,17.827353066945406,50.513469853185725,2.6073758730460397,158.44666698341805,3.0,11.503634722288211,45.57233810044187,30.590375825533332,12.932034969354302,1.0244642941986981,113.34163918848294,45.005499999999984,Satisfactory,3.0003666666666655,6.5297412467876566,45.005499999999984
4.0,26.794871794871796,75.7923076923077,17.827353066945406,50.513469853185725,2.6073758730460397,158.44666698341805,3.0,11.503634722288211,45.57233810044187,30.590375825533332,12.932034969354302,1.0244642941986981,113.34163918848294,44.84399999999999,Satisfactory,2.989599999999999,6.7015651903118885,44.84399999999999
4.0,26.794871794871796,75.7974358974359,17.827353066945406,50.513469853185725,2.6073758730460397,158.44666698341805,3.0,11.503634722288211,45.57233810044187,30.590375825533332,12.932034969354302,1.0244642941986981,113.34163918848294,44.673799999999986,Satisfactory,2.9782533333333325,6.532352222591798,44.673799999999986
4.0,26.794871794871796,75.8025641025641,17.827353066945406,50.513469853185725,2.6073758730460397,158.44666698341805,3.0,11.503634722288211,45.57233810044187,30.590375825533332,12.932034969354302,1.0244642941986981,113.34163918848294,44.673799999999986,Satisfactory,2.9782533333333325,6.532352222591798,44.673799999999986
4.0,26.794871794871796,75.8076923076923,17.827353066945406,50.513469853185725,2.6073758730460397,158.44666698341805,3.0,11.503634722288211,45.57233810044187,30.590375825533332,12.932034969354302,1.0244642941986981,113.34163918848294,44.673799999999986,Satisfactory,2.9782533333333325,6.532352222591798,44.673799999999986
4.0,26.794871794871796,75.81282051282052,17.827353066945406,50.513469853185725,2.6073758730460397,158.44666698341805,3.0,11.503634722288211,45.57233810044187,30.590375825533332,12.932034969354302,1.0244642941986981,113.34163918848294,44.673799999999986,Satisfactory,2.9782533333333325,6.532352222591798,44.673799999999986
4.0,26.794871794871796,75.81794871794872,17.827353066945406,50.513469853185725,2.6073758730460397,158.44666698341805,3.0,11.503634722288211,45.57233810044187,30.590375825533332,12.932034969354302,1.0244642941986981,113.34163918848294,44.32789999999998,Satisfactory,2.955193333333332,6.431920443382366,44.32789999999998
4.0,26.794871794871796,75.82307692307693,17.827353066945406,50.513469853185725,2.6073758730460397,158.44666698341805,3.0,11.503634722288211,45.57233810044187,30.590375825533332,12.932034969354302,1.0244642941986981,113.34163918848294,44.465099999999985,Satisfactory,2.964339999999999,6.563912628150987,44.465099999999985
4.0,26.794871794871796,75.82820512820513,17.827353066945406,50.513469853185725,2.6073758730460397,158.44666698341805,3.0,11.503634722288211,45.57233810044187,30.590375825533332,12.932034969354302,1.0244642941986981,113.34163918848294,44.465099999999985,Satisfactory,2.964339999999999,6.563912628150987,44.465099999999985
4.0,26.794871794871796,75.83333333333334,17.827353066945406,50.513469853185725,2.6073758730460397,158.44666698341805,3.0,11.503634722288211,45.57233810044187,30.590375825533332,12.932034969354302,1.0244642941986981,113.34163918848294,44.465099999999985,Satisfactory,2.964339999999999,6.563912628150987,44.465099999999985
4.0,26.794871794871796,75.83846153846154,17.827353066945406,50.513469853185725,2.6073758730460397,158.44666698341805,3.0,11.503634722288211,45.57233810044187,30.590375825533332,12.932034969354302,1.0244642941986981,113.34163918848294,44.465099999999985,Satisfactory,2.964339999999999,6.563912628150987,44.465099999999985
4.0,26.794871794871796,75.84358974358975,17.827353066945406,50.513469853185725,2.6073758730460397,158.44666698341805,3.0,11.503634722288211,45.57233810044187,30.590375825533332,12.932034969354302,1.0244642941986981,113.34163918848294,44.465099999999985,Satisfactory,2.964339999999999,6.563912628150987,44.465099999999985
4.0,26.794871794871796,75.84871794871795,17.827353066945406,50.513469853185725,2.6073758730460397,158.44666698341805,3.0,11.503634722288211,45.57233810044187,30.590375825533332,12.932034969354302,1.0244642941986981,113.34163918848294,44.465099999999985,Satisfactory,2.964339999999999,6.563912628150987,44.465099999999985
4.0,26.794871794871796,75.85384615384616,17.827353066945406,50.513469853185725,2.6073758730460397,158.44666698341805,3.0,11.503634722288211,45.57233810044187,30.590375825533332,12.932034969354302,1.0244642941986981,113.34163918848294,44.465099999999985,Satisfactory,2.964339999999999,6.563912628150987,44.465099999999985
4.0,26.794871794871796,75.85897435897436,17.827353066945406,50.513469853185725,2.6073758730460397,158.44666698341805,3.0,11.503634722288211,45.57233810044187,30.590375825533332,12.932034969354302,1.0244642941986981,113.34163918848294,44.465099999999985,Satisfactory,2.964339999999999,6.563912628150987,44.465099999999985
4.0,26.794871794871796,75.86410256410257,17.827353066945406,50.513469853185725,2.6073758730460397,158.44666698341805,3.0,11.503634722288211,45.57233810044187,30.590375825533332,12.932034969354302,1.0244642941986981,113.34163918848294,44.465099999999985,Satisfactory,2.964339999999999,6.563912628150987,44.465099999999985
4.0,26.794871794871796,75.86923076923077,17.827353066945406,50.513469853185725,2.6073758730460397,158.44666698341805,3.0,11.503634722288211,45.57233810044187,30.590375825533332,12.932034969354302,1.0244642941986981,113.34163918848294,44.465099999999985,Satisfactory,2.964339999999999,6.563912628150987,44.465099999999985
4.0,26.794871794871796,75.87435897435898,17.827353066945406,50.513469853185725,2.6073758730460397,158.44666698341805,3.0,11.503634722288211,45.57233810044187,30.590375825533332,12.932034969354302,1.0244642941986981,113.34163918848294,44.465099999999985,Satisfactory,2.964339999999999,6.563912628150987,44.465099999999985
4.0,26.794871794871796,75.87948717948719,17.827353066945406,50.513469853185725,2.6073758730460397,158.44666698341805,3.0,11.503634722288211,45.57233810044187,30.590375825533332,12.932034969354302,1.0244642941986981,113.34163918848294,44.465099999999985,Satisfactory,2.964339999999999,6.563912628150987,44.465099999999985
4.0,26.794871794871796,75.88461538461539,17.827353066945406,50.513469853185725,2.6073758730460397,158.44666698341805,3.0,11.503634722288211,45.57233810044187,30.590375825533332,12.932034969354302,1.0244642941986981,113.34163918848294,44.465099999999985,Satisfactory,2.964339999999999,6.563912628150987,44.465099999999985
4.0,26.794871794871796,75.88974358974359,17.827353066945406,50.513469853185725,2.6073758730460397,158.44666698341805,3.0,11.503634722288211,45.57233810044187,30.590375825533332,12.932034969354302,1.0244642941986981,113.34163918848294,44.465099999999985,Satisfactory,2.964339999999999,6.563912628150987,44.465099999999985
4.0,26.794871794871796,75.8948717948718,17.827353066945406,50.513469853185725,2.6073758730460397,158.44666698341805,3.0,11.503634722288211,45.57233810044187,30.590375825533332,12.932034969354302,1.0244642941986981,113.34163918848294,44.465099999999985,Satisfactory,2.964339999999999,6.563912628150987,44.465099999999985
4.0,26.794871794871796,75.9,17.827353066945406,50.513469853185725,2.6073758730460397,158.44666698341805,3.0,11.503634722288211,45.57233810044187,30.590375825533332,12.932034969354302,1.0244642941986981,113.34163918848294,44.465099999999985,Satisfactory,2.964339999999999,6.563912628150987,44.465099999999985
4.0,26.80128205128205,75.7,17.827353066945406,50.513469853185725,2.6073758730460397,158.44666698341805,3.0,11.503634722288211,45.57233810044187,30.590375825533332,12.932034969354302,1.0244642941986981,113.34163918848294,45.03469999999999,Satisfactory,3.0023133333333325,6.634104831098166,45.03469999999999
4.0,26.80128205128205,75.7051282051282,17.827353066945406,50.513469853185725,2.6073758730460397,158.44666698341805,3.0,11.503634722288211,45.57233810044187,30.590375825533332,12.932034969354302,1.0244642941986981,113.34163918848294,45.03469999999999,Satisfactory,3.0023133333333325,6.634104831098166,45.03469999999999
4.0,26.80128205128205,75.71025641025642,17.827353066945406,50.513469853185725,2.6073758730460397,158.44666698341805,3.0,11.503634722288211,45.57233810044187,30.590375825533332,12.932034969354302,1.0244642941986981,113.34163918848294,45.03469999999999,Satisfactory,3.0023133333333325,6.634104831098166,45.03469999999999
4.0,26.80128205128205,75.71538461538462,17.827353066945406,50.513469853185725,2.6073758730460397,158.44666698341805,3.0,11.503634722288211,45.57233810044187,30.590375825533332,12.932034969354302,1.0244642941986981,113.34163918848294,45.03469999999999,Satisfactory,3.0023133333333325,6.634104831098166,45.03469999999999
4.0,26.80128205128205,75.72051282051282,17.827353066945406,50.513469853185725,2.6073758730460397,158.44666698341805,3.0,11.503634722288211,45.57233810044187,30.590375825533332,12.932034969354302,1.0244642941986981,113.34163918848294,45.03469999999999,Satisfactory,3.0023133333333325,6.634104831098166,45.03469999999999
4.0,26.80128205128205,75.72564102564102,17.827353066945406,50.513469853185725,2.6073758730460397,158.44666698341805,3.0,11.503634722288211,45.57233810044187,30.590375825533332,12.932034969354302,1.0244642941986981,113.34163918848294,45.03469999999999,Satisfactory,3.0023133333333325,6.634104831098166,45.03469999999999
4.0,26.80128205128205,75.73076923076924,17.827353066945406,50.513469853185725,2.6073758730460397,158.44666698341805,3.0,11.503634722288211,45.57233810044187,30.590375825533332,12.932034969354302,1.0244642941986981,113.34163918848294,45.03469999999999,Satisfactory,3.0023133333333325,6.634104831098166,45.03469999999999
4.0,26.80128205128205,75.73589743589744,17.827353066945406,50.513469853185725,2.6073758730460397,158.44666698341805,3.0,11.503634722288211,45.57233810044187,30.590375825533332,12.932034969354302,1.0244642941986981,113.34163918848294,45.03469999999999,Satisfactory,3.0023133333333325,6.634104831098166,45.03469999999999
4.0,26.80128205128205,75.74102564102564,17.827353066945406,50.513469853185725,2.6073758730460397,158.44666698341805,3.0,11.503634722288211,45.57233810044187,30.590375825533332,12.932034969354302,1.0244642941986981,113.34163918848294,45.03469999999999,Satisfactory,3.0023133333333325,6.634104831098166,45.03469999999999
4.0,26.80128205128205,75.74615384615385,17.827353066945406,50.513469853185725,2.6073758730460397,158.44666698341805,3.0,11.503634722288211,45.57233810044187,30.590375825533332,12.932034969354302,1.0244642941986981,113.34163918848294,45.03469999999999,Satisfactory,3.0023133333333325,6.634104831098166,45.03469999999999
4.0,26.80128205128205,75.75128205128206,17.827353066945406,50.513469853185725,2.6073758730460397,158.44666698341805,3.0,11.503634722288211,45.57233810044187,30.590375825533332,12.932034969354302,1.0244642941986981,113.34163918848294,45.03469999999999,Satisfactory,3.0023133333333325,6.634104831098166,45.03469999999999
4.0,26.80128205128205,75.75641025641026,17.827353066945406,50.513469853185725,2.6073758730460397,158.44666698341805,3.0,11.503634722288211,45.57233810044187,30.590375825533332,12.932034969354302,1.0244642941986981,113.34163918848294,45.03619999999999,Satisfactory,3.0024133333333323,6.567218708098581,45.03619999999999
4.0,26.80128205128205,75.76153846153846,17.827353066945406,50.513469853185725,2.6073758730460397,158.44666698341805,3.0,11.503634722288211,45.57233810044187,30.590375825533332,12.932034969354302,1.0244642941986981,113.34163918848294,45.03619999999999,Satisfactory,3.0024133333333323,6.567218708098581,45.03619999999999
4.0,26.80128205128205,75.76666666666667,17.827353066945406,50.513469853185725,2.6073758730460397,158.44666698341805,3.0,11.503634722288211,45.57233810044187,30.590375825533332,12.932034969354302,1.0244642941986981,113.34163918848294,45.03619999999999,Satisfactory,3.0024133333333323,6.567218708098581,45.03619999999999
4.0,26.80128205128205,75.77179487179488,17.827353066945406,50.513469853185725,2.6073758730460397,158.44666698341805,3.0,11.503634722288211,45.57233810044187,30.590375825533332,12.932034969354302,1.0244642941986981,113.34163918848294,45.03619999999999,Satisfactory,3.0024133333333323,6.567218708098581,45.03619999999999
4.0,26.80128205128205,75.77692307692308,17.827353066945406,50.513469853185725,2.6073758730460397,158.44666698341805,3.0,11.503634722288211,45.57233810044187,30.590375825533332,12.932034969354302,1.0244642941986981,113.34163918848294,45.005499999999984,Satisfactory,3.0003666666666655,6.5297412467876566,45.005499999999984
4.0,26.80128205128205,75.78205128205128,17.827353066945406,50.513469853185725,2.6073758730460397,158.44666698341805,3.0,11.503634722288211,45.57233810044187,30.590375825533332,12.932034969354302,1.0244642941986981,113.34163918848294,45.005499999999984,Satisfactory,3.0003666666666655,6.5297412467876566,45.005499999999984
4.0,26.80128205128205,75.78717948717949,17.827353066945406,50.513469853185725,2.6073758730460397,158.44666698341805,3.0,11.503634722288211,45.57233810044187,30.590375825533332,12.932034969354302,1.0244642941986981,113.34163918848294,45.005499999999984,Satisfactory,3.0003666666666655,6.5297412467876566,45.005499999999984
4.0,26.80128205128205,75.7923076923077,17.827353066945406,50.513469853185725,2.6073758730460397,158.44666698341805,3.0,11.503634722288211,45.57233810044187,30.590375825533332,12.932034969354302,1.0244642941986981,113.34163918848294,44.84399999999999,Satisfactory,2.989599999999999,6.7015651903118885,44.84399999999999
4.0,26.80128205128205,75.7974358974359,17.827353066945406,50.513469853185725,2.6073758730460397,158.44666698341805,3.0,11.503634722288211,45.57233810044187,30.590375825533332,12.932034969354302,1.0244642941986981,113.34163918848294,44.673799999999986,Satisfactory,2.9782533333333325,6.532352222591798,44.673799999999986
4.0,26.80128205128205,75.8025641025641,17.827353066945406,50.513469853185725,2.6073758730460397,158.44666698341805,3.0,11.503634722288211,45.57233810044187,30.590375825533332,12.932034969354302,1.0244642941986981,113.34163918848294,44.673799999999986,Satisfactory,2.9782533333333325,6.532352222591798,44.673799999999986
4.0,26.80128205128205,75.8076923076923,17.827353066945406,50.513469853185725,2.6073758730460397,158.44666698341805,3.0,11.503634722288211,45.57233810044187,30.590375825533332,12.932034969354302,1.0244642941986981,113.34163918848294,44.673799999999986,Satisfactory,2.9782533333333325,6.532352222591798,44.673799999999986
4.0,26.80128205128205,75.81282051282052,17.827353066945406,50.513469853185725,2.6073758730460397,158.44666698341805,3.0,11.503634722288211,45.57233810044187,30.590375825533332,12.932034969354302,1.0244642941986981,113.34163918848294,44.673799999999986,Satisfactory,2.9782533333333325,6.532352222591798,44.673799999999986
4.0,26.80128205128205,75.81794871794872,17.827353066945406,50.513469853185725,2.6073758730460397,158.44666698341805,3.0,11.503634722288211,45.57233810044187,30.590375825533332,12.932034969354302,1.0244642941986981,113.34163918848294,44.32789999999998,Satisfactory,2.955193333333332,6.431920443382366,44.32789999999998
4.0,26.80128205128205,75.82307692307693,17.827353066945406,50.513469853185725,2.6073758730460397,158.44666698341805,3.0,11.503634722288211,45.57233810044187,30.590375825533332,12.932034969354302,1.0244642941986981,113.34163918848294,44.465099999999985,Satisfactory,2.964339999999999,6.563912628150987,44.465099999999985
4.0,26.80128205128205,75.82820512820513,17.827353066945406,50.513469853185725,2.6073758730460397,158.44666698341805,3.0,11.503634722288211,45.57233810044187,30.590375825533332,12.932034969354302,1.0244642941986981,113.34163918848294,44.465099999999985,Satisfactory,2.964339999999999,6.563912628150987,44.465099999999985
4.0,26.80128205128205,75.83333333333334,17.827353066945406,50.513469853185725,2.6073758730460397,158.44666698341805,3.0,11.503634722288211,45.57233810044187,30.590375825533332,12.932034969354302,1.0244642941986981,113.34163918848294,44.465099999999985,Satisfactory,2.964339999999999,6.563912628150987,44.465099999999985
4.0,26.80128205128205,75.83846153846154,17.827353066945406,50.513469853185725,2.6073758730460397,158.44666698341805,3.0,11.503634722288211,45.57233810044187,30.590375825533332,12.932034969354302,1.0244642941986981,113.34163918848294,44.465099999999985,Satisfactory,2.964339999999999,6.563912628150987,44.465099999999985
4.0,26.80128205128205,75.84358974358975,17.827353066945406,50.513469853185725,2.6073758730460397,158.44666698341805,3.0,11.503634722288211,45.57233810044187,30.590375825533332,12.932034969354302,1.0244642941986981,113.34163918848294,44.465099999999985,Satisfactory,2.964339999999999,6.563912628150987,44.465099999999985
4.0,26.80128205128205,75.84871794871795,17.827353066945406,50.513469853185725,2.6073758730460397,158.44666698341805,3.0,11.503634722288211,45.57233810044187,30.590375825533332,12.932034969354302,1.0244642941986981,113.34163918848294,44.465099999999985,Satisfactory,2.964339999999999,6.563912628150987,44.465099999999985
4.0,26.80128205128205,75.85384615384616,17.827353066945406,50.513469853185725,2.6073758730460397,158.44666698341805,3.0,11.503634722288211,45.57233810044187,30.590375825533332,12.932034969354302,1.0244642941986981,113.34163918848294,44.465099999999985,Satisfactory,2.964339999999999,6.563912628150987,44.465099999999985
4.0,26.80128205128205,75.85897435897436,17.827353066945406,50.513469853185725,2.6073758730460397,158.44666698341805,3.0,11.503634722288211,45.57233810044187,30.590375825533332,12.932034969354302,1.0244642941986981,113.34163918848294,44.465099999999985,Satisfactory,2.964339999999999,6.563912628150987,44.465099999999985
4.0,26.80128205128205,75.86410256410257,17.827353066945406,50.513469853185725,2.6073758730460397,158.44666698341805,3.0,11.503634722288211,45.57233810044187,30.590375825533332,12.932034969354302,1.0244642941986981,113.34163918848294,44.465099999999985,Satisfactory,2.964339999999999,6.563912628150987,44.465099999999985
4.0,26.80128205128205,75.86923076923077,17.827353066945406,50.513469853185725,2.6073758730460397,158.44666698341805,3.0,11.503634722288211,45.57233810044187,30.590375825533332,12.932034969354302,1.0244642941986981,113.34163918848294,44.465099999999985,Satisfactory,2.964339999999999,6.563912628150987,44.465099999999985
4.0,26.80128205128205,75.87435897435898,17.827353066945406,50.513469853185725,2.6073758730460397,158.44666698341805,3.0,11.503634722288211,45.57233810044187,30.590375825533332,12.932034969354302,1.0244642941986981,113.34163918848294,44.465099999999985,Satisfactory,2.964339999999999,6.563912628150987,44.465099999999985
4.0,26.80128205128205,75.87948717948719,17.827353066945406,50.513469853185725,2.6073758730460397,158.44666698341805,3.0,11.503634722288211,45.57233810044187,30.590375825533332,12.932034969354302,1.0244642941986981,113.34163918848294,44.465099999999985,Satisfactory,2.964339999999999,6.563912628150987,44.465099999999985
4.0,26.80128205128205,75.88461538461539,17.827353066945406,50.513469853185725,2.6073758730460397,158.44666698341805,3.0,11.503634722288211,45.57233810044187,30.590375825533332,12.932034969354302,1.0244642941986981,113.34163918848294,44.465099999999985,Satisfactory,2.964339999999999,6.563912628150987,44.465099999999985
4.0,26.80128205128205,75.88974358974359,17.827353066945406,50.513469853185725,2.6073758730460397,158.44666698341805,3.0,11.503634722288211,45.57233810044187,30.590375825533332,12.932034969354302,1.0244642941986981,113.34163918848294,44.465099999999985,Satisfactory,2.964339999999999,6.563912628150987,44.465099999999985
4.0,26.80128205128205,75.8948717948718,17.827353066945406,50.513469853185725,2.6073758730460397,158.44666698341805,3.0,11.503634722288211,45.57233810044187,30.590375825533332,12.932034969354302,1.0244642941986981,113.34163918848294,44.465099999999985,Satisfactory,2.964339999999999,6.563912628150987,44.465099999999985
4.0,26.80128205128205,75.9,17.827353066945406,50.513469853185725,2.6073758730460397,158.44666698341805,3.0,11.503634722288211,45.57233810044187,30.590375825533332,12.932034969354302,1.0244642941986981,113.34163918848294,44.465099999999985,Satisfactory,2.964339999999999,6.563912628150987,44.465099999999985
4.0,26.807692307692307,75.7,17.827353066945406,50.513469853185725,2.6073758730460397,158.44666698341805,3.0,11.503634722288211,45.57233810044187,30.590375825533332,12.932034969354302,1.0244642941986981,113.34163918848294,45.46439999999998,Satisfactory,3.030959999999999,6.910058512053279,45.46439999999998
4.0,26.807692307692307,75.7051282051282,17.827353066945406,50.513469853185725,2.6073758730460397,158.44666698341805,3.0,11.503634722288211,45.57233810044187,30.590375825533332,12.932034969354302,1.0244642941986981,113.34163918848294,45.46439999999998,Satisfactory,3.030959999999999,6.910058512053279,45.46439999999998
4.0,26.807692307692307,75.71025641025642,17.827353066945406,50.513469853185725,2.6073758730460397,158.44666698341805,3.0,11.503634722288211,45.57233810044187,30.590375825533332,12.932034969354302,1.0244642941986981,113.34163918848294,45.46439999999998,Satisfactory,3.030959999999999,6.910058512053279,45.46439999999998
4.0,26.807692307692307,75.71538461538462,17.827353066945406,50.513469853185725,2.6073758730460397,158.44666698341805,3.0,11.503634722288211,45.57233810044187,30.590375825533332,12.932034969354302,1.0244642941986981,113.34163918848294,45.46439999999998,Satisfactory,3.030959999999999,6.910058512053279,45.46439999999998
4.0,26.807692307692307,75.72051282051282,17.827353066945406,50.513469853185725,2.6073758730460397,158.44666698341805,3.0,11.503634722288211,45.57233810044187,30.590375825533332,12.932034969354302,1.0244642941986981,113.34163918848294,45.46439999999998,Satisfactory,3.030959999999999,6.910058512053279,45.46439999999998
4.0,26.807692307692307,75.72564102564102,17.827353066945406,50.513469853185725,2.6073758730460397,158.44666698341805,3.0,11.503634722288211,45.57233810044187,30.590375825533332,12.932034969354302,1.0244642941986981,113.34163918848294,45.46439999999998,Satisfactory,3.030959999999999,6.910058512053279,45.46439999999998
4.0,26.807692307692307,75.73076923076924,17.827353066945406,50.513469853185725,2.6073758730460397,158.44666698341805,3.0,11.503634722288211,45.57233810044187,30.590375825533332,12.932034969354302,1.0244642941986981,113.34163918848294,45.46439999999998,Satisfactory,3.030959999999999,6.910058512053279,45.46439999999998
4.0,26.807692307692307,75.73589743589744,17.827353066945406,50.513469853185725,2.6073758730460397,158.44666698341805,3.0,11.503634722288211,45.57233810044187,30.590375825533332,12.932034969354302,1.0244642941986981,113.34163918848294,45.46439999999998,Satisfactory,3.030959999999999,6.910058512053279,45.46439999999998
4.0,26.807692307692307,75.74102564102564,17.827353066945406,50.513469853185725,2.6073758730460397,158.44666698341805,3.0,11.503634722288211,45.57233810044187,30.590375825533332,12.932034969354302,1.0244642941986981,113.34163918848294,45.46439999999998,Satisfactory,3.030959999999999,6.910058512053279,45.46439999999998
4.0,26.807692307692307,75.74615384615385,17.827353066945406,50.513469853185725,2.6073758730460397,158.44666698341805,3.0,11.503634722288211,45.57233810044187,30.590375825533332,12.932034969354302,1.0244642941986981,113.34163918848294,45.46439999999998,Satisfactory,3.030959999999999,6.910058512053279,45.46439999999998
4.0,26.807692307692307,75.75128205128206,17.827353066945406,50.513469853185725,2.6073758730460397,158.44666698341805,3.0,11.503634722288211,45.57233810044187,30.590375825533332,12.932034969354302,1.0244642941986981,113.34163918848294,45.46439999999998,Satisfactory,3.030959999999999,6.910058512053279,45.46439999999998
4.0,26.807692307692307,75.75641025641026,17.827353066945406,50.513469853185725,2.6073758730460397,158.44666698341805,3.0,11.503634722288211,45.57233810044187,30.590375825533332,12.932034969354302,1.0244642941986981,113.34163918848294,45.37739999999999,Satisfactory,3.025159999999999,6.757206911143097,45.37739999999999
4.0,26.807692307692307,75.76153846153846,17.827353066945406,50.513469853185725,2.6073758730460397,158.44666698341805,3.0,11.503634722288211,45.57233810044187,30.590375825533332,12.932034969354302,1.0244642941986981,113.34163918848294,45.37739999999999,Satisfactory,3.025159999999999,6.757206911143097,45.37739999999999
4.0,26.807692307692307,75.76666666666667,17.827353066945406,50.513469853185725,2.6073758730460397,158.44666698341805,3.0,11.503634722288211,45.57233810044187,30.590375825533332,12.932034969354302,1.0244642941986981,113.34163918848294,45.37739999999999,Satisfactory,3.025159999999999,6.757206911143097,45.37739999999999
4.0,26.807692307692307,75.77179487179488,17.827353066945406,50.513469853185725,2.6073758730460397,158.44666698341805,3.0,11.503634722288211,45.57233810044187,30.590375825533332,12.932034969354302,1.0244642941986981,113.34163918848294,45.37739999999999,Satisfactory,3.025159999999999,6.757206911143097,45.37739999999999
4.0,26.807692307692307,75.77692307692308,17.827353066945406,50.513469853185725,2.6073758730460397,158.44666698341805,3.0,11.503634722288211,45.57233810044187,30.590375825533332,12.932034969354302,1.0244642941986981,113.34163918848294,45.250599999999984,Satisfactory,3.0167066666666655,6.497929488690992,45.25059999999999
4.0,26.807692307692307,75.78205128205128,17.827353066945406,50.513469853185725,2.6073758730460397,158.44666698341805,3.0,11.503634722288211,45.57233810044187,30.590375825533332,12.932034969354302,1.0244642941986981,113.34163918848294,45.250599999999984,Satisfactory,3.0167066666666655,6.497929488690992,45.25059999999999
4.0,26.807692307692307,75.78717948717949,17.827353066945406,50.513469853185725,2.6073758730460397,158.44666698341805,3.0,11.503634722288211,45.57233810044187,30.590375825533332,12.932034969354302,1.0244642941986981,113.34163918848294,45.250599999999984,Satisfactory,3.0167066666666655,6.497929488690992,45.25059999999999
4.0,26.807692307692307,75.7923076923077,17.827353066945406,50.513469853185725,2.6073758730460397,158.44666698341805,3.0,11.503634722288211,45.57233810044187,30.590375825533332,12.932034969354302,1.0244642941986981,113.34163918848294,45.05579999999999,Satisfactory,3.0037199999999995,6.607257552116462,45.05579999999999
4.0,26.807692307692307,75.7974358974359,17.827353066945406,50.513469853185725,2.6073758730460397,158.44666698341805,3.0,11.503634722288211,45.57233810044187,30.590375825533332,12.932034969354302,1.0244642941986981,113.34163918848294,44.88559999999998,Satisfactory,2.992373333333332,6.441164385419767,44.88559999999998
4.0,26.807692307692307,75.8025641025641,17.827353066945406,50.513469853185725,2.6073758730460397,158.44666698341805,3.0,11.503634722288211,45.57233810044187,30.590375825533332,12.932034969354302,1.0244642941986981,113.34163918848294,44.88559999999998,Satisfactory,2.992373333333332,6.441164385419767,44.88559999999998
4.0,26.807692307692307,75.8076923076923,17.827353066945406,50.513469853185725,2.6073758730460397,158.44666698341805,3.0,11.503634722288211,45.57233810044187,30.590375825533332,12.932034969354302,1.0244642941986981,113.34163918848294,44.88559999999998,Satisfactory,2.992373333333332,6.441164385419767,44.88559999999998
4.0,26.807692307692307,75.81282051282052,17.827353066945406,50.513469853185725,2.6073758730460397,158.44666698341805,3.0,11.503634722288211,45.57233810044187,30.590375825533332,12.932034969354302,1.0244642941986981,113.34163918848294,44.88559999999998,Satisfactory,2.992373333333332,6.441164385419767,44.88559999999998
4.0,26.807692307692307,75.81794871794872,17.827353066945406,50.513469853185725,2.6073758730460397,158.44666698341805,3.0,11.503634722288211,45.57233810044187,30.590375825533332,12.932034969354302,1.0244642941986981,113.34163918848294,44.53969999999998,Satisfactory,2.969313333333332,6.35083434754836,44.53969999999998
4.0,26.807692307692307,75.82307692307693,17.827353066945406,50.513469853185725,2.6073758730460397,158.44666698341805,3.0,11.503634722288211,45.57233810044187,30.590375825533332,12.932034969354302,1.0244642941986981,113.34163918848294,44.680599999999984,Satisfactory,2.9787066666666657,6.479878057494601,44.680599999999984
4.0,26.807692307692307,75.82820512820513,17.827353066945406,50.513469853185725,2.6073758730460397,158.44666698341805,3.0,11.503634722288211,45.57233810044187,30.590375825533332,12.932034969354302,1.0244642941986981,113.34163918848294,44.680599999999984,Satisfactory,2.9787066666666657,6.479878057494601,44.680599999999984
4.0,26.807692307692307,75.83333333333334,17.827353066945406,50.513469853185725,2.6073758730460397,158.44666698341805,3.0,11.503634722288211,45.57233810044187,30.590375825533332,12.932034969354302,1.0244642941986981,113.34163918848294,44.680599999999984,Satisfactory,2.9787066666666657,6.479878057494601,44.680599999999984
4.0,26.807692307692307,75.83846153846154,17.827353066945406,50.513469853185725,2.6073758730460397,158.44666698341805,3.0,11.503634722288211,45.57233810044187,30.590375825533332,12.932034969354302,1.0244642941986981,113.34163918848294,44.680599999999984,Satisfactory,2.9787066666666657,6.479878057494601,44.680599999999984
4.0,26.807692307692307,75.84358974358975,17.827353066945406,50.513469853185725,2.6073758730460397,158.44666698341805,3.0,11.503634722288211,45.57233810044187,30.590375825533332,12.932034969354302,1.0244642941986981,113.34163918848294,44.680599999999984,Satisfactory,2.9787066666666657,6.479878057494601,44.680599999999984
4.0,26.807692307692307,75.84871794871795,17.827353066945406,50.513469853185725,2.6073758730460397,158.44666698341805,3.0,11.503634722288211,45.57233810044187,30.590375825533332,12.932034969354302,1.0244642941986981,113.34163918848294,44.680599999999984,Satisfactory,2.9787066666666657,6.479878057494601,44.680599999999984
4.0,26.807692307692307,75.85384615384616,17.827353066945406,50.513469853185725,2.6073758730460397,158.44666698341805,3.0,11.503634722288211,45.57233810044187,30.590375825533332,12.932034969354302,1.0244642941986981,113.34163918848294,44.680599999999984,Satisfactory,2.9787066666666657,6.479878057494601,44.680599999999984
4.0,26.807692307692307,75.85897435897436,17.827353066945406,50.513469853185725,2.6073758730460397,158.44666698341805,3.0,11.503634722288211,45.57233810044187,30.590375825533332,12.932034969354302,1.0244642941986981,113.34163918848294,44.680599999999984,Satisfactory,2.9787066666666657,6.479878057494601,44.680599999999984
4.0,26.807692307692307,75.86410256410257,17.827353066945406,50.513469853185725,2.6073758730460397,158.44666698341805,3.0,11.503634722288211,45.57233810044187,30.590375825533332,12.932034969354302,1.0244642941986981,113.34163918848294,44.680599999999984,Satisfactory,2.9787066666666657,6.479878057494601,44.680599999999984
4.0,26.807692307692307,75.86923076923077,17.827353066945406,50.513469853185725,2.6073758730460397,158.44666698341805,3.0,11.503634722288211,45.57233810044187,30.590375825533332,12.932034969354302,1.0244642941986981,113.34163918848294,44.680599999999984,Satisfactory,2.9787066666666657,6.479878057494601,44.680599999999984
4.0,26.807692307692307,75.87435897435898,17.827353066945406,50.513469853185725,2.6073758730460397,158.44666698341805,3.0,11.503634722288211,45.57233810044187,30.590375825533332,12.932034969354302,1.0244642941986981,113.34163918848294,44.680599999999984,Satisfactory,2.9787066666666657,6.479878057494601,44.680599999999984
4.0,26.807692307692307,75.87948717948719,17.827353066945406,50.513469853185725,2.6073758730460397,158.44666698341805,3.0,11.503634722288211,45.57233810044187,30.590375825533332,12.932034969354302,1.0244642941986981,113.34163918848294,44.680599999999984,Satisfactory,2.9787066666666657,6.479878057494601,44.680599999999984
4.0,26.807692307692307,75.88461538461539,17.827353066945406,50.513469853185725,2.6073758730460397,158.44666698341805,3.0,11.503634722288211,45.57233810044187,30.590375825533332,12.932034969354302,1.0244642941986981,113.34163918848294,44.680599999999984,Satisfactory,2.9787066666666657,6.479878057494601,44.680599999999984
4.0,26.807692307692307,75.88974358974359,17.827353066945406,50.513469853185725,2.6073758730460397,158.44666698341805,3.0,11.503634722288211,45.57233810044187,30.590375825533332,12.932034969354302,1.0244642941986981,113.34163918848294,44.680599999999984,Satisfactory,2.9787066666666657,6.479878057494601,44.680599999999984
4.0,26.807692307692307,75.8948717948718,17.827353066945406,50.513469853185725,2.6073758730460397,158.44666698341805,3.0,11.503634722288211,45.57233810044187,30.590375825533332,12.932034969354302,1.0244642941986981,113.34163918848294,44.680599999999984,Satisfactory,2.9787066666666657,6.479878057494601,44.680599999999984
4.0,26.807692307692307,75.9,17.827353066945406,50.513469853185725,2.6073758730460397,158.44666698341805,3.0,11.503634722288211,45.57233810044187,30.590375825533332,12.932034969354302,1.0244642941986981,113.34163918848294,44.680599999999984,Satisfactory,2.9787066666666657,6.479878057494601,44.680599999999984
4.0,26.814102564102566,75.7,17.827353066945406,50.513469853185725,2.6073758730460397,158.44666698341805,3.0,11.503634722288211,45.57233810044187,30.590375825533332,12.932034969354302,1.0244642941986981,113.34163918848294,45.46439999999998,Satisfactory,3.030959999999999,6.910058512053279,45.46439999999998
4.0,26.814102564102566,75.7051282051282,17.827353066945406,50.513469853185725,2.6073758730460397,158.44666698341805,3.0,11.503634722288211,45.57233810044187,30.590375825533332,12.932034969354302,1.0244642941986981,113.34163918848294,45.46439999999998,Satisfactory,3.030959999999999,6.910058512053279,45.46439999999998
4.0,26.814102564102566,75.71025641025642,17.827353066945406,50.513469853185725,2.6073758730460397,158.44666698341805,3.0,11.503634722288211,45.57233810044187,30.590375825533332,12.932034969354302,1.0244642941986981,113.34163918848294,45.46439999999998,Satisfactory,3.030959999999999,6.910058512053279,45.46439999999998
4.0,26.814102564102566,75.71538461538462,17.827353066945406,50.513469853185725,2.6073758730460397,158.44666698341805,3.0,11.503634722288211,45.57233810044187,30.590375825533332,12.932034969354302,1.0244642941986981,113.34163918848294,45.46439999999998,Satisfactory,3.030959999999999,6.910058512053279,45.46439999999998
4.0,26.814102564102566,75.72051282051282,17.827353066945406,50.513469853185725,2.6073758730460397,158.44666698341805,3.0,11.503634722288211,45.57233810044187,30.590375825533332,12.932034969354302,1.0244642941986981,113.34163918848294,45.46439999999998,Satisfactory,3.030959999999999,6.910058512053279,45.46439999999998
4.0,26.814102564102566,75.72564102564102,17.827353066945406,50.513469853185725,2.6073758730460397,158.44666698341805,3.0,11.503634722288211,45.57233810044187,30.590375825533332,12.932034969354302,1.0244642941986981,113.34163918848294,45.46439999999998,Satisfactory,3.030959999999999,6.910058512053279,45.46439999999998
4.0,26.814102564102566,75.73076923076924,17.827353066945406,50.513469853185725,2.6073758730460397,158.44666698341805,3.0,11.503634722288211,45.57233810044187,30.590375825533332,12.932034969354302,1.0244642941986981,113.34163918848294,45.46439999999998,Satisfactory,3.030959999999999,6.910058512053279,45.46439999999998
4.0,26.814102564102566,75.73589743589744,17.827353066945406,50.513469853185725,2.6073758730460397,158.44666698341805,3.0,11.503634722288211,45.57233810044187,30.590375825533332,12.932034969354302,1.0244642941986981,113.34163918848294,45.46439999999998,Satisfactory,3.030959999999999,6.910058512053279,45.46439999999998
4.0,26.814102564102566,75.74102564102564,17.827353066945406,50.513469853185725,2.6073758730460397,158.44666698341805,3.0,11.503634722288211,45.57233810044187,30.590375825533332,12.932034969354302,1.0244642941986981,113.34163918848294,45.46439999999998,Satisfactory,3.030959999999999,6.910058512053279,45.46439999999998
4.0,26.814102564102566,75.74615384615385,17.827353066945406,50.513469853185725,2.6073758730460397,158.44666698341805,3.0,11.503634722288211,45.57233810044187,30.590375825533332,12.932034969354302,1.0244642941986981,113.34163918848294,45.46439999999998,Satisfactory,3.030959999999999,6.910058512053279,45.46439999999998
4.0,26.814102564102566,75.75128205128206,17.827353066945406,50.513469853185725,2.6073758730460397,158.44666698341805,3.0,11.503634722288211,45.57233810044187,30.590375825533332,12.932034969354302,1.0244642941986981,113.34163918848294,45.46439999999998,Satisfactory,3.030959999999999,6.910058512053279,45.46439999999998
4.0,26.814102564102566,75.75641025641026,17.827353066945406,50.513469853185725,2.6073758730460397,158.44666698341805,3.0,11.503634722288211,45.57233810044187,30.590375825533332,12.932034969354302,1.0244642941986981,113.34163918848294,45.37739999999999,Satisfactory,3.025159999999999,6.757206911143097,45.37739999999999
4.0,26.814102564102566,75.76153846153846,17.827353066945406,50.513469853185725,2.6073758730460397,158.44666698341805,3.0,11.503634722288211,45.57233810044187,30.590375825533332,12.932034969354302,1.0244642941986981,113.34163918848294,45.37739999999999,Satisfactory,3.025159999999999,6.757206911143097,45.37739999999999
4.0,26.814102564102566,75.76666666666667,17.827353066945406,50.513469853185725,2.6073758730460397,158.44666698341805,3.0,11.503634722288211,45.57233810044187,30.590375825533332,12.932034969354302,1.0244642941986981,113.34163918848294,45.37739999999999,Satisfactory,3.025159999999999,6.757206911143097,45.37739999999999
4.0,26.814102564102566,75.77179487179488,17.827353066945406,50.513469853185725,2.6073758730460397,158.44666698341805,3.0,11.503634722288211,45.57233810044187,30.590375825533332,12.932034969354302,1.0244642941986981,113.34163918848294,45.37739999999999,Satisfactory,3.025159999999999,6.757206911143097,45.37739999999999
4.0,26.814102564102566,75.77692307692308,17.827353066945406,50.513469853185725,2.6073758730460397,158.44666698341805,3.0,11.503634722288211,45.57233810044187,30.590375825533332,12.932034969354302,1.0244642941986981,113.34163918848294,45.250599999999984,Satisfactory,3.0167066666666655,6.497929488690992,45.25059999999999
4.0,26.814102564102566,75.78205128205128,17.827353066945406,50.513469853185725,2.6073758730460397,158.44666698341805,3.0,11.503634722288211,45.57233810044187,30.590375825533332,12.932034969354302,1.0244642941986981,113.34163918848294,45.250599999999984,Satisfactory,3.0167066666666655,6.497929488690992,45.25059999999999
4.0,26.814102564102566,75.78717948717949,17.827353066945406,50.513469853185725,2.6073758730460397,158.44666698341805,3.0,11.503634722288211,45.57233810044187,30.590375825533332,12.932034969354302,1.0244642941986981,113.34163918848294,45.250599999999984,Satisfactory,3.0167066666666655,6.497929488690992,45.25059999999999
4.0,26.814102564102566,75.7923076923077,17.827353066945406,50.513469853185725,2.6073758730460397,158.44666698341805,3.0,11.503634722288211,45.57233810044187,30.590375825533332,12.932034969354302,1.0244642941986981,113.34163918848294,45.05579999999999,Satisfactory,3.0037199999999995,6.607257552116462,45.05579999999999
4.0,26.814102564102566,75.7974358974359,17.827353066945406,50.513469853185725,2.6073758730460397,158.44666698341805,3.0,11.503634722288211,45.57233810044187,30.590375825533332,12.932034969354302,1.0244642941986981,113.34163918848294,44.88559999999998,Satisfactory,2.992373333333332,6.441164385419767,44.88559999999998
4.0,26.814102564102566,75.8025641025641,17.827353066945406,50.513469853185725,2.6073758730460397,158.44666698341805,3.0,11.503634722288211,45.57233810044187,30.590375825533332,12.932034969354302,1.0244642941986981,113.34163918848294,44.88559999999998,Satisfactory,2.992373333333332,6.441164385419767,44.88559999999998
4.0,26.814102564102566,75.8076923076923,17.827353066945406,50.513469853185725,2.6073758730460397,158.44666698341805,3.0,11.503634722288211,45.57233810044187,30.590375825533332,12.932034969354302,1.0244642941986981,113.34163918848294,44.88559999999998,Satisfactory,2.992373333333332,6.441164385419767,44.88559999999998
4.0,26.814102564102566,75.81282051282052,17.827353066945406,50.513469853185725,2.6073758730460397,158.44666698341805,3.0,11.503634722288211,45.57233810044187,30.590375825533332,12.932034969354302,1.0244642941986981,113.34163918848294,44.88559999999998,Satisfactory,2.992373333333332,6.441164385419767,44.88559999999998
4.0,26.814102564102566,75.81794871794872,17.827353066945406,50.513469853185725,2.6073758730460397,158.44666698341805,3.0,11.503634722288211,45.57233810044187,30.590375825533332,12.932034969354302,1.0244642941986981,113.34163918848294,44.53969999999998,Satisfactory,2.969313333333332,6.35083434754836,44.53969999999998
4.0,26.814102564102566,75.82307692307693,17.827353066945406,50.513469853185725,2.6073758730460397,158.44666698341805,3.0,11.503634722288211,45.57233810044187,30.590375825533332,12.932034969354302,1.0244642941986981,113.34163918848294,44.680599999999984,Satisfactory,2.9787066666666657,6.479878057494601,44.680599999999984
4.0,26.814102564102566,75.82820512820513,17.827353066945406,50.513469853185725,2.6073758730460397,158.44666698341805,3.0,11.503634722288211,45.57233810044187,30.590375825533332,12.932034969354302,1.0244642941986981,113.34163918848294,44.680599999999984,Satisfactory,2.9787066666666657,6.479878057494601,44.680599999999984
4.0,26.814102564102566,75.83333333333334,17.827353066945406,50.513469853185725,2.6073758730460397,158.44666698341805,3.0,11.503634722288211,45.57233810044187,30.590375825533332,12.932034969354302,1.0244642941986981,113.34163918848294,44.680599999999984,Satisfactory,2.9787066666666657,6.479878057494601,44.680599999999984
4.0,26.814102564102566,75.83846153846154,17.827353066945406,50.513469853185725,2.6073758730460397,158.44666698341805,3.0,11.503634722288211,45.57233810044187,30.590375825533332,12.932034969354302,1.0244642941986981,113.34163918848294,44.680599999999984,Satisfactory,2.9787066666666657,6.479878057494601,44.680599999999984
4.0,26.814102564102566,75.84358974358975,17.827353066945406,50.513469853185725,2.6073758730460397,158.44666698341805,3.0,11.503634722288211,45.57233810044187,30.590375825533332,12.932034969354302,1.0244642941986981,113.34163918848294,44.680599999999984,Satisfactory,2.9787066666666657,6.479878057494601,44.680599999999984
4.0,26.814102564102566,75.84871794871795,17.827353066945406,50.513469853185725,2.6073758730460397,158.44666698341805,3.0,11.503634722288211,45.57233810044187,30.590375825533332,12.932034969354302,1.0244642941986981,113.34163918848294,44.680599999999984,Satisfactory,2.9787066666666657,6.479878057494601,44.680599999999984
4.0,26.814102564102566,75.85384615384616,17.827353066945406,50.513469853185725,2.6073758730460397,158.44666698341805,3.0,11.503634722288211,45.57233810044187,30.590375825533332,12.932034969354302,1.0244642941986981,113.34163918848294,44.680599999999984,Satisfactory,2.9787066666666657,6.479878057494601,44.680599999999984
4.0,26.814102564102566,75.85897435897436,17.827353066945406,50.513469853185725,2.6073758730460397,158.44666698341805,3.0,11.503634722288211,45.57233810044187,30.590375825533332,12.932034969354302,1.0244642941986981,113.34163918848294,44.680599999999984,Satisfactory,2.9787066666666657,6.479878057494601,44.680599999999984
4.0,26.814102564102566,75.86410256410257,17.827353066945406,50.513469853185725,2.6073758730460397,158.44666698341805,3.0,11.503634722288211,45.57233810044187,30.590375825533332,12.932034969354302,1.0244642941986981,113.34163918848294,44.680599999999984,Satisfactory,2.9787066666666657,6.479878057494601,44.680599999999984
4.0,26.814102564102566,75.86923076923077,17.827353066945406,50.513469853185725,2.6073758730460397,158.44666698341805,3.0,11.503634722288211,45.57233810044187,30.590375825533332,12.932034969354302,1.0244642941986981,113.34163918848294,44.680599999999984,Satisfactory,2.9787066666666657,6.479878057494601,44.680599999999984
4.0,26.814102564102566,75.87435897435898,17.827353066945406,50.513469853185725,2.6073758730460397,158.44666698341805,3.0,11.503634722288211,45.57233810044187,30.590375825533332,12.932034969354302,1.0244642941986981,113.34163918848294,44.680599999999984,Satisfactory,2.9787066666666657,6.479878057494601,44.680599999999984
4.0,26.814102564102566,75.87948717948719,17.827353066945406,50.513469853185725,2.6073758730460397,158.44666698341805,3.0,11.503634722288211,45.57233810044187,30.590375825533332,12.932034969354302,1.0244642941986981,113.34163918848294,44.680599999999984,Satisfactory,2.9787066666666657,6.479878057494601,44.680599999999984
4.0,26.814102564102566,75.88461538461539,17.827353066945406,50.513469853185725,2.6073758730460397,158.44666698341805,3.0,11.503634722288211,45.57233810044187,30.590375825533332,12.932034969354302,1.0244642941986981,113.34163918848294,44.680599999999984,Satisfactory,2.9787066666666657,6.479878057494601,44.680599999999984
4.0,26.814102564102566,75.88974358974359,17.827353066945406,50.513469853185725,2.6073758730460397,158.44666698341805,3.0,11.503634722288211,45.57233810044187,30.590375825533332,12.932034969354302,1.0244642941986981,113.34163918848294,44.680599999999984,Satisfactory,2.9787066666666657,6.479878057494601,44.680599999999984
4.0,26.814102564102566,75.8948717948718,17.827353066945406,50.513469853185725,2.6073758730460397,158.44666698341805,3.0,11.503634722288211,45.57233810044187,30.590375825533332,12.932034969354302,1.0244642941986981,113.34163918848294,44.680599999999984,Satisfactory,2.9787066666666657,6.479878057494601,44.680599999999984
4.0,26.814102564102566,75.9,17.827353066945406,50.513469853185725,2.6073758730460397,158.44666698341805,3.0,11.503634722288211,45.57233810044187,30.590375825533332,12.932034969354302,1.0244642941986981,113.34163918848294,44.680599999999984,Satisfactory,2.9787066666666657,6.479878057494601,44.680599999999984
4.0,26.82051282051282,75.7,17.827353066945406,50.513469853185725,2.6073758730460397,158.44666698341805,3.0,11.503634722288211,45.57233810044187,30.590375825533332,12.932034969354302,1.0244642941986981,113.34163918848294,45.46439999999998,Satisfactory,3.030959999999999,6.910058512053279,45.46439999999998
4.0,26.82051282051282,75.7051282051282,17.827353066945406,50.513469853185725,2.6073758730460397,158.44666698341805,3.0,11.503634722288211,45.57233810044187,30.590375825533332,12.932034969354302,1.0244642941986981,113.34163918848294,45.46439999999998,Satisfactory,3.030959999999999,6.910058512053279,45.46439999999998
4.0,26.82051282051282,75.71025641025642,17.827353066945406,50.513469853185725,2.6073758730460397,158.44666698341805,3.0,11.503634722288211,45.57233810044187,30.590375825533332,12.932034969354302,1.0244642941986981,113.34163918848294,45.46439999999998,Satisfactory,3.030959999999999,6.910058512053279,45.46439999999998
4.0,26.82051282051282,75.71538461538462,17.827353066945406,50.513469853185725,2.6073758730460397,158.44666698341805,3.0,11.503634722288211,45.57233810044187,30.590375825533332,12.932034969354302,1.0244642941986981,113.34163918848294,45.46439999999998,Satisfactory,3.030959999999999,6.910058512053279,45.46439999999998
4.0,26.82051282051282,75.72051282051282,17.827353066945406,50.513469853185725,2.6073758730460397,158.44666698341805,3.0,11.503634722288211,45.57233810044187,30.590375825533332,12.932034969354302,1.0244642941986981,113.34163918848294,45.46439999999998,Satisfactory,3.030959999999999,6.910058512053279,45.46439999999998
4.0,26.82051282051282,75.72564102564102,17.827353066945406,50.513469853185725,2.6073758730460397,158.44666698341805,3.0,11.503634722288211,45.57233810044187,30.590375825533332,12.932034969354302,1.0244642941986981,113.34163918848294,45.46439999999998,Satisfactory,3.030959999999999,6.910058512053279,45.46439999999998
4.0,26.82051282051282,75.73076923076924,17.827353066945406,50.513469853185725,2.6073758730460397,158.44666698341805,3.0,11.503634722288211,45.57233810044187,30.590375825533332,12.932034969354302,1.0244642941986981,113.34163918848294,45.46439999999998,Satisfactory,3.030959999999999,6.910058512053279,45.46439999999998
4.0,26.82051282051282,75.73589743589744,17.827353066945406,50.513469853185725,2.6073758730460397,158.44666698341805,3.0,11.503634722288211,45.57233810044187,30.590375825533332,12.932034969354302,1.0244642941986981,113.34163918848294,45.46439999999998,Satisfactory,3.030959999999999,6.910058512053279,45.46439999999998
4.0,26.82051282051282,75.74102564102564,17.827353066945406,50.513469853185725,2.6073758730460397,158.44666698341805,3.0,11.503634722288211,45.57233810044187,30.590375825533332,12.932034969354302,1.0244642941986981,113.34163918848294,45.46439999999998,Satisfactory,3.030959999999999,6.910058512053279,45.46439999999998
4.0,26.82051282051282,75.74615384615385,17.827353066945406,50.513469853185725,2.6073758730460397,158.44666698341805,3.0,11.503634722288211,45.57233810044187,30.590375825533332,12.932034969354302,1.0244642941986981,113.34163918848294,45.46439999999998,Satisfactory,3.030959999999999,6.910058512053279,45.46439999999998
4.0,26.82051282051282,75.75128205128206,17.827353066945406,50.513469853185725,2.6073758730460397,158.44666698341805,3.0,11.503634722288211,45.57233810044187,30.590375825533332,12.932034969354302,1.0244642941986981,113.34163918848294,45.46439999999998,Satisfactory,3.030959999999999,6.910058512053279,45.46439999999998
4.0,26.82051282051282,75.75641025641026,17.827353066945406,50.513469853185725,2.6073758730460397,158.44666698341805,3.0,11.503634722288211,45.57233810044187,30.590375825533332,12.932034969354302,1.0244642941986981,113.34163918848294,45.37739999999999,Satisfactory,3.025159999999999,6.757206911143097,45.37739999999999
4.0,26.82051282051282,75.76153846153846,17.827353066945406,50.513469853185725,2.6073758730460397,158.44666698341805,3.0,11.503634722288211,45.57233810044187,30.590375825533332,12.932034969354302,1.0244642941986981,113.34163918848294,45.37739999999999,Satisfactory,3.025159999999999,6.757206911143097,45.37739999999999
4.0,26.82051282051282,75.76666666666667,17.827353066945406,50.513469853185725,2.6073758730460397,158.44666698341805,3.0,11.503634722288211,45.57233810044187,30.590375825533332,12.932034969354302,1.0244642941986981,113.34163918848294,45.37739999999999,Satisfactory,3.025159999999999,6.757206911143097,45.37739999999999
4.0,26.82051282051282,75.77179487179488,17.827353066945406,50.513469853185725,2.6073758730460397,158.44666698341805,3.0,11.503634722288211,45.57233810044187,30.590375825533332,12.932034969354302,1.0244642941986981,113.34163918848294,45.37739999999999,Satisfactory,3.025159999999999,6.757206911143097,45.37739999999999
4.0,26.82051282051282,75.77692307692308,17.827353066945406,50.513469853185725,2.6073758730460397,158.44666698341805,3.0,11.503634722288211,45.57233810044187,30.590375825533332,12.932034969354302,1.0244642941986981,113.34163918848294,45.250599999999984,Satisfactory,3.0167066666666655,6.497929488690992,45.25059999999999
4.0,26.82051282051282,75.78205128205128,17.827353066945406,50.513469853185725,2.6073758730460397,158.44666698341805,3.0,11.503634722288211,45.57233810044187,30.590375825533332,12.932034969354302,1.0244642941986981,113.34163918848294,45.250599999999984,Satisfactory,3.0167066666666655,6.497929488690992,45.25059999999999
4.0,26.82051282051282,75.78717948717949,17.827353066945406,50.513469853185725,2.6073758730460397,158.44666698341805,3.0,11.503634722288211,45.57233810044187,30.590375825533332,12.932034969354302,1.0244642941986981,113.34163918848294,45.250599999999984,Satisfactory,3.0167066666666655,6.497929488690992,45.25059999999999
4.0,26.82051282051282,75.7923076923077,17.827353066945406,50.513469853185725,2.6073758730460397,158.44666698341805,3.0,11.503634722288211,45.57233810044187,30.590375825533332,12.932034969354302,1.0244642941986981,113.34163918848294,45.05579999999999,Satisfactory,3.0037199999999995,6.607257552116462,45.05579999999999
4.0,26.82051282051282,75.7974358974359,17.827353066945406,50.513469853185725,2.6073758730460397,158.44666698341805,3.0,11.503634722288211,45.57233810044187,30.590375825533332,12.932034969354302,1.0244642941986981,113.34163918848294,44.88559999999998,Satisfactory,2.992373333333332,6.441164385419767,44.88559999999998
4.0,26.82051282051282,75.8025641025641,17.827353066945406,50.513469853185725,2.6073758730460397,158.44666698341805,3.0,11.503634722288211,45.57233810044187,30.590375825533332,12.932034969354302,1.0244642941986981,113.34163918848294,44.88559999999998,Satisfactory,2.992373333333332,6.441164385419767,44.88559999999998
4.0,26.82051282051282,75.8076923076923,17.827353066945406,50.513469853185725,2.6073758730460397,158.44666698341805,3.0,11.503634722288211,45.57233810044187,30.590375825533332,12.932034969354302,1.0244642941986981,113.34163918848294,44.88559999999998,Satisfactory,2.992373333333332,6.441164385419767,44.88559999999998
4.0,26.82051282051282,75.81282051282052,17.827353066945406,50.513469853185725,2.6073758730460397,158.44666698341805,3.0,11.503634722288211,45.57233810044187,30.590375825533332,12.932034969354302,1.0244642941986981,113.34163918848294,44.88559999999998,Satisfactory,2.992373333333332,6.441164385419767,44.88559999999998
4.0,26.82051282051282,75.81794871794872,17.827353066945406,50.513469853185725,2.6073758730460397,158.44666698341805,3.0,11.503634722288211,45.57233810044187,30.590375825533332,12.932034969354302,1.0244642941986981,113.34163918848294,44.53969999999998,Satisfactory,2.969313333333332,6.35083434754836,44.53969999999998
4.0,26.82051282051282,75.82307692307693,17.827353066945406,50.513469853185725,2.6073758730460397,158.44666698341805,3.0,11.503634722288211,45.57233810044187,30.590375825533332,12.932034969354302,1.0244642941986981,113.34163918848294,44.680599999999984,Satisfactory,2.9787066666666657,6.479878057494601,44.680599999999984
4.0,26.82051282051282,75.82820512820513,17.827353066945406,50.513469853185725,2.6073758730460397,158.44666698341805,3.0,11.503634722288211,45.57233810044187,30.590375825533332,12.932034969354302,1.0244642941986981,113.34163918848294,44.680599999999984,Satisfactory,2.9787066666666657,6.479878057494601,44.680599999999984
4.0,26.82051282051282,75.83333333333334,17.827353066945406,50.513469853185725,2.6073758730460397,158.44666698341805,3.0,11.503634722288211,45.57233810044187,30.590375825533332,12.932034969354302,1.0244642941986981,113.34163918848294,44.680599999999984,Satisfactory,2.9787066666666657,6.479878057494601,44.680599999999984
4.0,26.82051282051282,75.83846153846154,17.827353066945406,50.513469853185725,2.6073758730460397,158.44666698341805,3.0,11.503634722288211,45.57233810044187,30.590375825533332,12.932034969354302,1.0244642941986981,113.34163918848294,44.680599999999984,Satisfactory,2.9787066666666657,6.479878057494601,44.680599999999984
4.0,26.82051282051282,75.84358974358975,17.827353066945406,50.513469853185725,2.6073758730460397,158.44666698341805,3.0,11.503634722288211,45.57233810044187,30.590375825533332,12.932034969354302,1.0244642941986981,113.34163918848294,44.680599999999984,Satisfactory,2.9787066666666657,6.479878057494601,44.680599999999984
4.0,26.82051282051282,75.84871794871795,17.827353066945406,50.513469853185725,2.6073758730460397,158.44666698341805,3.0,11.503634722288211,45.57233810044187,30.590375825533332,12.932034969354302,1.0244642941986981,113.34163918848294,44.680599999999984,Satisfactory,2.9787066666666657,6.479878057494601,44.680599999999984
4.0,26.82051282051282,75.85384615384616,17.827353066945406,50.513469853185725,2.6073758730460397,158.44666698341805,3.0,11.503634722288211,45.57233810044187,30.590375825533332,12.932034969354302,1.0244642941986981,113.34163918848294,44.680599999999984,Satisfactory,2.9787066666666657,6.479878057494601,44.680599999999984
4.0,26.82051282051282,75.85897435897436,17.827353066945406,50.513469853185725,2.6073758730460397,158.44666698341805,3.0,11.503634722288211,45.57233810044187,30.590375825533332,12.932034969354302,1.0244642941986981,113.34163918848294,44.680599999999984,Satisfactory,2.9787066666666657,6.479878057494601,44.680599999999984
4.0,26.82051282051282,75.86410256410257,17.827353066945406,50.513469853185725,2.6073758730460397,158.44666698341805,3.0,11.503634722288211,45.57233810044187,30.590375825533332,12.932034969354302,1.0244642941986981,113.34163918848294,44.680599999999984,Satisfactory,2.9787066666666657,6.479878057494601,44.680599999999984
4.0,26.82051282051282,75.86923076923077,17.827353066945406,50.513469853185725,2.6073758730460397,158.44666698341805,3.0,11.503634722288211,45.57233810044187,30.590375825533332,12.932034969354302,1.0244642941986981,113.34163918848294,44.680599999999984,Satisfactory,2.9787066666666657,6.479878057494601,44.680599999999984
4.0,26.82051282051282,75.87435897435898,17.827353066945406,50.513469853185725,2.6073758730460397,158.44666698341805,3.0,11.503634722288211,45.57233810044187,30.590375825533332,12.932034969354302,1.0244642941986981,113.34163918848294,44.680599999999984,Satisfactory,2.9787066666666657,6.479878057494601,44.680599999999984
4.0,26.82051282051282,75.87948717948719,17.827353066945406,50.513469853185725,2.6073758730460397,158.44666698341805,3.0,11.503634722288211,45.57233810044187,30.590375825533332,12.932034969354302,1.0244642941986981,113.34163918848294,44.680599999999984,Satisfactory,2.9787066666666657,6.479878057494601,44.680599999999984
4.0,26.82051282051282,75.88461538461539,17.827353066945406,50.513469853185725,2.6073758730460397,158.44666698341805,3.0,11.503634722288211,45.57233810044187,30.590375825533332,12.932034969354302,1.0244642941986981,113.34163918848294,44.680599999999984,Satisfactory,2.9787066666666657,6.479878057494601,44.680599999999984
4.0,26.82051282051282,75.88974358974359,17.827353066945406,50.513469853185725,2.6073758730460397,158.44666698341805,3.0,11.503634722288211,45.57233810044187,30.590375825533332,12.932034969354302,1.0244642941986981,113.34163918848294,44.680599999999984,Satisfactory,2.9787066666666657,6.479878057494601,44.680599999999984
4.0,26.82051282051282,75.8948717948718,17.827353066945406,50.513469853185725,2.6073758730460397,158.44666698341805,3.0,11.503634722288211,45.57233810044187,30.590375825533332,12.932034969354302,1.0244642941986981,113.34163918848294,44.680599999999984,Satisfactory,2.9787066666666657,6.479878057494601,44.680599999999984
4.0,26.82051282051282,75.9,17.827353066945406,50.513469853185725,2.6073758730460397,158.44666698341805,3.0,11.503634722288211,45.57233810044187,30.590375825533332,12.932034969354302,1.0244642941986981,113.34163918848294,44.680599999999984,Satisfactory,2.9787066666666657,6.479878057494601,44.680599999999984
4.0,26.826923076923077,75.7,17.827353066945406,50.513469853185725,2.6073758730460397,158.44666698341805,3.0,11.503634722288211,45.57233810044187,30.590375825533332,12.932034969354302,1.0244642941986981,113.34163918848294,45.51309999999999,Satisfactory,3.0342066666666656,6.958001537079451,45.51309999999999
4.0,26.826923076923077,75.7051282051282,17.827353066945406,50.513469853185725,2.6073758730460397,158.44666698341805,3.0,11.503634722288211,45.57233810044187,30.590375825533332,12.932034969354302,1.0244642941986981,113.34163918848294,45.51309999999999,Satisfactory,3.0342066666666656,6.958001537079451,45.51309999999999
4.0,26.826923076923077,75.71025641025642,17.827353066945406,50.513469853185725,2.6073758730460397,158.44666698341805,3.0,11.503634722288211,45.57233810044187,30.590375825533332,12.932034969354302,1.0244642941986981,113.34163918848294,45.51309999999999,Satisfactory,3.0342066666666656,6.958001537079451,45.51309999999999
4.0,26.826923076923077,75.71538461538462,17.827353066945406,50.513469853185725,2.6073758730460397,158.44666698341805,3.0,11.503634722288211,45.57233810044187,30.590375825533332,12.932034969354302,1.0244642941986981,113.34163918848294,45.51309999999999,Satisfactory,3.0342066666666656,6.958001537079451,45.51309999999999
4.0,26.826923076923077,75.72051282051282,17.827353066945406,50.513469853185725,2.6073758730460397,158.44666698341805,3.0,11.503634722288211,45.57233810044187,30.590375825533332,12.932034969354302,1.0244642941986981,113.34163918848294,45.51309999999999,Satisfactory,3.0342066666666656,6.958001537079451,45.51309999999999
4.0,26.826923076923077,75.72564102564102,17.827353066945406,50.513469853185725,2.6073758730460397,158.44666698341805,3.0,11.503634722288211,45.57233810044187,30.590375825533332,12.932034969354302,1.0244642941986981,113.34163918848294,45.51309999999999,Satisfactory,3.0342066666666656,6.958001537079451,45.51309999999999
4.0,26.826923076923077,75.73076923076924,17.827353066945406,50.513469853185725,2.6073758730460397,158.44666698341805,3.0,11.503634722288211,45.57233810044187,30.590375825533332,12.932034969354302,1.0244642941986981,113.34163918848294,45.51309999999999,Satisfactory,3.0342066666666656,6.958001537079451,45.51309999999999
4.0,26.826923076923077,75.73589743589744,17.827353066945406,50.513469853185725,2.6073758730460397,158.44666698341805,3.0,11.503634722288211,45.57233810044187,30.590375825533332,12.932034969354302,1.0244642941986981,113.34163918848294,45.51309999999999,Satisfactory,3.0342066666666656,6.958001537079451,45.51309999999999
4.0,26.826923076923077,75.74102564102564,17.827353066945406,50.513469853185725,2.6073758730460397,158.44666698341805,3.0,11.503634722288211,45.57233810044187,30.590375825533332,12.932034969354302,1.0244642941986981,113.34163918848294,45.51309999999999,Satisfactory,3.0342066666666656,6.958001537079451,45.51309999999999
4.0,26.826923076923077,75.74615384615385,17.827353066945406,50.513469853185725,2.6073758730460397,158.44666698341805,3.0,11.503634722288211,45.57233810044187,30.590375825533332,12.932034969354302,1.0244642941986981,113.34163918848294,45.51309999999999,Satisfactory,3.0342066666666656,6.958001537079451,45.51309999999999
4.0,26.826923076923077,75.75128205128206,17.827353066945406,50.513469853185725,2.6073758730460397,158.44666698341805,3.0,11.503634722288211,45.57233810044187,30.590375825533332,12.932034969354302,1.0244642941986981,113.34163918848294,45.51309999999999,Satisfactory,3.0342066666666656,6.958001537079451,45.51309999999999
4.0,26.826923076923077,75.75641025641026,17.827353066945406,50.513469853185725,2.6073758730460397,158.44666698341805,3.0,11.503634722288211,45.57233810044187,30.590375825533332,12.932034969354302,1.0244642941986981,113.34163918848294,45.42609999999999,Satisfactory,3.0284066666666662,6.80684918225753,45.42609999999999
4.0,26.826923076923077,75.76153846153846,17.827353066945406,50.513469853185725,2.6073758730460397,158.44666698341805,3.0,11.503634722288211,45.57233810044187,30.590375825533332,12.932034969354302,1.0244642941986981,113.34163918848294,45.42609999999999,Satisfactory,3.0284066666666662,6.80684918225753,45.42609999999999
4.0,26.826923076923077,75.76666666666667,17.827353066945406,50.513469853185725,2.6073758730460397,158.44666698341805,3.09668156672513,11.503634722288211,45.57233810044187,30.590375825533332,12.932034969354302,1.0244642941986981,113.34163918848294,45.42609999999999,Satisfactory,3.0284066666666662,6.80684918225753,45.42609999999999
4.0,26.826923076923077,75.77179487179488,17.827353066945406,50.513469853185725,2.6073758730460397,158.44666698341805,3.1961414049289507,11.503634722288211,45.57233810044187,30.590375825533332,12.932034969354302,1.0244642941986981,113.34163918848294,45.42609999999999,Satisfactory,3.0284066666666662,6.80684918225753,45.42609999999999
4.0,26.826923076923077,75.77692307692308,17.827353066945406,50.513469853185725,2.6073758730460397,158.44666698341805,3.2720137621596983,11.503634722288211,45.57233810044187,30.590375825533332,12.932034969354302,1.0244642941986981,113.34163918848294,45.29929999999999,Satisfactory,3.0199533333333326,6.550480021341947,45.299299999999995
4.0,26.826923076923077,75.78205128205128,17.827353066945406,50.513469853185725,2.6073758730460397,158.44666698341805,3.3234944397741026,11.503634722288211,45.57233810044187,30.590375825533332,12.932034969354302,1.0244642941986981,113.34163918848294,45.29929999999999,Satisfactory,3.0199533333333326,6.550480021341947,45.299299999999995
4.0,26.826923076923077,75.78717948717949,17.827353066945406,50.513469853185725,2.6073758730460397,158.44666698341805,3.350016930908877,11.503634722288211,45.57233810044187,30.590375825533332,12.932034969354302,1.0244642941986981,113.34163918848294,45.29929999999999,Satisfactory,3.0199533333333326,6.550480021341947,45.299299999999995
4.0,26.826923076923077,75.7923076923077,17.827353066945406,50.513469853185725,2.6073758730460397,158.44666698341805,3.351282545709827,11.503634722288211,45.57233810044187,30.590375825533332,12.932034969354302,1.0244642941986981,113.34163918848294,45.10449999999999,Satisfactory,3.0069666666666657,6.660369865855799,45.10449999999999
4.0,26.826923076923077,75.7974358974359,17.827353066945406,50.513469853185725,2.6073758730460397,158.44666698341805,3.3272769127529376,11.503634722288211,45.57233810044187,30.590375825533332,12.932034969354302,1.0244642941986981,113.34163918848294,44.959299999999985,Satisfactory,2.9972866666666658,6.539305047938964,44.959299999999985
4.0,26.826923076923077,75.8025641025641,17.827353066945406,50.513469853185725,2.6073758730460397,158.44666698341805,3.278270783831764,11.503634722288211,45.57233810044187,30.590375825533332,12.932034969354302,1.0244642941986981,113.34163918848294,44.959299999999985,Satisfactory,2.9972866666666658,6.539305047938964,44.959299999999985
4.0,26.826923076923077,75.8076923076923,17.827353066945406,50.513469853185725,2.6073758730460397,158.44666698341805,3.2048050391315632,11.503634722288211,45.57233810044187,30.590375825533332,12.932034969354302,1.0244642941986981,113.34163918848294,44.959299999999985,Satisfactory,2.9972866666666658,6.539305047938964,44.959299999999985
4.0,26.826923076923077,75.81282051282052,17.827353066945406,50.513469853185725,2.6073758730460397,158.44666698341805,3.1076617827292763,11.503634722288211,45.57233810044187,30.590375825533332,12.932034969354302,1.0244642941986981,113.34163918848294,44.959299999999985,Satisfactory,2.9972866666666658,6.539305047938964,44.959299999999985
4.0,26.826923076923077,75.81794871794872,17.827353066945406,50.513469853185725,2.6073758730460397,158.44666698341805,3.0,11.503634722288211,45.57233810044187,30.590375825533332,12.932034969354302,1.0244642941986981,113.34163918848294,44.613399999999984,Satisfactory,2.9742266666666657,6.454300460933005,44.613399999999984
4.0,26.826923076923077,75.82307692307693,17.827353066945406,50.513469853185725,2.6073758730460397,158.44666698341805,3.0,11.503634722288211,45.57233810044187,30.590375825533332,12.932034969354302,1.0244642941986981,113.34163918848294,44.754299999999986,Satisfactory,2.9836199999999993,6.579737723496279,44.754299999999986
4.0,26.826923076923077,75.82820512820513,17.827353066945406,50.513469853185725,2.6073758730460397,158.44666698341805,3.0,11.503634722288211,45.57233810044187,30.590375825533332,12.932034969354302,1.0244642941986981,113.34163918848294,44.754299999999986,Satisfactory,2.9836199999999993,6.579737723496279,44.754299999999986
4.0,26.826923076923077,75.83333333333334,17.827353066945406,50.513469853185725,2.6073758730460397,158.44666698341805,3.0,11.503634722288211,45.57233810044187,30.590375825533332,12.932034969354302,1.0244642941986981,113.34163918848294,44.754299999999986,Satisfactory,2.9836199999999993,6.579737723496279,44.754299999999986
4.0,26.826923076923077,75.83846153846154,17.827353066945406,50.513469853185725,2.6073758730460397,158.44666698341805,3.0,11.503634722288211,45.57233810044187,30.590375825533332,12.932034969354302,1.0244642941986981,113.34163918848294,44.754299999999986,Satisfactory,2.9836199999999993,6.579737723496279,44.754299999999986
4.0,26.826923076923077,75.84358974358975,17.827353066945406,50.513469853185725,2.6073758730460397,158.44666698341805,3.0,11.503634722288211,45.57233810044187,30.590375825533332,12.932034969354302,1.0244642941986981,113.34163918848294,44.754299999999986,Satisfactory,2.9836199999999993,6.579737723496279,44.754299999999986
4.0,26.826923076923077,75.84871794871795,17.827353066945406,50.513469853185725,2.6073758730460397,158.44666698341805,3.0,11.503634722288211,45.57233810044187,30.590375825533332,12.932034969354302,1.0244642941986981,113.34163918848294,44.754299999999986,Satisfactory,2.9836199999999993,6.579737723496279,44.754299999999986
4.0,26.826923076923077,75.85384615384616,17.827353066945406,50.513469853185725,2.6073758730460397,158.44666698341805,3.0,11.503634722288211,45.57233810044187,30.590375825533332,12.932034969354302,1.0244642941986981,113.34163918848294,44.754299999999986,Satisfactory,2.9836199999999993,6.579737723496279,44.754299999999986
4.0,26.826923076923077,75.85897435897436,17.827353066945406,50.513469853185725,2.6073758730460397,158.44666698341805,3.0,11.503634722288211,45.57233810044187,30.590375825533332,12.932034969354302,1.0244642941986981,113.34163918848294,44.754299999999986,Satisfactory,2.9836199999999993,6.579737723496279,44.754299999999986
4.0,26.826923076923077,75.86410256410257,17.827353066945406,50.513469853185725,2.6073758730460397,158.44666698341805,3.0,11.503634722288211,45.57233810044187,30.590375825533332,12.932034969354302,1.0244642941986981,113.34163918848294,44.754299999999986,Satisfactory,2.9836199999999993,6.579737723496279,44.754299999999986
4.0,26.826923076923077,75.86923076923077,17.827353066945406,50.513469853185725,2.6073758730460397,158.44666698341805,3.0,11.503634722288211,45.57233810044187,30.590375825533332,12.932034969354302,1.0244642941986981,113.34163918848294,44.754299999999986,Satisfactory,2.9836199999999993,6.579737723496279,44.754299999999986
4.0,26.826923076923077,75.87435897435898,17.827353066945406,50.513469853185725,2.6073758730460397,158.44666698341805,3.0,11.503634722288211,45.57233810044187,30.590375825533332,12.932034969354302,1.0244642941986981,113.34163918848294,44.754299999999986,Satisfactory,2.9836199999999993,6.579737723496279,44.754299999999986
4.0,26.826923076923077,75.87948717948719,17.827353066945406,50.513469853185725,2.6073758730460397,158.44666698341805,3.0,11.503634722288211,45.57233810044187,30.590375825533332,12.932034969354302,1.0244642941986981,113.34163918848294,44.754299999999986,Satisfactory,2.9836199999999993,6.579737723496279,44.754299999999986
4.0,26.826923076923077,75.88461538461539,17.827353066945406,50.513469853185725,2.6073758730460397,158.44666698341805,3.0,11.503634722288211,45.57233810044187,30.590375825533332,12.932034969354302,1.0244642941986981,113.34163918848294,44.754299999999986,Satisfactory,2.9836199999999993,6.579737723496279,44.754299999999986
4.0,26.826923076923077,75.88974358974359,17.827353066945406,50.513469853185725,2.6073758730460397,158.44666698341805,3.0,11.503634722288211,45.57233810044187,30.590375825533332,12.932034969354302,1.0244642941986981,113.34163918848294,44.754299999999986,Satisfactory,2.9836199999999993,6.579737723496279,44.754299999999986
4.0,26.826923076923077,75.8948717948718,17.827353066945406,50.513469853185725,2.6073758730460397,158.44666698341805,3.0,11.503634722288211,45.57233810044187,30.590375825533332,12.932034969354302,1.0244642941986981,113.34163918848294,44.754299999999986,Satisfactory,2.9836199999999993,6.579737723496279,44.754299999999986
4.0,26.826923076923077,75.9,17.827353066945406,50.513469853185725,2.6073758730460397,158.44666698341805,3.0,11.503634722288211,45.57233810044187,30.590375825533332,12.932034969354302,1.0244642941986981,113.34163918848294,44.754299999999986,Satisfactory,2.9836199999999993,6.579737723496279,44.754299999999986
4.0,26.833333333333332,75.7,17.827353066945406,50.513469853185725,2.6073758730460397,158.44666698341805,3.0,11.503634722288211,45.57233810044187,30.590375825533332,12.932034969354302,1.0244642941986981,113.34163918848294,45.51309999999999,Satisfactory,3.0342066666666656,6.958001537079451,45.51309999999999
4.0,26.833333333333332,75.7051282051282,17.827353066945406,50.513469853185725,2.6073758730460397,158.44666698341805,3.0,11.503634722288211,45.57233810044187,30.590375825533332,12.932034969354302,1.0244642941986981,113.34163918848294,45.51309999999999,Satisfactory,3.0342066666666656,6.958001537079451,45.51309999999999
4.0,26.833333333333332,75.71025641025642,17.827353066945406,50.513469853185725,2.6073758730460397,158.44666698341805,3.0,11.503634722288211,45.57233810044187,30.590375825533332,12.932034969354302,1.0244642941986981,113.34163918848294,45.51309999999999,Satisfactory,3.0342066666666656,6.958001537079451,45.51309999999999
4.0,26.833333333333332,75.71538461538462,17.827353066945406,50.513469853185725,2.6073758730460397,158.44666698341805,3.0,11.503634722288211,45.57233810044187,30.590375825533332,12.932034969354302,1.0244642941986981,113.34163918848294,45.51309999999999,Satisfactory,3.0342066666666656,6.958001537079451,45.51309999999999
4.0,26.833333333333332,75.72051282051282,17.827353066945406,50.513469853185725,2.6073758730460397,158.44666698341805,3.0,11.503634722288211,45.57233810044187,30.590375825533332,12.932034969354302,1.0244642941986981,113.34163918848294,45.51309999999999,Satisfactory,3.0342066666666656,6.958001537079451,45.51309999999999
4.0,26.833333333333332,75.72564102564102,17.827353066945406,50.513469853185725,2.6073758730460397,158.44666698341805,3.0,11.503634722288211,45.57233810044187,30.590375825533332,12.932034969354302,1.0244642941986981,113.34163918848294,45.51309999999999,Satisfactory,3.0342066666666656,6.958001537079451,45.51309999999999
4.0,26.833333333333332,75.73076923076924,17.827353066945406,50.513469853185725,2.6073758730460397,158.44666698341805,3.0,11.503634722288211,45.57233810044187,30.590375825533332,12.932034969354302,1.0244642941986981,113.34163918848294,45.51309999999999,Satisfactory,3.0342066666666656,6.958001537079451,45.51309999999999
4.0,26.833333333333332,75.73589743589744,17.827353066945406,50.513469853185725,2.6073758730460397,158.44666698341805,3.0,11.503634722288211,45.57233810044187,30.590375825533332,12.932034969354302,1.0244642941986981,113.34163918848294,45.51309999999999,Satisfactory,3.0342066666666656,6.958001537079451,45.51309999999999
4.0,26.833333333333332,75.74102564102564,17.827353066945406,50.513469853185725,2.6073758730460397,158.44666698341805,3.0,11.503634722288211,45.57233810044187,30.590375825533332,12.932034969354302,1.0244642941986981,113.34163918848294,45.51309999999999,Satisfactory,3.0342066666666656,6.958001537079451,45.51309999999999
4.0,26.833333333333332,75.74615384615385,17.827353066945406,50.513469853185725,2.6073758730460397,158.44666698341805,3.0,11.503634722288211,45.57233810044187,30.590375825533332,12.932034969354302,1.0244642941986981,113.34163918848294,45.51309999999999,Satisfactory,3.0342066666666656,6.958001537079451,45.51309999999999
4.0,26.833333333333332,75.75128205128206,17.827353066945406,50.513469853185725,2.6073758730460397,158.44666698341805,3.128909335738477,11.503634722288211,45.57233810044187,30.590375825533332,12.932034969354302,1.0244642941986981,113.34163918848294,45.51309999999999,Satisfactory,3.0342066666666656,6.958001537079451,45.51309999999999
4.0,26.833333333333332,75.75641025641026,17.827353066945406,50.513469853185725,2.6073758730460397,158.44666698341805,3.303828603291481,11.503634722288211,45.57233810044187,30.590375825533332,12.932034969354302,1.0244642941986981,113.34163918848294,45.42609999999999,Satisfactory,3.0284066666666662,6.80684918225753,45.42609999999999
4.0,26.833333333333332,75.76153846153846,17.827353066945406,50.513469853185725,2.6073758730460397,158.44666698341805,3.457664295069746,11.503634722288211,45.57233810044187,30.590375825533332,12.932034969354302,1.0244642941986981,113.34163918848294,45.42609999999999,Satisfactory,3.0284066666666662,6.80684918225753,45.42609999999999
4.0,26.833333333333332,75.76666666666667,17.827353066945406,50.513469853185725,2.6073758730460397,158.44666698341805,3.5888985172416996,11.503634722288211,45.57233810044187,30.590375825533332,12.932034969354302,1.0244642941986981,113.34163918848294,45.42609999999999,Satisfactory,3.0284066666666662,6.80684918225753,45.42609999999999
4.0,26.833333333333332,75.77179487179488,17.827353066945406,50.513469853185725,2.6073758730460397,158.44666698341805,3.696119559132227,11.503634722288211,45.57233810044187,30.590375825533332,12.932034969354302,1.0244642941986981,113.34163918848294,45.42609999999999,Satisfactory,3.0284066666666662,6.80684918225753,45.42609999999999
4.0,26.833333333333332,75.77692307692308,17.827353066945406,50.513469853185725,2.6073758730460397,158.44666698341805,3.778085853404791,11.503634722288211,45.57233810044187,30.590375825533332,12.932034969354302,1.0244642941986981,113.34163918848294,45.29929999999999,Satisfactory,3.0199533333333326,6.550480021341947,45.299299999999995
4.0,26.833333333333332,75.78205128205128,17.827353066945406,50.513469853185725,2.6073758730460397,158.44666698341805,3.8337901976367696,11.503634722288211,45.57233810044187,30.590375825533332,12.932034969354302,1.0244642941986981,113.34163918848294,45.29929999999999,Satisfactory,3.0199533333333326,6.550480021341947,45.299299999999995
4.0,26.833333333333332,75.78717948717949,17.827353066945406,50.513469853185725,2.6073758730460397,158.44666698341805,3.8625174826944173,11.503634722288211,45.57233810044187,30.590375825533332,12.932034969354302,1.0244642941986981,113.34163918848294,45.29929999999999,Satisfactory,3.0199533333333326,6.550480021341947,45.299299999999995
4.0,26.833333333333332,75.7923076923077,17.827353066945406,50.513469853185725,2.6073758730460397,158.44666698341805,3.8638888033204726,11.503634722288211,45.57233810044187,30.590375825533332,12.932034969354302,1.0244642941986981,113.34163918848294,45.10449999999999,Satisfactory,3.0069666666666657,6.660369865855799,45.10449999999999
4.0,26.833333333333332,75.7974358974359,17.827353066945406,50.513469853185725,2.6073758730460397,158.44666698341805,3.8378858960489017,11.503634722288211,45.57233810044187,30.590375825533332,12.932034969354302,1.0244642941986981,113.34163918848294,44.959299999999985,Satisfactory,2.9972866666666658,6.539305047938964,44.959299999999985
4.0,26.833333333333332,75.8025641025641,17.827353066945406,50.513469853185725,2.6073758730460397,158.44666698341805,3.7848523359036177,11.503634722288211,45.57233810044187,30.590375825533332,12.932034969354302,1.0244642941986981,113.34163918848294,44.959299999999985,Satisfactory,2.9972866666666658,6.539305047938964,44.959299999999985
4.0,26.833333333333332,75.8076923076923,17.827353066945406,50.513469853185725,2.6073758730460397,158.44666698341805,3.7054713133352966,11.503634722288211,45.57233810044187,30.590375825533332,12.932034969354302,1.0244642941986981,113.34163918848294,44.959299999999985,Satisfactory,2.9972866666666658,6.539305047938964,44.959299999999985
4.0,26.833333333333332,75.81282051282052,17.827353066945406,50.513469853185725,2.6073758730460397,158.44666698341805,3.6007232492817085,11.503634722288211,45.57233810044187,30.590375825533332,12.932034969354302,1.0244642941986981,113.34163918848294,44.959299999999985,Satisfactory,2.9972866666666658,6.539305047938964,44.959299999999985
4.0,26.833333333333332,75.81794871794872,17.827353066945406,50.513469853185725,2.6073758730460397,158.44666698341805,3.4718291136313155,11.503634722288211,45.57233810044187,30.590375825533332,12.932034969354302,1.0244642941986981,113.34163918848294,44.613399999999984,Satisfactory,2.9742266666666657,6.454300460933005,44.613399999999984
4.0,26.833333333333332,75.82307692307693,17.827353066945406,50.513469853185725,2.6073758730460397,158.44666698341805,3.3201865328968774,11.503634722288211,45.57233810044187,30.590375825533332,12.932034969354302,1.0244642941986981,113.34163918848294,44.754299999999986,Satisfactory,2.9836199999999993,6.579737723496279,44.754299999999986
4.0,26.833333333333332,75.82820512820513,17.827353066945406,50.513469853185725,2.6073758730460397,158.44666698341805,3.14730553480857,11.503634722288211,45.57233810044187,30.590375825533332,12.932034969354302,1.0244642941986981,113.34163918848294,44.754299999999986,Satisfactory,2.9836199999999993,6.579737723496279,44.754299999999986
4.0,26.833333333333332,75.83333333333334,17.827353066945406,50.513469853185725,2.6073758730460397,158.44666698341805,3.0,11.503634722288211,45.57233810044187,30.590375825533332,12.932034969354302,1.0244642941986981,113.34163918848294,44.754299999999986,Satisfactory,2.9836199999999993,6.579737723496279,44.754299999999986
4.0,26.833333333333332,75.83846153846154,17.827353066945406,50.513469853185725,2.6073758730460397,158.44666698341805,3.0,11.503634722288211,45.57233810044187,30.590375825533332,12.932034969354302,1.0244642941986981,113.34163918848294,44.754299999999986,Satisfactory,2.9836199999999993,6.579737723496279,44.754299999999986
4.0,26.833333333333332,75.84358974358975,17.827353066945406,50.513469853185725,2.6073758730460397,158.44666698341805,3.0,11.503634722288211,45.57233810044187,30.590375825533332,12.932034969354302,1.0244642941986981,113.34163918848294,44.754299999999986,Satisfactory,2.9836199999999993,6.579737723496279,44.754299999999986
4.0,26.833333333333332,75.84871794871795,17.827353066945406,50.513469853185725,2.6073758730460397,158.44666698341805,3.0,11.503634722288211,45.57233810044187,30.590375825533332,12.932034969354302,1.0244642941986981,113.34163918848294,44.754299999999986,Satisfactory,2.9836199999999993,6.579737723496279,44.754299999999986
4.0,26.833333333333332,75.85384615384616,17.827353066945406,50.513469853185725,2.6073758730460397,158.44666698341805,3.0,11.503634722288211,45.57233810044187,30.590375825533332,12.932034969354302,1.0244642941986981,113.34163918848294,44.754299999999986,Satisfactory,2.9836199999999993,6.579737723496279,44.754299999999986
4.0,26.833333333333332,75.85897435897436,17.827353066945406,50.513469853185725,2.6073758730460397,158.44666698341805,3.0,11.503634722288211,45.57233810044187,30.590375825533332,12.932034969354302,1.0244642941986981,113.34163918848294,44.754299999999986,Satisfactory,2.9836199999999993,6.579737723496279,44.754299999999986
4.0,26.833333333333332,75.86410256410257,17.827353066945406,50.513469853185725,2.6073758730460397,158.44666698341805,3.0,11.503634722288211,45.57233810044187,30.590375825533332,12.932034969354302,1.0244642941986981,113.34163918848294,44.754299999999986,Satisfactory,2.9836199999999993,6.579737723496279,44.754299999999986
4.0,26.833333333333332,75.86923076923077,17.827353066945406,50.513469853185725,2.6073758730460397,158.44666698341805,3.0,11.503634722288211,45.57233810044187,30.590375825533332,12.932034969354302,1.0244642941986981,113.34163918848294,44.754299999999986,Satisfactory,2.9836199999999993,6.579737723496279,44.754299999999986
4.0,26.833333333333332,75.87435897435898,17.827353066945406,50.513469853185725,2.6073758730460397,158.44666698341805,3.0,11.503634722288211,45.57233810044187,30.590375825533332,12.932034969354302,1.0244642941986981,113.34163918848294,44.754299999999986,Satisfactory,2.9836199999999993,6.579737723496279,44.754299999999986
4.0,26.833333333333332,75.87948717948719,17.827353066945406,50.513469853185725,2.6073758730460397,158.44666698341805,3.0,11.503634722288211,45.57233810044187,30.590375825533332,12.932034969354302,1.0244642941986981,113.34163918848294,44.754299999999986,Satisfactory,2.9836199999999993,6.579737723496279,44.754299999999986
4.0,26.833333333333332,75.88461538461539,17.827353066945406,50.513469853185725,2.6073758730460397,158.44666698341805,3.0,11.503634722288211,45.57233810044187,30.590375825533332,12.932034969354302,1.0244642941986981,113.34163918848294,44.754299999999986,Satisfactory,2.9836199999999993,6.579737723496279,44.754299999999986
4.0,26.833333333333332,75.88974358974359,17.827353066945406,50.513469853185725,2.6073758730460397,158.44666698341805,3.0,11.503634722288211,45.57233810044187,30.590375825533332,12.932034969354302,1.0244642941986981,113.34163918848294,44.754299999999986,Satisfactory,2.9836199999999993,6.579737723496279,44.754299999999986
4.0,26.833333333333332,75.8948717948718,17.827353066945406,50.513469853185725,2.6073758730460397,158.44666698341805,3.0,11.503634722288211,45.57233810044187,30.590375825533332,12.932034969354302,1.0244642941986981,113.34163918848294,44.754299999999986,Satisfactory,2.9836199999999993,6.579737723496279,44.754299999999986
4.0,26.833333333333332,75.9,17.827353066945406,50.513469853185725,2.6073758730460397,158.44666698341805,3.0,11.503634722288211,45.57233810044187,30.590375825533332,12.932034969354302,1.0244642941986981,113.34163918848294,44.754299999999986,Satisfactory,2.9836199999999993,6.579737723496279,44.754299999999986
4.0,26.83974358974359,75.7,17.827353066945406,50.513469853185725,2.6073758730460397,158.44666698341805,3.0,11.503634722288211,45.57233810044187,30.590375825533332,12.932034969354302,1.0244642941986981,113.34163918848294,45.51309999999999,Satisfactory,3.0342066666666656,6.958001537079451,45.51309999999999
4.0,26.83974358974359,75.7051282051282,17.827353066945406,50.513469853185725,2.6073758730460397,158.44666698341805,3.0,11.503634722288211,45.57233810044187,30.590375825533332,12.932034969354302,1.0244642941986981,113.34163918848294,45.51309999999999,Satisfactory,3.0342066666666656,6.958001537079451,45.51309999999999
4.0,26.83974358974359,75.71025641025642,17.827353066945406,50.513469853185725,2.6073758730460397,158.44666698341805,3.0,11.503634722288211,45.57233810044187,30.590375825533332,12.932034969354302,1.0244642941986981,113.34163918848294,45.51309999999999,Satisfactory,3.0342066666666656,6.958001537079451,45.51309999999999
4.0,26.83974358974359,75.71538461538462,17.827353066945406,50.513469853185725,2.6073758730460397,158.44666698341805,3.0,11.503634722288211,45.57233810044187,30.590375825533332,12.932034969354302,1.0244642941986981,113.34163918848294,45.51309999999999,Satisfactory,3.0342066666666656,6.958001537079451,45.51309999999999
4.0,26.83974358974359,75.72051282051282,17.827353066945406,50.513469853185725,2.6073758730460397,158.44666698341805,3.0,11.503634722288211,45.57233810044187,30.590375825533332,12.932034969354302,1.0244642941986981,113.34163918848294,45.51309999999999,Satisfactory,3.0342066666666656,6.958001537079451,45.51309999999999
4.0,26.83974358974359,75.72564102564102,17.827353066945406,50.513469853185725,2.6073758730460397,158.44666698341805,3.0,11.503634722288211,45.57233810044187,30.590375825533332,12.932034969354302,1.0244642941986981,113.34163918848294,45.51309999999999,Satisfactory,3.0342066666666656,6.958001537079451,45.51309999999999
4.0,26.83974358974359,75.73076923076924,17.827353066945406,50.513469853185725,2.6073758730460397,158.44666698341805,3.0,11.503634722288211,45.57233810044187,30.590375825533332,12.932034969354302,1.0244642941986981,113.34163918848294,45.51309999999999,Satisfactory,3.0342066666666656,6.958001537079451,45.51309999999999
4.0,26.83974358974359,75.73589743589744,17.827353066945406,50.513469853185725,2.6073758730460397,158.44666698341805,3.0,11.503634722288211,45.57233810044187,30.590375825533332,12.932034969354302,1.0244642941986981,113.34163918848294,45.51309999999999,Satisfactory,3.0342066666666656,6.958001537079451,45.51309999999999
4.0,26.83974358974359,75.74102564102564,17.827353066945406,50.513469853185725,2.6073758730460397,158.44666698341805,3.148687240971551,11.503634722288211,45.57233810044187,30.590375825533332,12.932034969354302,1.0244642941986981,113.34163918848294,45.51309999999999,Satisfactory,3.0342066666666656,6.958001537079451,45.51309999999999
4.0,26.83974358974359,75.74615384615385,17.827353066945406,50.513469853185725,2.6073758730460397,158.44666698341805,3.3747400284218596,11.503634722288211,45.57233810044187,30.590375825533332,12.932034969354302,1.0244642941986981,113.34163918848294,45.51309999999999,Satisfactory,3.0342066666666656,6.958001537079451,45.51309999999999
4.0,26.83974358974359,75.75128205128206,17.827353066945406,50.513469853185725,2.6073758730460397,158.44666698341805,3.582502551284451,11.503634722288211,45.57233810044187,30.590375825533332,12.932034969354302,1.0244642941986981,113.34163918848294,45.51309999999999,Satisfactory,3.0342066666666656,6.958001537079451,45.51309999999999
4.0,26.83974358974359,75.75641025641026,17.827353066945406,50.513469853185725,2.6073758730460397,158.44666698341805,3.77014462753219,11.503634722288211,45.57233810044187,30.590375825533332,12.932034969354302,1.0244642941986981,113.34163918848294,45.42609999999999,Satisfactory,3.0284066666666662,6.80684918225753,45.42609999999999
4.0,26.83974358974359,75.76153846153846,17.827353066945406,50.513469853185725,2.6073758730460397,158.44666698341805,3.9357982335863886,11.503634722288211,45.57233810044187,30.590375825533332,12.932034969354302,1.0244642941986981,113.34163918848294,45.42609999999999,Satisfactory,3.0284066666666662,6.80684918225753,45.42609999999999
4.0,26.83974358974359,75.76666666666667,17.827353066945406,50.513469853185725,2.6073758730460397,158.44666698341805,4.077617978381132,11.503634722288211,45.57233810044187,30.590375825533332,12.932034969354302,1.0244642941986981,113.34163918848294,45.42609999999999,Satisfactory,3.0284066666666662,6.80684918225753,45.42609999999999
4.0,26.83974358974359,75.77179487179488,17.827353066945406,50.513469853185725,2.6073758730460397,158.44666698341805,4.193857115044103,11.503634722288211,45.57233810044187,30.590375825533332,12.932034969354302,1.0244642941986981,113.34163918848294,45.42609999999999,Satisfactory,3.0284066666666662,6.80684918225753,45.42609999999999
4.0,26.83974358974359,75.77692307692308,17.827353066945406,50.513469853185725,2.6073758730460397,158.44666698341805,4.282955113402528,11.503634722288211,45.57233810044187,30.590375825533332,12.932034969354302,1.0244642941986981,113.34163918848294,45.29929999999999,Satisfactory,3.0199533333333326,6.550480021341947,45.299299999999995
4.0,26.83974358974359,75.78205128205128,17.827353066945406,50.513469853185725,2.6073758730460397,158.44666698341805,4.343629262987697,11.503634722288211,45.57233810044187,30.590375825533332,12.932034969354302,1.0244642941986981,113.34163918848294,45.29929999999999,Satisfactory,3.0199533333333326,6.550480021341947,45.299299999999995
4.0,26.83974358974359,75.78717948717949,17.827353066945406,50.513469853185725,2.6073758730460397,158.44666698341805,4.374959712322019,11.503634722288211,45.57233810044187,30.590375825533332,12.932034969354302,1.0244642941986981,113.34163918848294,45.29929999999999,Satisfactory,3.0199533333333326,6.550480021341947,45.299299999999995
4.0,26.83974358974359,75.7923076923077,17.827353066945406,50.513469853185725,2.6073758730460397,158.44666698341805,4.376455992367038,11.503634722288211,45.57233810044187,30.590375825533332,12.932034969354302,1.0244642941986981,113.34163918848294,45.10449999999999,Satisfactory,3.0069666666666657,6.660369865855799,45.10449999999999
4.0,26.83974358974359,75.7974358974359,17.827353066945406,50.513469853185725,2.6073758730460397,158.44666698341805,4.348094408265318,11.503634722288211,45.57233810044187,30.590375825533332,12.932034969354302,1.0244642941986981,113.34163918848294,44.959299999999985,Satisfactory,2.9972866666666658,6.539305047938964,44.959299999999985
4.0,26.83974358974359,75.8025641025641,17.827353066945406,50.513469853185725,2.6073758730460397,158.44666698341805,4.29031987986267,11.503634722288211,45.57233810044187,30.590375825533332,12.932034969354302,1.0244642941986981,113.34163918848294,44.959299999999985,Satisfactory,2.9972866666666658,6.539305047938964,44.959299999999985
4.0,26.83974358974359,75.8076923076923,17.827353066945406,50.513469853185725,2.6073758730460397,158.44666698341805,4.204011906929623,11.503634722288211,45.57233810044187,30.590375825533332,12.932034969354302,1.0244642941986981,113.34163918848294,44.959299999999985,Satisfactory,2.9972866666666658,6.539305047938964,44.959299999999985
4.0,26.83974358974359,75.81282051282052,17.827353066945406,50.513469853185725,2.6073758730460397,158.44666698341805,4.090420529339472,11.503634722288211,45.57233810044187,30.590375825533332,12.932034969354302,1.0244642941986981,113.34163918848294,44.959299999999985,Satisfactory,2.9972866666666658,6.539305047938964,44.959299999999985
4.0,26.83974358974359,75.81794871794872,17.827353066945406,50.513469853185725,2.6073758730460397,158.44666698341805,3.951082600216761,11.503634722288211,45.57233810044187,30.590375825533332,12.932034969354302,1.0244642941986981,113.34163918848294,44.613399999999984,Satisfactory,2.9742266666666657,6.454300460933005,44.613399999999984
4.0,26.83974358974359,75.82307692307693,17.827353066945406,50.513469853185725,2.6073758730460397,158.44666698341805,3.7877303227354204,11.503634722288211,45.57233810044187,30.590375825533332,12.932034969354302,1.0244642941986981,113.34163918848294,44.754299999999986,Satisfactory,2.9836199999999993,6.579737723496279,44.754299999999986
4.0,26.83974358974359,75.82820512820513,17.827353066945406,50.513469853185725,2.6073758730460397,158.44666698341805,3.6022028774714983,11.503634722288211,45.57233810044187,30.590375825533332,12.932034969354302,1.0244642941986981,113.34163918848294,44.754299999999986,Satisfactory,2.9836199999999993,6.579737723496279,44.754299999999986
4.0,26.83974358974359,75.83333333333334,17.827353066945406,50.513469853185725,2.6073758730460397,158.44666698341805,3.3963690182349406,11.503634722288211,45.57233810044187,30.590375825533332,12.932034969354302,1.0244642941986981,113.34163918848294,44.754299999999986,Satisfactory,2.9836199999999993,6.579737723496279,44.754299999999986
4.0,26.83974358974359,75.83846153846154,17.827353066945406,50.513469853185725,2.6073758730460397,158.44666698341805,3.1720649600390693,11.503634722288211,45.57233810044187,30.590375825533332,12.932034969354302,1.0244642941986981,113.34163918848294,44.754299999999986,Satisfactory,2.9836199999999993,6.579737723496279,44.754299999999986
4.0,26.83974358974359,75.84358974358975,17.827353066945406,50.513469853185725,2.6073758730460397,158.44666698341805,3.0,11.503634722288211,45.57233810044187,30.590375825533332,12.932034969354302,1.0244642941986981,113.34163918848294,44.754299999999986,Satisfactory,2.9836199999999993,6.579737723496279,44.754299999999986
4.0,26.83974358974359,75.84871794871795,17.827353066945406,50.513469853185725,2.6073758730460397,158.44666698341805,3.0,11.503634722288211,45.57233810044187,30.590375825533332,12.932034969354302,1.0244642941986981,113.34163918848294,44.754299999999986,Satisfactory,2.9836199999999993,6.579737723496279,44.754299999999986
4.0,26.83974358974359,75.85384615384616,17.827353066945406,50.513469853185725,2.6073758730460397,158.44666698341805,3.0,11.503634722288211,45.57233810044187,30.590375825533332,12.932034969354302,1.0244642941986981,113.34163918848294,44.754299999999986,Satisfactory,2.9836199999999993,6.579737723496279,44.754299999999986
4.0,26.83974358974359,75.85897435897436,17.827353066945406,50.513469853185725,2.6073758730460397,158.44666698341805,3.0,11.503634722288211,45.57233810044187,30.590375825533332,12.932034969354302,1.0244642941986981,113.34163918848294,44.754299999999986,Satisfactory,2.9836199999999993,6.579737723496279,44.754299999999986
4.0,26.83974358974359,75.86410256410257,17.827353066945406,50.513469853185725,2.6073758730460397,158.44666698341805,3.0,11.503634722288211,45.57233810044187,30.590375825533332,12.932034969354302,1.0244642941986981,113.34163918848294,44.754299999999986,Satisfactory,2.9836199999999993,6.579737723496279,44.754299999999986
4.0,26.83974358974359,75.86923076923077,17.827353066945406,50.513469853185725,2.6073758730460397,158.44666698341805,3.0,11.503634722288211,45.57233810044187,30.590375825533332,12.932034969354302,1.0244642941986981,113.34163918848294,44.754299999999986,Satisfactory,2.9836199999999993,6.579737723496279,44.754299999999986
4.0,26.83974358974359,75.87435897435898,17.827353066945406,50.513469853185725,2.6073758730460397,158.44666698341805,3.0,11.503634722288211,45.57233810044187,30.590375825533332,12.932034969354302,1.0244642941986981,113.34163918848294,44.754299999999986,Satisfactory,2.9836199999999993,6.579737723496279,44.754299999999986
4.0,26.83974358974359,75.87948717948719,17.827353066945406,50.513469853185725,2.6073758730460397,158.44666698341805,3.0,11.503634722288211,45.57233810044187,30.590375825533332,12.932034969354302,1.0244642941986981,113.34163918848294,44.754299999999986,Satisfactory,2.9836199999999993,6.579737723496279,44.754299999999986
4.0,26.83974358974359,75.88461538461539,17.827353066945406,50.513469853185725,2.6073758730460397,158.44666698341805,3.0,11.503634722288211,45.57233810044187,30.590375825533332,12.932034969354302,1.0244642941986981,113.34163918848294,44.754299999999986,Satisfactory,2.9836199999999993,6.579737723496279,44.754299999999986
4.0,26.83974358974359,75.88974358974359,17.827353066945406,50.513469853185725,2.6073758730460397,158.44666698341805,3.0,11.503634722288211,45.57233810044187,30.590375825533332,12.932034969354302,1.0244642941986981,113.34163918848294,44.754299999999986,Satisfactory,2.9836199999999993,6.579737723496279,44.754299999999986
4.0,26.83974358974359,75.8948717948718,17.827353066945406,50.513469853185725,2.6073758730460397,158.44666698341805,3.0,11.503634722288211,45.57233810044187,30.590375825533332,12.932034969354302,1.0244642941986981,113.34163918848294,44.754299999999986,Satisfactory,2.9836199999999993,6.579737723496279,44.754299999999986
4.0,26.83974358974359,75.9,17.827353066945406,50.513469853185725,2.6073758730460397,158.44666698341805,3.0,11.503634722288211,45.57233810044187,30.590375825533332,12.932034969354302,1.0244642941986981,113.34163918848294,44.754299999999986,Satisfactory,2.9836199999999993,6.579737723496279,44.754299999999986
4.0,26.846153846153847,75.7,17.827353066945406,50.513469853185725,2.6073758730460397,158.44666698341805,3.0,11.503634722288211,45.57233810044187,30.590375825533332,12.932034969354302,1.0244642941986981,113.34163918848294,45.51309999999999,Satisfactory,3.0342066666666656,6.958001537079451,45.51309999999999
4.0,26.846153846153847,75.7051282051282,17.827353066945406,50.513469853185725,2.6073758730460397,158.44666698341805,3.0,11.503634722288211,45.57233810044187,30.590375825533332,12.932034969354302,1.0244642941986981,113.34163918848294,45.51309999999999,Satisfactory,3.0342066666666656,6.958001537079451,45.51309999999999
4.0,26.846153846153847,75.71025641025642,17.827353066945406,50.513469853185725,2.6073758730460397,158.44666698341805,3.0,11.503634722288211,45.57233810044187,30.590375825533332,12.932034969354302,1.0244642941986981,113.34163918848294,45.51309999999999,Satisfactory,3.0342066666666656,6.958001537079451,45.51309999999999
4.0,26.846153846153847,75.71538461538462,17.827353066945406,50.513469853185725,2.6073758730460397,158.44666698341805,3.0,11.503634722288211,45.57233810044187,30.590375825533332,12.932034969354302,1.0244642941986981,113.34163918848294,45.51309999999999,Satisfactory,3.0342066666666656,6.958001537079451,45.51309999999999
4.0,26.846153846153847,75.72051282051282,17.827353066945406,50.513469853185725,2.6073758730460397,158.44666698341805,3.0,11.503634722288211,45.57233810044187,30.590375825533332,12.932034969354302,1.0244642941986981,113.34163918848294,45.51309999999999,Satisfactory,3.0342066666666656,6.958001537079451,45.51309999999999
4.0,26.846153846153847,75.72564102564102,17.827353066945406,50.513469853185725,2.6073758730460397,158.44666698341805,3.0,11.503634722288211,45.57233810044187,30.590375825533332,12.932034969354302,1.0244642941986981,113.34163918848294,45.51309999999999,Satisfactory,3.0342066666666656,6.958001537079451,45.51309999999999
4.0,26.846153846153847,75.73076923076924,17.827353066945406,50.513469853185725,2.6073758730460397,158.44666698341805,3.032824211953927,11.503634722288211,45.57233810044187,30.590375825533332,12.932034969354302,1.0244642941986981,113.34163918848294,45.51309999999999,Satisfactory,3.0342066666666656,6.958001537079451,45.51309999999999
4.0,26.846153846153847,75.73589743589744,17.827353066945406,50.513469853185725,2.6073758730460397,158.44666698341805,3.3050854865890935,11.503634722288211,45.57233810044187,30.590375825533332,12.932034969354302,1.0244642941986981,113.34163918848294,45.51309999999999,Satisfactory,3.0342066666666656,6.958001537079451,45.51309999999999
4.0,26.846153846153847,75.74102564102564,17.827353066945406,50.513469853185725,2.6073758730460397,158.44666698341805,3.5626991008236164,11.503634722288211,45.57233810044187,30.590375825533332,12.932034969354302,1.0244642941986981,113.34163918848294,45.51309999999999,Satisfactory,3.0342066666666656,6.958001537079451,45.51309999999999
4.0,26.846153846153847,75.74615384615385,17.827353066945406,50.513469853185725,2.6073758730460397,158.44666698341805,3.8038377978375495,11.503634722288211,45.57233810044187,30.590375825533332,12.932034969354302,1.0244642941986981,113.34163918848294,45.51309999999999,Satisfactory,3.0342066666666656,6.958001537079451,45.51309999999999
4.0,26.846153846153847,75.75128205128206,17.827353066945406,50.513469853185725,2.6073758730460397,158.44666698341805,4.026506060203825,11.503634722288211,45.57233810044187,30.590375825533332,12.932034969354302,1.0244642941986981,113.34163918848294,45.51309999999999,Satisfactory,3.0342066666666656,6.958001537079451,45.51309999999999
4.0,26.846153846153847,75.75641025641026,17.827353066945406,50.513469853185725,2.6073758730460397,158.44666698341805,4.2285656629935495,11.503634722288211,45.57233810044187,30.590375825533332,12.932034969354302,1.0244642941986981,113.34163918848294,45.42609999999999,Satisfactory,3.0284066666666662,6.80684918225753,45.42609999999999
4.0,26.846153846153847,75.76153846153846,17.827353066945406,50.513469853185725,2.6073758730460397,158.44666698341805,4.407782245988178,11.503634722288211,45.57233810044187,30.590375825533332,12.932034969354302,1.0244642941986981,113.34163918848294,45.42609999999999,Satisfactory,3.0284066666666662,6.80684918225753,45.42609999999999
4.0,26.846153846153847,75.76666666666667,17.827353066945406,50.513469853185725,2.6073758730460397,158.44666698341805,4.561896915788978,11.503634722288211,45.57233810044187,30.590375825533332,12.932034969354302,1.0244642941986981,113.34163918848294,45.501099999999994,Satisfactory,3.033406666666666,6.745848633789525,45.501099999999994
4.0,26.846153846153847,75.77179487179488,17.827353066945406,50.513469853185725,2.6073758730460397,158.44666698341805,4.688724113262895,11.503634722288211,45.57233810044187,30.590375825533332,12.932034969354302,1.0244642941986981,113.34163918848294,45.501099999999994,Satisfactory,3.033406666666666,6.745848633789525,45.501099999999994
4.0,26.846153846153847,75.77692307692308,17.827353066945406,50.513469853185725,2.6073758730460397,158.44666698341805,4.7862721033907665,11.503634722288211,45.57233810044187,30.590375825533332,12.932034969354302,1.0244642941986981,113.34163918848294,45.37429999999999,Satisfactory,3.024953333333333,6.4885350049144375,45.37429999999999
4.0,26.846153846153847,75.78205128205128,17.827353066945406,50.513469853185725,2.6073758730460397,158.44666698341805,4.852875923485023,11.503634722288211,45.57233810044187,30.590375825533332,12.932034969354302,1.0244642941986981,113.34163918848294,45.37429999999999,Satisfactory,3.024953333333333,6.4885350049144375,45.37429999999999
4.0,26.846153846153847,75.78717948717949,17.827353066945406,50.513469853185725,2.6073758730460397,158.44666698341805,4.887326082908139,11.503634722288211,45.57233810044187,30.590375825533332,12.932034969354302,1.0244642941986981,113.34163918848294,45.37429999999999,Satisfactory,3.024953333333333,6.4885350049144375,45.37429999999999
4.0,26.846153846153847,75.7923076923077,17.827353066945406,50.513469853185725,2.6073758730460397,158.44666698341805,4.888972358684055,11.503634722288211,45.57233810044187,30.590375825533332,12.932034969354302,1.0244642941986981,113.34163918848294,45.17949999999999,Satisfactory,3.011966666666666,6.601669845576952,45.17949999999999
4.0,26.846153846153847,75.7974358974359,17.827353066945406,50.513469853185725,2.6073758730460397,158.44666698341805,4.8577832443203235,11.503634722288211,45.57233810044187,30.590375825533332,12.932034969354302,1.0244642941986981,113.34163918848294,45.03429999999999,Satisfactory,3.0022866666666657,6.481188819190505,45.03429999999999
4.0,26.846153846153847,75.8025641025641,17.827353066945406,50.513469853185725,2.6073758730460397,158.44666698341805,4.794348895786188,11.503634722288211,45.57233810044187,30.590375825533332,12.932034969354302,1.0244642941986981,113.34163918848294,45.03429999999999,Satisfactory,3.0022866666666657,6.481188819190505,45.03429999999999
4.0,26.846153846153847,75.8076923076923,17.827353066945406,50.513469853185725,2.6073758730460397,158.44666698341805,4.699826953813241,11.503634722288211,45.57233810044187,30.590375825533332,12.932034969354302,1.0244642941986981,113.34163918848294,45.03429999999999,Satisfactory,3.0022866666666657,6.481188819190505,45.03429999999999
4.0,26.846153846153847,75.81282051282052,17.827353066945406,50.513469853185725,2.6073758730460397,158.44666698341805,4.575842382031711,11.503634722288211,45.57233810044187,30.590375825533332,12.932034969354302,1.0244642941986981,113.34163918848294,45.03429999999999,Satisfactory,3.0022866666666657,6.481188819190505,45.03429999999999
4.0,26.846153846153847,75.81794871794872,17.827353066945406,50.513469853185725,2.6073758730460397,158.44666698341805,4.424360300924075,11.503634722288211,45.57233810044187,30.590375825533332,12.932034969354302,1.0244642941986981,113.34163918848294,44.613399999999984,Satisfactory,2.9742266666666657,6.454300460933005,44.613399999999984
4.0,26.846153846153847,75.82307692307693,17.827353066945406,50.513469853185725,2.6073758730460397,158.44666698341805,4.247552617574673,11.503634722288211,45.57233810044187,30.590375825533332,12.932034969354302,1.0244642941986981,113.34163918848294,44.754299999999986,Satisfactory,2.9836199999999993,6.579737723496279,44.754299999999986
4.0,26.846153846153847,75.82820512820513,17.827353066945406,50.513469853185725,2.6073758730460397,158.44666698341805,4.0476757173735045,11.503634722288211,45.57233810044187,30.590375825533332,12.932034969354302,1.0244642941986981,113.34163918848294,44.754299999999986,Satisfactory,2.9836199999999993,6.579737723496279,44.754299999999986
4.0,26.846153846153847,75.83333333333334,17.827353066945406,50.513469853185725,2.6073758730460397,158.44666698341805,3.826970072335757,11.503634722288211,45.57233810044187,30.590375825533332,12.932034969354302,1.0244642941986981,113.34163918848294,44.754299999999986,Satisfactory,2.9836199999999993,6.579737723496279,44.754299999999986
4.0,26.846153846153847,75.83846153846154,17.827353066945406,50.513469853185725,2.6073758730460397,158.44666698341805,3.5875860041293874,11.503634722288211,45.57233810044187,30.590375825533332,12.932034969354302,1.0244642941986981,113.34163918848294,44.754299999999986,Satisfactory,2.9836199999999993,6.579737723496279,44.754299999999986
4.0,26.846153846153847,75.84358974358975,17.827353066945406,50.513469853185725,2.6073758730460397,158.44666698341805,3.3315347593806326,11.503634722288211,45.57233810044187,30.590375825533332,12.932034969354302,1.0244642941986981,113.34163918848294,44.754299999999986,Satisfactory,2.9836199999999993,6.579737723496279,44.754299999999986
4.0,26.846153846153847,75.84871794871795,17.827353066945406,50.513469853185725,2.6073758730460397,158.44666698341805,3.060661074671982,11.503634722288211,45.57233810044187,30.590375825533332,12.932034969354302,1.0244642941986981,113.34163918848294,44.754299999999986,Satisfactory,2.9836199999999993,6.579737723496279,44.754299999999986
4.0,26.846153846153847,75.85384615384616,17.827353066945406,50.513469853185725,2.6073758730460397,158.44666698341805,3.0,11.503634722288211,45.57233810044187,30.590375825533332,12.932034969354302,1.0244642941986981,113.34163918848294,44.754299999999986,Satisfactory,2.9836199999999993,6.579737723496279,44.754299999999986
4.0,26.846153846153847,75.85897435897436,17.827353066945406,50.513469853185725,2.6073758730460397,158.44666698341805,3.0,11.503634722288211,45.57233810044187,30.590375825533332,12.932034969354302,1.0244642941986981,113.34163918848294,44.754299999999986,Satisfactory,2.9836199999999993,6.579737723496279,44.754299999999986
4.0,26.846153846153847,75.86410256410257,17.827353066945406,50.513469853185725,2.6073758730460397,158.44666698341805,3.0,11.503634722288211,45.57233810044187,30.590375825533332,12.932034969354302,1.0244642941986981,113.34163918848294,44.754299999999986,Satisfactory,2.9836199999999993,6.579737723496279,44.754299999999986
4.0,26.846153846153847,75.86923076923077,17.827353066945406,50.513469853185725,2.6073758730460397,158.44666698341805,3.0,11.503634722288211,45.57233810044187,30.590375825533332,12.932034969354302,1.0244642941986981,113.34163918848294,44.754299999999986,Satisfactory,2.9836199999999993,6.579737723496279,44.754299999999986
4.0,26.846153846153847,75.87435897435898,17.827353066945406,50.513469853185725,2.6073758730460397,158.44666698341805,3.0,11.503634722288211,45.57233810044187,30.590375825533332,12.932034969354302,1.0244642941986981,113.34163918848294,44.754299999999986,Satisfactory,2.9836199999999993,6.579737723496279,44.754299999999986
4.0,26.846153846153847,75.87948717948719,17.827353066945406,50.513469853185725,2.6073758730460397,158.44666698341805,3.0,11.503634722288211,45.57233810044187,30.590375825533332,12.932034969354302,1.0244642941986981,113.34163918848294,44.754299999999986,Satisfactory,2.9836199999999993,6.579737723496279,44.754299999999986
4.0,26.846153846153847,75.88461538461539,17.827353066945406,50.513469853185725,2.6073758730460397,158.44666698341805,3.0,11.503634722288211,45.57233810044187,30.590375825533332,12.932034969354302,1.0244642941986981,113.34163918848294,44.754299999999986,Satisfactory,2.9836199999999993,6.579737723496279,44.754299999999986
4.0,26.846153846153847,75.88974358974359,17.827353066945406,50.513469853185725,2.6073758730460397,158.44666698341805,3.0,11.503634722288211,45.57233810044187,30.590375825533332,12.932034969354302,1.0244642941986981,113.34163918848294,44.754299999999986,Satisfactory,2.9836199999999993,6.579737723496279,44.754299999999986
4.0,26.846153846153847,75.8948717948718,17.827353066945406,50.513469853185725,2.6073758730460397,158.44666698341805,3.0,11.503634722288211,45.57233810044187,30.590375825533332,12.932034969354302,1.0244642941986981,113.34163918848294,44.754299999999986,Satisfactory,2.9836199999999993,6.579737723496279,44.754299999999986
4.0,26.846153846153847,75.9,17.827353066945406,50.513469853185725,2.6073758730460397,158.44666698341805,3.0,11.503634722288211,45.57233810044187,30.590375825533332,12.932034969354302,1.0244642941986981,113.34163918848294,44.754299999999986,Satisfactory,2.9836199999999993,6.579737723496279,44.754299999999986
4.0,26.852564102564102,75.7,17.827353066945406,50.513469853185725,2.6073758730460397,158.44666698341805,3.0,11.503634722288211,45.57233810044187,30.590375825533332,12.932034969354302,1.0244642941986981,113.34163918848294,45.51309999999999,Satisfactory,3.0342066666666656,6.958001537079451,45.51309999999999
4.0,26.852564102564102,75.7051282051282,17.827353066945406,50.513469853185725,2.6073758730460397,158.44666698341805,3.0,11.503634722288211,45.57233810044187,30.590375825533332,12.932034969354302,1.0244642941986981,113.34163918848294,45.51309999999999,Satisfactory,3.0342066666666656,6.958001537079451,45.51309999999999
4.0,26.852564102564102,75.71025641025642,17.827353066945406,50.513469853185725,2.6073758730460397,158.44666698341805,3.0,11.503634722288211,45.57233810044187,30.590375825533332,12.932034969354302,1.0244642941986981,113.34163918848294,45.51309999999999,Satisfactory,3.0342066666666656,6.958001537079451,45.51309999999999
4.0,26.852564102564102,75.71538461538462,17.827353066945406,50.513469853185725,2.6073758730460397,158.44666698341805,3.0,11.503634722288211,45.57233810044187,30.590375825533332,12.932034969354302,1.0244642941986981,113.34163918848294,45.51309999999999,Satisfactory,3.0342066666666656,6.958001537079451,45.51309999999999
4.0,26.852564102564102,75.72051282051282,17.827353066945406,50.513469853185725,2.6073758730460397,158.44666698341805,3.0,11.503634722288211,45.57233810044187,30.590375825533332,12.932034969354302,1.0244642941986981,113.34163918848294,45.51309999999999,Satisfactory,3.0342066666666656,6.958001537079451,45.51309999999999
4.0,26.852564102564102,75.72564102564102,17.827353066945406,50.513469853185725,2.6073758730460397,158.44666698341805,3.099120104887718,11.503634722288211,45.57233810044187,30.590375825533332,12.932034969354302,1.0244642941986981,113.34163918848294,45.51309999999999,Satisfactory,3.0342066666666656,6.958001537079451,45.51309999999999
4.0,26.852564102564102,75.73076923076924,17.827353066945406,50.513469853185725,2.6073758730460397,158.44666698341805,3.3995557298932297,11.503634722288211,45.57233810044187,30.590375825533332,12.932034969354302,1.0244642941986981,113.34163918848294,45.51309999999999,Satisfactory,3.0342066666666656,6.958001537079451,45.51309999999999
4.0,26.852564102564102,75.73589743589744,17.827353066945406,50.513469853185725,2.6073758730460397,158.44666698341805,3.687614837232294,11.503634722288211,45.57233810044187,30.590375825533332,12.932034969354302,1.0244642941986981,113.34163918848294,45.51309999999999,Satisfactory,3.0342066666666656,6.958001537079451,45.51309999999999
4.0,26.852564102564102,75.74102564102564,17.827353066945406,50.513469853185725,2.6073758730460397,158.44666698341805,3.9615259404559042,11.503634722288211,45.57233810044187,30.590375825533332,12.932034969354302,1.0244642941986981,113.34163918848294,45.51309999999999,Satisfactory,3.0342066666666656,6.958001537079451,45.51309999999999
4.0,26.852564102564102,75.74615384615385,17.827353066945406,50.513469853185725,2.6073758730460397,158.44666698341805,4.219277541971374,11.503634722288211,45.57233810044187,30.590375825533332,12.932034969354302,1.0244642941986981,113.34163918848294,45.51309999999999,Satisfactory,3.0342066666666656,6.958001537079451,45.51309999999999
4.0,26.852564102564102,75.75128205128206,17.827353066945406,50.513469853185725,2.6073758730460397,158.44666698341805,4.458614257242913,11.503634722288211,45.57233810044187,30.590375825533332,12.932034969354302,1.0244642941986981,113.34163918848294,45.51309999999999,Satisfactory,3.0342066666666656,6.958001537079451,45.51309999999999
4.0,26.852564102564102,75.75641025641026,17.827353066945406,50.513469853185725,2.6073758730460397,158.44666698341805,4.677051530624502,11.503634722288211,45.57233810044187,30.590375825533332,12.932034969354302,1.0244642941986981,113.34163918848294,45.501099999999994,Satisfactory,3.033406666666666,6.745848633789525,45.501099999999994
4.0,26.852564102564102,75.76153846153846,17.827353066945406,50.513469853185725,2.6073758730460397,158.44666698341805,4.871917950194742,11.503634722288211,45.57233810044187,30.590375825533332,12.932034969354302,1.0244642941986981,113.34163918848294,45.501099999999994,Satisfactory,3.033406666666666,6.745848633789525,45.501099999999994
4.0,26.852564102564102,75.76666666666667,17.827353066945406,50.513469853185725,2.6073758730460397,158.44666698341805,5.040434368237949,11.503634722288211,45.57233810044187,30.590375825533332,12.932034969354302,1.0244642941986981,113.34163918848294,45.501099999999994,Satisfactory,3.033406666666666,6.745848633789525,45.501099999999994
4.0,26.852564102564102,75.77179487179488,17.827353066945406,50.513469853185725,2.6073758730460397,158.44666698341805,5.179836346524642,11.503634722288211,45.57233810044187,30.590375825533332,12.932034969354302,1.0244642941986981,113.34163918848294,45.501099999999994,Satisfactory,3.033406666666666,6.745848633789525,45.501099999999994
4.0,26.852564102564102,75.77692307692308,17.827353066945406,50.513469853185725,2.6073758730460397,158.44666698341805,5.287539423917561,11.503634722288211,45.57233810044187,30.590375825533332,12.932034969354302,1.0244642941986981,113.34163918848294,45.37429999999999,Satisfactory,3.024953333333333,6.4885350049144375,45.37429999999999
4.0,26.852564102564102,75.78205128205128,17.827353066945406,50.513469853185725,2.6073758730460397,158.44666698341805,5.3613350670381426,11.503634722288211,45.57233810044187,30.590375825533332,12.932034969354302,1.0244642941986981,113.34163918848294,45.37429999999999,Satisfactory,3.024953333333333,6.4885350049144375,45.37429999999999
4.0,26.852564102564102,75.78717948717949,17.827353066945406,50.513469853185725,2.6073758730460397,158.44666698341805,5.399591248186601,11.503634722288211,45.57233810044187,30.590375825533332,12.932034969354302,1.0244642941986981,113.34163918848294,45.37429999999999,Satisfactory,3.024953333333333,6.4885350049144375,45.37429999999999
4.0,26.852564102564102,75.7923076923077,17.827353066945406,50.513469853185725,2.6073758730460397,158.44666698341805,5.401420909504164,11.503634722288211,45.57233810044187,30.590375825533332,12.932034969354302,1.0244642941986981,113.34163918848294,45.17949999999999,Satisfactory,3.011966666666666,6.601669845576952,45.17949999999999
4.0,26.852564102564102,75.7974358974359,17.827353066945406,50.513469853185725,2.6073758730460397,158.44666698341805,5.36678089621884,11.503634722288211,45.57233810044187,30.590375825533332,12.932034969354302,1.0244642941986981,113.34163918848294,45.03429999999999,Satisfactory,3.0022866666666657,6.481188819190505,45.03429999999999
4.0,26.852564102564102,75.8025641025641,17.827353066945406,50.513469853185725,2.6073758730460397,158.44666698341805,5.296476903420972,11.503634722288211,45.57233810044187,30.590375825533332,12.932034969354302,1.0244642941986981,113.34163918848294,45.03429999999999,Satisfactory,3.0022866666666657,6.481188819190505,45.03429999999999
4.0,26.852564102564102,75.8076923076923,17.827353066945406,50.513469853185725,2.6073758730460397,158.44666698341805,5.192073168113463,11.503634722288211,45.57233810044187,30.590375825533332,12.932034969354302,1.0244642941986981,113.34163918848294,45.03429999999999,Satisfactory,3.0022866666666657,6.481188819190505,45.03429999999999
4.0,26.852564102564102,75.81282051282052,17.827353066945406,50.513469853185725,2.6073758730460397,158.44666698341805,5.055729379795913,11.503634722288211,45.57233810044187,30.590375825533332,12.932034969354302,1.0244642941986981,113.34163918848294,45.03429999999999,Satisfactory,3.0022866666666657,6.481188819190505,45.03429999999999
4.0,26.852564102564102,75.81794871794872,17.827353066945406,50.513469853185725,2.6073758730460397,158.44666698341805,4.890001550375836,11.503634722288211,45.57233810044187,30.590375825533332,12.932034969354302,1.0244642941986981,113.34163918848294,44.688399999999994,Satisfactory,2.9792266666666665,6.399466965302658,44.688399999999994
4.0,26.852564102564102,75.82307692307693,17.827353066945406,50.513469853185725,2.6073758730460397,158.44666698341805,4.697644203863542,11.503634722288211,45.57233810044187,30.590375825533332,12.932034969354302,1.0244642941986981,113.34163918848294,44.82929999999998,Satisfactory,2.9886199999999987,6.524338779523946,44.82929999999998
4.0,26.852564102564102,75.82820512820513,17.827353066945406,50.513469853185725,2.6073758730460397,158.44666698341805,4.481441269063552,11.503634722288211,45.57233810044187,30.590375825533332,12.932034969354302,1.0244642941986981,113.34163918848294,44.754299999999986,Satisfactory,2.9836199999999993,6.579737723496279,44.754299999999986
4.0,26.852564102564102,75.83333333333334,17.827353066945406,50.513469853185725,2.6073758730460397,158.44666698341805,4.2440791710545325,11.503634722288211,45.57233810044187,30.590375825533332,12.932034969354302,1.0244642941986981,113.34163918848294,44.754299999999986,Satisfactory,2.9836199999999993,6.579737723496279,44.754299999999986
4.0,26.852564102564102,75.83846153846154,17.827353066945406,50.513469853185725,2.6073758730460397,158.44666698341805,3.988063593509392,11.503634722288211,45.57233810044187,30.590375825533332,12.932034969354302,1.0244642941986981,113.34163918848294,44.754299999999986,Satisfactory,2.9836199999999993,6.579737723496279,44.754299999999986
4.0,26.852564102564102,75.84358974358975,17.827353066945406,50.513469853185725,2.6073758730460397,158.44666698341805,3.715673881266297,11.503634722288211,45.57233810044187,30.590375825533332,12.932034969354302,1.0244642941986981,113.34163918848294,44.754299999999986,Satisfactory,2.9836199999999993,6.579737723496279,44.754299999999986
4.0,26.852564102564102,75.84871794871795,17.827353066945406,50.513469853185725,2.6073758730460397,158.44666698341805,3.42894598851733,11.503634722288211,45.57233810044187,30.590375825533332,12.932034969354302,1.0244642941986981,113.34163918848294,44.754299999999986,Satisfactory,2.9836199999999993,6.579737723496279,44.754299999999986
4.0,26.852564102564102,75.85384615384616,17.827353066945406,50.513469853185725,2.6073758730460397,158.44666698341805,3.129674860578251,11.503634722288211,45.57233810044187,30.590375825533332,12.932034969354302,1.0244642941986981,113.34163918848294,44.754299999999986,Satisfactory,2.9836199999999993,6.579737723496279,44.754299999999986
4.0,26.852564102564102,75.85897435897436,17.827353066945406,50.513469853185725,2.6073758730460397,158.44666698341805,3.0,11.503634722288211,45.57233810044187,30.590375825533332,12.932034969354302,1.0244642941986981,113.34163918848294,44.754299999999986,Satisfactory,2.9836199999999993,6.579737723496279,44.754299999999986
4.0,26.852564102564102,75.86410256410257,17.827353066945406,50.513469853185725,2.6073758730460397,158.44666698341805,3.0,11.503634722288211,45.57233810044187,30.590375825533332,12.932034969354302,1.0244642941986981,113.34163918848294,44.754299999999986,Satisfactory,2.9836199999999993,6.579737723496279,44.754299999999986
4.0,26.852564102564102,75.86923076923077,17.827353066945406,50.513469853185725,2.6073758730460397,158.44666698341805,3.0,11.503634722288211,45.57233810044187,30.590375825533332,12.932034969354302,1.0244642941986981,113.34163918848294,44.754299999999986,Satisfactory,2.9836199999999993,6.579737723496279,44.754299999999986
4.0,26.852564102564102,75.87435897435898,17.827353066945406,50.513469853185725,2.6073758730460397,158.44666698341805,3.0,11.503634722288211,45.57233810044187,30.590375825533332,12.932034969354302,1.0244642941986981,113.34163918848294,44.754299999999986,Satisfactory,2.9836199999999993,6.579737723496279,44.754299999999986
4.0,26.852564102564102,75.87948717948719,17.827353066945406,50.513469853185725,2.6073758730460397,158.44666698341805,3.0,11.503634722288211,45.57233810044187,30.590375825533332,12.932034969354302,1.0244642941986981,113.34163918848294,44.754299999999986,Satisfactory,2.9836199999999993,6.579737723496279,44.754299999999986
4.0,26.852564102564102,75.88461538461539,17.827353066945406,50.513469853185725,2.6073758730460397,158.44666698341805,3.0,11.503634722288211,45.57233810044187,30.590375825533332,12.932034969354302,1.0244642941986981,113.34163918848294,44.754299999999986,Satisfactory,2.9836199999999993,6.579737723496279,44.754299999999986
4.0,26.852564102564102,75.88974358974359,17.827353066945406,50.513469853185725,2.6073758730460397,158.44666698341805,3.0,11.503634722288211,45.57233810044187,30.590375825533332,12.932034969354302,1.0244642941986981,113.34163918848294,44.754299999999986,Satisfactory,2.9836199999999993,6.579737723496279,44.754299999999986
4.0,26.852564102564102,75.8948717948718,17.827353066945406,50.513469853185725,2.6073758730460397,158.44666698341805,3.0,11.503634722288211,45.57233810044187,30.590375825533332,12.932034969354302,1.0244642941986981,113.34163918848294,44.754299999999986,Satisfactory,2.9836199999999993,6.579737723496279,44.754299999999986
4.0,26.852564102564102,75.9,17.827353066945406,50.513469853185725,2.6073758730460397,158.44666698341805,3.0,11.503634722288211,45.57233810044187,30.590375825533332,12.932034969354302,1.0244642941986981,113.34163918848294,44.754299999999986,Satisfactory,2.9836199999999993,6.579737723496279,44.754299999999986
4.0,26.858974358974358,75.7,17.827353066945406,50.513469853185725,2.6073758730460397,158.44666698341805,3.0,11.503634722288211,45.57233810044187,30.590375825533332,12.932034969354302,1.0244642941986981,113.34163918848294,45.51309999999999,Satisfactory,3.0342066666666656,6.958001537079451,45.51309999999999
4.0,26.858974358974358,75.7051282051282,17.827353066945406,50.513469853185725,2.6073758730460397,158.44666698341805,3.0,11.503634722288211,45.57233810044187,30.590375825533332,12.932034969354302,1.0244642941986981,113.34163918848294,45.51309999999999,Satisfactory,3.0342066666666656,6.958001537079451,45.51309999999999
4.0,26.858974358974358,75.71025641025642,17.827353066945406,50.513469853185725,2.6073758730460397,158.44666698341805,3.0,11.503634722288211,45.57233810044187,30.590375825533332,12.932034969354302,1.0244642941986981,113.34163918848294,45.51309999999999,Satisfactory,3.0342066666666656,6.958001537079451,45.51309999999999
4.0,26.858974358974358,75.71538461538462,17.827353066945406,50.513469853185725,2.6073758730460397,158.44666698341805,3.0,11.503634722288211,45.57233810044187,30.590375825533332,12.932034969354302,1.0244642941986981,113.34163918848294,45.51309999999999,Satisfactory,3.0342066666666656,6.958001537079451,45.51309999999999
4.0,26.858974358974358,75.72051282051282,17.827353066945406,50.513469853185725,2.6073758730460397,158.44666698341805,3.1032370931693665,11.503634722288211,45.57233810044187,30.590375825533332,12.932034969354302,1.0244642941986981,113.34163918848294,45.51309999999999,Satisfactory,3.0342066666666656,6.958001537079451,45.51309999999999
4.0,26.858974358974358,75.72564102564102,17.827353066945406,50.513469853185725,2.6073758730460397,158.44666698341805,3.429426266698348,11.503634722288211,45.57233810044187,30.590375825533332,12.932034969354302,1.0244642941986981,113.34163918848294,45.51309999999999,Satisfactory,3.0342066666666656,6.958001537079451,45.51309999999999
4.0,26.858974358974358,75.73076923076924,17.827353066945406,50.513469853185725,2.6073758730460397,158.44666698341805,3.7457086396000054,11.503634722288211,45.57233810044187,30.590375825533332,12.932034969354302,1.0244642941986981,113.34163918848294,45.51309999999999,Satisfactory,3.0342066666666656,6.958001537079451,45.51309999999999
4.0,26.858974358974358,75.73589743589744,17.827353066945406,50.513469853185725,2.6073758730460397,158.44666698341805,4.0505040296577555,11.503634722288211,45.57233810044187,30.590375825533332,12.932034969354302,1.0244642941986981,113.34163918848294,45.51309999999999,Satisfactory,3.0342066666666656,6.958001537079451,45.51309999999999
4.0,26.858974358974358,75.74102564102564,17.827353066945406,50.513469853185725,2.6073758730460397,158.44666698341805,4.34195574197447,11.503634722288211,45.57233810044187,30.590375825533332,12.932034969354302,1.0244642941986981,113.34163918848294,45.51309999999999,Satisfactory,3.0342066666666656,6.958001537079451,45.51309999999999
4.0,26.858974358974358,75.74615384615385,17.827353066945406,50.513469853185725,2.6073758730460397,158.44666698341805,4.617895579353256,11.503634722288211,45.57233810044187,30.590375825533332,12.932034969354302,1.0244642941986981,113.34163918848294,45.5881,Satisfactory,3.0392066666666664,6.897391781680956,45.5881
4.0,26.858974358974358,75.75128205128206,17.827353066945406,50.513469853185725,2.6073758730460397,158.44666698341805,4.875816961893319,11.503634722288211,45.57233810044187,30.590375825533332,12.932034969354302,1.0244642941986981,113.34163918848294,45.5881,Satisfactory,3.0392066666666664,6.897391781680956,45.5881
4.0,26.858974358974358,75.75641025641026,17.827353066945406,50.513469853185725,2.6073758730460397,158.44666698341805,5.112866252534552,11.503634722288211,45.57233810044187,30.590375825533332,12.932034969354302,1.0244642941986981,113.34163918848294,45.501099999999994,Satisfactory,3.033406666666666,6.745848633789525,45.501099999999994
4.0,26.858974358974358,75.76153846153846,17.827353066945406,50.513469853185725,2.6073758730460397,158.44666698341805,5.325866779014144,11.503634722288211,45.57233810044187,30.590375825533332,12.932034969354302,1.0244642941986981,113.34163918848294,45.501099999999994,Satisfactory,3.033406666666666,6.745848633789525,45.501099999999994
4.0,26.858974358974358,75.76666666666667,17.827353066945406,50.513469853185725,2.6073758730460397,158.44666698341805,5.511393633459932,11.503634722288211,45.57233810044187,30.590375825533332,12.932034969354302,1.0244642941986981,113.34163918848294,48.7622,Satisfactory,3.2508133333333333,7.339173329469744,48.7622
4.0,26.858974358974358,75.77179487179488,17.827353066945406,50.513469853185725,2.6073758730460397,158.44666698341805,5.665917224570621,11.503634722288211,45.57233810044187,30.590375825533332,12.932034969354302,1.0244642941986981,113.34163918848294,48.7622,Satisfactory,3.2508133333333333,7.339173329469744,48.7622
4.0,26.858974358974358,75.77692307692308,17.827353066945406,50.513469853185725,2.6073758730460397,158.44666698341805,5.78602556496602,11.503634722288211,45.57233810044187,30.590375825533332,12.932034969354302,1.0244642941986981,113.34163918848294,48.6354,Satisfactory,3.2423599999999997,7.161361102472071,48.6354
4.0,26.858974358974358,75.78205128205128,17.827353066945406,50.513469853185725,2.6073758730460397,158.44666698341805,5.868715911695403,11.503634722288211,45.57233810044187,30.590375825533332,12.932034969354302,1.0244642941986981,113.34163918848294,48.6354,Satisfactory,3.2423599999999997,7.161361102472071,48.6354
4.0,26.858974358974358,75.78717948717949,17.827353066945406,50.513469853185725,2.6073758730460397,158.44666698341805,5.911717164658243,11.503634722288211,45.57233810044187,30.590375825533332,12.932034969354302,1.0244642941986981,113.34163918848294,48.6354,Satisfactory,3.2423599999999997,7.161361102472071,48.6354
4.0,26.858974358974358,75.7923076923077,17.827353066945406,50.513469853185725,2.6073758730460397,158.44666698341805,5.913776130761528,11.503634722288211,45.57233810044187,30.590375825533332,12.932034969354302,1.0244642941986981,113.34163918848294,48.44059999999999,Satisfactory,3.2293733333333328,7.35095746416751,48.44059999999999
4.0,26.858974358974358,75.7974358974359,17.827353066945406,50.513469853185725,2.6073758730460397,158.44666698341805,5.8748315038496415,11.503634722288211,45.57233810044187,30.590375825533332,12.932034969354302,1.0244642941986981,113.34163918848294,48.5021,Satisfactory,3.2334733333333334,7.374201827316634,48.5021
4.0,26.858974358974358,75.8025641025641,17.827353066945406,50.513469853185725,2.6073758730460397,158.44666698341805,5.796022671559577,11.503634722288211,45.57233810044187,30.590375825533332,12.932034969354302,1.0244642941986981,113.34163918848294,48.5021,Satisfactory,3.2334733333333334,7.374201827316634,48.5021
4.0,26.858974358974358,75.8076923076923,17.827353066945406,50.513469853185725,2.6073758730460397,158.44666698341805,5.679530548798749,11.503634722288211,45.57233810044187,30.590375825533332,12.932034969354302,1.0244642941986981,113.34163918848294,48.5021,Satisfactory,3.2334733333333334,7.374201827316634,48.5021
4.0,26.858974358974358,75.81282051282052,17.827353066945406,50.513469853185725,2.6073758730460397,158.44666698341805,5.528299224701857,11.503634722288211,45.57233810044187,30.590375825533332,12.932034969354302,1.0244642941986981,113.34163918848294,48.5021,Satisfactory,3.2334733333333334,7.374201827316634,48.5021
4.0,26.858974358974358,75.81794871794872,17.827353066945406,50.513469853185725,2.6073758730460397,158.44666698341805,5.3457138019724155,11.503634722288211,45.57233810044187,30.590375825533332,12.932034969354302,1.0244642941986981,113.34163918848294,44.688399999999994,Satisfactory,2.9792266666666665,6.399466965302658,44.688399999999994
4.0,26.858974358974358,75.82307692307693,17.827353066945406,50.513469853185725,2.6073758730460397,158.44666698341805,5.1353034167781235,11.503634722288211,45.57233810044187,30.590375825533332,12.932034969354302,1.0244642941986981,113.34163918848294,44.82929999999998,Satisfactory,2.9886199999999987,6.524338779523946,44.82929999999998
4.0,26.858974358974358,75.82820512820513,17.827353066945406,50.513469853185725,2.6073758730460397,158.44666698341805,4.900511170246215,11.503634722288211,45.57233810044187,30.590375825533332,12.932034969354302,1.0244642941986981,113.34163918848294,44.82929999999998,Satisfactory,2.9886199999999987,6.524338779523946,44.82929999999998
4.0,26.858974358974358,75.83333333333334,17.827353066945406,50.513469853185725,2.6073758730460397,158.44666698341805,4.644542928276149,11.503634722288211,45.57233810044187,30.590375825533332,12.932034969354302,1.0244642941986981,113.34163918848294,44.82929999999998,Satisfactory,2.9886199999999987,6.524338779523946,44.82929999999998
4.0,26.858974358974358,75.83846153846154,17.827353066945406,50.513469853185725,2.6073758730460397,158.44666698341805,4.370286400386258,11.503634722288211,45.57233810044187,30.590375825533332,12.932034969354302,1.0244642941986981,113.34163918848294,44.754299999999986,Satisfactory,2.9836199999999993,6.579737723496279,44.754299999999986
4.0,26.858974358974358,75.84358974358975,17.827353066945406,50.513469853185725,2.6073758730460397,158.44666698341805,4.08028289319605,11.503634722288211,45.57233810044187,30.590375825533332,12.932034969354302,1.0244642941986981,113.34163918848294,44.754299999999986,Satisfactory,2.9836199999999993,6.579737723496279,44.754299999999986
4.0,26.858974358974358,75.84871794871795,17.827353066945406,50.513469853185725,2.6073758730460397,158.44666698341805,3.7767334397592123,11.503634722288211,45.57233810044187,30.590375825533332,12.932034969354302,1.0244642941986981,113.34163918848294,44.754299999999986,Satisfactory,2.9836199999999993,6.579737723496279,44.754299999999986
4.0,26.858974358974358,75.85384615384616,17.827353066945406,50.513469853185725,2.6073758730460397,158.44666698341805,3.4615243841275065,11.503634722288211,45.57233810044187,30.590375825533332,12.932034969354302,1.0244642941986981,113.34163918848294,44.754299999999986,Satisfactory,2.9836199999999993,6.579737723496279,44.754299999999986
4.0,26.858974358974358,75.85897435897436,17.827353066945406,50.513469853185725,2.6073758730460397,158.44666698341805,3.1362618987020667,11.503634722288211,45.57233810044187,30.590375825533332,12.932034969354302,1.0244642941986981,113.34163918848294,44.754299999999986,Satisfactory,2.9836199999999993,6.579737723496279,44.754299999999986
4.0,26.858974358974358,75.86410256410257,17.827353066945406,50.513469853185725,2.6073758730460397,158.44666698341805,3.0,11.503634722288211,45.57233810044187,30.590375825533332,12.932034969354302,1.0244642941986981,113.34163918848294,44.754299999999986,Satisfactory,2.9836199999999993,6.579737723496279,44.754299999999986
4.0,26.858974358974358,75.86923076923077,17.827353066945406,50.513469853185725,2.6073758730460397,158.44666698341805,3.0,11.503634722288211,45.57233810044187,30.590375825533332,12.932034969354302,1.0244642941986981,113.34163918848294,44.754299999999986,Satisfactory,2.9836199999999993,6.579737723496279,44.754299999999986
4.0,26.858974358974358,75.87435897435898,17.827353066945406,50.513469853185725,2.6073758730460397,158.44666698341805,3.0,11.503634722288211,45.57233810044187,30.590375825533332,12.932034969354302,1.0244642941986981,113.34163918848294,44.754299999999986,Satisfactory,2.9836199999999993,6.579737723496279,44.754299999999986
4.0,26.858974358974358,75.87948717948719,17.827353066945406,50.513469853185725,2.6073758730460397,158.44666698341805,3.0,11.503634722288211,45.57233810044187,30.590375825533332,12.932034969354302,1.0244642941986981,113.34163918848294,44.754299999999986,Satisfactory,2.9836199999999993,6.579737723496279,44.754299999999986
4.0,26.858974358974358,75.88461538461539,17.827353066945406,50.513469853185725,2.6073758730460397,158.44666698341805,3.0,11.503634722288211,45.57233810044187,30.590375825533332,12.932034969354302,1.0244642941986981,113.34163918848294,44.754299999999986,Satisfactory,2.9836199999999993,6.579737723496279,44.754299999999986
4.0,26.858974358974358,75.88974358974359,17.827353066945406,50.513469853185725,2.6073758730460397,158.44666698341805,3.0,11.503634722288211,45.57233810044187,30.590375825533332,12.932034969354302,1.0244642941986981,113.34163918848294,44.754299999999986,Satisfactory,2.9836199999999993,6.579737723496279,44.754299999999986
4.0,26.858974358974358,75.8948717948718,17.827353066945406,50.513469853185725,2.6073758730460397,158.44666698341805,3.0,11.503634722288211,45.57233810044187,30.590375825533332,12.932034969354302,1.0244642941986981,113.34163918848294,44.754299999999986,Satisfactory,2.9836199999999993,6.579737723496279,44.754299999999986
4.0,26.858974358974358,75.9,17.827353066945406,50.513469853185725,2.6073758730460397,158.44666698341805,3.0,11.503634722288211,45.57233810044187,30.590375825533332,12.932034969354302,1.0244642941986981,113.34163918848294,44.754299999999986,Satisfactory,2.9836199999999993,6.579737723496279,44.754299999999986
4.0,26.865384615384617,75.7,17.827353066945406,50.513469853185725,2.6073758730460397,158.44666698341805,3.0,11.503634722288211,45.57233810044187,30.590375825533332,12.932034969354302,1.0244642941986981,113.34163918848294,45.51309999999999,Satisfactory,3.0342066666666656,6.958001537079451,45.51309999999999
4.0,26.865384615384617,75.7051282051282,17.827353066945406,50.513469853185725,2.6073758730460397,158.44666698341805,3.0,11.503634722288211,45.57233810044187,30.590375825533332,12.932034969354302,1.0244642941986981,113.34163918848294,45.51309999999999,Satisfactory,3.0342066666666656,6.958001537079451,45.51309999999999
4.0,26.865384615384617,75.71025641025642,17.827353066945406,50.513469853185725,2.6073758730460397,158.44666698341805,3.0,11.503634722288211,45.57233810044187,30.590375825533332,12.932034969354302,1.0244642941986981,113.34163918848294,45.51309999999999,Satisfactory,3.0342066666666656,6.958001537079451,45.51309999999999
4.0,26.865384615384617,75.71538461538462,17.827353066945406,50.513469853185725,2.6073758730460397,158.44666698341805,3.045064755128611,11.503634722288211,45.57233810044187,30.590375825533332,12.932034969354302,1.0244642941986981,113.34163918848294,45.51309999999999,Satisfactory,3.0342066666666656,6.958001537079451,45.51309999999999
4.0,26.865384615384617,75.72051282051282,17.827353066945406,50.513469853185725,2.6073758730460397,158.44666698341805,3.3938207557045166,11.503634722288211,45.57233810044187,30.590375825533332,12.932034969354302,1.0244642941986981,113.34163918848294,45.51309999999999,Satisfactory,3.0342066666666656,6.958001537079451,45.51309999999999
4.0,26.865384615384617,75.72564102564102,17.827353066945406,50.513469853185725,2.6073758730460397,158.44666698341805,3.735121326036781,11.503634722288211,45.57233810044187,30.590375825533332,12.932034969354302,1.0244642941986981,113.34163918848294,45.51309999999999,Satisfactory,3.0342066666666656,6.958001537079451,45.51309999999999
4.0,26.865384615384617,75.73076923076924,17.827353066945406,50.513469853185725,2.6073758730460397,158.44666698341805,4.067679540390663,11.503634722288211,45.57233810044187,30.590375825533332,12.932034969354302,1.0244642941986981,113.34163918848294,45.51309999999999,Satisfactory,3.0342066666666656,6.958001537079451,45.51309999999999
4.0,26.865384615384617,75.73589743589744,17.827353066945406,50.513469853185725,2.6073758730460397,158.44666698341805,4.3899404712744685,11.503634722288211,45.57233810044187,30.590375825533332,12.932034969354302,1.0244642941986981,113.34163918848294,45.51309999999999,Satisfactory,3.0342066666666656,6.958001537079451,45.51309999999999
4.0,26.865384615384617,75.74102564102564,17.827353066945406,50.513469853185725,2.6073758730460397,158.44666698341805,4.7000254302024045,11.503634722288211,45.57233810044187,30.590375825533332,12.932034969354302,1.0244642941986981,113.34163918848294,45.5881,Satisfactory,3.0392066666666664,6.897391781680956,45.5881
4.0,26.865384615384617,75.74615384615385,17.827353066945406,50.513469853185725,2.6073758730460397,158.44666698341805,4.995670513498261,11.503634722288211,45.57233810044187,30.590375825533332,12.932034969354302,1.0244642941986981,113.34163918848294,45.5881,Satisfactory,3.0392066666666664,6.897391781680956,45.5881
4.0,26.865384615384617,75.75128205128206,17.827353066945406,50.513469853185725,2.6073758730460397,158.44666698341805,5.274164896788531,11.503634722288211,45.57233810044187,30.590375825533332,12.932034969354302,1.0244642941986981,113.34163918848294,45.5881,Satisfactory,3.0392066666666664,6.897391781680956,45.5881
4.0,26.865384615384617,75.75641025641026,17.827353066945406,50.513469853185725,2.6073758730460397,158.44666698341805,5.532300157761132,11.503634722288211,45.57233810044187,30.590375825533332,12.932034969354302,1.0244642941986981,113.34163918848294,48.7622,Satisfactory,3.2508133333333333,7.339173329469744,48.7622
4.0,26.865384615384617,75.76153846153846,17.827353066945406,50.513469853185725,2.6073758730460397,158.44666698341805,5.766350630691159,11.503634722288211,45.57233810044187,30.590375825533332,12.932034969354302,1.0244642941986981,113.34163918848294,48.7622,Satisfactory,3.2508133333333333,7.339173329469744,48.7622
4.0,26.865384615384617,75.76666666666667,17.827353066945406,50.513469853185725,2.6073758730460397,158.44666698341805,5.972115601401952,11.503634722288211,45.57233810044187,30.590375825533332,12.932034969354302,1.0244642941986981,113.34163918848294,48.7622,Satisfactory,3.2508133333333333,7.339173329469744,48.7622
4.0,26.865384615384617,75.77179487179488,17.827353066945406,50.513469853185725,2.6073758730460397,158.44666698341805,6.145063020100179,11.503634722288211,45.57233810044187,30.590375825533332,12.932034969354302,1.0244642941986981,113.34163918848294,48.7622,Satisfactory,3.2508133333333333,7.339173329469744,48.7622
4.0,26.865384615384617,75.77692307692308,17.827353066945406,50.513469853185725,2.6073758730460397,158.44666698341805,6.280612126458781,11.503634722288211,45.57233810044187,30.590375825533332,12.932034969354302,1.0244642941986981,113.34163918848294,48.6354,Satisfactory,3.2423599999999997,7.161361102472071,48.6354
4.0,26.865384615384617,75.78205128205128,17.827353066945406,50.513469853185725,2.6073758730460397,158.44666698341805,6.374565704221868,11.503634722288211,45.57233810044187,30.590375825533332,12.932034969354302,1.0244642941986981,113.34163918848294,48.6354,Satisfactory,3.2423599999999997,7.161361102472071,48.6354
4.0,26.865384615384617,75.78717948717949,17.827353066945406,50.513469853185725,2.6073758730460397,158.44666698341805,6.423644011500594,11.503634722288211,45.57233810044187,30.590375825533332,12.932034969354302,1.0244642941986981,113.34163918848294,48.6354,Satisfactory,3.2423599999999997,7.161361102472071,48.6354
4.0,26.865384615384617,75.7923076923077,17.827353066945406,50.513469853185725,2.6073758730460397,158.44666698341805,6.425997884127689,11.503634722288211,45.57233810044187,30.590375825533332,12.932034969354302,1.0244642941986981,113.34163918848294,48.44059999999999,Satisfactory,3.2293733333333328,7.35095746416751,48.44059999999999
4.0,26.865384615384617,75.7974358974359,17.827353066945406,50.513469853185725,2.6073758730460397,158.44666698341805,6.381536135822697,11.503634722288211,45.57233810044187,30.590375825533332,12.932034969354302,1.0244642941986981,113.34163918848294,48.5021,Satisfactory,3.2334733333333334,7.374201827316634,48.5021
4.0,26.865384615384617,75.8025641025641,17.827353066945406,50.513469853185725,2.6073758730460397,158.44666698341805,6.291942423213117,11.503634722288211,45.57233810044187,30.590375825533332,12.932034969354302,1.0244642941986981,113.34163918848294,48.5021,Satisfactory,3.2334733333333334,7.374201827316634,48.5021
4.0,26.865384615384617,75.8076923076923,17.827353066945406,50.513469853185725,2.6073758730460397,158.44666698341805,6.160374771740247,11.503634722288211,45.57233810044187,30.590375825533332,12.932034969354302,1.0244642941986981,113.34163918848294,48.5021,Satisfactory,3.2334733333333334,7.374201827316634,48.5021
4.0,26.865384615384617,75.81282051282052,17.827353066945406,50.513469853185725,2.6073758730460397,158.44666698341805,5.9909635274136575,11.503634722288211,45.57233810044187,30.590375825533332,12.932034969354302,1.0244642941986981,113.34163918848294,48.5021,Satisfactory,3.2334733333333334,7.374201827316634,48.5021
4.0,26.865384615384617,75.81794871794872,17.827353066945406,50.513469853185725,2.6073758730460397,158.44666698341805,5.788272845034284,11.503634722288211,45.57233810044187,30.590375825533332,12.932034969354302,1.0244642941986981,113.34163918848294,48.30620000000001,Satisfactory,3.220413333333334,7.411401322287167,48.30620000000001
4.0,26.865384615384617,75.82307692307693,17.827353066945406,50.513469853185725,2.6073758730460397,158.44666698341805,5.5568548907855675,11.503634722288211,45.57233810044187,30.590375825533332,12.932034969354302,1.0244642941986981,113.34163918848294,48.5686,Satisfactory,3.237906666666667,7.414546111529685,48.5686
4.0,26.865384615384617,75.82820512820513,17.827353066945406,50.513469853185725,2.6073758730460397,158.44666698341805,5.300952017747727,11.503634722288211,45.57233810044187,30.590375825533332,12.932034969354302,1.0244642941986981,113.34163918848294,44.82929999999998,Satisfactory,2.9886199999999987,6.524338779523946,44.82929999999998
4.0,26.865384615384617,75.83333333333334,17.827353066945406,50.513469853185725,2.6073758730460397,158.44666698341805,5.024340640497731,11.503634722288211,45.57233810044187,30.590375825533332,12.932034969354302,1.0244642941986981,113.34163918848294,44.82929999999998,Satisfactory,2.9886199999999987,6.524338779523946,44.82929999999998
4.0,26.865384615384617,75.83846153846154,17.827353066945406,50.513469853185725,2.6073758730460397,158.44666698341805,4.730280763797615,11.503634722288211,45.57233810044187,30.590375825533332,12.932034969354302,1.0244642941986981,113.34163918848294,44.82929999999998,Satisfactory,2.9886199999999987,6.524338779523946,44.82929999999998
4.0,26.865384615384617,75.84358974358975,17.827353066945406,50.513469853185725,2.6073758730460397,158.44666698341805,4.421531012964861,11.503634722288211,45.57233810044187,30.590375825533332,12.932034969354302,1.0244642941986981,113.34163918848294,44.754299999999986,Satisfactory,2.9836199999999993,6.579737723496279,44.754299999999986
4.0,26.865384615384617,75.84871794871795,17.827353066945406,50.513469853185725,2.6073758730460397,158.44666698341805,4.100397276550163,11.503634722288211,45.57233810044187,30.590375825533332,12.932034969354302,1.0244642941986981,113.34163918848294,44.754299999999986,Satisfactory,2.9836199999999993,6.579737723496279,44.754299999999986
4.0,26.865384615384617,75.85384615384616,17.827353066945406,50.513469853185725,2.6073758730460397,158.44666698341805,3.768793937439982,11.503634722288211,45.57233810044187,30.590375825533332,12.932034969354302,1.0244642941986981,113.34163918848294,44.754299999999986,Satisfactory,2.9836199999999993,6.579737723496279,44.754299999999986
4.0,26.865384615384617,75.85897435897436,17.827353066945406,50.513469853185725,2.6073758730460397,158.44666698341805,3.4283056722079275,11.503634722288211,45.57233810044187,30.590375825533332,12.932034969354302,1.0244642941986981,113.34163918848294,44.754299999999986,Satisfactory,2.9836199999999993,6.579737723496279,44.754299999999986
4.0,26.865384615384617,75.86410256410257,17.827353066945406,50.513469853185725,2.6073758730460397,158.44666698341805,3.080243911372543,11.503634722288211,45.57233810044187,30.590375825533332,12.932034969354302,1.0244642941986981,113.34163918848294,44.754299999999986,Satisfactory,2.9836199999999993,6.579737723496279,44.754299999999986
4.0,26.865384615384617,75.86923076923077,17.827353066945406,50.513469853185725,2.6073758730460397,158.44666698341805,3.0,11.503634722288211,45.57233810044187,30.590375825533332,12.932034969354302,1.0244642941986981,113.34163918848294,44.754299999999986,Satisfactory,2.9836199999999993,6.579737723496279,44.754299999999986
4.0,26.865384615384617,75.87435897435898,17.827353066945406,50.513469853185725,2.6073758730460397,158.44666698341805,3.0,11.503634722288211,45.57233810044187,30.590375825533332,12.932034969354302,1.0244642941986981,113.34163918848294,44.754299999999986,Satisfactory,2.9836199999999993,6.579737723496279,44.754299999999986
4.0,26.865384615384617,75.87948717948719,17.827353066945406,50.513469853185725,2.6073758730460397,158.44666698341805,3.0,11.503634722288211,45.57233810044187,30.590375825533332,12.932034969354302,1.0244642941986981,113.34163918848294,44.754299999999986,Satisfactory,2.9836199999999993,6.579737723496279,44.754299999999986
4.0,26.865384615384617,75.88461538461539,17.827353066945406,50.513469853185725,2.6073758730460397,158.44666698341805,3.0,11.503634722288211,45.57233810044187,30.590375825533332,12.932034969354302,1.0244642941986981,113.34163918848294,44.754299999999986,Satisfactory,2.9836199999999993,6.579737723496279,44.754299999999986
4.0,26.865384615384617,75.88974358974359,17.827353066945406,50.513469853185725,2.6073758730460397,158.44666698341805,3.0,11.503634722288211,45.57233810044187,30.590375825533332,12.932034969354302,1.0244642941986981,113.34163918848294,44.754299999999986,Satisfactory,2.9836199999999993,6.579737723496279,44.754299999999986
4.0,26.865384615384617,75.8948717948718,17.827353066945406,50.513469853185725,2.6073758730460397,158.44666698341805,3.0,11.503634722288211,45.57233810044187,30.590375825533332,12.932034969354302,1.0244642941986981,113.34163918848294,44.754299999999986,Satisfactory,2.9836199999999993,6.579737723496279,44.754299999999986
4.0,26.865384615384617,75.9,17.827353066945406,50.513469853185725,2.6073758730460397,158.44666698341805,3.0,11.503634722288211,45.57233810044187,30.590375825533332,12.932034969354302,1.0244642941986981,113.34163918848294,44.754299999999986,Satisfactory,2.9836199999999993,6.579737723496279,44.754299999999986
4.0,26.871794871794872,75.7,17.827353066945406,50.513469853185725,2.6073758730460397,158.44666698341805,3.0,11.503634722288211,45.57233810044187,30.590375825533332,12.932034969354302,1.0244642941986981,113.34163918848294,46.37079999999999,Satisfactory,3.091386666666666,7.632775600002924,46.37079999999999
4.0,26.871794871794872,75.7051282051282,17.827353066945406,50.513469853185725,2.6073758730460397,158.44666698341805,3.0,11.503634722288211,45.57233810044187,30.590375825533332,12.932034969354302,1.0244642941986981,113.34163918848294,46.37079999999999,Satisfactory,3.091386666666666,7.632775600002924,46.37079999999999
4.0,26.871794871794872,75.71025641025642,17.827353066945406,50.513469853185725,2.6073758730460397,158.44666698341805,3.0,11.503634722288211,45.57233810044187,30.590375825533332,12.932034969354302,1.0244642941986981,113.34163918848294,46.37079999999999,Satisfactory,3.091386666666666,7.632775600002924,46.37079999999999
4.0,26.871794871794872,75.71538461538462,17.827353066945406,50.513469853185725,2.6073758730460397,158.44666698341805,3.293782017275241,11.503634722288211,45.57233810044187,30.590375825533332,12.932034969354302,1.0244642941986981,113.34163918848294,46.37079999999999,Satisfactory,3.091386666666666,7.632775600002924,46.37079999999999
4.0,26.871794871794872,75.72051282051282,17.827353066945406,50.513469853185725,2.6073758730460397,158.44666698341805,3.6561967575257235,11.503634722288211,45.57233810044187,30.590375825533332,12.932034969354302,1.0244642941986981,113.34163918848294,46.37079999999999,Satisfactory,3.091386666666666,7.632775600002924,46.37079999999999
4.0,26.871794871794872,75.72564102564102,17.827353066945406,50.513469853185725,2.6073758730460397,158.44666698341805,4.01243453723086,11.503634722288211,45.57233810044187,30.590375825533332,12.932034969354302,1.0244642941986981,113.34163918848294,46.37079999999999,Satisfactory,3.091386666666666,7.632775600002924,46.37079999999999
4.0,26.871794871794872,75.73076923076924,17.827353066945406,50.513469853185725,2.6073758730460397,158.44666698341805,4.361324498876867,11.503634722288211,45.57233810044187,30.590375825533332,12.932034969354302,1.0244642941986981,113.34163918848294,46.37079999999999,Satisfactory,3.091386666666666,7.632775600002924,46.37079999999999
4.0,26.871794871794872,75.73589743589744,17.827353066945406,50.513469853185725,2.6073758730460397,158.44666698341805,4.701414973097929,11.503634722288211,45.57233810044187,30.590375825533332,12.932034969354302,1.0244642941986981,113.34163918848294,46.44579999999999,Satisfactory,3.096386666666666,7.569071036791767,46.44579999999999
4.0,26.871794871794872,75.74102564102564,17.827353066945406,50.513469853185725,2.6073758730460397,158.44666698341805,5.0308988929618375,11.503634722288211,45.57233810044187,30.590375825533332,12.932034969354302,1.0244642941986981,113.34163918848294,46.44579999999999,Satisfactory,3.096386666666666,7.569071036791767,46.44579999999999
4.0,26.871794871794872,75.74615384615385,17.827353066945406,50.513469853185725,2.6073758730460397,158.44666698341805,5.34752227507348,11.503634722288211,45.57233810044187,30.590375825533332,12.932034969354302,1.0244642941986981,113.34163918848294,46.44579999999999,Satisfactory,3.096386666666666,7.569071036791767,46.44579999999999
4.0,26.871794871794872,75.75128205128206,17.827353066945406,50.513469853185725,2.6073758730460397,158.44666698341805,5.648476956948011,11.503634722288211,45.57233810044187,30.590375825533332,12.932034969354302,1.0244642941986981,113.34163918848294,49.7592,Satisfactory,3.31728,7.672573972272931,49.7592
4.0,26.871794871794872,75.75641025641026,17.827353066945406,50.513469853185725,2.6073758730460397,158.44666698341805,5.930285359904469,11.503634722288211,45.57233810044187,30.590375825533332,12.932034969354302,1.0244642941986981,113.34163918848294,49.627399999999994,Satisfactory,3.308493333333333,7.61910147195849,49.627399999999994
4.0,26.871794871794872,75.76153846153846,17.827353066945406,50.513469853185725,2.6073758730460397,158.44666698341805,6.188698076284715,11.503634722288211,45.57233810044187,30.590375825533332,12.932034969354302,1.0244642941986981,113.34163918848294,49.627399999999994,Satisfactory,3.308493333333333,7.61910147195849,49.627399999999994
4.0,26.871794871794872,75.76666666666667,17.827353066945406,50.513469853185725,2.6073758730460397,158.44666698341805,6.418647169024497,11.503634722288211,45.57233810044187,30.590375825533332,12.932034969354302,1.0244642941986981,113.34163918848294,49.627399999999994,Satisfactory,3.308493333333333,7.61910147195849,49.627399999999994
4.0,26.871794871794872,75.77179487179488,17.827353066945406,50.513469853185725,2.6073758730460397,158.44666698341805,6.614328059237599,11.503634722288211,45.57233810044187,30.590375825533332,12.932034969354302,1.0244642941986981,113.34163918848294,51.21510000000002,Satisfactory,3.4143400000000015,8.390027710919673,51.21510000000002
4.0,26.871794871794872,75.77692307692308,17.827353066945406,50.513469853185725,2.6073758730460397,158.44666698341805,6.7695075413627475,11.503634722288211,45.57233810044187,30.590375825533332,12.932034969354302,1.0244642941986981,113.34163918848294,51.21510000000002,Satisfactory,3.4143400000000015,8.390027710919673,51.21510000000002
4.0,26.871794871794872,75.78205128205128,17.827353066945406,50.513469853185725,2.6073758730460397,158.44666698341805,6.878140104926077,11.503634722288211,45.57233810044187,30.590375825533332,12.932034969354302,1.0244642941986981,113.34163918848294,51.21510000000002,Satisfactory,3.4143400000000015,8.390027710919673,51.21510000000002
4.0,26.871794871794872,75.78717948717949,17.827353066945406,50.513469853185725,2.6073758730460397,158.44666698341805,6.935272030352081,11.503634722288211,45.57233810044187,30.590375825533332,12.932034969354302,1.0244642941986981,113.34163918848294,50.87600000000002,Satisfactory,3.3917333333333346,7.760677290030812,50.87600000000002
4.0,26.871794871794872,75.7923076923077,17.827353066945406,50.513469853185725,2.6073758730460397,158.44666698341805,6.938019187563965,11.503634722288211,45.57233810044187,30.590375825533332,12.932034969354302,1.0244642941986981,113.34163918848294,50.824100000000016,Satisfactory,3.3882733333333346,7.793277884818429,50.824100000000016
4.0,26.871794871794872,75.7974358974359,17.827353066945406,50.513469853185725,2.6073758730460397,158.44666698341805,6.886237628234353,11.503634722288211,45.57233810044187,30.590375825533332,12.932034969354302,1.0244642941986981,113.34163918848294,51.06200000000003,Satisfactory,3.4041333333333355,7.797723898677101,51.06200000000003
4.0,26.871794871794872,75.8025641025641,17.827353066945406,50.513469853185725,2.6073758730460397,158.44666698341805,6.782559034848767,11.503634722288211,45.57233810044187,30.590375825533332,12.932034969354302,1.0244642941986981,113.34163918848294,51.06200000000003,Satisfactory,3.4041333333333355,7.797723898677101,51.06200000000003
4.0,26.871794871794872,75.8076923076923,17.827353066945406,50.513469853185725,2.6073758730460397,158.44666698341805,6.63177238522165,11.503634722288211,45.57233810044187,30.590375825533332,12.932034969354302,1.0244642941986981,113.34163918848294,51.06200000000003,Satisfactory,3.4041333333333355,7.797723898677101,51.06200000000003
4.0,26.871794871794872,75.81282051282052,17.827353066945406,50.513469853185725,2.6073758730460397,158.44666698341805,6.439858316022488,11.503634722288211,45.57233810044187,30.590375825533332,12.932034969354302,1.0244642941986981,113.34163918848294,49.36729999999999,Satisfactory,3.291153333333333,7.682198364400649,49.36730000000001
4.0,26.871794871794872,75.81794871794872,17.827353066945406,50.513469853185725,2.6073758730460397,158.44666698341805,6.213064431582934,11.503634722288211,45.57233810044187,30.590375825533332,12.932034969354302,1.0244642941986981,113.34163918848294,49.26000000000001,Satisfactory,3.2840000000000007,7.7383644266731215,49.26000000000002
4.0,26.871794871794872,75.82307692307693,17.827353066945406,50.513469853185725,2.6073758730460397,158.44666698341805,5.957256645172388,11.503634722288211,45.57233810044187,30.590375825533332,12.932034969354302,1.0244642941986981,113.34163918848294,49.52180000000001,Satisfactory,3.3014533333333342,7.709383682240753,49.52180000000001
4.0,26.871794871794872,75.82820512820513,17.827353066945406,50.513469853185725,2.6073758730460397,158.44666698341805,5.677583163208824,11.503634722288211,45.57233810044187,30.590375825533332,12.932034969354302,1.0244642941986981,113.34163918848294,49.52180000000001,Satisfactory,3.3014533333333342,7.709383682240753,49.52180000000001
4.0,26.871794871794872,75.83333333333334,17.827353066945406,50.513469853185725,2.6073758730460397,158.44666698341805,5.3783745896850075,11.503634722288211,45.57233810044187,30.590375825533332,12.932034969354302,1.0244642941986981,113.34163918848294,45.78249999999999,Satisfactory,3.052166666666666,7.358987753081262,45.78249999999999
4.0,26.871794871794872,75.83846153846154,17.827353066945406,50.513469853185725,2.6073758730460397,158.44666698341805,5.063181571105927,11.503634722288211,45.57233810044187,30.590375825533332,12.932034969354302,1.0244642941986981,113.34163918848294,45.78249999999999,Satisfactory,3.052166666666666,7.358987753081262,45.78249999999999
4.0,26.871794871794872,75.84358974358975,17.827353066945406,50.513469853185725,2.6073758730460397,158.44666698341805,4.7348740175775905,11.503634722288211,45.57233810044187,30.590375825533332,12.932034969354302,1.0244642941986981,113.34163918848294,45.78249999999999,Satisfactory,3.052166666666666,7.358987753081262,45.78249999999999
4.0,26.871794871794872,75.84871794871795,17.827353066945406,50.513469853185725,2.6073758730460397,158.44666698341805,4.395756280638446,11.503634722288211,45.57233810044187,30.590375825533332,12.932034969354302,1.0244642941986981,113.34163918848294,45.70749999999999,Satisfactory,3.047166666666666,7.417791635655452,45.70749999999999
4.0,26.871794871794872,75.85384615384616,17.827353066945406,50.513469853185725,2.6073758730460397,158.44666698341805,4.047675717372968,11.503634722288211,45.57233810044187,30.590375825533332,12.932034969354302,1.0244642941986981,113.34163918848294,45.70749999999999,Satisfactory,3.047166666666666,7.417791635655452,45.70749999999999
4.0,26.871794871794872,75.85897435897436,17.827353066945406,50.513469853185725,2.6073758730460397,158.44666698341805,3.692115908690048,11.503634722288211,45.57233810044187,30.590375825533332,12.932034969354302,1.0244642941986981,113.34163918848294,45.70749999999999,Satisfactory,3.047166666666666,7.417791635655452,45.70749999999999
4.0,26.871794871794872,75.86410256410257,17.827353066945406,50.513469853185725,2.6073758730460397,158.44666698341805,3.3302728918220756,11.503634722288211,45.57233810044187,30.590375825533332,12.932034969354302,1.0244642941986981,113.34163918848294,45.70749999999999,Satisfactory,3.047166666666666,7.417791635655452,45.70749999999999
4.0,26.871794871794872,75.86923076923077,17.827353066945406,50.513469853185725,2.6073758730460397,158.44666698341805,3.0,11.503634722288211,45.57233810044187,30.590375825533332,12.932034969354302,1.0244642941986981,113.34163918848294,45.70749999999999,Satisfactory,3.047166666666666,7.417791635655452,45.70749999999999
4.0,26.871794871794872,75.87435897435898,17.827353066945406,50.513469853185725,2.6073758730460397,158.44666698341805,3.0,11.503634722288211,45.57233810044187,30.590375825533332,12.932034969354302,1.0244642941986981,113.34163918848294,45.70749999999999,Satisfactory,3.047166666666666,7.417791635655452,45.70749999999999
4.0,26.871794871794872,75.87948717948719,17.827353066945406,50.513469853185725,2.6073758730460397,158.44666698341805,3.0,11.503634722288211,45.57233810044187,30.590375825533332,12.932034969354302,1.0244642941986981,113.34163918848294,45.70749999999999,Satisfactory,3.047166666666666,7.417791635655452,45.70749999999999
4.0,26.871794871794872,75.88461538461539,17.827353066945406,50.513469853185725,2.6073758730460397,158.44666698341805,3.0,11.503634722288211,45.57233810044187,30.590375825533332,12.932034969354302,1.0244642941986981,113.34163918848294,45.70749999999999,Satisfactory,3.047166666666666,7.417791635655452,45.70749999999999
4.0,26.871794871794872,75.88974358974359,17.827353066945406,50.513469853185725,2.6073758730460397,158.44666698341805,3.0,11.503634722288211,45.57233810044187,30.590375825533332,12.932034969354302,1.0244642941986981,113.34163918848294,45.70749999999999,Satisfactory,3.047166666666666,7.417791635655452,45.70749999999999
4.0,26.871794871794872,75.8948717948718,17.827353066945406,50.513469853185725,2.6073758730460397,158.44666698341805,3.0,11.503634722288211,45.57233810044187,30.590375825533332,12.932034969354302,1.0244642941986981,113.34163918848294,45.70749999999999,Satisfactory,3.047166666666666,7.417791635655452,45.70749999999999
4.0,26.871794871794872,75.9,17.827353066945406,50.513469853185725,2.6073758730460397,158.44666698341805,3.0,11.503634722288211,45.57233810044187,30.590375825533332,12.932034969354302,1.0244642941986981,113.34163918848294,45.70749999999999,Satisfactory,3.047166666666666,7.417791635655452,45.70749999999999
4.0,26.878205128205128,75.7,17.827353066945406,50.513469853185725,2.6073758730460397,158.44666698341805,3.0,11.503634722288211,45.57233810044187,30.590375825533332,12.932034969354302,1.0244642941986981,113.34163918848294,46.37079999999999,Satisfactory,3.091386666666666,7.632775600002924,46.37079999999999
4.0,26.878205128205128,75.7051282051282,17.827353066945406,50.513469853185725,2.6073758730460397,158.44666698341805,3.0,11.503634722288211,45.57233810044187,30.590375825533332,12.932034969354302,1.0244642941986981,113.34163918848294,46.37079999999999,Satisfactory,3.091386666666666,7.632775600002924,46.37079999999999
4.0,26.878205128205128,75.71025641025642,17.827353066945406,50.513469853185725,2.6073758730460397,158.44666698341805,3.1321251134770423,11.503634722288211,45.57233810044187,30.590375825533332,12.932034969354302,1.0244642941986981,113.34163918848294,46.37079999999999,Satisfactory,3.091386666666666,7.632775600002924,46.37079999999999
4.0,26.878205128205128,75.71538461538462,17.827353066945406,50.513469853185725,2.6073758730460397,158.44666698341805,3.5114281417228286,11.503634722288211,45.57233810044187,30.590375825533332,12.932034969354302,1.0244642941986981,113.34163918848294,46.37079999999999,Satisfactory,3.091386666666666,7.632775600002924,46.37079999999999
4.0,26.878205128205128,75.72051282051282,17.827353066945406,50.513469853185725,2.6073758730460397,158.44666698341805,3.8867320762596496,11.503634722288211,45.57233810044187,30.590375825533332,12.932034969354302,1.0244642941986981,113.34163918848294,46.37079999999999,Satisfactory,3.091386666666666,7.632775600002924,46.37079999999999
4.0,26.878205128205128,75.72564102564102,17.827353066945406,50.513469853185725,2.6073758730460397,158.44666698341805,4.257252809051111,11.503634722288211,45.57233810044187,30.590375825533332,12.932034969354302,1.0244642941986981,113.34163918848294,46.37079999999999,Satisfactory,3.091386666666666,7.632775600002924,46.37079999999999
4.0,26.878205128205128,75.73076923076924,17.827353066945406,50.513469853185725,2.6073758730460397,158.44666698341805,4.6220016237291635,11.503634722288211,45.57233810044187,30.590375825533332,12.932034969354302,1.0244642941986981,113.34163918848294,46.44579999999999,Satisfactory,3.096386666666666,7.569071036791767,46.44579999999999
4.0,26.878205128205128,75.73589743589744,17.827353066945406,50.513469853185725,2.6073758730460397,158.44666698341805,4.979720285131879,11.503634722288211,45.57233810044187,30.590375825533332,12.932034969354302,1.0244642941986981,113.34163918848294,46.44579999999999,Satisfactory,3.096386666666666,7.569071036791767,46.44579999999999
4.0,26.878205128205128,75.74102564102564,17.827353066945406,50.513469853185725,2.6073758730460397,158.44666698341805,5.328793417095171,11.503634722288211,45.57233810044187,30.590375825533332,12.932034969354302,1.0244642941986981,113.34163918848294,46.44579999999999,Satisfactory,3.096386666666666,7.569071036791767,46.44579999999999
4.0,26.878205128205128,75.74615384615385,17.827353066945406,50.513469853185725,2.6073758730460397,158.44666698341805,5.667130960997902,11.503634722288211,45.57233810044187,30.590375825533332,12.932034969354302,1.0244642941986981,113.34163918848294,49.7592,Satisfactory,3.31728,7.672573972272931,49.7592
4.0,26.878205128205128,75.75128205128206,17.827353066945406,50.513469853185725,2.6073758730460397,158.44666698341805,5.992013233253138,11.503634722288211,45.57233810044187,30.590375825533332,12.932034969354302,1.0244642941986981,113.34163918848294,49.7592,Satisfactory,3.31728,7.672573972272931,49.7592
4.0,26.878205128205128,75.75641025641026,17.827353066945406,50.513469853185725,2.6073758730460397,158.44666698341805,6.2998942744816855,11.503634722288211,45.57233810044187,30.590375825533332,12.932034969354302,1.0244642941986981,113.34163918848294,49.627399999999994,Satisfactory,3.308493333333333,7.61910147195849,49.627399999999994
4.0,26.878205128205128,75.76153846153846,17.827353066945406,50.513469853185725,2.6073758730460397,158.44666698341805,6.586171140504938,11.503634722288211,45.57233810044187,30.590375825533332,12.932034969354302,1.0244642941986981,113.34163918848294,51.21510000000002,Satisfactory,3.4143400000000015,8.390027710919673,51.21510000000002
4.0,26.878205128205128,75.76666666666667,17.827353066945406,50.513469853185725,2.6073758730460397,158.44666698341805,6.844957491864527,11.503634722288211,45.57233810044187,30.590375825533332,12.932034969354302,1.0244642941986981,113.34163918848294,51.21510000000002,Satisfactory,3.4143400000000015,8.390027710919673,51.21510000000002
4.0,26.878205128205128,75.77179487179488,17.827353066945406,50.513469853185725,2.6073758730460397,158.44666698341805,7.068962706025157,11.503634722288211,45.57233810044187,30.590375825533332,12.932034969354302,1.0244642941986981,113.34163918848294,51.21510000000002,Satisfactory,3.4143400000000015,8.390027710919673,51.21510000000002
4.0,26.878205128205128,75.77692307692308,17.827353066945406,50.513469853185725,2.6073758730460397,158.44666698341805,7.24967517308997,11.503634722288211,45.57233810044187,30.590375825533332,12.932034969354302,1.0244642941986981,113.34163918848294,51.21510000000002,Satisfactory,3.4143400000000015,8.390027710919673,51.21510000000002
4.0,26.878205128205128,75.78205128205128,17.827353066945406,50.513469853185725,2.6073758730460397,158.44666698341805,7.378127704735318,11.503634722288211,45.57233810044187,30.590375825533332,12.932034969354302,1.0244642941986981,113.34163918848294,51.21510000000002,Satisfactory,3.4143400000000015,8.390027710919673,51.21510000000002
4.0,26.878205128205128,75.78717948717949,17.827353066945406,50.513469853185725,2.6073758730460397,158.44666698341805,7.4464215978067605,11.503634722288211,45.57233810044187,30.590375825533332,12.932034969354302,1.0244642941986981,113.34163918848294,50.87600000000002,Satisfactory,3.3917333333333346,7.760677290030812,50.87600000000002
4.0,26.878205128205128,75.7923076923077,17.827353066945406,50.513469853185725,2.6073758730460397,158.44666698341805,7.449719304874076,11.503634722288211,45.57233810044187,30.590375825533332,12.932034969354302,1.0244642941986981,113.34163918848294,50.824100000000016,Satisfactory,3.3882733333333346,7.793277884818429,50.824100000000016
4.0,26.878205128205128,75.7974358974359,17.827353066945406,50.513469853185725,2.6073758730460397,158.44666698341805,7.3877746582599055,11.503634722288211,45.57233810044187,30.590375825533332,12.932034969354302,1.0244642941986981,113.34163918848294,51.06200000000003,Satisfactory,3.4041333333333355,7.797723898677101,51.06200000000003
4.0,26.878205128205128,75.8025641025641,17.827353066945406,50.513469853185725,2.6073758730460397,158.44666698341805,7.265017094671555,11.503634722288211,45.57233810044187,30.590375825533332,12.932034969354302,1.0244642941986981,113.34163918848294,51.06200000000003,Satisfactory,3.4041333333333355,7.797723898677101,51.06200000000003
4.0,26.878205128205128,75.8076923076923,17.827353066945406,50.513469853185725,2.6073758730460397,158.44666698341805,7.089130302957383,11.503634722288211,45.57233810044187,30.590375825533332,12.932034969354302,1.0244642941986981,113.34163918848294,51.06200000000003,Satisfactory,3.4041333333333355,7.797723898677101,51.06200000000003
4.0,26.878205128205128,75.81282051282052,17.827353066945406,50.513469853185725,2.6073758730460397,158.44666698341805,6.8690554239655155,11.503634722288211,45.57233810044187,30.590375825533332,12.932034969354302,1.0244642941986981,113.34163918848294,51.06200000000003,Satisfactory,3.4041333333333355,7.797723898677101,51.06200000000003
4.0,26.878205128205128,75.81794871794872,17.827353066945406,50.513469853185725,2.6073758730460397,158.44666698341805,6.613396077550873,11.503634722288211,45.57233810044187,30.590375825533332,12.932034969354302,1.0244642941986981,113.34163918848294,51.13890000000003,Satisfactory,3.409260000000002,7.759311553868681,51.13890000000004
4.0,26.878205128205128,75.82307692307693,17.827353066945406,50.513469853185725,2.6073758730460397,158.44666698341805,6.32958054696628,11.503634722288211,45.57233810044187,30.590375825533332,12.932034969354302,1.0244642941986981,113.34163918848294,49.52180000000001,Satisfactory,3.3014533333333342,7.709383682240753,49.52180000000001
4.0,26.878205128205128,75.82820512820513,17.827353066945406,50.513469853185725,2.6073758730460397,158.44666698341805,6.023633261483372,11.503634722288211,45.57233810044187,30.590375825533332,12.932034969354302,1.0244642941986981,113.34163918848294,49.52180000000001,Satisfactory,3.3014533333333342,7.709383682240753,49.52180000000001
4.0,26.878205128205128,75.83333333333334,17.827353066945406,50.513469853185725,2.6073758730460397,158.44666698341805,5.700275990080905,11.503634722288211,45.57233810044187,30.590375825533332,12.932034969354302,1.0244642941986981,113.34163918848294,49.52180000000001,Satisfactory,3.3014533333333342,7.709383682240753,49.52180000000001
4.0,26.878205128205128,75.83846153846154,17.827353066945406,50.513469853185725,2.6073758730460397,158.44666698341805,5.36314963277079,11.503634722288211,45.57233810044187,30.590375825533332,12.932034969354302,1.0244642941986981,113.34163918848294,45.78249999999999,Satisfactory,3.052166666666666,7.358987753081262,45.78249999999999
4.0,26.878205128205128,75.84358974358975,17.827353066945406,50.513469853185725,2.6073758730460397,158.44666698341805,5.015046967223757,11.503634722288211,45.57233810044187,30.590375825533332,12.932034969354302,1.0244642941986981,113.34163918848294,45.78249999999999,Satisfactory,3.052166666666666,7.358987753081262,45.78249999999999
4.0,26.878205128205128,75.84871794871795,17.827353066945406,50.513469853185725,2.6073758730460397,158.44666698341805,4.658113367525576,11.503634722288211,45.57233810044187,30.590375825533332,12.932034969354302,1.0244642941986981,113.34163918848294,45.78249999999999,Satisfactory,3.052166666666666,7.358987753081262,45.78249999999999
4.0,26.878205128205128,75.85384615384616,17.827353066945406,50.513469853185725,2.6073758730460397,158.44666698341805,4.294005827749477,11.503634722288211,45.57233810044187,30.590375825533332,12.932034969354302,1.0244642941986981,113.34163918848294,45.70749999999999,Satisfactory,3.047166666666666,7.417791635655452,45.70749999999999
4.0,26.878205128205128,75.85897435897436,17.827353066945406,50.513469853185725,2.6073758730460397,158.44666698341805,3.9240139205552227,11.503634722288211,45.57233810044187,30.590375825533332,12.932034969354302,1.0244642941986981,113.34163918848294,45.70749999999999,Satisfactory,3.047166666666666,7.417791635655452,45.70749999999999
4.0,26.878205128205128,75.86410256410257,17.827353066945406,50.513469853185725,2.6073758730460397,158.44666698341805,3.549150069504874,11.503634722288211,45.57233810044187,30.590375825533332,12.932034969354302,1.0244642941986981,113.34163918848294,45.70749999999999,Satisfactory,3.047166666666666,7.417791635655452,45.70749999999999
4.0,26.878205128205128,75.86923076923077,17.827353066945406,50.513469853185725,2.6073758730460397,158.44666698341805,3.1702164413325864,11.503634722288211,45.57233810044187,30.590375825533332,12.932034969354302,1.0244642941986981,113.34163918848294,45.70749999999999,Satisfactory,3.047166666666666,7.417791635655452,45.70749999999999
4.0,26.878205128205128,75.87435897435898,17.827353066945406,50.513469853185725,2.6073758730460397,158.44666698341805,3.0,11.503634722288211,45.57233810044187,30.590375825533332,12.932034969354302,1.0244642941986981,113.34163918848294,45.70749999999999,Satisfactory,3.047166666666666,7.417791635655452,45.70749999999999
4.0,26.878205128205128,75.87948717948719,17.827353066945406,50.513469853185725,2.6073758730460397,158.44666698341805,3.0,11.503634722288211,45.57233810044187,30.590375825533332,12.932034969354302,1.0244642941986981,113.34163918848294,45.70749999999999,Satisfactory,3.047166666666666,7.417791635655452,45.70749999999999
4.0,26.878205128205128,75.88461538461539,17.827353066945406,50.513469853185725,2.6073758730460397,158.44666698341805,3.0,11.503634722288211,45.57233810044187,30.590375825533332,12.932034969354302,1.0244642941986981,113.34163918848294,45.70749999999999,Satisfactory,3.047166666666666,7.417791635655452,45.70749999999999
4.0,26.878205128205128,75.88974358974359,17.827353066945406,50.513469853185725,2.6073758730460397,158.44666698341805,3.0,11.503634722288211,45.57233810044187,30.590375825533332,12.932034969354302,1.0244642941986981,113.34163918848294,45.70749999999999,Satisfactory,3.047166666666666,7.417791635655452,45.70749999999999
4.0,26.878205128205128,75.8948717948718,17.827353066945406,50.513469853185725,2.6073758730460397,158.44666698341805,3.0,11.503634722288211,45.57233810044187,30.590375825533332,12.932034969354302,1.0244642941986981,113.34163918848294,45.70749999999999,Satisfactory,3.047166666666666,7.417791635655452,45.70749999999999
4.0,26.878205128205128,75.9,17.827353066945406,50.513469853185725,2.6073758730460397,158.44666698341805,3.0,11.503634722288211,45.57233810044187,30.590375825533332,12.932034969354302,1.0244642941986981,113.34163918848294,45.70749999999999,Satisfactory,3.047166666666666,7.417791635655452,45.70749999999999
4.0,26.884615384615383,75.7,17.827353066945406,50.513469853185725,2.6073758730460397,158.44666698341805,3.0,11.503634722288211,45.57233810044187,30.590375825533332,12.932034969354302,1.0244642941986981,113.34163918848294,46.33889999999999,Satisfactory,3.089259999999999,7.646846395083397,46.33889999999999
4.0,26.884615384615383,75.7051282051282,17.827353066945406,50.513469853185725,2.6073758730460397,158.44666698341805,3.0,11.503634722288211,45.57233810044187,30.590375825533332,12.932034969354302,1.0244642941986981,113.34163918848294,46.33889999999999,Satisfactory,3.089259999999999,7.646846395083397,46.33889999999999
4.0,26.884615384615383,75.71025641025642,17.827353066945406,50.513469853185725,2.6073758730460397,158.44666698341805,3.3050854865893093,11.503634722288211,45.57233810044187,30.590375825533332,12.932034969354302,1.0244642941986981,113.34163918848294,46.33889999999999,Satisfactory,3.089259999999999,7.646846395083397,46.33889999999999
4.0,26.884615384615383,75.71538461538462,17.827353066945406,50.513469853185725,2.6073758730460397,158.44666698341805,3.6947847265164038,11.503634722288211,45.57233810044187,30.590375825533332,12.932034969354302,1.0244642941986981,113.34163918848294,46.33889999999999,Satisfactory,3.089259999999999,7.646846395083397,46.33889999999999
4.0,26.884615384615383,75.72051282051282,17.827353066945406,50.513469853185725,2.6073758730460397,158.44666698341805,4.081704671750739,11.503634722288211,45.57233810044187,30.590375825533332,12.932034969354302,1.0244642941986981,113.34163918848294,46.33889999999999,Satisfactory,3.089259999999999,7.646846395083397,46.33889999999999
4.0,26.884615384615383,75.72564102564102,17.827353066945406,50.513469853185725,2.6073758730460397,158.44666698341805,4.465262410547749,11.503634722288211,45.57233810044187,30.590375825533332,12.932034969354302,1.0244642941986981,113.34163918848294,46.33889999999999,Satisfactory,3.089259999999999,7.646846395083397,46.33889999999999
4.0,26.884615384615383,75.73076923076924,17.827353066945406,50.513469853185725,2.6073758730460397,158.44666698341805,4.844707436030802,11.503634722288211,45.57233810044187,30.590375825533332,12.932034969354302,1.0244642941986981,113.34163918848294,46.41389999999999,Satisfactory,3.0942599999999993,7.583575528073812,46.41389999999999
4.0,26.884615384615383,75.73589743589744,17.827353066945406,50.513469853185725,2.6073758730460397,158.44666698341805,5.219060416564469,11.503634722288211,45.57233810044187,30.590375825533332,12.932034969354302,1.0244642941986981,113.34163918848294,46.41389999999999,Satisfactory,3.0942599999999993,7.583575528073812,46.41389999999999
4.0,26.884615384615383,75.74102564102564,17.827353066945406,50.513469853185725,2.6073758730460397,158.44666698341805,5.587025286145662,11.503634722288211,45.57233810044187,30.590375825533332,12.932034969354302,1.0244642941986981,113.34163918848294,49.72730000000001,Satisfactory,3.315153333333334,7.700621254807952,49.72730000000001
4.0,26.884615384615383,75.74615384615385,17.827353066945406,50.513469853185725,2.6073758730460397,158.44666698341805,5.9468618338271115,11.503634722288211,45.57233810044187,30.590375825533332,12.932034969354302,1.0244642941986981,113.34163918848294,49.72730000000001,Satisfactory,3.315153333333334,7.700621254807952,49.72730000000001
4.0,26.884615384615383,75.75128205128206,17.827353066945406,50.513469853185725,2.6073758730460397,158.44666698341805,6.296200220400362,11.503634722288211,45.57233810044187,30.590375825533332,12.932034969354302,1.0244642941986981,113.34163918848294,49.72730000000001,Satisfactory,3.315153333333334,7.700621254807952,49.72730000000001
4.0,26.884615384615383,75.75641025641026,17.827353066945406,50.513469853185725,2.6073758730460397,158.44666698341805,6.631772385221304,11.503634722288211,45.57233810044187,30.590375825533332,12.932034969354302,1.0244642941986981,113.34163918848294,51.21510000000002,Satisfactory,3.4143400000000015,8.390027710919673,51.21510000000002
4.0,26.884615384615383,75.76153846153846,17.827353066945406,50.513469853185725,2.6073758730460397,158.44666698341805,6.949032552309724,11.503634722288211,45.57233810044187,30.590375825533332,12.932034969354302,1.0244642941986981,113.34163918848294,51.21510000000002,Satisfactory,3.4143400000000015,8.390027710919673,51.21510000000002
4.0,26.884615384615383,75.76666666666667,17.827353066945406,50.513469853185725,2.6073758730460397,158.44666698341805,7.2416548234337785,11.503634722288211,45.57233810044187,30.590375825533332,12.932034969354302,1.0244642941986981,113.34163918848294,51.21510000000002,Satisfactory,3.4143400000000015,8.390027710919673,51.21510000000002
4.0,26.884615384615383,75.77179487179488,17.827353066945406,50.513469853185725,2.6073758730460397,158.44666698341805,7.500969287180382,11.503634722288211,45.57233810044187,30.590375825533332,12.932034969354302,1.0244642941986981,113.34163918848294,58.686399999999985,Satisfactory,3.912426666666666,8.887512871439347,58.686399999999985
4.0,26.884615384615383,75.77692307692308,17.827353066945406,50.513469853185725,2.6073758730460397,158.44666698341805,7.715604776212739,11.503634722288211,45.57233810044187,30.590375825533332,12.932034969354302,1.0244642941986981,113.34163918848294,58.686399999999985,Satisfactory,3.912426666666666,8.887512871439347,58.686399999999985
4.0,26.884615384615383,75.78205128205128,17.827353066945406,50.513469853185725,2.6073758730460397,158.44666698341805,7.871998774055603,11.503634722288211,45.57233810044187,30.590375825533332,12.932034969354302,1.0244642941986981,113.34163918848294,58.686399999999985,Satisfactory,3.912426666666666,8.887512871439347,58.686399999999985
4.0,26.884615384615383,75.78717948717949,17.827353066945406,50.513469853185725,2.6073758730460397,158.44666698341805,7.956733609855989,11.503634722288211,45.57233810044187,30.590375825533332,12.932034969354302,1.0244642941986981,113.34163918848294,56.509799999999984,Satisfactory,3.767319999999999,8.353719049620953,56.509799999999984
4.0,26.884615384615383,75.7923076923077,17.827353066945406,50.513469853185725,2.6073758730460397,158.44666698341805,7.960856427596053,11.503634722288211,45.57233810044187,30.590375825533332,12.932034969354302,1.0244642941986981,113.34163918848294,56.21569999999999,Satisfactory,3.7477133333333326,8.140232951826379,56.21569999999998
4.0,26.884615384615383,75.7974358974359,17.827353066945406,50.513469853185725,2.6073758730460397,158.44666698341805,7.883896004215881,11.503634722288211,45.57233810044187,30.590375825533332,12.932034969354302,1.0244642941986981,113.34163918848294,56.21569999999999,Satisfactory,3.7477133333333326,8.140232951826379,56.21569999999998
4.0,26.884615384615383,75.8025641025641,17.827353066945406,50.513469853185725,2.6073758730460397,158.44666698341805,7.73409921281112,11.503634722288211,45.57233810044187,30.590375825533332,12.932034969354302,1.0244642941986981,113.34163918848294,56.21569999999999,Satisfactory,3.7477133333333326,8.140232951826379,56.21569999999998
4.0,26.884615384615383,75.8076923076923,17.827353066945406,50.513469853185725,2.6073758730460397,158.44666698341805,7.524654109401004,11.503634722288211,45.57233810044187,30.590375825533332,12.932034969354302,1.0244642941986981,113.34163918848294,55.93279999999998,Satisfactory,3.728853333333332,8.395538110210687,55.93279999999997
4.0,26.884615384615383,75.81282051282052,17.827353066945406,50.513469853185725,2.6073758730460397,158.44666698341805,7.269251233975538,11.503634722288211,45.57233810044187,30.590375825533332,12.932034969354302,1.0244642941986981,113.34163918848294,51.06200000000003,Satisfactory,3.4041333333333355,7.797723898677101,51.06200000000003
4.0,26.884615384615383,75.81794871794872,17.827353066945406,50.513469853185725,2.6073758730460397,158.44666698341805,6.979526359576669,11.503634722288211,45.57233810044187,30.590375825533332,12.932034969354302,1.0244642941986981,113.34163918848294,51.13890000000003,Satisfactory,3.409260000000002,7.759311553868681,51.13890000000004
4.0,26.884615384615383,75.82307692307693,17.827353066945406,50.513469853185725,2.6073758730460397,158.44666698341805,6.66441101960198,11.503634722288211,45.57233810044187,30.590375825533332,12.932034969354302,1.0244642941986981,113.34163918848294,51.681200000000025,Satisfactory,3.445413333333335,7.6436864509214395,51.68120000000003
4.0,26.884615384615383,75.82820512820513,17.827353066945406,50.513469853185725,2.6073758730460397,158.44666698341805,6.330440445485899,11.503634722288211,45.57233810044187,30.590375825533332,12.932034969354302,1.0244642941986981,113.34163918848294,49.489900000000006,Satisfactory,3.299326666666667,7.736318697546009,49.489900000000006
4.0,26.884615384615383,75.83333333333334,17.827353066945406,50.513469853185725,2.6073758730460397,158.44666698341805,5.982313918880781,11.503634722288211,45.57233810044187,30.590375825533332,12.932034969354302,1.0244642941986981,113.34163918848294,49.489900000000006,Satisfactory,3.299326666666667,7.736318697546009,49.489900000000006
4.0,26.884615384615383,75.83846153846154,17.827353066945406,50.513469853185725,2.6073758730460397,158.44666698341805,5.623408150967465,11.503634722288211,45.57233810044187,30.590375825533332,12.932034969354302,1.0244642941986981,113.34163918848294,49.489900000000006,Satisfactory,3.299326666666667,7.736318697546009,49.489900000000006
4.0,26.884615384615383,75.84358974358975,17.827353066945406,50.513469853185725,2.6073758730460397,158.44666698341805,5.256169098299411,11.503634722288211,45.57233810044187,30.590375825533332,12.932034969354302,1.0244642941986981,113.34163918848294,45.75059999999999,Satisfactory,3.0500399999999996,7.371035452363528,45.75059999999999
4.0,26.884615384615383,75.84871794871795,17.827353066945406,50.513469853185725,2.6073758730460397,158.44666698341805,4.882390433107142,11.503634722288211,45.57233810044187,30.590375825533332,12.932034969354302,1.0244642941986981,113.34163918848294,45.75059999999999,Satisfactory,3.0500399999999996,7.371035452363528,45.75059999999999
4.0,26.884615384615383,75.85384615384616,17.827353066945406,50.513469853185725,2.6073758730460397,158.44666698341805,4.503406111172002,11.503634722288211,45.57233810044187,30.590375825533332,12.932034969354302,1.0244642941986981,113.34163918848294,45.75059999999999,Satisfactory,3.0500399999999996,7.371035452363528,45.75059999999999
4.0,26.884615384615383,75.85897435897436,17.827353066945406,50.513469853185725,2.6073758730460397,158.44666698341805,4.120222646855489,11.503634722288211,45.57233810044187,30.590375825533332,12.932034969354302,1.0244642941986981,113.34163918848294,45.675599999999996,Satisfactory,3.0450399999999997,7.429421958672155,45.675599999999996
4.0,26.884615384615383,75.86410256410257,17.827353066945406,50.513469853185725,2.6073758730460397,158.44666698341805,3.7336103128904172,11.503634722288211,45.57233810044187,30.590375825533332,12.932034969354302,1.0244642941986981,113.34163918848294,45.675599999999996,Satisfactory,3.0450399999999997,7.429421958672155,45.675599999999996
4.0,26.884615384615383,75.86923076923077,17.827353066945406,50.513469853185725,2.6073758730460397,158.44666698341805,3.3441665928910087,11.503634722288211,45.57233810044187,30.590375825533332,12.932034969354302,1.0244642941986981,113.34163918848294,45.675599999999996,Satisfactory,3.0450399999999997,7.429421958672155,45.675599999999996
4.0,26.884615384615383,75.87435897435898,17.827353066945406,50.513469853185725,2.6073758730460397,158.44666698341805,3.0,11.503634722288211,45.57233810044187,30.590375825533332,12.932034969354302,1.0244642941986981,113.34163918848294,45.675599999999996,Satisfactory,3.0450399999999997,7.429421958672155,45.675599999999996
4.0,26.884615384615383,75.87948717948719,17.827353066945406,50.513469853185725,2.6073758730460397,158.44666698341805,3.0,11.503634722288211,45.57233810044187,30.590375825533332,12.932034969354302,1.0244642941986981,113.34163918848294,45.675599999999996,Satisfactory,3.0450399999999997,7.429421958672155,45.675599999999996
4.0,26.884615384615383,75.88461538461539,17.827353066945406,50.513469853185725,2.6073758730460397,158.44666698341805,3.0,11.503634722288211,45.57233810044187,30.590375825533332,12.932034969354302,1.0244642941986981,113.34163918848294,45.675599999999996,Satisfactory,3.0450399999999997,7.429421958672155,45.675599999999996
4.0,26.884615384615383,75.88974358974359,17.827353066945406,50.513469853185725,2.6073758730460397,158.44666698341805,3.0,11.503634722288211,45.57233810044187,30.590375825533332,12.932034969354302,1.0244642941986981,113.34163918848294,45.675599999999996,Satisfactory,3.0450399999999997,7.429421958672155,45.675599999999996
4.0,26.884615384615383,75.8948717948718,17.827353066945406,50.513469853185725,2.6073758730460397,158.44666698341805,3.0,11.503634722288211,45.57233810044187,30.590375825533332,12.932034969354302,1.0244642941986981,113.34163918848294,45.675599999999996,Satisfactory,3.0450399999999997,7.429421958672155,45.675599999999996
4.0,26.884615384615383,75.9,17.827353066945406,50.513469853185725,2.6073758730460397,158.44666698341805,3.0,11.503634722288211,45.57233810044187,30.590375825533332,12.932034969354302,1.0244642941986981,113.34163918848294,45.675599999999996,Satisfactory,3.0450399999999997,7.429421958672155,45.675599999999996
4.0,26.891025641025642,75.7,17.827353066945406,50.513469853185725,2.6073758730460397,158.44666698341805,3.0,11.503634722288211,45.57233810044187,30.590375825533332,12.932034969354302,1.0244642941986981,113.34163918848294,46.33889999999999,Satisfactory,3.089259999999999,7.646846395083397,46.33889999999999
4.0,26.891025641025642,75.7051282051282,17.827353066945406,50.513469853185725,2.6073758730460397,158.44666698341805,3.042645163225205,11.503634722288211,45.57233810044187,30.590375825533332,12.932034969354302,1.0244642941986981,113.34163918848294,46.33889999999999,Satisfactory,3.089259999999999,7.646846395083397,46.33889999999999
4.0,26.891025641025642,75.71025641025642,17.827353066945406,50.513469853185725,2.6073758730460397,158.44666698341805,3.442407073966894,11.503634722288211,45.57233810044187,30.590375825533332,12.932034969354302,1.0244642941986981,113.34163918848294,46.33889999999999,Satisfactory,3.089259999999999,7.646846395083397,46.33889999999999
4.0,26.891025641025642,75.71538461538462,17.827353066945406,50.513469853185725,2.6073758730460397,158.44666698341805,3.840788663582556,11.503634722288211,45.57233810044187,30.590375825533332,12.932034969354302,1.0244642941986981,113.34163918848294,46.33889999999999,Satisfactory,3.089259999999999,7.646846395083397,46.33889999999999
4.0,26.891025641025642,75.72051282051282,17.827353066945406,50.513469853185725,2.6073758730460397,158.44666698341805,4.237503645635915,11.503634722288211,45.57233810044187,30.590375825533332,12.932034969354302,1.0244642941986981,113.34163918848294,46.33889999999999,Satisfactory,3.089259999999999,7.646846395083397,46.33889999999999
4.0,26.891025641025642,75.72564102564102,17.827353066945406,50.513469853185725,2.6073758730460397,158.44666698341805,4.632182489523507,11.503634722288211,45.57233810044187,30.590375825533332,12.932034969354302,1.0244642941986981,113.34163918848294,46.41389999999999,Satisfactory,3.0942599999999993,7.583575528073812,46.41389999999999
4.0,26.891025641025642,75.73076923076924,17.827353066945406,50.513469853185725,2.6073758730460397,158.44666698341805,5.02434064049814,11.503634722288211,45.57233810044187,30.590375825533332,12.932034969354302,1.0244642941986981,113.34163918848294,46.41389999999999,Satisfactory,3.0942599999999993,7.583575528073812,46.41389999999999
4.0,26.891025641025642,75.73589743589744,17.827353066945406,50.513469853185725,2.6073758730460397,158.44666698341805,5.41333149855551,11.503634722288211,45.57233810044187,30.590375825533332,12.932034969354302,1.0244642941986981,113.34163918848294,46.41389999999999,Satisfactory,3.0942599999999993,7.583575528073812,46.41389999999999
4.0,26.891025641025642,75.74102564102564,17.827353066945406,50.513469853185725,2.6073758730460397,158.44666698341805,5.798275298547023,11.503634722288211,45.57233810044187,30.590375825533332,12.932034969354302,1.0244642941986981,113.34163918848294,49.544399999999996,Satisfactory,3.3029599999999997,7.611925159905345,49.544399999999996
4.0,26.891025641025642,75.74615384615385,17.827353066945406,50.513469853185725,2.6073758730460397,158.44666698341805,6.177949027580915,11.503634722288211,45.57233810044187,30.590375825533332,12.932034969354302,1.0244642941986981,113.34163918848294,49.544399999999996,Satisfactory,3.3029599999999997,7.611925159905345,49.544399999999996
4.0,26.891025641025642,75.75128205128206,17.827353066945406,50.513469853185725,2.6073758730460397,158.44666698341805,6.550612018191536,11.503634722288211,45.57233810044187,30.590375825533332,12.932034969354302,1.0244642941986981,113.34163918848294,50.98180000000002,Satisfactory,3.398786666666668,8.38542752398469,50.981800000000014
4.0,26.891025641025642,75.75641025641026,17.827353066945406,50.513469853185725,2.6073758730460397,158.44666698341805,6.913723617911041,11.503634722288211,45.57233810044187,30.590375825533332,12.932034969354302,1.0244642941986981,113.34163918848294,51.01640000000002,Satisfactory,3.4010933333333346,8.367470528182338,51.01640000000002
4.0,26.891025641025642,75.76153846153846,17.827353066945406,50.513469853185725,2.6073758730460397,158.44666698341805,7.263479031955345,11.503634722288211,45.57233810044187,30.590375825533332,12.932034969354302,1.0244642941986981,113.34163918848294,51.01640000000002,Satisfactory,3.4010933333333346,8.367470528182338,51.01640000000002
4.0,26.891025641025642,75.76666666666667,17.827353066945406,50.513469853185725,2.6073758730460397,158.44666698341805,7.594046393886932,11.503634722288211,45.57233810044187,30.590375825533332,12.932034969354302,1.0244642941986981,113.34163918848294,58.803899999999985,Satisfactory,3.920259999999999,9.099062137934878,58.803899999999985
4.0,26.891025641025642,75.77179487179488,17.827353066945406,50.513469853185725,2.6073758730460397,158.44666698341805,7.896360500157389,11.503634722288211,45.57233810044187,30.590375825533332,12.932034969354302,1.0244642941986981,113.34163918848294,58.803899999999985,Satisfactory,3.920259999999999,9.099062137934878,58.803899999999985
4.0,26.891025641025642,75.77692307692308,17.827353066945406,50.513469853185725,2.6073758730460397,158.44666698341805,8.15646909975873,11.503634722288211,45.57233810044187,30.590375825533332,12.932034969354302,1.0244642941986981,113.34163918848294,58.803899999999985,Satisfactory,3.920259999999999,9.099062137934878,58.803899999999985
4.0,26.891025641025642,75.78205128205128,17.827353066945406,50.513469853185725,2.6073758730460397,158.44666698341805,8.354237605453573,11.503634722288211,45.57233810044187,30.590375825533332,12.932034969354302,1.0244642941986981,113.34163918848294,58.803899999999985,Satisfactory,3.920259999999999,9.099062137934878,58.803899999999985
4.0,26.891025641025642,75.78717948717949,17.827353066945406,50.513469853185725,2.6073758730460397,158.44666698341805,8.465372298316469,11.503634722288211,45.57233810044187,30.590375825533332,12.932034969354302,1.0244642941986981,113.34163918848294,56.627299999999984,Satisfactory,3.7751533333333325,8.608203628516229,56.627299999999984
4.0,26.891025641025642,75.7923076923077,17.827353066945406,50.513469853185725,2.6073758730460397,158.44666698341805,8.470865882089257,11.503634722288211,45.57233810044187,30.590375825533332,12.932034969354302,1.0244642941986981,113.34163918848294,56.33319999999999,Satisfactory,3.755546666666666,8.405299147561616,56.33319999999998
4.0,26.891025641025642,75.7974358974359,17.827353066945406,50.513469853185725,2.6073758730460397,158.44666698341805,8.369650110357947,11.503634722288211,45.57233810044187,30.590375825533332,12.932034969354302,1.0244642941986981,113.34163918848294,56.33319999999999,Satisfactory,3.755546666666666,8.405299147561616,56.33319999999998
4.0,26.891025641025642,75.8025641025641,17.827353066945406,50.513469853185725,2.6073758730460397,158.44666698341805,8.179436620420612,11.503634722288211,45.57233810044187,30.590375825533332,12.932034969354302,1.0244642941986981,113.34163918848294,56.33319999999999,Satisfactory,3.755546666666666,8.405299147561616,56.33319999999998
4.0,26.891025641025642,75.8076923076923,17.827353066945406,50.513469853185725,2.6073758730460397,158.44666698341805,7.924552597682208,11.503634722288211,45.57233810044187,30.590375825533332,12.932034969354302,1.0244642941986981,113.34163918848294,56.05029999999997,Satisfactory,3.7366866666666647,8.656627686922894,56.05029999999997
4.0,26.891025641025642,75.81282051282052,17.827353066945406,50.513469853185725,2.6073758730460397,158.44666698341805,7.625735173821914,11.503634722288211,45.57233810044187,30.590375825533332,12.932034969354302,1.0244642941986981,113.34163918848294,56.05029999999997,Satisfactory,3.7366866666666647,8.656627686922894,56.05029999999997
4.0,26.891025641025642,75.81794871794872,17.827353066945406,50.513469853185725,2.6073758730460397,158.44666698341805,7.297518611687675,11.503634722288211,45.57233810044187,30.590375825533332,12.932034969354302,1.0244642941986981,113.34163918848294,50.94020000000003,Satisfactory,3.3960133333333355,7.732957517017664,50.94020000000003
4.0,26.891025641025642,75.82307692307693,17.827353066945406,50.513469853185725,2.6073758730460397,158.44666698341805,6.949377360630285,11.503634722288211,45.57233810044187,30.590375825533332,12.932034969354302,1.0244642941986981,113.34163918848294,51.48250000000003,Satisfactory,3.4321666666666686,7.631066029723502,51.48250000000004
4.0,26.891025641025642,75.82820512820513,17.827353066945406,50.513469853185725,2.6073758730460397,158.44666698341805,6.587403925776146,11.503634722288211,45.57233810044187,30.590375825533332,12.932034969354302,1.0244642941986981,113.34163918848294,51.48250000000003,Satisfactory,3.4321666666666686,7.631066029723502,51.48250000000004
4.0,26.891025641025642,75.83333333333334,17.827353066945406,50.513469853185725,2.6073758730460397,158.44666698341805,6.215565288170313,11.503634722288211,45.57233810044187,30.590375825533332,12.932034969354302,1.0244642941986981,113.34163918848294,49.28320000000001,Satisfactory,3.2855466666666673,7.652207639629229,49.28320000000001
4.0,26.891025641025642,75.83846153846154,17.827353066945406,50.513469853185725,2.6073758730460397,158.44666698341805,5.836503770303093,11.503634722288211,45.57233810044187,30.590375825533332,12.932034969354302,1.0244642941986981,113.34163918848294,49.28320000000001,Satisfactory,3.2855466666666673,7.652207639629229,49.28320000000001
4.0,26.891025641025642,75.84358974358975,17.827353066945406,50.513469853185725,2.6073758730460397,158.44666698341805,5.452025036831033,11.503634722288211,45.57233810044187,30.590375825533332,12.932034969354302,1.0244642941986981,113.34163918848294,45.75059999999999,Satisfactory,3.0500399999999996,7.371035452363528,45.75059999999999
4.0,26.891025641025642,75.84871794871795,17.827353066945406,50.513469853185725,2.6073758730460397,158.44666698341805,5.063394656159392,11.503634722288211,45.57233810044187,30.590375825533332,12.932034969354302,1.0244642941986981,113.34163918848294,45.75059999999999,Satisfactory,3.0500399999999996,7.371035452363528,45.75059999999999
4.0,26.891025641025642,75.85384615384616,17.827353066945406,50.513469853185725,2.6073758730460397,158.44666698341805,4.671520946800708,11.503634722288211,45.57233810044187,30.590375825533332,12.932034969354302,1.0244642941986981,113.34163918848294,45.75059999999999,Satisfactory,3.0500399999999996,7.371035452363528,45.75059999999999
4.0,26.891025641025642,75.85897435897436,17.827353066945406,50.513469853185725,2.6073758730460397,158.44666698341805,4.277070124120565,11.503634722288211,45.57233810044187,30.590375825533332,12.932034969354302,1.0244642941986981,113.34163918848294,45.675599999999996,Satisfactory,3.0450399999999997,7.429421958672155,45.675599999999996
4.0,26.891025641025642,75.86410256410257,17.827353066945406,50.513469853185725,2.6073758730460397,158.44666698341805,3.8805405179545733,11.503634722288211,45.57233810044187,30.590375825533332,12.932034969354302,1.0244642941986981,113.34163918848294,45.675599999999996,Satisfactory,3.0450399999999997,7.429421958672155,45.675599999999996
4.0,26.891025641025642,75.86923076923077,17.827353066945406,50.513469853185725,2.6073758730460397,158.44666698341805,3.4823115305447114,11.503634722288211,45.57233810044187,30.590375825533332,12.932034969354302,1.0244642941986981,113.34163918848294,45.675599999999996,Satisfactory,3.0450399999999997,7.429421958672155,45.675599999999996
4.0,26.891025641025642,75.87435897435898,17.827353066945406,50.513469853185725,2.6073758730460397,158.44666698341805,3.0826766548271722,11.503634722288211,45.57233810044187,30.590375825533332,12.932034969354302,1.0244642941986981,113.34163918848294,45.675599999999996,Satisfactory,3.0450399999999997,7.429421958672155,45.675599999999996
4.0,26.891025641025642,75.87948717948719,17.827353066945406,50.513469853185725,2.6073758730460397,158.44666698341805,3.0,11.503634722288211,45.57233810044187,30.590375825533332,12.932034969354302,1.0244642941986981,113.34163918848294,45.675599999999996,Satisfactory,3.0450399999999997,7.429421958672155,45.675599999999996
4.0,26.891025641025642,75.88461538461539,17.827353066945406,50.513469853185725,2.6073758730460397,158.44666698341805,3.0,11.503634722288211,45.57233810044187,30.590375825533332,12.932034969354302,1.0244642941986981,113.34163918848294,45.675599999999996,Satisfactory,3.0450399999999997,7.429421958672155,45.675599999999996
4.0,26.891025641025642,75.88974358974359,17.827353066945406,50.513469853185725,2.6073758730460397,158.44666698341805,3.0,11.503634722288211,45.57233810044187,30.590375825533332,12.932034969354302,1.0244642941986981,113.34163918848294,45.675599999999996,Satisfactory,3.0450399999999997,7.429421958672155,45.675599999999996
4.0,26.891025641025642,75.8948717948718,17.827353066945406,50.513469853185725,2.6073758730460397,158.44666698341805,3.0,11.503634722288211,45.57233810044187,30.590375825533332,12.932034969354302,1.0244642941986981,113.34163918848294,45.675599999999996,Satisfactory,3.0450399999999997,7.429421958672155,45.675599999999996
4.0,26.891025641025642,75.9,17.827353066945406,50.513469853185725,2.6073758730460397,158.44666698341805,3.0,11.503634722288211,45.57233810044187,30.590375825533332,12.932034969354302,1.0244642941986981,113.34163918848294,45.675599999999996,Satisfactory,3.0450399999999997,7.429421958672155,45.675599999999996
4.0,26.897435897435898,75.7,17.827353066945406,50.513469853185725,2.6073758730460397,158.44666698341805,3.0,11.503634722288211,45.57233810044187,30.590375825533332,12.932034969354302,1.0244642941986981,113.34163918848294,46.33889999999999,Satisfactory,3.089259999999999,7.646846395083397,46.33889999999999
4.0,26.897435897435898,75.7051282051282,17.827353066945406,50.513469853185725,2.6073758730460397,158.44666698341805,3.136261898701557,11.503634722288211,45.57233810044187,30.590375825533332,12.932034969354302,1.0244642941986981,113.34163918848294,46.33889999999999,Satisfactory,3.089259999999999,7.646846395083397,46.33889999999999
4.0,26.897435897435898,75.71025641025642,17.827353066945406,50.513469853185725,2.6073758730460397,158.44666698341805,3.541816092585953,11.503634722288211,45.57233810044187,30.590375825533332,12.932034969354302,1.0244642941986981,113.34163918848294,46.33889999999999,Satisfactory,3.089259999999999,7.646846395083397,46.33889999999999
4.0,26.897435897435898,75.71538461538462,17.827353066945406,50.513469853185725,2.6073758730460397,158.44666698341805,3.9467365260484915,11.503634722288211,45.57233810044187,30.590375825533332,12.932034969354302,1.0244642941986981,113.34163918848294,46.33889999999999,Satisfactory,3.089259999999999,7.646846395083397,46.33889999999999
4.0,26.897435897435898,75.72051282051282,17.827353066945406,50.513469853185725,2.6073758730460397,158.44666698341805,4.350886916295471,11.503634722288211,45.57233810044187,30.590375825533332,12.932034969354302,1.0244642941986981,113.34163918848294,46.33889999999999,Satisfactory,3.089259999999999,7.646846395083397,46.33889999999999
4.0,26.897435897435898,75.72564102564102,17.827353066945406,50.513469853185725,2.6073758730460397,158.44666698341805,4.754089285529119,11.503634722288211,45.57233810044187,30.590375825533332,12.932034969354302,1.0244642941986981,113.34163918848294,46.41389999999999,Satisfactory,3.0942599999999993,7.583575528073812,46.41389999999999
4.0,26.897435897435898,75.73076923076924,17.827353066945406,50.513469853185725,2.6073758730460397,158.44666698341805,5.15610689009132,11.503634722288211,45.57233810044187,30.590375825533332,12.932034969354302,1.0244642941986981,113.34163918848294,46.41389999999999,Satisfactory,3.0942599999999993,7.583575528073812,46.41389999999999
4.0,26.897435897435898,75.73589743589744,17.827353066945406,50.513469853185725,2.6073758730460397,158.44666698341805,5.55661814148667,11.503634722288211,45.57233810044187,30.590375825533332,12.932034969354302,1.0244642941986981,113.34163918848294,49.5066,Satisfactory,3.30044,7.526858337978736,49.5066
4.0,26.897435897435898,75.74102564102564,17.827353066945406,50.513469853185725,2.6073758730460397,158.44666698341805,5.955175545808886,11.503634722288211,45.57233810044187,30.590375825533332,12.932034969354302,1.0244642941986981,113.34163918848294,49.5066,Satisfactory,3.30044,7.526858337978736,49.5066
4.0,26.897435897435898,75.74615384615385,17.827353066945406,50.513469853185725,2.6073758730460397,158.44666698341805,6.35113880310692,11.503634722288211,45.57233810044187,30.590375825533332,12.932034969354302,1.0244642941986981,113.34163918848294,49.5066,Satisfactory,3.30044,7.526858337978736,49.5066
4.0,26.897435897435898,75.75128205128206,17.827353066945406,50.513469853185725,2.6073758730460397,158.44666698341805,6.743561478015131,11.503634722288211,45.57233810044187,30.590375825533332,12.932034969354302,1.0244642941986981,113.34163918848294,50.51930000000002,Satisfactory,3.3679533333333347,8.409799076672403,50.51930000000002
4.0,26.897435897435898,75.75641025641026,17.827353066945406,50.513469853185725,2.6073758730460397,158.44666698341805,7.130990361629566,11.503634722288211,45.57233810044187,30.590375825533332,12.932034969354302,1.0244642941986981,113.34163918848294,50.55390000000002,Satisfactory,3.3702600000000014,8.393800914365315,50.55390000000003
4.0,26.897435897435898,75.76153846153846,17.827353066945406,50.513469853185725,2.6073758730460397,158.44666698341805,7.511092326547571,11.503634722288211,45.57233810044187,30.590375825533332,12.932034969354302,1.0244642941986981,113.34163918848294,58.803899999999985,Satisfactory,3.920259999999999,9.099062137934878,58.803899999999985
4.0,26.897435897435898,75.76666666666667,17.827353066945406,50.513469853185725,2.6073758730460397,158.44666698341805,7.879922842632654,11.503634722288211,45.57233810044187,30.590375825533332,12.932034969354302,1.0244642941986981,113.34163918848294,58.803899999999985,Satisfactory,3.920259999999999,9.099062137934878,58.803899999999985
4.0,26.897435897435898,75.77179487179488,17.827353066945406,50.513469853185725,2.6073758730460397,158.44666698341805,8.230419952723134,11.503634722288211,45.57233810044187,30.590375825533332,12.932034969354302,1.0244642941986981,113.34163918848294,58.803899999999985,Satisfactory,3.920259999999999,9.099062137934878,58.803899999999985
4.0,26.897435897435898,75.77692307692308,17.827353066945406,50.513469853185725,2.6073758730460397,158.44666698341805,8.549234485326206,11.503634722288211,45.57233810044187,30.590375825533332,12.932034969354302,1.0244642941986981,113.34163918848294,58.268499999999975,Satisfactory,3.884566666666665,8.75781974865891,58.268499999999975
4.0,26.897435897435898,75.78205128205128,17.827353066945406,50.513469853185725,2.6073758730460397,158.44666698341805,8.81061013215787,11.503634722288211,45.57233810044187,30.590375825533332,12.932034969354302,1.0244642941986981,113.34163918848294,58.268499999999975,Satisfactory,3.884566666666665,8.75781974865891,58.268499999999975
4.0,26.897435897435898,75.78717948717949,17.827353066945406,50.513469853185725,2.6073758730460397,158.44666698341805,8.969856038605862,11.503634722288211,45.57233810044187,30.590375825533332,12.932034969354302,1.0244642941986981,113.34163918848294,56.263899999999985,Satisfactory,3.7509266666666656,8.120380889465716,56.263899999999985
4.0,26.897435897435898,75.7923076923077,17.827353066945406,50.513469853185725,2.6073758730460397,158.44666698341805,8.978057952239464,11.503634722288211,45.57233810044187,30.590375825533332,12.932034969354302,1.0244642941986981,113.34163918848294,56.21839999999998,Satisfactory,3.747893333333332,8.087427739398974,56.21839999999998
4.0,26.897435897435898,75.7974358974359,17.827353066945406,50.513469853185725,2.6073758730460397,158.44666698341805,8.83202946908829,11.503634722288211,45.57233810044187,30.590375825533332,12.932034969354302,1.0244642941986981,113.34163918848294,56.21839999999998,Satisfactory,3.747893333333332,8.087427739398974,56.21839999999998
4.0,26.897435897435898,75.8025641025641,17.827353066945406,50.513469853185725,2.6073758730460397,158.44666698341805,8.578534060384191,11.503634722288211,45.57233810044187,30.590375825533332,12.932034969354302,1.0244642941986981,113.34163918848294,56.21839999999998,Satisfactory,3.747893333333332,8.087427739398974,56.21839999999998
4.0,26.897435897435898,75.8076923076923,17.827353066945406,50.513469853185725,2.6073758730460397,158.44666698341805,8.264028710430381,11.503634722288211,45.57233810044187,30.590375825533332,12.932034969354302,1.0244642941986981,113.34163918848294,56.05029999999997,Satisfactory,3.7366866666666647,8.656627686922894,56.05029999999997
4.0,26.897435897435898,75.81282051282052,17.827353066945406,50.513469853185725,2.6073758730460397,158.44666698341805,7.915953968059057,11.503634722288211,45.57233810044187,30.590375825533332,12.932034969354302,1.0244642941986981,113.34163918848294,56.05029999999997,Satisfactory,3.7366866666666647,8.656627686922894,56.05029999999997
4.0,26.897435897435898,75.81794871794872,17.827353066945406,50.513469853185725,2.6073758730460397,158.44666698341805,7.548567754842725,11.503634722288211,45.57233810044187,30.590375825533332,12.932034969354302,1.0244642941986981,113.34163918848294,56.05029999999997,Satisfactory,3.7366866666666647,8.656627686922894,56.05029999999997
4.0,26.897435897435898,75.82307692307693,17.827353066945406,50.513469853185725,2.6073758730460397,158.44666698341805,7.169379416760809,11.503634722288211,45.57233810044187,30.590375825533332,12.932034969354302,1.0244642941986981,113.34163918848294,51.020000000000024,Satisfactory,3.401333333333335,7.688019380828848,51.02000000000004
4.0,26.897435897435898,75.82820512820513,17.827353066945406,50.513469853185725,2.6073758730460397,158.44666698341805,6.782559034849218,11.503634722288211,45.57233810044187,30.590375825533332,12.932034969354302,1.0244642941986981,113.34163918848294,51.020000000000024,Satisfactory,3.401333333333335,7.688019380828848,51.02000000000004
4.0,26.897435897435898,75.83333333333334,17.827353066945406,50.513469853185725,2.6073758730460397,158.44666698341805,6.390559532763592,11.503634722288211,45.57233810044187,30.590375825533332,12.932034969354302,1.0244642941986981,113.34163918848294,49.24540000000001,Satisfactory,3.283026666666667,7.566288841962091,49.24540000000001
4.0,26.897435897435898,75.83846153846154,17.827353066945406,50.513469853185725,2.6073758730460397,158.44666698341805,5.994901342897695,11.503634722288211,45.57233810044187,30.590375825533332,12.932034969354302,1.0244642941986981,113.34163918848294,49.24540000000001,Satisfactory,3.283026666666667,7.566288841962091,49.24540000000001
4.0,26.897435897435898,75.84358974358975,17.827353066945406,50.513469853185725,2.6073758730460397,158.44666698341805,5.5965705791923845,11.503634722288211,45.57233810044187,30.590375825533332,12.932034969354302,1.0244642941986981,113.34163918848294,49.24540000000001,Satisfactory,3.283026666666667,7.566288841962091,49.24540000000001
4.0,26.897435897435898,75.84871794871795,17.827353066945406,50.513469853185725,2.6073758730460397,158.44666698341805,5.196232028994533,11.503634722288211,45.57233810044187,30.590375825533332,12.932034969354302,1.0244642941986981,113.34163918848294,45.75059999999999,Satisfactory,3.0500399999999996,7.371035452363528,45.75059999999999
4.0,26.897435897435898,75.85384615384616,17.827353066945406,50.513469853185725,2.6073758730460397,158.44666698341805,4.794348895785854,11.503634722288211,45.57233810044187,30.590375825533332,12.932034969354302,1.0244642941986981,113.34163918848294,45.75059999999999,Satisfactory,3.0500399999999996,7.371035452363528,45.75059999999999
4.0,26.897435897435898,75.85897435897436,17.827353066945406,50.513469853185725,2.6073758730460397,158.44666698341805,4.391253191428968,11.503634722288211,45.57233810044187,30.590375825533332,12.932034969354302,1.0244642941986981,113.34163918848294,45.675599999999996,Satisfactory,3.0450399999999997,7.429421958672155,45.675599999999996
4.0,26.897435897435898,75.86410256410257,17.827353066945406,50.513469853185725,2.6073758730460397,158.44666698341805,3.9871887813753872,11.503634722288211,45.57233810044187,30.590375825533332,12.932034969354302,1.0244642941986981,113.34163918848294,45.675599999999996,Satisfactory,3.0450399999999997,7.429421958672155,45.675599999999996
4.0,26.897435897435898,75.86923076923077,17.827353066945406,50.513469853185725,2.6073758730460397,158.44666698341805,3.582338635975505,11.503634722288211,45.57233810044187,30.590375825533332,12.932034969354302,1.0244642941986981,113.34163918848294,45.675599999999996,Satisfactory,3.0450399999999997,7.429421958672155,45.675599999999996
4.0,26.897435897435898,75.87435897435898,17.827353066945406,50.513469853185725,2.6073758730460397,158.44666698341805,3.1768426179593856,11.503634722288211,45.57233810044187,30.590375825533332,12.932034969354302,1.0244642941986981,113.34163918848294,45.675599999999996,Satisfactory,3.0450399999999997,7.429421958672155,45.675599999999996
4.0,26.897435897435898,75.87948717948719,17.827353066945406,50.513469853185725,2.6073758730460397,158.44666698341805,3.0,11.503634722288211,45.57233810044187,30.590375825533332,12.932034969354302,1.0244642941986981,113.34163918848294,45.675599999999996,Satisfactory,3.0450399999999997,7.429421958672155,45.675599999999996
4.0,26.897435897435898,75.88461538461539,17.827353066945406,50.513469853185725,2.6073758730460397,158.44666698341805,3.0,11.503634722288211,45.57233810044187,30.590375825533332,12.932034969354302,1.0244642941986981,113.34163918848294,45.675599999999996,Satisfactory,3.0450399999999997,7.429421958672155,45.675599999999996
4.0,26.897435897435898,75.88974358974359,17.827353066945406,50.513469853185725,2.6073758730460397,158.44666698341805,3.0,11.503634722288211,45.57233810044187,30.590375825533332,12.932034969354302,1.0244642941986981,113.34163918848294,45.675599999999996,Satisfactory,3.0450399999999997,7.429421958672155,45.675599999999996
4.0,26.897435897435898,75.8948717948718,17.827353066945406,50.513469853185725,2.6073758730460397,158.44666698341805,3.0,11.503634722288211,45.57233810044187,30.590375825533332,12.932034969354302,1.0244642941986981,113.34163918848294,45.675599999999996,Satisfactory,3.0450399999999997,7.429421958672155,45.675599999999996
4.0,26.897435897435898,75.9,17.827353066945406,50.513469853185725,2.6073758730460397,158.44666698341805,3.0,11.503634722288211,45.57233810044187,30.590375825533332,12.932034969354302,1.0244642941986981,113.34163918848294,45.675599999999996,Satisfactory,3.0450399999999997,7.429421958672155,45.675599999999996
4.0,26.903846153846153,75.7,17.827353066945406,50.513469853185725,2.6073758730460397,158.44666698341805,3.0,11.503634722288211,45.57233810044187,30.590375825533332,12.932034969354302,1.0244642941986981,113.34163918848294,46.33889999999999,Satisfactory,3.089259999999999,7.646846395083397,46.33889999999999
4.0,26.903846153846153,75.7051282051282,17.827353066945406,50.513469853185725,2.6073758730460397,158.44666698341805,3.1924317940708713,11.503634722288211,45.57233810044187,30.590375825533332,12.932034969354302,1.0244642941986981,113.34163918848294,46.33889999999999,Satisfactory,3.089259999999999,7.646846395083397,46.33889999999999
4.0,26.903846153846153,75.71025641025642,17.827353066945406,50.513469853185725,2.6073758730460397,158.44666698341805,3.6015452227008016,11.503634722288211,45.57233810044187,30.590375825533332,12.932034969354302,1.0244642941986981,113.34163918848294,46.33889999999999,Satisfactory,3.089259999999999,7.646846395083397,46.33889999999999
4.0,26.903846153846153,75.71538461538462,17.827353066945406,50.513469853185725,2.6073758730460397,158.44666698341805,4.010502288151647,11.503634722288211,45.57233810044187,30.590375825533332,12.932034969354302,1.0244642941986981,113.34163918848294,46.33889999999999,Satisfactory,3.089259999999999,7.646846395083397,46.33889999999999
4.0,26.903846153846153,75.72051282051282,17.827353066945406,50.513469853185725,2.6073758730460397,158.44666698341805,4.419268615347728,11.503634722288211,45.57233810044187,30.590375825533332,12.932034969354302,1.0244642941986981,113.34163918848294,46.33889999999999,Satisfactory,3.089259999999999,7.646846395083397,46.33889999999999
4.0,26.903846153846153,75.72564102564102,17.827353066945406,50.513469853185725,2.6073758730460397,158.44666698341805,4.8277989811530375,11.503634722288211,45.57233810044187,30.590375825533332,12.932034969354302,1.0244642941986981,113.34163918848294,46.41389999999999,Satisfactory,3.0942599999999993,7.583575528073812,46.41389999999999
4.0,26.903846153846153,75.73076923076924,17.827353066945406,50.513469853185725,2.6073758730460397,158.44666698341805,5.236032681117349,11.503634722288211,45.57233810044187,30.590375825533332,12.932034969354302,1.0244642941986981,113.34163918848294,46.41389999999999,Satisfactory,3.0942599999999993,7.583575528073812,46.41389999999999
4.0,26.903846153846153,75.73589743589744,17.827353066945406,50.513469853185725,2.6073758730460397,158.44666698341805,5.643886308218466,11.503634722288211,45.57233810044187,30.590375825533332,12.932034969354302,1.0244642941986981,113.34163918848294,49.5066,Satisfactory,3.30044,7.526858337978736,49.5066
4.0,26.903846153846153,75.74102564102564,17.827353066945406,50.513469853185725,2.6073758730460397,158.44666698341805,6.051242091443993,11.503634722288211,45.57233810044187,30.590375825533332,12.932034969354302,1.0244642941986981,113.34163918848294,49.5066,Satisfactory,3.30044,7.526858337978736,49.5066
4.0,26.903846153846153,75.74615384615385,17.827353066945406,50.513469853185725,2.6073758730460397,158.44666698341805,6.457928263098958,11.503634722288211,45.57233810044187,30.590375825533332,12.932034969354302,1.0244642941986981,113.34163918848294,49.5066,Satisfactory,3.30044,7.526858337978736,49.5066
4.0,26.903846153846153,75.75128205128206,17.827353066945406,50.513469853185725,2.6073758730460397,158.44666698341805,6.863684326693475,11.503634722288211,45.57233810044187,30.590375825533332,12.932034969354302,1.0244642941986981,113.34163918848294,50.51930000000002,Satisfactory,3.3679533333333347,8.409799076672403,50.51930000000002
4.0,26.903846153846153,75.75641025641026,17.827353066945406,50.513469853185725,2.6073758730460397,158.44666698341805,7.268095817891188,11.503634722288211,45.57233810044187,30.590375825533332,12.932034969354302,1.0244642941986981,113.34163918848294,50.55390000000002,Satisfactory,3.3702600000000014,8.393800914365315,50.55390000000003
4.0,26.903846153846153,75.76153846153846,17.827353066945406,50.513469853185725,2.6073758730460397,158.44666698341805,7.670462371599988,11.503634722288211,45.57233810044187,30.590375825533332,12.932034969354302,1.0244642941986981,113.34163918848294,59.36639999999999,Satisfactory,3.9577599999999995,8.714933679609961,59.36639999999999
4.0,26.903846153846153,75.76666666666667,17.827353066945406,50.513469853185725,2.6073758730460397,158.44666698341805,8.069504905897977,11.503634722288211,45.57233810044187,30.590375825533332,12.932034969354302,1.0244642941986981,113.34163918848294,59.36639999999999,Satisfactory,3.9577599999999995,8.714933679609961,59.36639999999999
4.0,26.903846153846153,75.77179487179488,17.827353066945406,50.513469853185725,2.6073758730460397,158.44666698341805,8.462632867893435,11.503634722288211,45.57233810044187,30.590375825533332,12.932034969354302,1.0244642941986981,113.34163918848294,59.36639999999999,Satisfactory,3.9577599999999995,8.714933679609961,59.36639999999999
4.0,26.903846153846153,75.77692307692308,17.827353066945406,50.513469853185725,2.6073758730460397,158.44666698341805,8.843797278273447,11.503634722288211,45.57233810044187,30.590375825533332,12.932034969354302,1.0244642941986981,113.34163918848294,58.800699999999985,Satisfactory,3.9200466666666656,8.366958259128582,58.800699999999985
4.0,26.903846153846153,75.78205128205128,17.827353066945406,50.513469853185725,2.6073758730460397,158.44666698341805,9.195803249890496,11.503634722288211,45.57233810044187,30.590375825533332,12.932034969354302,1.0244642941986981,113.34163918848294,58.8077,Satisfactory,3.920513333333333,8.419289857820555,58.8077
4.0,26.903846153846153,75.78717948717949,17.827353066945406,50.513469853185725,2.6073758730460397,158.44666698341805,9.458445998668669,11.503634722288211,45.57233810044187,30.590375825533332,12.932034969354302,1.0244642941986981,113.34163918848294,56.8798,Satisfactory,3.791986666666667,8.004365806233496,56.8798
4.0,26.903846153846153,75.7923076923077,17.827353066945406,50.513469853185725,2.6073758730460397,158.44666698341805,9.47421515413416,11.503634722288211,45.57233810044187,30.590375825533332,12.932034969354302,1.0244642941986981,113.34163918848294,56.834300000000006,Satisfactory,3.7889533333333336,7.974447975251954,56.834300000000006
4.0,26.903846153846153,75.7974358974359,17.827353066945406,50.513469853185725,2.6073758730460397,158.44666698341805,9.227834657447415,11.503634722288211,45.57233810044187,30.590375825533332,12.932034969354302,1.0244642941986981,113.34163918848294,56.834300000000006,Satisfactory,3.7889533333333336,7.974447975251954,56.834300000000006
4.0,26.903846153846153,75.8025641025641,17.827353066945406,50.513469853185725,2.6073758730460397,158.44666698341805,8.88078171358353,11.503634722288211,45.57233810044187,30.590375825533332,12.932034969354302,1.0244642941986981,113.34163918848294,56.82730000000001,Satisfactory,3.788486666666667,7.917432772685851,56.827299999999994
4.0,26.903846153846153,75.8076923076923,17.827353066945406,50.513469853185725,2.6073758730460397,158.44666698341805,8.50144053392227,11.503634722288211,45.57233810044187,30.590375825533332,12.932034969354302,1.0244642941986981,113.34163918848294,56.743199999999995,Satisfactory,3.7828799999999996,8.191157168556833,56.743199999999995
4.0,26.903846153846153,75.81282051282052,17.827353066945406,50.513469853185725,2.6073758730460397,158.44666698341805,8.109145161994196,11.503634722288211,45.57233810044187,30.590375825533332,12.932034969354302,1.0244642941986981,113.34163918848294,56.879,Satisfactory,3.791933333333333,8.527291656792325,56.879
4.0,26.903846153846153,75.81794871794872,17.827353066945406,50.513469853185725,2.6073758730460397,158.44666698341805,7.71054499765599,11.503634722288211,45.57233810044187,30.590375825533332,12.932034969354302,1.0244642941986981,113.34163918848294,56.879,Satisfactory,3.791933333333333,8.527291656792325,56.879
4.0,26.903846153846153,75.82307692307693,17.827353066945406,50.513469853185725,2.6073758730460397,158.44666698341805,7.308439664169026,11.503634722288211,45.57233810044187,30.590375825533332,12.932034969354302,1.0244642941986981,113.34163918848294,51.05840000000003,Satisfactory,3.403893333333335,7.743316565916699,51.058400000000034
4.0,26.903846153846153,75.82820512820513,17.827353066945406,50.513469853185725,2.6073758730460397,158.44666698341805,6.904194689682253,11.503634722288211,45.57233810044187,30.590375825533332,12.932034969354302,1.0244642941986981,113.34163918848294,51.05840000000003,Satisfactory,3.403893333333335,7.743316565916699,51.058400000000034
4.0,26.903846153846153,75.83333333333334,17.827353066945406,50.513469853185725,2.6073758730460397,158.44666698341805,6.498551065389508,11.503634722288211,45.57233810044187,30.590375825533332,12.932034969354302,1.0244642941986981,113.34163918848294,49.24540000000001,Satisfactory,3.283026666666667,7.566288841962091,49.24540000000001
4.0,26.903846153846153,75.83846153846154,17.827353066945406,50.513469853185725,2.6073758730460397,158.44666698341805,6.091944293093577,11.503634722288211,45.57233810044187,30.590375825533332,12.932034969354302,1.0244642941986981,113.34163918848294,49.24540000000001,Satisfactory,3.283026666666667,7.566288841962091,49.24540000000001
4.0,26.903846153846153,75.84358974358975,17.827353066945406,50.513469853185725,2.6073758730460397,158.44666698341805,5.684646617112886,11.503634722288211,45.57233810044187,30.590375825533332,12.932034969354302,1.0244642941986981,113.34163918848294,49.24540000000001,Satisfactory,3.283026666666667,7.566288841962091,49.24540000000001
4.0,26.903846153846153,75.84871794871795,17.827353066945406,50.513469853185725,2.6073758730460397,158.44666698341805,5.276836772414154,11.503634722288211,45.57233810044187,30.590375825533332,12.932034969354302,1.0244642941986981,113.34163918848294,45.75059999999999,Satisfactory,3.0500399999999996,7.371035452363528,45.75059999999999
4.0,26.903846153846153,75.85384615384616,17.827353066945406,50.513469853185725,2.6073758730460397,158.44666698341805,4.868636869800858,11.503634722288211,45.57233810044187,30.590375825533332,12.932034969354302,1.0244642941986981,113.34163918848294,45.75059999999999,Satisfactory,3.0500399999999996,7.371035452363528,45.75059999999999
4.0,26.903846153846153,75.85897435897436,17.827353066945406,50.513469853185725,2.6073758730460397,158.44666698341805,4.460133131760574,11.503634722288211,45.57233810044187,30.590375825533332,12.932034969354302,1.0244642941986981,113.34163918848294,45.675599999999996,Satisfactory,3.0450399999999997,7.429421958672155,45.675599999999996
4.0,26.903846153846153,75.86410256410257,17.827353066945406,50.513469853185725,2.6073758730460397,158.44666698341805,4.05138815302434,11.503634722288211,45.57233810044187,30.590375825533332,12.932034969354302,1.0244642941986981,113.34163918848294,45.675599999999996,Satisfactory,3.0450399999999997,7.429421958672155,45.675599999999996
4.0,26.903846153846153,75.86923076923077,17.827353066945406,50.513469853185725,2.6073758730460397,158.44666698341805,3.642448463562885,11.503634722288211,45.57233810044187,30.590375825533332,12.932034969354302,1.0244642941986981,113.34163918848294,45.675599999999996,Satisfactory,3.0450399999999997,7.429421958672155,45.675599999999996
4.0,26.903846153846153,75.87435897435898,17.827353066945406,50.513469853185725,2.6073758730460397,158.44666698341805,3.2333493650657195,11.503634722288211,45.57233810044187,30.590375825533332,12.932034969354302,1.0244642941986981,113.34163918848294,45.675599999999996,Satisfactory,3.0450399999999997,7.429421958672155,45.675599999999996
4.0,26.903846153846153,75.87948717948719,17.827353066945406,50.513469853185725,2.6073758730460397,158.44666698341805,3.0,11.503634722288211,45.57233810044187,30.590375825533332,12.932034969354302,1.0244642941986981,113.34163918848294,45.675599999999996,Satisfactory,3.0450399999999997,7.429421958672155,45.675599999999996
4.0,26.903846153846153,75.88461538461539,17.827353066945406,50.513469853185725,2.6073758730460397,158.44666698341805,3.0,11.503634722288211,45.57233810044187,30.590375825533332,12.932034969354302,1.0244642941986981,113.34163918848294,45.675599999999996,Satisfactory,3.0450399999999997,7.429421958672155,45.675599999999996
4.0,26.903846153846153,75.88974358974359,17.827353066945406,50.513469853185725,2.6073758730460397,158.44666698341805,3.0,11.503634722288211,45.57233810044187,30.590375825533332,12.932034969354302,1.0244642941986981,113.34163918848294,45.675599999999996,Satisfactory,3.0450399999999997,7.429421958672155,45.675599999999996
4.0,26.903846153846153,75.8948717948718,17.827353066945406,50.513469853185725,2.6073758730460397,158.44666698341805,3.0,11.503634722288211,45.57233810044187,30.590375825533332,12.932034969354302,1.0244642941986981,113.34163918848294,45.675599999999996,Satisfactory,3.0450399999999997,7.429421958672155,45.675599999999996
4.0,26.903846153846153,75.9,17.827353066945406,50.513469853185725,2.6073758730460397,158.44666698341805,3.0,11.503634722288211,45.57233810044187,30.590375825533332,12.932034969354302,1.0244642941986981,113.34163918848294,45.675599999999996,Satisfactory,3.0450399999999997,7.429421958672155,45.675599999999996
4.0,26.91025641025641,75.7,17.827353066945406,50.513469853185725,2.6073758730460397,158.44666698341805,3.0,11.503634722288211,45.57233810044187,30.590375825533332,12.932034969354302,1.0244642941986981,113.34163918848294,46.33889999999999,Satisfactory,3.089259999999999,7.646846395083397,46.33889999999999
4.0,26.91025641025641,75.7051282051282,17.827353066945406,50.513469853185725,2.6073758730460397,158.44666698341805,3.210225424192852,11.503634722288211,45.57233810044187,30.590375825533332,12.932034969354302,1.0244642941986981,113.34163918848294,46.33889999999999,Satisfactory,3.089259999999999,7.646846395083397,46.33889999999999
4.0,26.91025641025641,75.71025641025642,17.827353066945406,50.513469853185725,2.6073758730460397,158.44666698341805,3.6204798417872404,11.503634722288211,45.57233810044187,30.590375825533332,12.932034969354302,1.0244642941986981,113.34163918848294,46.33889999999999,Satisfactory,3.089259999999999,7.646846395083397,46.33889999999999
4.0,26.91025641025641,75.71538461538462,17.827353066945406,50.513469853185725,2.6073758730460397,158.44666698341805,4.03073398547722,11.503634722288211,45.57233810044187,30.590375825533332,12.932034969354302,1.0244642941986981,113.34163918848294,46.33889999999999,Satisfactory,3.089259999999999,7.646846395083397,46.33889999999999
4.0,26.91025641025641,75.72051282051282,17.827353066945406,50.513469853185725,2.6073758730460397,158.44666698341805,4.440987794621884,11.503634722288211,45.57233810044187,30.590375825533332,12.932034969354302,1.0244642941986981,113.34163918848294,46.33889999999999,Satisfactory,3.089259999999999,7.646846395083397,46.33889999999999
4.0,26.91025641025641,75.72564102564102,17.827353066945406,50.513469853185725,2.6073758730460397,158.44666698341805,4.851241189251379,11.503634722288211,45.57233810044187,30.590375825533332,12.932034969354302,1.0244642941986981,113.34163918848294,46.41389999999999,Satisfactory,3.0942599999999993,7.583575528073812,46.41389999999999
4.0,26.91025641025641,75.73076923076924,17.827353066945406,50.513469853185725,2.6073758730460397,158.44666698341805,5.261494061702364,11.503634722288211,45.57233810044187,30.590375825533332,12.932034969354302,1.0244642941986981,113.34163918848294,46.41389999999999,Satisfactory,3.0942599999999993,7.583575528073812,46.41389999999999
4.0,26.91025641025641,75.73589743589744,17.827353066945406,50.513469853185725,2.6073758730460397,158.44666698341805,5.6717462634884095,11.503634722288211,45.57233810044187,30.590375825533332,12.932034969354302,1.0244642941986981,113.34163918848294,49.5066,Satisfactory,3.30044,7.526858337978736,49.5066
4.0,26.91025641025641,75.74102564102564,17.827353066945406,50.513469853185725,2.6073758730460397,158.44666698341805,6.081997583935965,11.503634722288211,45.57233810044187,30.590375825533332,12.932034969354302,1.0244642941986981,113.34163918848294,49.5066,Satisfactory,3.30044,7.526858337978736,49.5066
4.0,26.91025641025641,75.74615384615385,17.827353066945406,50.513469853185725,2.6073758730460397,158.44666698341805,6.492247713812565,11.503634722288211,45.57233810044187,30.590375825533332,12.932034969354302,1.0244642941986981,113.34163918848294,49.5066,Satisfactory,3.30044,7.526858337978736,49.5066
4.0,26.91025641025641,75.75128205128206,17.827353066945406,50.513469853185725,2.6073758730460397,158.44666698341805,6.902496180062377,11.503634722288211,45.57233810044187,30.590375825533332,12.932034969354302,1.0244642941986981,113.34163918848294,50.51930000000002,Satisfactory,3.3679533333333347,8.409799076672403,50.51930000000002
4.0,26.91025641025641,75.75641025641026,17.827353066945406,50.513469853185725,2.6073758730460397,158.44666698341805,7.31274222075298,11.503634722288211,45.57233810044187,30.590375825533332,12.932034969354302,1.0244642941986981,113.34163918848294,50.55390000000002,Satisfactory,3.3702600000000014,8.393800914365315,50.55390000000003
4.0,26.91025641025641,75.76153846153846,17.827353066945406,50.513469853185725,2.6073758730460397,158.44666698341805,7.722984524859007,11.503634722288211,45.57233810044187,30.590375825533332,12.932034969354302,1.0244642941986981,113.34163918848294,59.8168,Satisfactory,3.9877866666666666,8.885016137295418,59.8168
4.0,26.91025641025641,75.76666666666667,17.827353066945406,50.513469853185725,2.6073758730460397,158.44666698341805,8.13322062893014,11.503634722288211,45.57233810044187,30.590375825533332,12.932034969354302,1.0244642941986981,113.34163918848294,59.8168,Satisfactory,3.9877866666666666,8.885016137295418,59.8168
4.0,26.91025641025641,75.77179487179488,17.827353066945406,50.513469853185725,2.6073758730460397,158.44666698341805,8.543445294270905,11.503634722288211,45.57233810044187,30.590375825533332,12.932034969354302,1.0244642941986981,113.34163918848294,59.04599999999999,Satisfactory,3.9363999999999995,8.659155617033337,59.04599999999999
4.0,26.91025641025641,75.77692307692308,17.827353066945406,50.513469853185725,2.6073758730460397,158.44666698341805,8.953645067088662,11.503634722288211,45.57233810044187,30.590375825533332,12.932034969354302,1.0244642941986981,113.34163918848294,59.04599999999999,Satisfactory,3.9363999999999995,8.659155617033337,59.04599999999999
4.0,26.91025641025641,75.78205128205128,17.827353066945406,50.513469853185725,2.6073758730460397,158.44666698341805,9.36377179818347,11.503634722288211,45.57233810044187,30.590375825533332,12.932034969354302,1.0244642941986981,113.34163918848294,59.053000000000004,Satisfactory,3.936866666666667,8.709534602950953,59.053000000000004
4.0,26.91025641025641,75.78717948717949,17.827353066945406,50.513469853185725,2.6073758730460397,158.44666698341805,9.773428491954565,11.503634722288211,45.57233810044187,30.590375825533332,12.932034969354302,1.0244642941986981,113.34163918848294,58.144400000000026,Satisfactory,3.876293333333335,8.770912987825156,58.14440000000001
4.0,26.91025641025641,75.7923076923077,17.827353066945406,50.513469853185725,2.6073758730460397,158.44666698341805,9.81424850998667,11.503634722288211,45.57233810044187,30.590375825533332,12.932034969354302,1.0244642941986981,113.34163918848294,58.14800000000002,Satisfactory,3.8765333333333345,8.764390452279043,58.14800000000002
4.0,26.91025641025641,75.7974358974359,17.827353066945406,50.513469853185725,2.6073758730460397,158.44666698341805,9.404774640880147,11.503634722288211,45.57233810044187,30.590375825533332,12.932034969354302,1.0244642941986981,113.34163918848294,57.18490000000001,Satisfactory,3.8123266666666678,8.378315164160393,57.184900000000006
4.0,26.91025641025641,75.8025641025641,17.827353066945406,50.513469853185725,2.6073758730460397,158.44666698341805,8.994662502167046,11.503634722288211,45.57233810044187,30.590375825533332,12.932034969354302,1.0244642941986981,113.34163918848294,57.17790000000001,Satisfactory,3.8118600000000007,8.324361512452473,57.17790000000001
4.0,26.91025641025641,75.8076923076923,17.827353066945406,50.513469853185725,2.6073758730460397,158.44666698341805,8.584466748793524,11.503634722288211,45.57233810044187,30.590375825533332,12.932034969354302,1.0244642941986981,113.34163918848294,57.280100000000004,Satisfactory,3.818673333333334,8.520773145084899,57.280100000000004
4.0,26.91025641025641,75.81282051282052,17.827353066945406,50.513469853185725,2.6073758730460397,158.44666698341805,8.174243737430988,11.503634722288211,45.57233810044187,30.590375825533332,12.932034969354302,1.0244642941986981,113.34163918848294,57.88090000000001,Satisfactory,3.8587266666666675,8.754556081835332,57.88090000000001
4.0,26.91025641025641,75.81794871794872,17.827353066945406,50.513469853185725,2.6073758730460397,158.44666698341805,7.764008470575522,11.503634722288211,45.57233810044187,30.590375825533332,12.932034969354302,1.0244642941986981,113.34163918848294,57.88090000000001,Satisfactory,3.8587266666666675,8.754556081835332,57.88090000000001
4.0,26.91025641025641,75.82307692307693,17.827353066945406,50.513469853185725,2.6073758730460397,158.44666698341805,7.353766647984621,11.503634722288211,45.57233810044187,30.590375825533332,12.932034969354302,1.0244642941986981,113.34163918848294,51.10170000000003,Satisfactory,3.406780000000002,7.821183677040197,51.10170000000004
4.0,26.91025641025641,75.82820512820513,17.827353066945406,50.513469853185725,2.6073758730460397,158.44666698341805,6.94352090939729,11.503634722288211,45.57233810044187,30.590375825533332,12.932034969354302,1.0244642941986981,113.34163918848294,51.10170000000003,Satisfactory,3.406780000000002,7.821183677040197,51.10170000000004
4.0,26.91025641025641,75.83333333333334,17.827353066945406,50.513469853185725,2.6073758730460397,158.44666698341805,6.533272645046203,11.503634722288211,45.57233810044187,30.590375825533332,12.932034969354302,1.0244642941986981,113.34163918848294,51.10170000000003,Satisfactory,3.406780000000002,7.821183677040197,51.10170000000004
4.0,26.91025641025641,75.83846153846154,17.827353066945406,50.513469853185725,2.6073758730460397,158.44666698341805,6.123022656735809,11.503634722288211,45.57233810044187,30.590375825533332,12.932034969354302,1.0244642941986981,113.34163918848294,49.24540000000001,Satisfactory,3.283026666666667,7.566288841962091,49.24540000000001
4.0,26.91025641025641,75.84358974358975,17.827353066945406,50.513469853185725,2.6073758730460397,158.44666698341805,5.712771439368404,11.503634722288211,45.57233810044187,30.590375825533332,12.932034969354302,1.0244642941986981,113.34163918848294,49.24540000000001,Satisfactory,3.283026666666667,7.566288841962091,49.24540000000001
4.0,26.91025641025641,75.84871794871795,17.827353066945406,50.513469853185725,2.6073758730460397,158.44666698341805,5.302519314960502,11.503634722288211,45.57233810044187,30.590375825533332,12.932034969354302,1.0244642941986981,113.34163918848294,45.75059999999999,Satisfactory,3.0500399999999996,7.371035452363528,45.75059999999999
4.0,26.91025641025641,75.85384615384616,17.827353066945406,50.513469853185725,2.6073758730460397,158.44666698341805,4.892266502070891,11.503634722288211,45.57233810044187,30.590375825533332,12.932034969354302,1.0244642941986981,113.34163918848294,45.75059999999999,Satisfactory,3.0500399999999996,7.371035452363528,45.75059999999999
4.0,26.91025641025641,75.85897435897436,17.827353066945406,50.513469853185725,2.6073758730460397,158.44666698341805,4.482013154263874,11.503634722288211,45.57233810044187,30.590375825533332,12.932034969354302,1.0244642941986981,113.34163918848294,45.675599999999996,Satisfactory,3.0450399999999997,7.429421958672155,45.675599999999996
4.0,26.91025641025641,75.86410256410257,17.827353066945406,50.513469853185725,2.6073758730460397,158.44666698341805,4.071759382592574,11.503634722288211,45.57233810044187,30.590375825533332,12.932034969354302,1.0244642941986981,113.34163918848294,45.675599999999996,Satisfactory,3.0450399999999997,7.429421958672155,45.675599999999996
4.0,26.91025641025641,75.86923076923077,17.827353066945406,50.513469853185725,2.6073758730460397,158.44666698341805,3.6615052693597727,11.503634722288211,45.57233810044187,30.590375825533332,12.932034969354302,1.0244642941986981,113.34163918848294,45.675599999999996,Satisfactory,3.0450399999999997,7.429421958672155,45.675599999999996
4.0,26.91025641025641,75.87435897435898,17.827353066945406,50.513469853185725,2.6073758730460397,158.44666698341805,3.251250876854548,11.503634722288211,45.57233810044187,30.590375825533332,12.932034969354302,1.0244642941986981,113.34163918848294,45.675599999999996,Satisfactory,3.0450399999999997,7.429421958672155,45.675599999999996
4.0,26.91025641025641,75.87948717948719,17.827353066945406,50.513469853185725,2.6073758730460397,158.44666698341805,3.0,11.503634722288211,45.57233810044187,30.590375825533332,12.932034969354302,1.0244642941986981,113.34163918848294,45.675599999999996,Satisfactory,3.0450399999999997,7.429421958672155,45.675599999999996
4.0,26.91025641025641,75.88461538461539,17.827353066945406,50.513469853185725,2.6073758730460397,158.44666698341805,3.0,11.503634722288211,45.57233810044187,30.590375825533332,12.932034969354302,1.0244642941986981,113.34163918848294,45.675599999999996,Satisfactory,3.0450399999999997,7.429421958672155,45.675599999999996
4.0,26.91025641025641,75.88974358974359,17.827353066945406,50.513469853185725,2.6073758730460397,158.44666698341805,3.0,11.503634722288211,45.57233810044187,30.590375825533332,12.932034969354302,1.0244642941986981,113.34163918848294,45.675599999999996,Satisfactory,3.0450399999999997,7.429421958672155,45.675599999999996
4.0,26.91025641025641,75.8948717948718,17.827353066945406,50.513469853185725,2.6073758730460397,158.44666698341805,3.0,11.503634722288211,45.57233810044187,30.590375825533332,12.932034969354302,1.0244642941986981,113.34163918848294,45.675599999999996,Satisfactory,3.0450399999999997,7.429421958672155,45.675599999999996
4.0,26.91025641025641,75.9,17.827353066945406,50.513469853185725,2.6073758730460397,158.44666698341805,3.0,11.503634722288211,45.57233810044187,30.590375825533332,12.932034969354302,1.0244642941986981,113.34163918848294,45.675599999999996,Satisfactory,3.0450399999999997,7.429421958672155,45.675599999999996
4.0,26.916666666666668,75.7,17.827353066945406,50.513469853185725,2.6073758730460397,158.44666698341805,3.0,11.503634722288211,45.57233810044187,30.590375825533332,12.932034969354302,1.0244642941986981,113.34163918848294,46.33889999999999,Satisfactory,3.089259999999999,7.646846395083397,46.33889999999999
4.0,26.916666666666668,75.7051282051282,17.827353066945406,50.513469853185725,2.6073758730460397,158.44666698341805,3.1893419951581556,11.503634722288211,45.57233810044187,30.590375825533332,12.932034969354302,1.0244642941986981,113.34163918848294,46.33889999999999,Satisfactory,3.089259999999999,7.646846395083397,46.33889999999999
4.0,26.916666666666668,75.71025641025642,17.827353066945406,50.513469853185725,2.6073758730460397,158.44666698341805,3.59825796226667,11.503634722288211,45.57233810044187,30.590375825533332,12.932034969354302,1.0244642941986981,113.34163918848294,46.33889999999999,Satisfactory,3.089259999999999,7.646846395083397,46.33889999999999
4.0,26.916666666666668,75.71538461538462,17.827353066945406,50.513469853185725,2.6073758730460397,158.44666698341805,4.006990704097331,11.503634722288211,45.57233810044187,30.590375825533332,12.932034969354302,1.0244642941986981,113.34163918848294,46.33889999999999,Satisfactory,3.089259999999999,7.646846395083397,46.33889999999999
4.0,26.916666666666668,75.72051282051282,17.827353066945406,50.513469853185725,2.6073758730460397,158.44666698341805,4.4154999894187466,11.503634722288211,45.57233810044187,30.590375825533332,12.932034969354302,1.0244642941986981,113.34163918848294,46.33889999999999,Satisfactory,3.089259999999999,7.646846395083397,46.33889999999999
4.0,26.916666666666668,75.72564102564102,17.827353066945406,50.513469853185725,2.6073758730460397,158.44666698341805,4.823732912619297,11.503634722288211,45.57233810044187,30.590375825533332,12.932034969354302,1.0244642941986981,113.34163918848294,46.41389999999999,Satisfactory,3.0942599999999993,7.583575528073812,46.41389999999999
4.0,26.916666666666668,75.73076923076924,17.827353066945406,50.513469853185725,2.6073758730460397,158.44666698341805,5.2316184930396865,11.503634722288211,45.57233810044187,30.590375825533332,12.932034969354302,1.0244642941986981,113.34163918848294,46.41389999999999,Satisfactory,3.0942599999999993,7.583575528073812,46.41389999999999
4.0,26.916666666666668,75.73589743589744,17.827353066945406,50.513469853185725,2.6073758730460397,158.44666698341805,5.6390592670542175,11.503634722288211,45.57233810044187,30.590375825533332,12.932034969354302,1.0244642941986981,113.34163918848294,49.5066,Satisfactory,3.30044,7.526858337978736,49.5066
4.0,26.916666666666668,75.74102564102564,17.827353066945406,50.513469853185725,2.6073758730460397,158.44666698341805,6.045917729621352,11.503634722288211,45.57233810044187,30.590375825533332,12.932034969354302,1.0244642941986981,113.34163918848294,49.5066,Satisfactory,3.30044,7.526858337978736,49.5066
4.0,26.916666666666668,75.74615384615385,17.827353066945406,50.513469853185725,2.6073758730460397,158.44666698341805,6.451993549908298,11.503634722288211,45.57233810044187,30.590375825533332,12.932034969354302,1.0244642941986981,113.34163918848294,49.5066,Satisfactory,3.30044,7.526858337978736,49.5066
4.0,26.916666666666668,75.75128205128206,17.827353066945406,50.513469853185725,2.6073758730460397,158.44666698341805,6.85698336256912,11.503634722288211,45.57233810044187,30.590375825533332,12.932034969354302,1.0244642941986981,113.34163918848294,50.51930000000002,Satisfactory,3.3679533333333347,8.409799076672403,50.51930000000002
4.0,26.916666666666668,75.75641025641026,17.827353066945406,50.513469853185725,2.6073758730460397,158.44666698341805,7.260405497019172,11.503634722288211,45.57233810044187,30.590375825533332,12.932034969354302,1.0244642941986981,113.34163918848294,50.55390000000002,Satisfactory,3.3702600000000014,8.393800914365315,50.55390000000003
4.0,26.916666666666668,75.76153846153846,17.827353066945406,50.513469853185725,2.6073758730460397,158.44666698341805,7.661448494757768,11.503634722288211,45.57233810044187,30.590375825533332,12.932034969354302,1.0244642941986981,113.34163918848294,59.8168,Satisfactory,3.9877866666666666,8.885016137295418,59.8168
4.0,26.916666666666668,75.76666666666667,17.827353066945406,50.513469853185725,2.6073758730460397,158.44666698341805,8.05863736285795,11.503634722288211,45.57233810044187,30.590375825533332,12.932034969354302,1.0244642941986981,113.34163918848294,59.8168,Satisfactory,3.9877866666666666,8.885016137295418,59.8168
4.0,26.916666666666668,75.77179487179488,17.827353066945406,50.513469853185725,2.6073758730460397,158.44666698341805,8.449008291633795,11.503634722288211,45.57233810044187,30.590375825533332,12.932034969354302,1.0244642941986981,113.34163918848294,59.8168,Satisfactory,3.9877866666666666,8.885016137295418,59.8168
4.0,26.916666666666668,75.77692307692308,17.827353066945406,50.513469853185725,2.6073758730460397,158.44666698341805,8.825741802554889,11.503634722288211,45.57233810044187,30.590375825533332,12.932034969354302,1.0244642941986981,113.34163918848294,59.04599999999999,Satisfactory,3.9363999999999995,8.659155617033337,59.04599999999999
4.0,26.916666666666668,75.78205128205128,17.827353066945406,50.513469853185725,2.6073758730460397,158.44666698341805,9.170054222598944,11.503634722288211,45.57233810044187,30.590375825533332,12.932034969354302,1.0244642941986981,113.34163918848294,59.053000000000004,Satisfactory,3.936866666666667,8.709534602950953,59.053000000000004
4.0,26.916666666666668,75.78717948717949,17.827353066945406,50.513469853185725,2.6073758730460397,158.44666698341805,9.420898698933312,11.503634722288211,45.57233810044187,30.590375825533332,12.932034969354302,1.0244642941986981,113.34163918848294,57.18130000000001,Satisfactory,3.812086666666667,8.384724522010249,57.18130000000001
4.0,26.916666666666668,75.7923076923077,17.827353066945406,50.513469853185725,2.6073758730460397,158.44666698341805,9.435617784935316,11.503634722288211,45.57233810044187,30.590375825533332,12.932034969354302,1.0244642941986981,113.34163918848294,57.18490000000001,Satisfactory,3.8123266666666678,8.378315164160393,57.184900000000006
4.0,26.916666666666668,75.7974358974359,17.827353066945406,50.513469853185725,2.6073758730460397,158.44666698341805,9.20105263203481,11.503634722288211,45.57233810044187,30.590375825533332,12.932034969354302,1.0244642941986981,113.34163918848294,57.18490000000001,Satisfactory,3.8123266666666678,8.378315164160393,57.184900000000006
4.0,26.916666666666668,75.8025641025641,17.827353066945406,50.513469853185725,2.6073758730460397,158.44666698341805,8.862139220647721,11.503634722288211,45.57233810044187,30.590375825533332,12.932034969354302,1.0244642941986981,113.34163918848294,57.17790000000001,Satisfactory,3.8118600000000007,8.324361512452473,57.17790000000001
4.0,26.916666666666668,75.8076923076923,17.827353066945406,50.513469853185725,2.6073758730460397,158.44666698341805,8.487466346189175,11.503634722288211,45.57233810044187,30.590375825533332,12.932034969354302,1.0244642941986981,113.34163918848294,57.88090000000001,Satisfactory,3.8587266666666675,8.754556081835332,57.88090000000001
4.0,26.916666666666668,75.81282051282052,17.827353066945406,50.513469853185725,2.6073758730460397,158.44666698341805,8.09805110506378,11.503634722288211,45.57233810044187,30.590375825533332,12.932034969354302,1.0244642941986981,113.34163918848294,57.88090000000001,Satisfactory,3.8587266666666675,8.754556081835332,57.88090000000001
4.0,26.916666666666668,75.81794871794872,17.827353066945406,50.513469853185725,2.6073758730460397,158.44666698341805,7.701373934652015,11.503634722288211,45.57233810044187,30.590375825533332,12.932034969354302,1.0244642941986981,113.34163918848294,57.88090000000001,Satisfactory,3.8587266666666675,8.754556081835332,57.88090000000001
4.0,26.916666666666668,75.82307692307693,17.827353066945406,50.513469853185725,2.6073758730460397,158.44666698341805,7.300634403798237,11.503634722288211,45.57233810044187,30.590375825533332,12.932034969354302,1.0244642941986981,113.34163918848294,51.10170000000003,Satisfactory,3.406780000000002,7.821183677040197,51.10170000000004
4.0,26.916666666666668,75.82820512820513,17.827353066945406,50.513469853185725,2.6073758730460397,158.44666698341805,6.897406230275914,11.503634722288211,45.57233810044187,30.590375825533332,12.932034969354302,1.0244642941986981,113.34163918848294,51.10170000000003,Satisfactory,3.406780000000002,7.821183677040197,51.10170000000004
4.0,26.916666666666668,75.83333333333334,17.827353066945406,50.513469853185725,2.6073758730460397,158.44666698341805,6.492547616542158,11.503634722288211,45.57233810044187,30.590375825533332,12.932034969354302,1.0244642941986981,113.34163918848294,49.24540000000001,Satisfactory,3.283026666666667,7.566288841962091,49.24540000000001
4.0,26.916666666666668,75.83846153846154,17.827353066945406,50.513469853185725,2.6073758730460397,158.44666698341805,6.086564554151556,11.503634722288211,45.57233810044187,30.590375825533332,12.932034969354302,1.0244642941986981,113.34163918848294,49.24540000000001,Satisfactory,3.283026666666667,7.566288841962091,49.24540000000001
4.0,26.916666666666668,75.84358974358975,17.827353066945406,50.513469853185725,2.6073758730460397,158.44666698341805,5.679774033718327,11.503634722288211,45.57233810044187,30.590375825533332,12.932034969354302,1.0244642941986981,113.34163918848294,49.24540000000001,Satisfactory,3.283026666666667,7.566288841962091,49.24540000000001
4.0,26.916666666666668,75.84871794871795,17.827353066945406,50.513469853185725,2.6073758730460397,158.44666698341805,5.272384485286658,11.503634722288211,45.57233810044187,30.590375825533332,12.932034969354302,1.0244642941986981,113.34163918848294,45.75059999999999,Satisfactory,3.0500399999999996,7.371035452363528,45.75059999999999
4.0,26.916666666666668,75.85384615384616,17.827353066945406,50.513469853185725,2.6073758730460397,158.44666698341805,4.864538467235269,11.503634722288211,45.57233810044187,30.590375825533332,12.932034969354302,1.0244642941986981,113.34163918848294,45.75059999999999,Satisfactory,3.0500399999999996,7.371035452363528,45.75059999999999
4.0,26.916666666666668,75.85897435897436,17.827353066945406,50.513469853185725,2.6073758730460397,158.44666698341805,4.456336725742078,11.503634722288211,45.57233810044187,30.590375825533332,12.932034969354302,1.0244642941986981,113.34163918848294,45.675599999999996,Satisfactory,3.0450399999999997,7.429421958672155,45.675599999999996
4.0,26.916666666666668,75.86410256410257,17.827353066945406,50.513469853185725,2.6073758730460397,158.44666698341805,4.047852447517927,11.503634722288211,45.57233810044187,30.590375825533332,12.932034969354302,1.0244642941986981,113.34163918848294,45.675599999999996,Satisfactory,3.0450399999999997,7.429421958672155,45.675599999999996
4.0,26.916666666666668,75.86923076923077,17.827353066945406,50.513469853185725,2.6073758730460397,158.44666698341805,3.639140064504401,11.503634722288211,45.57233810044187,30.590375825533332,12.932034969354302,1.0244642941986981,113.34163918848294,45.675599999999996,Satisfactory,3.0450399999999997,7.429421958672155,45.675599999999996
4.0,26.916666666666668,75.87435897435898,17.827353066945406,50.513469853185725,2.6073758730460397,158.44666698341805,3.2302408908591396,11.503634722288211,45.57233810044187,30.590375825533332,12.932034969354302,1.0244642941986981,113.34163918848294,45.675599999999996,Satisfactory,3.0450399999999997,7.429421958672155,45.675599999999996
4.0,26.916666666666668,75.87948717948719,17.827353066945406,50.513469853185725,2.6073758730460397,158.44666698341805,3.0,11.503634722288211,45.57233810044187,30.590375825533332,12.932034969354302,1.0244642941986981,113.34163918848294,45.675599999999996,Satisfactory,3.0450399999999997,7.429421958672155,45.675599999999996
4.0,26.916666666666668,75.88461538461539,17.827353066945406,50.513469853185725,2.6073758730460397,158.44666698341805,3.0,11.503634722288211,45.57233810044187,30.590375825533332,12.932034969354302,1.0244642941986981,113.34163918848294,45.675599999999996,Satisfactory,3.0450399999999997,7.429421958672155,45.675599999999996
4.0,26.916666666666668,75.88974358974359,17.827353066945406,50.513469853185725,2.6073758730460397,158.44666698341805,3.0,11.503634722288211,45.57233810044187,30.590375825533332,12.932034969354302,1.0244642941986981,113.34163918848294,45.675599999999996,Satisfactory,3.0450399999999997,7.429421958672155,45.675599999999996
4.0,26.916666666666668,75.8948717948718,17.827353066945406,50.513469853185725,2.6073758730460397,158.44666698341805,3.0,11.503634722288211,45.57233810044187,30.590375825533332,12.932034969354302,1.0244642941986981,113.34163918848294,45.675599999999996,Satisfactory,3.0450399999999997,7.429421958672155,45.675599999999996
4.0,26.916666666666668,75.9,17.827353066945406,50.513469853185725,2.6073758730460397,158.44666698341805,3.0,11.503634722288211,45.57233810044187,30.590375825533332,12.932034969354302,1.0244642941986981,113.34163918848294,45.675599999999996,Satisfactory,3.0450399999999997,7.429421958672155,45.675599999999996
4.0,26.923076923076923,75.7,17.827353066945406,50.513469853185725,2.6073758730460397,158.44666698341805,3.0,11.503634722288211,45.57233810044187,30.590375825533332,12.932034969354302,1.0244642941986981,113.34163918848294,46.33889999999999,Satisfactory,3.089259999999999,7.646846395083397,46.33889999999999
4.0,26.923076923076923,75.7051282051282,17.827353066945406,50.513469853185725,2.6073758730460397,158.44666698341805,3.1301342164279324,11.503634722288211,45.57233810044187,30.590375825533332,12.932034969354302,1.0244642941986981,113.34163918848294,46.33889999999999,Satisfactory,3.089259999999999,7.646846395083397,46.33889999999999
4.0,26.923076923076923,75.71025641025642,17.827353066945406,50.513469853185725,2.6073758730460397,158.44666698341805,3.53530398680185,11.503634722288211,45.57233810044187,30.590375825533332,12.932034969354302,1.0244642941986981,113.34163918848294,46.33889999999999,Satisfactory,3.089259999999999,7.646846395083397,46.33889999999999
4.0,26.923076923076923,75.71538461538462,17.827353066945406,50.513469853185725,2.6073758730460397,158.44666698341805,3.9397892902842244,11.503634722288211,45.57233810044187,30.590375825533332,12.932034969354302,1.0244642941986981,113.34163918848294,46.33889999999999,Satisfactory,3.089259999999999,7.646846395083397,46.33889999999999
4.0,26.923076923076923,75.72051282051282,17.827353066945406,50.513469853185725,2.6073758730460397,158.44666698341805,4.343443291757786,11.503634722288211,45.57233810044187,30.590375825533332,12.932034969354302,1.0244642941986981,113.34163918848294,46.33889999999999,Satisfactory,3.089259999999999,7.646846395083397,46.33889999999999
4.0,26.923076923076923,75.72564102564102,17.827353066945406,50.513469853185725,2.6073758730460397,158.44666698341805,4.746074383351181,11.503634722288211,45.57233810044187,30.590375825533332,12.932034969354302,1.0244642941986981,113.34163918848294,46.41389999999999,Satisfactory,3.0942599999999993,7.583575528073812,46.41389999999999
4.0,26.923076923076923,75.73076923076924,17.827353066945406,50.513469853185725,2.6073758730460397,158.44666698341805,5.147427937547029,11.503634722288211,45.57233810044187,30.590375825533332,12.932034969354302,1.0244642941986981,113.34163918848294,46.41389999999999,Satisfactory,3.0942599999999993,7.583575528073812,46.41389999999999
4.0,26.923076923076923,75.73589743589744,17.827353066945406,50.513469853185725,2.6073758730460397,158.44666698341805,5.547158491295287,11.503634722288211,45.57233810044187,30.590375825533332,12.932034969354302,1.0244642941986981,113.34163918848294,49.5066,Satisfactory,3.30044,7.526858337978736,49.5066
4.0,26.923076923076923,75.74102564102564,17.827353066945406,50.513469853185725,2.6073758730460397,158.44666698341805,5.944786068984678,11.503634722288211,45.57233810044187,30.590375825533332,12.932034969354302,1.0244642941986981,113.34163918848294,49.5066,Satisfactory,3.30044,7.526858337978736,49.5066
4.0,26.923076923076923,75.74615384615385,17.827353066945406,50.513469853185725,2.6073758730460397,158.44666698341805,6.339625265731623,11.503634722288211,45.57233810044187,30.590375825533332,12.932034969354302,1.0244642941986981,113.34163918848294,49.5066,Satisfactory,3.30044,7.526858337978736,49.5066
4.0,26.923076923076923,75.75128205128206,17.827353066945406,50.513469853185725,2.6073758730460397,158.44666698341805,6.730665662777009,11.503634722288211,45.57233810044187,30.590375825533332,12.932034969354302,1.0244642941986981,113.34163918848294,50.51930000000002,Satisfactory,3.3679533333333347,8.409799076672403,50.51930000000002
4.0,26.923076923076923,75.75641025641026,17.827353066945406,50.513469853185725,2.6073758730460397,158.44666698341805,7.116361418946413,11.503634722288211,45.57233810044187,30.590375825533332,12.932034969354302,1.0244642941986981,113.34163918848294,50.55390000000002,Satisfactory,3.3702600000000014,8.393800914365315,50.55390000000003
4.0,26.923076923076923,75.76153846153846,17.827353066945406,50.513469853185725,2.6073758730460397,158.44666698341805,7.494243314276368,11.503634722288211,45.57233810044187,30.590375825533332,12.932034969354302,1.0244642941986981,113.34163918848294,50.55390000000002,Satisfactory,3.3702600000000014,8.393800914365315,50.55390000000003
4.0,26.923076923076923,75.76666666666667,17.827353066945406,50.513469853185725,2.6073758730460397,158.44666698341805,7.8601676901520765,11.503634722288211,45.57233810044187,30.590375825533332,12.932034969354302,1.0244642941986981,113.34163918848294,59.8168,Satisfactory,3.9877866666666666,8.885016137295418,59.8168
4.0,26.923076923076923,75.77179487179488,17.827353066945406,50.513469853185725,2.6073758730460397,158.44666698341805,8.206799312737502,11.503634722288211,45.57233810044187,30.590375825533332,12.932034969354302,1.0244642941986981,113.34163918848294,59.8168,Satisfactory,3.9877866666666666,8.885016137295418,59.8168
4.0,26.923076923076923,75.77692307692308,17.827353066945406,50.513469853185725,2.6073758730460397,158.44666698341805,8.52051504244044,11.503634722288211,45.57233810044187,30.590375825533332,12.932034969354302,1.0244642941986981,113.34163918848294,59.04599999999999,Satisfactory,3.9363999999999995,8.659155617033337,59.04599999999999
4.0,26.923076923076923,75.78205128205128,17.827353066945406,50.513469853185725,2.6073758730460397,158.44666698341805,8.775743728297128,11.503634722288211,45.57233810044187,30.590375825533332,12.932034969354302,1.0244642941986981,113.34163918848294,59.04599999999999,Satisfactory,3.9363999999999995,8.659155617033337,59.04599999999999
4.0,26.923076923076923,75.78717948717949,17.827353066945406,50.513469853185725,2.6073758730460397,158.44666698341805,8.929788926297665,11.503634722288211,45.57233810044187,30.590375825533332,12.932034969354302,1.0244642941986981,113.34163918848294,57.17430000000001,Satisfactory,3.8116200000000005,8.33080935503868,57.17430000000001
4.0,26.923076923076923,75.7923076923077,17.827353066945406,50.513469853185725,2.6073758730460397,158.44666698341805,8.937681446053354,11.503634722288211,45.57233810044187,30.590375825533332,12.932034969354302,1.0244642941986981,113.34163918848294,57.17790000000001,Satisfactory,3.8118600000000007,8.324361512452473,57.17790000000001
4.0,26.923076923076923,75.7974358974359,17.827353066945406,50.513469853185725,2.6073758730460397,158.44666698341805,8.796542347169424,11.503634722288211,45.57233810044187,30.590375825533332,12.932034969354302,1.0244642941986981,113.34163918848294,57.17790000000001,Satisfactory,3.8118600000000007,8.324361512452473,57.17790000000001
4.0,26.923076923076923,75.8025641025641,17.827353066945406,50.513469853185725,2.6073758730460397,158.44666698341805,8.549234485326403,11.503634722288211,45.57233810044187,30.590375825533332,12.932034969354302,1.0244642941986981,113.34163918848294,57.17790000000001,Satisfactory,3.8118600000000007,8.324361512452473,57.17790000000001
4.0,26.923076923076923,75.8076923076923,17.827353066945406,50.513469853185725,2.6073758730460397,158.44666698341805,8.239956966637378,11.503634722288211,45.57233810044187,30.590375825533332,12.932034969354302,1.0244642941986981,113.34163918848294,57.88090000000001,Satisfactory,3.8587266666666675,8.754556081835332,57.88090000000001
4.0,26.923076923076923,75.81282051282052,17.827353066945406,50.513469853185725,2.6073758730460397,158.44666698341805,7.895860502645538,11.503634722288211,45.57233810044187,30.590375825533332,12.932034969354302,1.0244642941986981,113.34163918848294,57.88090000000001,Satisfactory,3.8587266666666675,8.754556081835332,57.88090000000001
4.0,26.923076923076923,75.81794871794872,17.827353066945406,50.513469853185725,2.6073758730460397,158.44666698341805,7.5314629405911,11.503634722288211,45.57233810044187,30.590375825533332,12.932034969354302,1.0244642941986981,113.34163918848294,57.88090000000001,Satisfactory,3.8587266666666675,8.754556081835332,57.88090000000001
4.0,26.923076923076923,75.82307692307693,17.827353066945406,50.513469853185725,2.6073758730460397,158.44666698341805,7.154553102351817,11.503634722288211,45.57233810044187,30.590375825533332,12.932034969354302,1.0244642941986981,113.34163918848294,51.10170000000003,Satisfactory,3.406780000000002,7.821183677040197,51.10170000000004
4.0,26.923076923076923,75.82820512820513,17.827353066945406,50.513469853185725,2.6073758730460397,158.44666698341805,6.769507541363285,11.503634722288211,45.57233810044187,30.590375825533332,12.932034969354302,1.0244642941986981,113.34163918848294,51.10170000000003,Satisfactory,3.406780000000002,7.821183677040197,51.10170000000004
4.0,26.923076923076923,75.83333333333334,17.827353066945406,50.513469853185725,2.6073758730460397,158.44666698341805,6.3789206515733365,11.503634722288211,45.57233810044187,30.590375825533332,12.932034969354302,1.0244642941986981,113.34163918848294,49.24540000000001,Satisfactory,3.283026666666667,7.566288841962091,49.24540000000001
4.0,26.923076923076923,75.83846153846154,17.827353066945406,50.513469853185725,2.6073758730460397,158.44666698341805,5.9844090828122205,11.503634722288211,45.57233810044187,30.590375825533332,12.932034969354302,1.0244642941986981,113.34163918848294,49.24540000000001,Satisfactory,3.283026666666667,7.566288841962091,49.24540000000001
4.0,26.923076923076923,75.84358974358975,17.827353066945406,50.513469853185725,2.6073758730460397,158.44666698341805,5.587025286146273,11.503634722288211,45.57233810044187,30.590375825533332,12.932034969354302,1.0244642941986981,113.34163918848294,49.24540000000001,Satisfactory,3.283026666666667,7.566288841962091,49.24540000000001
4.0,26.923076923076923,75.84871794871795,17.827353066945406,50.513469853185725,2.6073758730460397,158.44666698341805,5.187480713769942,11.503634722288211,45.57233810044187,30.590375825533332,12.932034969354302,1.0244642941986981,113.34163918848294,45.75059999999999,Satisfactory,3.0500399999999996,7.371035452363528,45.75059999999999
4.0,26.923076923076923,75.85384615384616,17.827353066945406,50.513469853185725,2.6073758730460397,158.44666698341805,4.786272103390488,11.503634722288211,45.57233810044187,30.590375825533332,12.932034969354302,1.0244642941986981,113.34163918848294,45.75059999999999,Satisfactory,3.0500399999999996,7.371035452363528,45.75059999999999
4.0,26.923076923076923,75.85897435897436,17.827353066945406,50.513469853185725,2.6073758730460397,158.44666698341805,4.383756066218808,11.503634722288211,45.57233810044187,30.590375825533332,12.932034969354302,1.0244642941986981,113.34163918848294,45.675599999999996,Satisfactory,3.0450399999999997,7.429421958672155,45.675599999999996
4.0,26.923076923076923,75.86410256410257,17.827353066945406,50.513469853185725,2.6073758730460397,158.44666698341805,3.9801948609696423,11.503634722288211,45.57233810044187,30.590375825533332,12.932034969354302,1.0244642941986981,113.34163918848294,45.675599999999996,Satisfactory,3.0450399999999997,7.429421958672155,45.675599999999996
4.0,26.923076923076923,75.86923076923077,17.827353066945406,50.513469853185725,2.6073758730460397,158.44666698341805,3.575785453117942,11.503634722288211,45.57233810044187,30.590375825533332,12.932034969354302,1.0244642941986981,113.34163918848294,45.675599999999996,Satisfactory,3.0450399999999997,7.429421958672155,45.675599999999996
4.0,26.923076923076923,75.87435897435898,17.827353066945406,50.513469853185725,2.6073758730460397,158.44666698341805,3.170678524101122,11.503634722288211,45.57233810044187,30.590375825533332,12.932034969354302,1.0244642941986981,113.34163918848294,45.675599999999996,Satisfactory,3.0450399999999997,7.429421958672155,45.675599999999996
4.0,26.923076923076923,75.87948717948719,17.827353066945406,50.513469853185725,2.6073758730460397,158.44666698341805,3.0,11.503634722288211,45.57233810044187,30.590375825533332,12.932034969354302,1.0244642941986981,113.34163918848294,45.675599999999996,Satisfactory,3.0450399999999997,7.429421958672155,45.675599999999996
4.0,26.923076923076923,75.88461538461539,17.827353066945406,50.513469853185725,2.6073758730460397,158.44666698341805,3.0,11.503634722288211,45.57233810044187,30.590375825533332,12.932034969354302,1.0244642941986981,113.34163918848294,45.675599999999996,Satisfactory,3.0450399999999997,7.429421958672155,45.675599999999996
4.0,26.923076923076923,75.88974358974359,17.827353066945406,50.513469853185725,2.6073758730460397,158.44666698341805,3.0,11.503634722288211,45.57233810044187,30.590375825533332,12.932034969354302,1.0244642941986981,113.34163918848294,45.675599999999996,Satisfactory,3.0450399999999997,7.429421958672155,45.675599999999996
4.0,26.923076923076923,75.8948717948718,17.827353066945406,50.513469853185725,2.6073758730460397,158.44666698341805,3.0,11.503634722288211,45.57233810044187,30.590375825533332,12.932034969354302,1.0244642941986981,113.34163918848294,45.675599999999996,Satisfactory,3.0450399999999997,7.429421958672155,45.675599999999996
4.0,26.923076923076923,75.9,17.827353066945406,50.513469853185725,2.6073758730460397,158.44666698341805,3.0,11.503634722288211,45.57233810044187,30.590375825533332,12.932034969354302,1.0244642941986981,113.34163918848294,45.675599999999996,Satisfactory,3.0450399999999997,7.429421958672155,45.675599999999996
4.0,26.92948717948718,75.7,17.827353066945406,50.513469853185725,2.6073758730460397,158.44666698341805,3.0,11.503634722288211,45.57233810044187,30.590375825533332,12.932034969354302,1.0244642941986981,113.34163918848294,46.33889999999999,Satisfactory,3.089259999999999,7.646846395083397,46.33889999999999
4.0,26.92948717948718,75.7051282051282,17.827353066945406,50.513469853185725,2.6073758730460397,158.44666698341805,3.0335791781998225,11.503634722288211,45.57233810044187,30.590375825533332,12.932034969354302,1.0244642941986981,113.34163918848294,46.33889999999999,Satisfactory,3.089259999999999,7.646846395083397,46.33889999999999
4.0,26.92948717948718,75.71025641025642,17.827353066945406,50.513469853185725,2.6073758730460397,158.44666698341805,3.432789197446386,11.503634722288211,45.57233810044187,30.590375825533332,12.932034969354302,1.0244642941986981,113.34163918848294,46.33889999999999,Satisfactory,3.089259999999999,7.646846395083397,46.33889999999999
4.0,26.92948717948718,75.71538461538462,17.827353066945406,50.513469853185725,2.6073758730460397,158.44666698341805,3.830549698046787,11.503634722288211,45.57233810044187,30.590375825533332,12.932034969354302,1.0244642941986981,113.34163918848294,46.33889999999999,Satisfactory,3.089259999999999,7.646846395083397,46.33889999999999
4.0,26.92948717948718,75.72051282051282,17.827353066945406,50.513469853185725,2.6073758730460397,158.44666698341805,4.226561078899612,11.503634722288211,45.57233810044187,30.590375825533332,12.932034969354302,1.0244642941986981,113.34163918848294,46.33889999999999,Satisfactory,3.089259999999999,7.646846395083397,46.33889999999999
4.0,26.92948717948718,75.72564102564102,17.827353066945406,50.513469853185725,2.6073758730460397,158.44666698341805,4.620437046804314,11.503634722288211,45.57233810044187,30.590375825533332,12.932034969354302,1.0244642941986981,113.34163918848294,46.41389999999999,Satisfactory,3.0942599999999993,7.583575528073812,46.41389999999999
4.0,26.92948717948718,75.73076923076924,17.827353066945406,50.513469853185725,2.6073758730460397,158.44666698341805,5.01167174261598,11.503634722288211,45.57233810044187,30.590375825533332,12.932034969354302,1.0244642941986981,113.34163918848294,46.41389999999999,Satisfactory,3.0942599999999993,7.583575528073812,46.41389999999999
4.0,26.92948717948718,75.73589743589744,17.827353066945406,50.513469853185725,2.6073758730460397,158.44666698341805,5.399591248186692,11.503634722288211,45.57233810044187,30.590375825533332,12.932034969354302,1.0244642941986981,113.34163918848294,46.41389999999999,Satisfactory,3.0942599999999993,7.583575528073812,46.41389999999999
4.0,26.92948717948718,75.74102564102564,17.827353066945406,50.513469853185725,2.6073758730460397,158.44666698341805,5.783280515801703,11.503634722288211,45.57233810044187,30.590375825533332,12.932034969354302,1.0244642941986981,113.34163918848294,49.4762,Satisfactory,3.2984133333333334,7.514373530774207,49.4762
4.0,26.92948717948718,75.74615384615385,17.827353066945406,50.513469853185725,2.6073758730460397,158.44666698341805,6.16147080545333,11.503634722288211,45.57233810044187,30.590375825533332,12.932034969354302,1.0244642941986981,113.34163918848294,49.4762,Satisfactory,3.2984133333333334,7.514373530774207,49.4762
4.0,26.92948717948718,75.75128205128206,17.827353066945406,50.513469853185725,2.6073758730460397,158.44666698341805,6.532362448198759,11.503634722288211,45.57233810044187,30.590375825533332,12.932034969354302,1.0244642941986981,113.34163918848294,50.537900000000015,Satisfactory,3.3691933333333344,8.51062703859122,50.53790000000003
4.0,26.92948717948718,75.75641025641026,17.827353066945406,50.513469853185725,2.6073758730460397,158.44666698341805,6.893340274787476,11.503634722288211,45.57233810044187,30.590375825533332,12.932034969354302,1.0244642941986981,113.34163918848294,50.572500000000026,Satisfactory,3.371500000000002,8.494743006707147,50.572500000000026
4.0,26.92948717948718,75.76153846153846,17.827353066945406,50.513469853185725,2.6073758730460397,158.44666698341805,7.240510962122608,11.503634722288211,45.57233810044187,30.590375825533332,12.932034969354302,1.0244642941986981,113.34163918848294,50.572500000000026,Satisfactory,3.371500000000002,8.494743006707147,50.572500000000026
4.0,26.92948717948718,75.76666666666667,17.827353066945406,50.513469853185725,2.6073758730460397,158.44666698341805,7.56795446251804,11.503634722288211,45.57233810044187,30.590375825533332,12.932034969354302,1.0244642941986981,113.34163918848294,60.4571,Moderate,4.030473333333333,8.881167636634272,60.45709999999999
4.0,26.92948717948718,75.77179487179488,17.827353066945406,50.513469853185725,2.6073758730460397,158.44666698341805,7.866568049616884,11.503634722288211,45.57233810044187,30.590375825533332,12.932034969354302,1.0244642941986981,113.34163918848294,60.4571,Moderate,4.030473333333333,8.881167636634272,60.45709999999999
4.0,26.92948717948718,75.77692307692308,17.827353066945406,50.513469853185725,2.6073758730460397,158.44666698341805,8.122544561977083,11.503634722288211,45.57233810044187,30.590375825533332,12.932034969354302,1.0244642941986981,113.34163918848294,60.4571,Moderate,4.030473333333333,8.881167636634272,60.45709999999999
4.0,26.92948717948718,75.78205128205128,17.827353066945406,50.513469853185725,2.6073758730460397,158.44666698341805,8.316323486853657,11.503634722288211,45.57233810044187,30.590375825533332,12.932034969354302,1.0244642941986981,113.34163918848294,60.4571,Moderate,4.030473333333333,8.881167636634272,60.45709999999999
4.0,26.92948717948718,75.78717948717949,17.827353066945406,50.513469853185725,2.6073758730460397,158.44666698341805,8.4247809916104,11.503634722288211,45.57233810044187,30.590375825533332,12.932034969354302,1.0244642941986981,113.34163918848294,58.99489999999999,Satisfactory,3.9329933333333327,8.568599359872069,58.99489999999999
4.0,26.92948717948718,75.7923076923077,17.827353066945406,50.513469853185725,2.6073758730460397,158.44666698341805,8.430132524008442,11.503634722288211,45.57233810044187,30.590375825533332,12.932034969354302,1.0244642941986981,113.34163918848294,58.8103,Satisfactory,3.9206866666666667,8.45141744975362,58.8103
4.0,26.92948717948718,75.7974358974359,17.827353066945406,50.513469853185725,2.6073758730460397,158.44666698341805,8.331385753305069,11.503634722288211,45.57233810044187,30.590375825533332,12.932034969354302,1.0244642941986981,113.34163918848294,58.8103,Satisfactory,3.9206866666666667,8.45141744975362,58.8103
4.0,26.92948717948718,75.8025641025641,17.827353066945406,50.513469853185725,2.6073758730460397,158.44666698341805,8.145091980533008,11.503634722288211,45.57233810044187,30.590375825533332,12.932034969354302,1.0244642941986981,113.34163918848294,58.8103,Satisfactory,3.9206866666666667,8.45141744975362,58.8103
4.0,26.92948717948718,75.8076923076923,17.827353066945406,50.513469853185725,2.6073758730460397,158.44666698341805,7.8943612224778175,11.503634722288211,45.57233810044187,30.590375825533332,12.932034969354302,1.0244642941986981,113.34163918848294,58.96039999999999,Satisfactory,3.9306933333333327,8.593237331762692,58.96039999999999
4.0,26.92948717948718,75.81282051282052,17.827353066945406,50.513469853185725,2.6073758730460397,158.44666698341805,7.599298809421736,11.503634722288211,45.57233810044187,30.590375825533332,12.932034969354302,1.0244642941986981,113.34163918848294,58.96039999999999,Satisfactory,3.9306933333333327,8.593237331762692,58.96039999999999
4.0,26.92948717948718,75.81794871794872,17.827353066945406,50.513469853185725,2.6073758730460397,158.44666698341805,7.274263696578124,11.503634722288211,45.57233810044187,30.590375825533332,12.932034969354302,1.0244642941986981,113.34163918848294,50.57800000000003,Satisfactory,3.371866666666669,8.001744934700179,50.57800000000004
4.0,26.92948717948718,75.82307692307693,17.827353066945406,50.513469853185725,2.6073758730460397,158.44666698341805,6.928757380236384,11.503634722288211,45.57233810044187,30.590375825533332,12.932034969354302,1.0244642941986981,113.34163918848294,51.120300000000036,Satisfactory,3.4080200000000023,7.928133507326928,51.12030000000004
4.0,26.92948717948718,75.82820512820513,17.827353066945406,50.513469853185725,2.6073758730460397,158.44666698341805,6.568958655535393,11.503634722288211,45.57233810044187,30.590375825533332,12.932034969354302,1.0244642941986981,113.34163918848294,51.120300000000036,Satisfactory,3.4080200000000023,7.928133507326928,51.12030000000004
4.0,26.92948717948718,75.83333333333334,17.827353066945406,50.513469853185725,2.6073758730460397,158.44666698341805,6.19892399053651,11.503634722288211,45.57233810044187,30.590375825533332,12.932034969354302,1.0244642941986981,113.34163918848294,49.21500000000001,Satisfactory,3.2810000000000006,7.552817950937253,49.21500000000001
4.0,26.92948717948718,75.83846153846154,17.827353066945406,50.513469853185725,2.6073758730460397,158.44666698341805,5.821371804489205,11.503634722288211,45.57233810044187,30.590375825533332,12.932034969354302,1.0244642941986981,113.34163918848294,49.21500000000001,Satisfactory,3.2810000000000006,7.552817950937253,49.21500000000001
4.0,26.92948717948718,75.84358974358975,17.827353066945406,50.513469853185725,2.6073758730460397,158.44666698341805,5.438168239924975,11.503634722288211,45.57233810044187,30.590375825533332,12.932034969354302,1.0244642941986981,113.34163918848294,45.75059999999999,Satisfactory,3.0500399999999996,7.371035452363528,45.75059999999999
4.0,26.92948717948718,75.84871794871795,17.827353066945406,50.513469853185725,2.6073758730460397,158.44666698341805,5.050625790824351,11.503634722288211,45.57233810044187,30.590375825533332,12.932034969354302,1.0244642941986981,113.34163918848294,45.75059999999999,Satisfactory,3.0500399999999996,7.371035452363528,45.75059999999999
4.0,26.92948717948718,75.85384615384616,17.827353066945406,50.513469853185725,2.6073758730460397,158.44666698341805,4.65968898265269,11.503634722288211,45.57233810044187,30.590375825533332,12.932034969354302,1.0244642941986981,113.34163918848294,45.75059999999999,Satisfactory,3.0500399999999996,7.371035452363528,45.75059999999999
4.0,26.92948717948718,75.85897435897436,17.827353066945406,50.513469853185725,2.6073758730460397,158.44666698341805,4.266052048906369,11.503634722288211,45.57233810044187,30.590375825533332,12.932034969354302,1.0244642941986981,113.34163918848294,45.675599999999996,Satisfactory,3.0450399999999997,7.429421958672155,45.675599999999996
4.0,26.92948717948718,75.86410256410257,17.827353066945406,50.513469853185725,2.6073758730460397,158.44666698341805,3.8702351518175586,11.503634722288211,45.57233810044187,30.590375825533332,12.932034969354302,1.0244642941986981,113.34163918848294,45.675599999999996,Satisfactory,3.0450399999999997,7.429421958672155,45.675599999999996
4.0,26.92948717948718,75.86923076923077,17.827353066945406,50.513469853185725,2.6073758730460397,158.44666698341805,3.4726348557409583,11.503634722288211,45.57233810044187,30.590375825533332,12.932034969354302,1.0244642941986981,113.34163918848294,45.675599999999996,Satisfactory,3.0450399999999997,7.429421958672155,45.675599999999996
4.0,26.92948717948718,75.87435897435898,17.827353066945406,50.513469853185725,2.6073758730460397,158.44666698341805,3.073558272583935,11.503634722288211,45.57233810044187,30.590375825533332,12.932034969354302,1.0244642941986981,113.34163918848294,45.675599999999996,Satisfactory,3.0450399999999997,7.429421958672155,45.675599999999996
4.0,26.92948717948718,75.87948717948719,17.827353066945406,50.513469853185725,2.6073758730460397,158.44666698341805,3.0,11.503634722288211,45.57233810044187,30.590375825533332,12.932034969354302,1.0244642941986981,113.34163918848294,45.675599999999996,Satisfactory,3.0450399999999997,7.429421958672155,45.675599999999996
4.0,26.92948717948718,75.88461538461539,17.827353066945406,50.513469853185725,2.6073758730460397,158.44666698341805,3.0,11.503634722288211,45.57233810044187,30.590375825533332,12.932034969354302,1.0244642941986981,113.34163918848294,45.675599999999996,Satisfactory,3.0450399999999997,7.429421958672155,45.675599999999996
4.0,26.92948717948718,75.88974358974359,17.827353066945406,50.513469853185725,2.6073758730460397,158.44666698341805,3.0,11.503634722288211,45.57233810044187,30.590375825533332,12.932034969354302,1.0244642941986981,113.34163918848294,45.675599999999996,Satisfactory,3.0450399999999997,7.429421958672155,45.675599999999996
4.0,26.92948717948718,75.8948717948718,17.827353066945406,50.513469853185725,2.6073758730460397,158.44666698341805,3.0,11.503634722288211,45.57233810044187,30.590375825533332,12.932034969354302,1.0244642941986981,113.34163918848294,45.675599999999996,Satisfactory,3.0450399999999997,7.429421958672155,45.675599999999996
4.0,26.92948717948718,75.9,17.827353066945406,50.513469853185725,2.6073758730460397,158.44666698341805,3.0,11.503634722288211,45.57233810044187,30.590375825533332,12.932034969354302,1.0244642941986981,113.34163918848294,45.675599999999996,Satisfactory,3.0450399999999997,7.429421958672155,45.675599999999996
4.0,26.935897435897434,75.7,17.827353066945406,50.513469853185725,2.6073758730460397,158.44666698341805,3.0,11.503634722288211,45.57233810044187,30.590375825533332,12.932034969354302,1.0244642941986981,113.34163918848294,46.39699999999998,Satisfactory,3.093133333333332,7.650091175927252,46.39699999999998
4.0,26.935897435897434,75.7051282051282,17.827353066945406,50.513469853185725,2.6073758730460397,158.44666698341805,3.0,11.503634722288211,45.57233810044187,30.590375825533332,12.932034969354302,1.0244642941986981,113.34163918848294,46.39699999999998,Satisfactory,3.093133333333332,7.650091175927252,46.39699999999998
4.0,26.935897435897434,75.71025641025642,17.827353066945406,50.513469853185725,2.6073758730460397,158.44666698341805,3.292527252084245,11.503634722288211,45.57233810044187,30.590375825533332,12.932034969354302,1.0244642941986981,113.34163918848294,46.39699999999998,Satisfactory,3.093133333333332,7.650091175927252,46.39699999999998
4.0,26.935897435897434,75.71538461538462,17.827353066945406,50.513469853185725,2.6073758730460397,158.44666698341805,3.6814519098825995,11.503634722288211,45.57233810044187,30.590375825533332,12.932034969354302,1.0244642941986981,113.34163918848294,46.39699999999998,Satisfactory,3.093133333333332,7.650091175927252,46.39699999999998
4.0,26.935897435897434,75.72051282051282,17.827353066945406,50.513469853185725,2.6073758730460397,158.44666698341805,4.067502219593129,11.503634722288211,45.57233810044187,30.590375825533332,12.932034969354302,1.0244642941986981,113.34163918848294,46.39699999999998,Satisfactory,3.093133333333332,7.650091175927252,46.39699999999998
4.0,26.935897435897434,75.72564102564102,17.827353066945406,50.513469853185725,2.6073758730460397,158.44666698341805,4.4500783333229705,11.503634722288211,45.57233810044187,30.590375825533332,12.932034969354302,1.0244642941986981,113.34163918848294,46.39699999999998,Satisfactory,3.093133333333332,7.650091175927252,46.39699999999998
4.0,26.935897435897434,75.73076923076924,17.827353066945406,50.513469853185725,2.6073758730460397,158.44666698341805,4.828409167164175,11.503634722288211,45.57233810044187,30.590375825533332,12.932034969354302,1.0244642941986981,113.34163918848294,46.47199999999999,Satisfactory,3.0981333333333323,7.586272997987878,46.47199999999999
4.0,26.935897435897434,75.73589743589744,17.827353066945406,50.513469853185725,2.6073758730460397,158.44666698341805,5.2014904790533,11.503634722288211,45.57233810044187,30.590375825533332,12.932034969354302,1.0244642941986981,113.34163918848294,46.47199999999999,Satisfactory,3.0981333333333323,7.586272997987878,46.47199999999999
4.0,26.935897435897434,75.74102564102564,17.827353066945406,50.513469853185725,2.6073758730460397,158.44666698341805,5.567996373278424,11.503634722288211,45.57233810044187,30.590375825533332,12.932034969354302,1.0244642941986981,113.34163918848294,49.501599999999996,Satisfactory,3.3001066666666663,7.482375120240898,49.501599999999996
4.0,26.935897435897434,75.74615384615385,17.827353066945406,50.513469853185725,2.6073758730460397,158.44666698341805,5.9261517804117005,11.503634722288211,45.57233810044187,30.590375825533332,12.932034969354302,1.0244642941986981,113.34163918848294,49.501599999999996,Satisfactory,3.3001066666666663,7.482375120240898,49.501599999999996
4.0,26.935897435897434,75.75128205128206,17.827353066945406,50.513469853185725,2.6073758730460397,158.44666698341805,6.273548184999871,11.503634722288211,45.57233810044187,30.590375825533332,12.932034969354302,1.0244642941986981,113.34163918848294,49.501599999999996,Satisfactory,3.3001066666666663,7.482375120240898,49.501599999999996
4.0,26.935897435897434,75.75641025641026,17.827353066945406,50.513469853185725,2.6073758730460397,158.44666698341805,6.606879373332978,11.503634722288211,45.57233810044187,30.590375825533332,12.932034969354302,1.0244642941986981,113.34163918848294,50.34090000000002,Satisfactory,3.356060000000001,8.243425634407096,50.340900000000026
4.0,26.935897435897434,75.76153846153846,17.827353066945406,50.513469853185725,2.6073758730460397,158.44666698341805,6.9215730171041665,11.503634722288211,45.57233810044187,30.590375825533332,12.932034969354302,1.0244642941986981,113.34163918848294,50.34090000000002,Satisfactory,3.356060000000001,8.243425634407096,50.340900000000026
4.0,26.935897435897434,75.76666666666667,17.827353066945406,50.513469853185725,2.6073758730460397,158.44666698341805,7.21131241706039,11.503634722288211,45.57233810044187,30.590375825533332,12.932034969354302,1.0244642941986981,113.34163918848294,50.34090000000002,Satisfactory,3.356060000000001,8.243425634407096,50.340900000000026
4.0,26.935897435897434,75.77179487179488,17.827353066945406,50.513469853185725,2.6073758730460397,158.44666698341805,7.467518050257583,11.503634722288211,45.57233810044187,30.590375825533332,12.932034969354302,1.0244642941986981,113.34163918848294,50.34090000000002,Satisfactory,3.356060000000001,8.243425634407096,50.340900000000026
4.0,26.935897435897434,75.77692307692308,17.827353066945406,50.513469853185725,2.6073758730460397,158.44666698341805,7.679057979910425,11.503634722288211,45.57233810044187,30.590375825533332,12.932034969354302,1.0244642941986981,113.34163918848294,60.2407,Moderate,4.016046666666666,8.880817896455259,60.2407
4.0,26.935897435897434,75.78205128205128,17.827353066945406,50.513469853185725,2.6073758730460397,158.44666698341805,7.832812989200914,11.503634722288211,45.57233810044187,30.590375825533332,12.932034969354302,1.0244642941986981,113.34163918848294,60.2407,Moderate,4.016046666666666,8.880817896455259,60.2407
4.0,26.935897435897434,75.78717948717949,17.827353066945406,50.513469853185725,2.6073758730460397,158.44666698341805,7.915953968059351,11.503634722288211,45.57233810044187,30.590375825533332,12.932034969354302,1.0244642941986981,113.34163918848294,58.792799999999986,Satisfactory,3.919519999999999,8.54127766554864,58.792799999999986
4.0,26.935897435897434,75.7923076923077,17.827353066945406,50.513469853185725,2.6073758730460397,158.44666698341805,7.91999595408284,11.503634722288211,45.57233810044187,30.590375825533332,12.932034969354302,1.0244642941986981,113.34163918848294,58.6082,Satisfactory,3.907213333333333,8.41928564428123,58.6082
4.0,26.935897435897434,75.7974358974359,17.827353066945406,50.513469853185725,2.6073758730460397,158.44666698341805,7.8444939241261835,11.503634722288211,45.57233810044187,30.590375825533332,12.932034969354302,1.0244642941986981,113.34163918848294,58.6082,Satisfactory,3.907213333333333,8.41928564428123,58.6082
4.0,26.935897435897434,75.8025641025641,17.827353066945406,50.513469853185725,2.6073758730460397,158.44666698341805,7.697258872660974,11.503634722288211,45.57233810044187,30.590375825533332,12.932034969354302,1.0244642941986981,113.34163918848294,58.6082,Satisfactory,3.907213333333333,8.41928564428123,58.6082
4.0,26.935897435897434,75.8076923076923,17.827353066945406,50.513469853185725,2.6073758730460397,158.44666698341805,7.49088708897731,11.503634722288211,45.57233810044187,30.590375825533332,12.932034969354302,1.0244642941986981,113.34163918848294,50.30760000000003,Satisfactory,3.353840000000002,7.7792174567883094,50.30760000000003
4.0,26.935897435897434,75.81282051282052,17.827353066945406,50.513469853185725,2.6073758730460397,158.44666698341805,7.238605579548704,11.503634722288211,45.57233810044187,30.590375825533332,12.932034969354302,1.0244642941986981,113.34163918848294,50.30760000000003,Satisfactory,3.353840000000002,7.7792174567883094,50.30760000000003
4.0,26.935897435897434,75.81794871794872,17.827353066945406,50.513469853185725,2.6073758730460397,158.44666698341805,6.951792110985933,11.503634722288211,45.57233810044187,30.590375825533332,12.932034969354302,1.0244642941986981,113.34163918848294,50.384500000000024,Satisfactory,3.358966666666668,7.748204227432315,50.38450000000003
4.0,26.935897435897434,75.82307692307693,17.827353066945406,50.513469853185725,2.6073758730460397,158.44666698341805,6.6392762433802845,11.503634722288211,45.57233810044187,30.590375825533332,12.932034969354302,1.0244642941986981,113.34163918848294,50.92680000000003,Satisfactory,3.3951200000000017,7.6858257695578835,50.92680000000003
4.0,26.935897435897434,75.82820512820513,17.827353066945406,50.513469853185725,2.6073758730460397,158.44666698341805,6.307578349337504,11.503634722288211,45.57233810044187,30.590375825533332,12.932034969354302,1.0244642941986981,113.34163918848294,49.1949,Satisfactory,3.27966,7.572069135315659,49.194900000000004
4.0,26.935897435897434,75.83333333333334,17.827353066945406,50.513469853185725,2.6073758730460397,158.44666698341805,5.961422061099411,11.503634722288211,45.57233810044187,30.590375825533332,12.932034969354302,1.0244642941986981,113.34163918848294,49.1949,Satisfactory,3.27966,7.572069135315659,49.194900000000004
4.0,26.935897435897434,75.83846153846154,17.827353066945406,50.513469853185725,2.6073758730460397,158.44666698341805,5.60422173726046,11.503634722288211,45.57233810044187,30.590375825533332,12.932034969354302,1.0244642941986981,113.34163918848294,49.1949,Satisfactory,3.27966,7.572069135315659,49.194900000000004
4.0,26.935897435897434,75.84358974358975,17.827353066945406,50.513469853185725,2.6073758730460397,158.44666698341805,5.238462228850342,11.503634722288211,45.57233810044187,30.590375825533332,12.932034969354302,1.0244642941986981,113.34163918848294,45.73939999999999,Satisfactory,3.0492933333333325,7.407943280020441,45.73939999999999
4.0,26.935897435897434,75.84871794871795,17.827353066945406,50.513469853185725,2.6073758730460397,158.44666698341805,4.8659725359802835,11.503634722288211,45.57233810044187,30.590375825533332,12.932034969354302,1.0244642941986981,113.34163918848294,45.73939999999999,Satisfactory,3.0492933333333325,7.407943280020441,45.73939999999999
4.0,26.935897435897434,75.85384615384616,17.827353066945406,50.513469853185725,2.6073758730460397,158.44666698341805,4.488116955081801,11.503634722288211,45.57233810044187,30.590375825533332,12.932034969354302,1.0244642941986981,113.34163918848294,45.664399999999986,Satisfactory,3.0442933333333326,7.465928652217351,45.664399999999986
4.0,26.935897435897434,75.85897435897436,17.827353066945406,50.513469853185725,2.6073758730460397,158.44666698341805,4.1059273804349425,11.503634722288211,45.57233810044187,30.590375825533332,12.932034969354302,1.0244642941986981,113.34163918848294,45.664399999999986,Satisfactory,3.0442933333333326,7.465928652217351,45.664399999999986
4.0,26.935897435897434,75.86410256410257,17.827353066945406,50.513469853185725,2.6073758730460397,158.44666698341805,3.720195064106787,11.503634722288211,45.57233810044187,30.590375825533332,12.932034969354302,1.0244642941986981,113.34163918848294,45.664399999999986,Satisfactory,3.0442933333333326,7.465928652217351,45.664399999999986
4.0,26.935897435897434,75.86923076923077,17.827353066945406,50.513469853185725,2.6073758730460397,158.44666698341805,3.3315347593810234,11.503634722288211,45.57233810044187,30.590375825533332,12.932034969354302,1.0244642941986981,113.34163918848294,45.664399999999986,Satisfactory,3.0442933333333326,7.465928652217351,45.664399999999986
4.0,26.935897435897434,75.87435897435898,17.827353066945406,50.513469853185725,2.6073758730460397,158.44666698341805,3.0,11.503634722288211,45.57233810044187,30.590375825533332,12.932034969354302,1.0244642941986981,113.34163918848294,45.664399999999986,Satisfactory,3.0442933333333326,7.465928652217351,45.664399999999986
4.0,26.935897435897434,75.87948717948719,17.827353066945406,50.513469853185725,2.6073758730460397,158.44666698341805,3.0,11.503634722288211,45.57233810044187,30.590375825533332,12.932034969354302,1.0244642941986981,113.34163918848294,45.664399999999986,Satisfactory,3.0442933333333326,7.465928652217351,45.664399999999986
4.0,26.935897435897434,75.88461538461539,17.827353066945406,50.513469853185725,2.6073758730460397,158.44666698341805,3.0,11.503634722288211,45.57233810044187,30.590375825533332,12.932034969354302,1.0244642941986981,113.34163918848294,45.664399999999986,Satisfactory,3.0442933333333326,7.465928652217351,45.664399999999986
4.0,26.935897435897434,75.88974358974359,17.827353066945406,50.513469853185725,2.6073758730460397,158.44666698341805,3.0,11.503634722288211,45.57233810044187,30.590375825533332,12.932034969354302,1.0244642941986981,113.34163918848294,45.664399999999986,Satisfactory,3.0442933333333326,7.465928652217351,45.664399999999986
4.0,26.935897435897434,75.8948717948718,17.827353066945406,50.513469853185725,2.6073758730460397,158.44666698341805,3.0,11.503634722288211,45.57233810044187,30.590375825533332,12.932034969354302,1.0244642941986981,113.34163918848294,45.664399999999986,Satisfactory,3.0442933333333326,7.465928652217351,45.664399999999986
4.0,26.935897435897434,75.9,17.827353066945406,50.513469853185725,2.6073758730460397,158.44666698341805,3.0,11.503634722288211,45.57233810044187,30.590375825533332,12.932034969354302,1.0244642941986981,113.34163918848294,45.664399999999986,Satisfactory,3.0442933333333326,7.465928652217351,45.664399999999986
4.0,26.942307692307693,75.7,17.827353066945406,50.513469853185725,2.6073758730460397,158.44666698341805,3.0,11.503634722288211,45.57233810044187,30.590375825533332,12.932034969354302,1.0244642941986981,113.34163918848294,46.39699999999998,Satisfactory,3.093133333333332,7.650091175927252,46.39699999999998
4.0,26.942307692307693,75.7051282051282,17.827353066945406,50.513469853185725,2.6073758730460397,158.44666698341805,3.0,11.503634722288211,45.57233810044187,30.590375825533332,12.932034969354302,1.0244642941986981,113.34163918848294,46.39699999999998,Satisfactory,3.093133333333332,7.650091175927252,46.39699999999998
4.0,26.942307692307693,75.71025641025642,17.827353066945406,50.513469853185725,2.6073758730460397,158.44666698341805,3.1168253429374264,11.503634722288211,45.57233810044187,30.590375825533332,12.932034969354302,1.0244642941986981,113.34163918848294,46.39699999999998,Satisfactory,3.093133333333332,7.650091175927252,46.39699999999998
4.0,26.942307692307693,75.71538461538462,17.827353066945406,50.513469853185725,2.6073758730460397,158.44666698341805,3.495236156268069,11.503634722288211,45.57233810044187,30.590375825533332,12.932034969354302,1.0244642941986981,113.34163918848294,46.39699999999998,Satisfactory,3.093133333333332,7.650091175927252,46.39699999999998
4.0,26.942307692307693,75.72051282051282,17.827353066945406,50.513469853185725,2.6073758730460397,158.44666698341805,3.869548743352704,11.503634722288211,45.57233810044187,30.590375825533332,12.932034969354302,1.0244642941986981,113.34163918848294,46.39699999999998,Satisfactory,3.093133333333332,7.650091175927252,46.39699999999998
4.0,26.942307692307693,75.72564102564102,17.827353066945406,50.513469853185725,2.6073758730460397,158.44666698341805,4.238964224911713,11.503634722288211,45.57233810044187,30.590375825533332,12.932034969354302,1.0244642941986981,113.34163918848294,46.39699999999998,Satisfactory,3.093133333333332,7.650091175927252,46.39699999999998
4.0,26.942307692307693,75.73076923076924,17.827353066945406,50.513469853185725,2.6073758730460397,158.44666698341805,4.602477009046881,11.503634722288211,45.57233810044187,30.590375825533332,12.932034969354302,1.0244642941986981,113.34163918848294,46.47199999999999,Satisfactory,3.0981333333333323,7.586272997987878,46.47199999999999
4.0,26.942307692307693,75.73589743589744,17.827353066945406,50.513469853185725,2.6073758730460397,158.44666698341805,4.958810029545396,11.503634722288211,45.57233810044187,30.590375825533332,12.932034969354302,1.0244642941986981,113.34163918848294,46.47199999999999,Satisfactory,3.0981333333333323,7.586272997987878,46.47199999999999
4.0,26.942307692307693,75.74102564102564,17.827353066945406,50.513469853185725,2.6073758730460397,158.44666698341805,5.306327787023346,11.503634722288211,45.57233810044187,30.590375825533332,12.932034969354302,1.0244642941986981,113.34163918848294,46.47199999999999,Satisfactory,3.0981333333333323,7.586272997987878,46.47199999999999
4.0,26.942307692307693,75.74615384615385,17.827353066945406,50.513469853185725,2.6073758730460397,158.44666698341805,5.6429204721696085,11.503634722288211,45.57233810044187,30.590375825533332,12.932034969354302,1.0244642941986981,113.34163918848294,49.27089999999999,Satisfactory,3.284726666666666,7.458709016311066,49.27089999999999
4.0,26.942307692307693,75.75128205128206,17.827353066945406,50.513469853185725,2.6073758730460397,158.44666698341805,5.965852528090513,11.503634722288211,45.57233810044187,30.590375825533332,12.932034969354302,1.0244642941986981,113.34163918848294,49.27089999999999,Satisfactory,3.284726666666666,7.458709016311066,49.27089999999999
4.0,26.942307692307693,75.75641025641026,17.827353066945406,50.513469853185725,2.6073758730460397,158.44666698341805,6.271572679706742,11.503634722288211,45.57233810044187,30.590375825533332,12.932034969354302,1.0244642941986981,113.34163918848294,49.11529999999999,Satisfactory,3.2743533333333326,7.404634150989501,49.11529999999999
4.0,26.942307692307693,75.76153846153846,17.827353066945406,50.513469853185725,2.6073758730460397,158.44666698341805,6.555494899899682,11.503634722288211,45.57233810044187,30.590375825533332,12.932034969354302,1.0244642941986981,113.34163918848294,50.218600000000016,Satisfactory,3.3479066666666677,8.247832687439773,50.218600000000016
4.0,26.942307692307693,75.76666666666667,17.827353066945406,50.513469853185725,2.6073758730460397,158.44666698341805,6.81179029377967,11.503634722288211,45.57233810044187,30.590375825533332,12.932034969354302,1.0244642941986981,113.34163918848294,50.218600000000016,Satisfactory,3.3479066666666677,8.247832687439773,50.218600000000016
4.0,26.942307692307693,75.77179487179488,17.827353066945406,50.513469853185725,2.6073758730460397,158.44666698341805,7.033290118436399,11.503634722288211,45.57233810044187,30.590375825533332,12.932034969354302,1.0244642941986981,113.34163918848294,50.218600000000016,Satisfactory,3.3479066666666677,8.247832687439773,50.218600000000016
4.0,26.942307692307693,75.77692307692308,17.827353066945406,50.513469853185725,2.6073758730460397,158.44666698341805,7.211689659271509,11.503634722288211,45.57233810044187,30.590375825533332,12.932034969354302,1.0244642941986981,113.34163918848294,50.218600000000016,Satisfactory,3.3479066666666677,8.247832687439773,50.218600000000016
4.0,26.942307692307693,75.78205128205128,17.827353066945406,50.513469853185725,2.6073758730460397,158.44666698341805,7.3383083883792555,11.503634722288211,45.57233810044187,30.590375825533332,12.932034969354302,1.0244642941986981,113.34163918848294,50.218600000000016,Satisfactory,3.3479066666666677,8.247832687439773,50.218600000000016
4.0,26.942307692307693,75.78717948717949,17.827353066945406,50.513469853185725,2.6073758730460397,158.44666698341805,7.405553901341652,11.503634722288211,45.57233810044187,30.590375825533332,12.932034969354302,1.0244642941986981,113.34163918848294,49.97550000000001,Satisfactory,3.3317000000000005,7.73704405764889,49.97550000000001
4.0,26.942307692307693,75.7923076923077,17.827353066945406,50.513469853185725,2.6073758730460397,158.44666698341805,7.408799597362699,11.503634722288211,45.57233810044187,30.590375825533332,12.932034969354302,1.0244642941986981,113.34163918848294,49.92360000000001,Satisfactory,3.3282400000000005,7.763726363029547,49.923600000000015
4.0,26.942307692307693,75.7974358974359,17.827353066945406,50.513469853185725,2.6073758730460397,158.44666698341805,7.347810500977561,11.503634722288211,45.57233810044187,30.590375825533332,12.932034969354302,1.0244642941986981,113.34163918848294,50.18530000000001,Satisfactory,3.3456866666666674,7.783364112644353,50.185300000000026
4.0,26.942307692307693,75.8025641025641,17.827353066945406,50.513469853185725,2.6073758730460397,158.44666698341805,7.226821427470895,11.503634722288211,45.57233810044187,30.590375825533332,12.932034969354302,1.0244642941986981,113.34163918848294,50.18530000000001,Satisfactory,3.3456866666666674,7.783364112644353,50.185300000000026
4.0,26.942307692307693,75.8076923076923,17.827353066945406,50.513469853185725,2.6073758730460397,158.44666698341805,7.053213564600123,11.503634722288211,45.57233810044187,30.590375825533332,12.932034969354302,1.0244642941986981,113.34163918848294,50.18530000000001,Satisfactory,3.3456866666666674,7.783364112644353,50.185300000000026
4.0,26.942307692307693,75.81282051282052,17.827353066945406,50.513469853185725,2.6073758730460397,158.44666698341805,6.835635633986581,11.503634722288211,45.57233810044187,30.590375825533332,12.932034969354302,1.0244642941986981,113.34163918848294,50.18530000000001,Satisfactory,3.3456866666666674,7.783364112644353,50.185300000000026
4.0,26.942307692307693,75.81794871794872,17.827353066945406,50.513469853185725,2.6073758730460397,158.44666698341805,6.582475452868911,11.503634722288211,45.57233810044187,30.590375825533332,12.932034969354302,1.0244642941986981,113.34163918848294,50.26220000000002,Satisfactory,3.3508133333333348,7.753580538048213,50.26220000000003
4.0,26.942307692307693,75.82307692307693,17.827353066945406,50.513469853185725,2.6073758730460397,158.44666698341805,6.301031648702021,11.503634722288211,45.57233810044187,30.590375825533332,12.932034969354302,1.0244642941986981,113.34163918848294,48.9592,Satisfactory,3.263946666666667,7.560162654334892,48.9592
4.0,26.942307692307693,75.82820512820513,17.827353066945406,50.513469853185725,2.6073758730460397,158.44666698341805,5.997265891683897,11.503634722288211,45.57233810044187,30.590375825533332,12.932034969354302,1.0244642941986981,113.34163918848294,48.9592,Satisfactory,3.263946666666667,7.560162654334892,48.9592
4.0,26.942307692307693,75.83333333333334,17.827353066945406,50.513469853185725,2.6073758730460397,158.44666698341805,5.6758799202415195,11.503634722288211,45.57233810044187,30.590375825533332,12.932034969354302,1.0244642941986981,113.34163918848294,48.9592,Satisfactory,3.263946666666667,7.560162654334892,48.9592
4.0,26.942307692307693,75.83846153846154,17.827353066945406,50.513469853185725,2.6073758730460397,158.44666698341805,5.340518351708057,11.503634722288211,45.57233810044187,30.590375825533332,12.932034969354302,1.0244642941986981,113.34163918848294,45.73939999999999,Satisfactory,3.0492933333333325,7.407943280020441,45.73939999999999
4.0,26.942307692307693,75.84358974358975,17.827353066945406,50.513469853185725,2.6073758730460397,158.44666698341805,4.993989148865056,11.503634722288211,45.57233810044187,30.590375825533332,12.932034969354302,1.0244642941986981,113.34163918848294,45.73939999999999,Satisfactory,3.0492933333333325,7.407943280020441,45.73939999999999
4.0,26.942307692307693,75.84871794871795,17.827353066945406,50.513469853185725,2.6073758730460397,158.44666698341805,4.638457246565623,11.503634722288211,45.57233810044187,30.590375825533332,12.932034969354302,1.0244642941986981,113.34163918848294,45.73939999999999,Satisfactory,3.0492933333333325,7.407943280020441,45.73939999999999
4.0,26.942307692307693,75.85384615384616,17.827353066945406,50.513469853185725,2.6073758730460397,158.44666698341805,4.2755998221252325,11.503634722288211,45.57233810044187,30.590375825533332,12.932034969354302,1.0244642941986981,113.34163918848294,45.664399999999986,Satisfactory,3.0442933333333326,7.465928652217351,45.664399999999986
4.0,26.942307692307693,75.85897435897436,17.827353066945406,50.513469853185725,2.6073758730460397,158.44666698341805,3.90672545011285,11.503634722288211,45.57233810044187,30.590375825533332,12.932034969354302,1.0244642941986981,113.34163918848294,45.664399999999986,Satisfactory,3.0442933333333326,7.465928652217351,45.664399999999986
4.0,26.942307692307693,75.86410256410257,17.827353066945406,50.513469853185725,2.6073758730460397,158.44666698341805,3.532863637709135,11.503634722288211,45.57233810044187,30.590375825533332,12.932034969354302,1.0244642941986981,113.34163918848294,45.664399999999986,Satisfactory,3.0442933333333326,7.465928652217351,45.664399999999986
4.0,26.942307692307693,75.86923076923077,17.827353066945406,50.513469853185725,2.6073758730460397,158.44666698341805,3.1548315315881768,11.503634722288211,45.57233810044187,30.590375825533332,12.932034969354302,1.0244642941986981,113.34163918848294,45.664399999999986,Satisfactory,3.0442933333333326,7.465928652217351,45.664399999999986
4.0,26.942307692307693,75.87435897435898,17.827353066945406,50.513469853185725,2.6073758730460397,158.44666698341805,3.0,11.503634722288211,45.57233810044187,30.590375825533332,12.932034969354302,1.0244642941986981,113.34163918848294,45.664399999999986,Satisfactory,3.0442933333333326,7.465928652217351,45.664399999999986
4.0,26.942307692307693,75.87948717948719,17.827353066945406,50.513469853185725,2.6073758730460397,158.44666698341805,3.0,11.503634722288211,45.57233810044187,30.590375825533332,12.932034969354302,1.0244642941986981,113.34163918848294,45.664399999999986,Satisfactory,3.0442933333333326,7.465928652217351,45.664399999999986
4.0,26.942307692307693,75.88461538461539,17.827353066945406,50.513469853185725,2.6073758730460397,158.44666698341805,3.0,11.503634722288211,45.57233810044187,30.590375825533332,12.932034969354302,1.0244642941986981,113.34163918848294,45.664399999999986,Satisfactory,3.0442933333333326,7.465928652217351,45.664399999999986
4.0,26.942307692307693,75.88974358974359,17.827353066945406,50.513469853185725,2.6073758730460397,158.44666698341805,3.0,11.503634722288211,45.57233810044187,30.590375825533332,12.932034969354302,1.0244642941986981,113.34163918848294,45.664399999999986,Satisfactory,3.0442933333333326,7.465928652217351,45.664399999999986
4.0,26.942307692307693,75.8948717948718,17.827353066945406,50.513469853185725,2.6073758730460397,158.44666698341805,3.0,11.503634722288211,45.57233810044187,30.590375825533332,12.932034969354302,1.0244642941986981,113.34163918848294,45.664399999999986,Satisfactory,3.0442933333333326,7.465928652217351,45.664399999999986
4.0,26.942307692307693,75.9,17.827353066945406,50.513469853185725,2.6073758730460397,158.44666698341805,3.0,11.503634722288211,45.57233810044187,30.590375825533332,12.932034969354302,1.0244642941986981,113.34163918848294,45.664399999999986,Satisfactory,3.0442933333333326,7.465928652217351,45.664399999999986
4.0,26.94871794871795,75.7,17.827353066945406,50.513469853185725,2.6073758730460397,158.44666698341805,3.0,11.503634722288211,45.57233810044187,30.590375825533332,12.932034969354302,1.0244642941986981,113.34163918848294,46.39699999999998,Satisfactory,3.093133333333332,7.650091175927252,46.39699999999998
4.0,26.94871794871795,75.7051282051282,17.827353066945406,50.513469853185725,2.6073758730460397,158.44666698341805,3.0,11.503634722288211,45.57233810044187,30.590375825533332,12.932034969354302,1.0244642941986981,113.34163918848294,46.39699999999998,Satisfactory,3.093133333333332,7.650091175927252,46.39699999999998
4.0,26.94871794871795,75.71025641025642,17.827353066945406,50.513469853185725,2.6073758730460397,158.44666698341805,3.0,11.503634722288211,45.57233810044187,30.590375825533332,12.932034969354302,1.0244642941986981,113.34163918848294,46.39699999999998,Satisfactory,3.093133333333332,7.650091175927252,46.39699999999998
4.0,26.94871794871795,75.71538461538462,17.827353066945406,50.513469853185725,2.6073758730460397,158.44666698341805,3.274985121573647,11.503634722288211,45.57233810044187,30.590375825533332,12.932034969354302,1.0244642941986981,113.34163918848294,46.39699999999998,Satisfactory,3.093133333333332,7.650091175927252,46.39699999999998
4.0,26.94871794871795,75.72051282051282,17.827353066945406,50.513469853185725,2.6073758730460397,158.44666698341805,3.636329277652557,11.503634722288211,45.57233810044187,30.590375825533332,12.932034969354302,1.0244642941986981,113.34163918848294,46.39699999999998,Satisfactory,3.093133333333332,7.650091175927252,46.39699999999998
4.0,26.94871794871795,75.72564102564102,17.827353066945406,50.513469853185725,2.6073758730460397,158.44666698341805,3.9913890412025577,11.503634722288211,45.57233810044187,30.590375825533332,12.932034969354302,1.0244642941986981,113.34163918848294,46.39699999999998,Satisfactory,3.093133333333332,7.650091175927252,46.39699999999998
4.0,26.94871794871795,75.73076923076924,17.827353066945406,50.513469853185725,2.6073758730460397,158.44666698341805,4.338981815061789,11.503634722288211,45.57233810044187,30.590375825533332,12.932034969354302,1.0244642941986981,113.34163918848294,46.39699999999998,Satisfactory,3.093133333333332,7.650091175927252,46.39699999999998
4.0,26.94871794871795,75.73589743589744,17.827353066945406,50.513469853185725,2.6073758730460397,158.44666698341805,4.677644434036213,11.503634722288211,45.57233810044187,30.590375825533332,12.932034969354302,1.0244642941986981,113.34163918848294,46.47199999999999,Satisfactory,3.0981333333333323,7.586272997987878,46.47199999999999
4.0,26.94871794871795,75.74102564102564,17.827353066945406,50.513469853185725,2.6073758730460397,158.44666698341805,5.005559961797241,11.503634722288211,45.57233810044187,30.590375825533332,12.932034969354302,1.0244642941986981,113.34163918848294,46.47199999999999,Satisfactory,3.0981333333333323,7.586272997987878,46.47199999999999
4.0,26.94871794871795,75.74615384615385,17.827353066945406,50.513469853185725,2.6073758730460397,158.44666698341805,5.320468563608924,11.503634722288211,45.57233810044187,30.590375825533332,12.932034969354302,1.0244642941986981,113.34163918848294,46.47199999999999,Satisfactory,3.0981333333333323,7.586272997987878,46.47199999999999
4.0,26.94871794871795,75.75128205128206,17.827353066945406,50.513469853185725,2.6073758730460397,158.44666698341805,5.6195641452650715,11.503634722288211,45.57233810044187,30.590375825533332,12.932034969354302,1.0244642941986981,113.34163918848294,49.27089999999999,Satisfactory,3.284726666666666,7.458709016311066,49.27089999999999
4.0,26.94871794871795,75.75641025641026,17.827353066945406,50.513469853185725,2.6073758730460397,158.44666698341805,5.899385078425094,11.503634722288211,45.57233810044187,30.590375825533332,12.932034969354302,1.0244642941986981,113.34163918848294,49.11529999999999,Satisfactory,3.2743533333333326,7.404634150989501,49.11529999999999
4.0,26.94871794871795,75.76153846153846,17.827353066945406,50.513469853185725,2.6073758730460397,158.44666698341805,6.155720114644263,11.503634722288211,45.57233810044187,30.590375825533332,12.932034969354302,1.0244642941986981,113.34163918848294,49.11529999999999,Satisfactory,3.2743533333333326,7.404634150989501,49.11529999999999
4.0,26.94871794871795,75.76666666666667,17.827353066945406,50.513469853185725,2.6073758730460397,158.44666698341805,6.383571709107017,11.503634722288211,45.57233810044187,30.590375825533332,12.932034969354302,1.0244642941986981,113.34163918848294,49.11529999999999,Satisfactory,3.2743533333333326,7.404634150989501,49.11529999999999
4.0,26.94871794871795,75.77179487179488,17.827353066945406,50.513469853185725,2.6073758730460397,158.44666698341805,6.57724672614272,11.503634722288211,45.57233810044187,30.590375825533332,12.932034969354302,1.0244642941986981,113.34163918848294,50.218600000000016,Satisfactory,3.3479066666666677,8.247832687439773,50.218600000000016
4.0,26.94871794871795,75.77692307692308,17.827353066945406,50.513469853185725,2.6073758730460397,158.44666698341805,6.73066566277674,11.503634722288211,45.57233810044187,30.590375825533332,12.932034969354302,1.0244642941986981,113.34163918848294,50.218600000000016,Satisfactory,3.3479066666666677,8.247832687439773,50.218600000000016
4.0,26.94871794871795,75.78205128205128,17.827353066945406,50.513469853185725,2.6073758730460397,158.44666698341805,6.837963522078556,11.503634722288211,45.57233810044187,30.590375825533332,12.932034969354302,1.0244642941986981,113.34163918848294,50.218600000000016,Satisfactory,3.3479066666666677,8.247832687439773,50.218600000000016
4.0,26.94871794871795,75.78717948717949,17.827353066945406,50.513469853185725,2.6073758730460397,158.44666698341805,6.894356264608392,11.503634722288211,45.57233810044187,30.590375825533332,12.932034969354302,1.0244642941986981,113.34163918848294,49.97550000000001,Satisfactory,3.3317000000000005,7.73704405764889,49.97550000000001
4.0,26.94871794871795,75.7923076923077,17.827353066945406,50.513469853185725,2.6073758730460397,158.44666698341805,6.897067197156643,11.503634722288211,45.57233810044187,30.590375825533332,12.932034969354302,1.0244642941986981,113.34163918848294,49.92360000000001,Satisfactory,3.3282400000000005,7.763726363029547,49.923600000000015
4.0,26.94871794871795,75.7974358974359,17.827353066945406,50.513469853185725,2.6073758730460397,158.44666698341805,6.845957896435351,11.503634722288211,45.57233810044187,30.590375825533332,12.932034969354302,1.0244642941986981,113.34163918848294,50.18530000000001,Satisfactory,3.3456866666666674,7.783364112644353,50.185300000000026
4.0,26.94871794871795,75.8025641025641,17.827353066945406,50.513469853185725,2.6073758730460397,158.44666698341805,6.743561478014949,11.503634722288211,45.57233810044187,30.590375825533332,12.932034969354302,1.0244642941986981,113.34163918848294,50.18530000000001,Satisfactory,3.3456866666666674,7.783364112644353,50.185300000000026
4.0,26.94871794871795,75.8076923076923,17.827353066945406,50.513469853185725,2.6073758730460397,158.44666698341805,6.594501101425764,11.503634722288211,45.57233810044187,30.590375825533332,12.932034969354302,1.0244642941986981,113.34163918848294,50.18530000000001,Satisfactory,3.3456866666666674,7.783364112644353,50.185300000000026
4.0,26.94871794871795,75.81282051282052,17.827353066945406,50.513469853185725,2.6073758730460397,158.44666698341805,6.404575923033679,11.503634722288211,45.57233810044187,30.590375825533332,12.932034969354302,1.0244642941986981,113.34163918848294,48.80969999999999,Satisfactory,3.2539799999999994,7.50002659395285,48.80969999999999
4.0,26.94871794871795,75.81794871794872,17.827353066945406,50.513469853185725,2.6073758730460397,158.44666698341805,6.179876116854693,11.503634722288211,45.57233810044187,30.590375825533332,12.932034969354302,1.0244642941986981,113.34163918848294,48.702400000000004,Satisfactory,3.2468266666666667,7.549625834437096,48.702400000000004
4.0,26.94871794871795,75.82307692307693,17.827353066945406,50.513469853185725,2.6073758730460397,158.44666698341805,5.9261517804123205,11.503634722288211,45.57233810044187,30.590375825533332,12.932034969354302,1.0244642941986981,113.34163918848294,48.9592,Satisfactory,3.263946666666667,7.560162654334892,48.9592
4.0,26.94871794871795,75.82820512820513,17.827353066945406,50.513469853185725,2.6073758730460397,158.44666698341805,5.648476956948208,11.503634722288211,45.57233810044187,30.590375825533332,12.932034969354302,1.0244642941986981,113.34163918848294,48.9592,Satisfactory,3.263946666666667,7.560162654334892,48.9592
4.0,26.94871794871795,75.83333333333334,17.827353066945406,50.513469853185725,2.6073758730460397,158.44666698341805,5.351141331842394,11.503634722288211,45.57233810044187,30.590375825533332,12.932034969354302,1.0244642941986981,113.34163918848294,45.73939999999999,Satisfactory,3.0492933333333325,7.407943280020441,45.73939999999999
4.0,26.94871794871795,75.83846153846154,17.827353066945406,50.513469853185725,2.6073758730460397,158.44666698341805,5.037677793300498,11.503634722288211,45.57233810044187,30.590375825533332,12.932034969354302,1.0244642941986981,113.34163918848294,45.73939999999999,Satisfactory,3.0492933333333325,7.407943280020441,45.73939999999999
4.0,26.94871794871795,75.84358974358975,17.827353066945406,50.513469853185725,2.6073758730460397,158.44666698341805,4.710953101548974,11.503634722288211,45.57233810044187,30.590375825533332,12.932034969354302,1.0244642941986981,113.34163918848294,45.73939999999999,Satisfactory,3.0492933333333325,7.407943280020441,45.73939999999999
4.0,26.94871794871795,75.84871794871795,17.827353066945406,50.513469853185725,2.6073758730460397,158.44666698341805,4.373276872882555,11.503634722288211,45.57233810044187,30.590375825533332,12.932034969354302,1.0244642941986981,113.34163918848294,45.664399999999986,Satisfactory,3.0442933333333326,7.465928652217351,45.664399999999986
4.0,26.94871794871795,75.85384615384616,17.827353066945406,50.513469853185725,2.6073758730460397,158.44666698341805,4.0265060602034355,11.503634722288211,45.57233810044187,30.590375825533332,12.932034969354302,1.0244642941986981,113.34163918848294,45.664399999999986,Satisfactory,3.0442933333333326,7.465928652217351,45.664399999999986
4.0,26.94871794871795,75.85897435897436,17.827353066945406,50.513469853185725,2.6073758730460397,158.44666698341805,3.6721356531104377,11.503634722288211,45.57233810044187,30.590375825533332,12.932034969354302,1.0244642941986981,113.34163918848294,45.664399999999986,Satisfactory,3.0442933333333326,7.465928652217351,45.664399999999986
4.0,26.94871794871795,75.86410256410257,17.827353066945406,50.513469853185725,2.6073758730460397,158.44666698341805,3.311373445856142,11.503634722288211,45.57233810044187,30.590375825533332,12.932034969354302,1.0244642941986981,113.34163918848294,45.664399999999986,Satisfactory,3.0442933333333326,7.465928652217351,45.664399999999986
4.0,26.94871794871795,75.86923076923077,17.827353066945406,50.513469853185725,2.6073758730460397,158.44666698341805,3.0,11.503634722288211,45.57233810044187,30.590375825533332,12.932034969354302,1.0244642941986981,113.34163918848294,45.664399999999986,Satisfactory,3.0442933333333326,7.465928652217351,45.664399999999986
4.0,26.94871794871795,75.87435897435898,17.827353066945406,50.513469853185725,2.6073758730460397,158.44666698341805,3.0,11.503634722288211,45.57233810044187,30.590375825533332,12.932034969354302,1.0244642941986981,113.34163918848294,45.664399999999986,Satisfactory,3.0442933333333326,7.465928652217351,45.664399999999986
4.0,26.94871794871795,75.87948717948719,17.827353066945406,50.513469853185725,2.6073758730460397,158.44666698341805,3.0,11.503634722288211,45.57233810044187,30.590375825533332,12.932034969354302,1.0244642941986981,113.34163918848294,45.664399999999986,Satisfactory,3.0442933333333326,7.465928652217351,45.664399999999986
4.0,26.94871794871795,75.88461538461539,17.827353066945406,50.513469853185725,2.6073758730460397,158.44666698341805,3.0,11.503634722288211,45.57233810044187,30.590375825533332,12.932034969354302,1.0244642941986981,113.34163918848294,45.664399999999986,Satisfactory,3.0442933333333326,7.465928652217351,45.664399999999986
4.0,26.94871794871795,75.88974358974359,17.827353066945406,50.513469853185725,2.6073758730460397,158.44666698341805,3.0,11.503634722288211,45.57233810044187,30.590375825533332,12.932034969354302,1.0244642941986981,113.34163918848294,45.664399999999986,Satisfactory,3.0442933333333326,7.465928652217351,45.664399999999986
4.0,26.94871794871795,75.8948717948718,17.827353066945406,50.513469853185725,2.6073758730460397,158.44666698341805,3.0,11.503634722288211,45.57233810044187,30.590375825533332,12.932034969354302,1.0244642941986981,113.34163918848294,45.664399999999986,Satisfactory,3.0442933333333326,7.465928652217351,45.664399999999986
4.0,26.94871794871795,75.9,17.827353066945406,50.513469853185725,2.6073758730460397,158.44666698341805,3.0,11.503634722288211,45.57233810044187,30.590375825533332,12.932034969354302,1.0244642941986981,113.34163918848294,45.664399999999986,Satisfactory,3.0442933333333326,7.465928652217351,45.664399999999986
4.0,26.955128205128204,75.7,17.827353066945406,50.513469853185725,2.6073758730460397,158.44666698341805,3.0,11.503634722288211,45.57233810044187,30.590375825533332,12.932034969354302,1.0244642941986981,113.34163918848294,46.39699999999998,Satisfactory,3.093133333333332,7.650091175927252,46.39699999999998
4.0,26.955128205128204,75.7051282051282,17.827353066945406,50.513469853185725,2.6073758730460397,158.44666698341805,3.0,11.503634722288211,45.57233810044187,30.590375825533332,12.932034969354302,1.0244642941986981,113.34163918848294,46.39699999999998,Satisfactory,3.093133333333332,7.650091175927252,46.39699999999998
4.0,26.955128205128204,75.71025641025642,17.827353066945406,50.513469853185725,2.6073758730460397,158.44666698341805,3.0,11.503634722288211,45.57233810044187,30.590375825533332,12.932034969354302,1.0244642941986981,113.34163918848294,46.39699999999998,Satisfactory,3.093133333333332,7.650091175927252,46.39699999999998
4.0,26.955128205128204,75.71538461538462,17.827353066945406,50.513469853185725,2.6073758730460397,158.44666698341805,3.0239217805325405,11.503634722288211,45.57233810044187,30.590375825533332,12.932034969354302,1.0244642941986981,113.34163918848294,46.39699999999998,Satisfactory,3.093133333333332,7.650091175927252,46.39699999999998
4.0,26.955128205128204,75.72051282051282,17.827353066945406,50.513469853185725,2.6073758730460397,158.44666698341805,3.37156524724468,11.503634722288211,45.57233810044187,30.590375825533332,12.932034969354302,1.0244642941986981,113.34163918848294,46.39699999999998,Satisfactory,3.093133333333332,7.650091175927252,46.39699999999998
4.0,26.955128205128204,75.72564102564102,17.827353066945406,50.513469853185725,2.6073758730460397,158.44666698341805,3.7116577810003717,11.503634722288211,45.57233810044187,30.590375825533332,12.932034969354302,1.0244642941986981,113.34163918848294,46.39699999999998,Satisfactory,3.093133333333332,7.650091175927252,46.39699999999998
4.0,26.955128205128204,75.73076923076924,17.827353066945406,50.513469853185725,2.6073758730460397,158.44666698341805,4.0429059853588365,11.503634722288211,45.57233810044187,30.590375825533332,12.932034969354302,1.0244642941986981,113.34163918848294,46.39699999999998,Satisfactory,3.093133333333332,7.650091175927252,46.39699999999998
4.0,26.955128205128204,75.73589743589744,17.827353066945406,50.513469853185725,2.6073758730460397,158.44666698341805,4.363750273486974,11.503634722288211,45.57233810044187,30.590375825533332,12.932034969354302,1.0244642941986981,113.34163918848294,46.39699999999998,Satisfactory,3.093133333333332,7.650091175927252,46.39699999999998
4.0,26.955128205128204,75.74102564102564,17.827353066945406,50.513469853185725,2.6073758730460397,158.44666698341805,4.672310678701766,11.503634722288211,45.57233810044187,30.590375825533332,12.932034969354302,1.0244642941986981,113.34163918848294,46.47199999999999,Satisfactory,3.0981333333333323,7.586272997987878,46.47199999999999
4.0,26.955128205128204,75.74615384615385,17.827353066945406,50.513469853185725,2.6073758730460397,158.44666698341805,4.966327714953547,11.503634722288211,45.57233810044187,30.590375825533332,12.932034969354302,1.0244642941986981,113.34163918848294,46.47199999999999,Satisfactory,3.0981333333333323,7.586272997987878,46.47199999999999
4.0,26.955128205128204,75.75128205128206,17.827353066945406,50.513469853185725,2.6073758730460397,158.44666698341805,5.243103902068095,11.503634722288211,45.57233810044187,30.590375825533332,12.932034969354302,1.0244642941986981,113.34163918848294,46.47199999999999,Satisfactory,3.0981333333333323,7.586272997987878,46.47199999999999
4.0,26.955128205128204,75.75641025641026,17.827353066945406,50.513469853185725,2.6073758730460397,158.44666698341805,5.499457261161135,11.503634722288211,45.57233810044187,30.590375825533332,12.932034969354302,1.0244642941986981,113.34163918848294,46.39249999999999,Satisfactory,3.0928333333333327,7.4566474202553,46.39249999999999
4.0,26.955128205128204,75.76153846153846,17.827353066945406,50.513469853185725,2.6073758730460397,158.44666698341805,5.731706424573964,11.503634722288211,45.57233810044187,30.590375825533332,12.932034969354302,1.0244642941986981,113.34163918848294,49.11529999999999,Satisfactory,3.2743533333333326,7.404634150989501,49.11529999999999
4.0,26.955128205128204,75.76666666666667,17.827353066945406,50.513469853185725,2.6073758730460397,158.44666698341805,5.935717062968722,11.503634722288211,45.57233810044187,30.590375825533332,12.932034969354302,1.0244642941986981,113.34163918848294,49.11529999999999,Satisfactory,3.2743533333333326,7.404634150989501,49.11529999999999
4.0,26.955128205128204,75.77179487179488,17.827353066945406,50.513469853185725,2.6073758730460397,158.44666698341805,6.107047112695405,11.503634722288211,45.57233810044187,30.590375825533332,12.932034969354302,1.0244642941986981,113.34163918848294,49.11529999999999,Satisfactory,3.2743533333333326,7.404634150989501,49.11529999999999
4.0,26.955128205128204,75.77692307692308,17.827353066945406,50.513469853185725,2.6073758730460397,158.44666698341805,6.241225037645974,11.503634722288211,45.57233810044187,30.590375825533332,12.932034969354302,1.0244642941986981,113.34163918848294,48.98849999999999,Satisfactory,3.2658999999999994,7.234623746263519,48.988499999999995
4.0,26.955128205128204,75.78205128205128,17.827353066945406,50.513469853185725,2.6073758730460397,158.44666698341805,6.334169003243834,11.503634722288211,45.57233810044187,30.590375825533332,12.932034969354302,1.0244642941986981,113.34163918848294,48.98849999999999,Satisfactory,3.2658999999999994,7.234623746263519,48.988499999999995
4.0,26.955128205128204,75.78717948717949,17.827353066945406,50.513469853185725,2.6073758730460397,158.44666698341805,6.382699180293462,11.503634722288211,45.57233810044187,30.590375825533332,12.932034969354302,1.0244642941986981,113.34163918848294,48.98849999999999,Satisfactory,3.2658999999999994,7.234623746263519,48.988499999999995
4.0,26.955128205128204,75.7923076923077,17.827353066945406,50.513469853185725,2.6073758730460397,158.44666698341805,6.385026391792911,11.503634722288211,45.57233810044187,30.590375825533332,12.932034969354302,1.0244642941986981,113.34163918848294,48.724399999999974,Satisfactory,3.2482933333333315,7.487991495721666,48.724399999999974
4.0,26.955128205128204,75.7974358974359,17.827353066945406,50.513469853185725,2.6073758730460397,158.44666698341805,6.341062476601852,11.503634722288211,45.57233810044187,30.590375825533332,12.932034969354302,1.0244642941986981,113.34163918848294,48.80969999999999,Satisfactory,3.2539799999999994,7.50002659395285,48.80969999999999
4.0,26.955128205128204,75.8025641025641,17.827353066945406,50.513469853185725,2.6073758730460397,158.44666698341805,6.25243625050345,11.503634722288211,45.57233810044187,30.590375825533332,12.932034969354302,1.0244642941986981,113.34163918848294,48.80969999999999,Satisfactory,3.2539799999999994,7.50002659395285,48.80969999999999
4.0,26.955128205128204,75.8076923076923,17.827353066945406,50.513469853185725,2.6073758730460397,158.44666698341805,6.122208752748184,11.503634722288211,45.57233810044187,30.590375825533332,12.932034969354302,1.0244642941986981,113.34163918848294,48.80969999999999,Satisfactory,3.2539799999999994,7.50002659395285,48.80969999999999
4.0,26.955128205128204,75.81282051282052,17.827353066945406,50.513469853185725,2.6073758730460397,158.44666698341805,5.954395409546112,11.503634722288211,45.57233810044187,30.590375825533332,12.932034969354302,1.0244642941986981,113.34163918848294,48.80969999999999,Satisfactory,3.2539799999999994,7.50002659395285,48.80969999999999
4.0,26.955128205128204,75.81794871794872,17.827353066945406,50.513469853185725,2.6073758730460397,158.44666698341805,5.7534497893408085,11.503634722288211,45.57233810044187,30.590375825533332,12.932034969354302,1.0244642941986981,113.34163918848294,48.702400000000004,Satisfactory,3.2468266666666667,7.549625834437096,48.702400000000004
4.0,26.955128205128204,75.82307692307693,17.827353066945406,50.513469853185725,2.6073758730460397,158.44666698341805,5.523831825622482,11.503634722288211,45.57233810044187,30.590375825533332,12.932034969354302,1.0244642941986981,113.34163918848294,48.9592,Satisfactory,3.263946666666667,7.560162654334892,48.9592
4.0,26.955128205128204,75.82820512820513,17.827353066945406,50.513469853185725,2.6073758730460397,158.44666698341805,5.269715124510662,11.503634722288211,45.57233810044187,30.590375825533332,12.932034969354302,1.0244642941986981,113.34163918848294,45.73939999999999,Satisfactory,3.0492933333333325,7.407943280020441,45.73939999999999
4.0,26.955128205128204,75.83333333333334,17.827353066945406,50.513469853185725,2.6073758730460397,158.44666698341805,4.9948297605799095,11.503634722288211,45.57233810044187,30.590375825533332,12.932034969354302,1.0244642941986981,113.34163918848294,45.73939999999999,Satisfactory,3.0492933333333325,7.407943280020441,45.73939999999999
4.0,26.955128205128204,75.83846153846154,17.827353066945406,50.513469853185725,2.6073758730460397,158.44666698341805,4.702407726884271,11.503634722288211,45.57233810044187,30.590375825533332,12.932034969354302,1.0244642941986981,113.34163918848294,45.73939999999999,Satisfactory,3.0492933333333325,7.407943280020441,45.73939999999999
4.0,26.955128205128204,75.84358974358975,17.827353066945406,50.513469853185725,2.6073758730460397,158.44666698341805,4.395193196631406,11.503634722288211,45.57233810044187,30.590375825533332,12.932034969354302,1.0244642941986981,113.34163918848294,45.664399999999986,Satisfactory,3.0442933333333326,7.465928652217351,45.664399999999986
4.0,26.955128205128204,75.84871794871795,17.827353066945406,50.513469853185725,2.6073758730460397,158.44666698341805,4.07548690960086,11.503634722288211,45.57233810044187,30.590375825533332,12.932034969354302,1.0244642941986981,113.34163918848294,45.664399999999986,Satisfactory,3.0442933333333326,7.465928652217351,45.664399999999986
4.0,26.955128205128204,75.85384615384616,17.827353066945406,50.513469853185725,2.6073758730460397,158.44666698341805,3.7452040754426887,11.503634722288211,45.57233810044187,30.590375825533332,12.932034969354302,1.0244642941986981,113.34163918848294,45.664399999999986,Satisfactory,3.0442933333333326,7.465928652217351,45.664399999999986
4.0,26.955128205128204,75.85897435897436,17.827353066945406,50.513469853185725,2.6073758730460397,158.44666698341805,3.4059337733301067,11.503634722288211,45.57233810044187,30.590375825533332,12.932034969354302,1.0244642941986981,113.34163918848294,45.664399999999986,Satisfactory,3.0442933333333326,7.465928652217351,45.664399999999986
4.0,26.955128205128204,75.86410256410257,17.827353066945406,50.513469853185725,2.6073758730460397,158.44666698341805,3.0589937768454067,11.503634722288211,45.57233810044187,30.590375825533332,12.932034969354302,1.0244642941986981,113.34163918848294,45.664399999999986,Satisfactory,3.0442933333333326,7.465928652217351,45.664399999999986
4.0,26.955128205128204,75.86923076923077,17.827353066945406,50.513469853185725,2.6073758730460397,158.44666698341805,3.0,11.503634722288211,45.57233810044187,30.590375825533332,12.932034969354302,1.0244642941986981,113.34163918848294,45.664399999999986,Satisfactory,3.0442933333333326,7.465928652217351,45.664399999999986
4.0,26.955128205128204,75.87435897435898,17.827353066945406,50.513469853185725,2.6073758730460397,158.44666698341805,3.0,11.503634722288211,45.57233810044187,30.590375825533332,12.932034969354302,1.0244642941986981,113.34163918848294,45.664399999999986,Satisfactory,3.0442933333333326,7.465928652217351,45.664399999999986
4.0,26.955128205128204,75.87948717948719,17.827353066945406,50.513469853185725,2.6073758730460397,158.44666698341805,3.0,11.503634722288211,45.57233810044187,30.590375825533332,12.932034969354302,1.0244642941986981,113.34163918848294,45.664399999999986,Satisfactory,3.0442933333333326,7.465928652217351,45.664399999999986
4.0,26.955128205128204,75.88461538461539,17.827353066945406,50.513469853185725,2.6073758730460397,158.44666698341805,3.0,11.503634722288211,45.57233810044187,30.590375825533332,12.932034969354302,1.0244642941986981,113.34163918848294,45.664399999999986,Satisfactory,3.0442933333333326,7.465928652217351,45.664399999999986
4.0,26.955128205128204,75.88974358974359,17.827353066945406,50.513469853185725,2.6073758730460397,158.44666698341805,3.0,11.503634722288211,45.57233810044187,30.590375825533332,12.932034969354302,1.0244642941986981,113.34163918848294,45.664399999999986,Satisfactory,3.0442933333333326,7.465928652217351,45.664399999999986
4.0,26.955128205128204,75.8948717948718,17.827353066945406,50.513469853185725,2.6073758730460397,158.44666698341805,3.0,11.503634722288211,45.57233810044187,30.590375825533332,12.932034969354302,1.0244642941986981,113.34163918848294,45.664399999999986,Satisfactory,3.0442933333333326,7.465928652217351,45.664399999999986
4.0,26.955128205128204,75.9,17.827353066945406,50.513469853185725,2.6073758730460397,158.44666698341805,3.0,11.503634722288211,45.57233810044187,30.590375825533332,12.932034969354302,1.0244642941986981,113.34163918848294,45.664399999999986,Satisfactory,3.0442933333333326,7.465928652217351,45.664399999999986
4.0,26.96153846153846,75.7,17.827353066945406,50.513469853185725,2.6073758730460397,158.44666698341805,3.0,11.503634722288211,45.57233810044187,30.590375825533332,12.932034969354302,1.0244642941986981,113.34163918848294,46.39699999999998,Satisfactory,3.093133333333332,7.650091175927252,46.39699999999998
4.0,26.96153846153846,75.7051282051282,17.827353066945406,50.513469853185725,2.6073758730460397,158.44666698341805,3.0,11.503634722288211,45.57233810044187,30.590375825533332,12.932034969354302,1.0244642941986981,113.34163918848294,46.39699999999998,Satisfactory,3.093133333333332,7.650091175927252,46.39699999999998
4.0,26.96153846153846,75.71025641025642,17.827353066945406,50.513469853185725,2.6073758730460397,158.44666698341805,3.0,11.503634722288211,45.57233810044187,30.590375825533332,12.932034969354302,1.0244642941986981,113.34163918848294,46.39699999999998,Satisfactory,3.093133333333332,7.650091175927252,46.39699999999998
4.0,26.96153846153846,75.71538461538462,17.827353066945406,50.513469853185725,2.6073758730460397,158.44666698341805,3.0,11.503634722288211,45.57233810044187,30.590375825533332,12.932034969354302,1.0244642941986981,113.34163918848294,46.39699999999998,Satisfactory,3.093133333333332,7.650091175927252,46.39699999999998
4.0,26.96153846153846,75.72051282051282,17.827353066945406,50.513469853185725,2.6073758730460397,158.44666698341805,3.078875868954106,11.503634722288211,45.57233810044187,30.590375825533332,12.932034969354302,1.0244642941986981,113.34163918848294,46.39699999999998,Satisfactory,3.093133333333332,7.650091175927252,46.39699999999998
4.0,26.96153846153846,75.72564102564102,17.827353066945406,50.513469853185725,2.6073758730460397,158.44666698341805,3.403860232752457,11.503634722288211,45.57233810044187,30.590375825533332,12.932034969354302,1.0244642941986981,113.34163918848294,46.39699999999998,Satisfactory,3.093133333333332,7.650091175927252,46.39699999999998
4.0,26.96153846153846,75.73076923076924,17.827353066945406,50.513469853185725,2.6073758730460397,158.44666698341805,3.718855115101638,11.503634722288211,45.57233810044187,30.590375825533332,12.932034969354302,1.0244642941986981,113.34163918848294,46.39699999999998,Satisfactory,3.093133333333332,7.650091175927252,46.39699999999998
4.0,26.96153846153846,75.73589743589744,17.827353066945406,50.513469853185725,2.6073758730460397,158.44666698341805,4.022281125259449,11.503634722288211,45.57233810044187,30.590375825533332,12.932034969354302,1.0244642941986981,113.34163918848294,46.39699999999998,Satisfactory,3.093133333333332,7.650091175927252,46.39699999999998
4.0,26.96153846153846,75.74102564102564,17.827353066945406,50.513469853185725,2.6073758730460397,158.44666698341805,4.312286446199446,11.503634722288211,45.57233810044187,30.590375825533332,12.932034969354302,1.0244642941986981,113.34163918848294,46.39699999999998,Satisfactory,3.093133333333332,7.650091175927252,46.39699999999998
4.0,26.96153846153846,75.74615384615385,17.827353066945406,50.513469853185725,2.6073758730460397,158.44666698341805,4.586713693230693,11.503634722288211,45.57233810044187,30.590375825533332,12.932034969354302,1.0244642941986981,113.34163918848294,46.47199999999999,Satisfactory,3.0981333333333323,7.586272997987878,46.47199999999999
4.0,26.96153846153846,75.75128205128206,17.827353066945406,50.513469853185725,2.6073758730460397,158.44666698341805,4.843075291190391,11.503634722288211,45.57233810044187,30.590375825533332,12.932034969354302,1.0244642941986981,113.34163918848294,46.47199999999999,Satisfactory,3.0981333333333323,7.586272997987878,46.47199999999999
4.0,26.96153846153846,75.75641025641026,17.827353066945406,50.513469853185725,2.6073758730460397,158.44666698341805,5.078547276471455,11.503634722288211,45.57233810044187,30.590375825533332,12.932034969354302,1.0244642941986981,113.34163918848294,46.39249999999999,Satisfactory,3.0928333333333327,7.4566474202553,46.39249999999999
4.0,26.96153846153846,75.76153846153846,17.827353066945406,50.513469853185725,2.6073758730460397,158.44666698341805,5.289995540147072,11.503634722288211,45.57233810044187,30.590375825533332,12.932034969354302,1.0244642941986981,113.34163918848294,46.39249999999999,Satisfactory,3.0928333333333327,7.4566474202553,46.39249999999999
4.0,26.96153846153846,75.76666666666667,17.827353066945406,50.513469853185725,2.6073758730460397,158.44666698341805,5.47405172830545,11.503634722288211,45.57233810044187,30.590375825533332,12.932034969354302,1.0244642941986981,113.34163918848294,46.39249999999999,Satisfactory,3.0928333333333327,7.4566474202553,46.39249999999999
4.0,26.96153846153846,75.77179487179488,17.827353066945406,50.513469853185725,2.6073758730460397,158.44666698341805,5.627255535869438,11.503634722288211,45.57233810044187,30.590375825533332,12.932034969354302,1.0244642941986981,113.34163918848294,49.11529999999999,Satisfactory,3.2743533333333326,7.404634150989501,49.11529999999999
4.0,26.96153846153846,75.77692307692308,17.827353066945406,50.513469853185725,2.6073758730460397,158.44666698341805,5.746272083991408,11.503634722288211,45.57233810044187,30.590375825533332,12.932034969354302,1.0244642941986981,113.34163918848294,48.98849999999999,Satisfactory,3.2658999999999994,7.234623746263519,48.988499999999995
4.0,26.96153846153846,75.78205128205128,17.827353066945406,50.513469853185725,2.6073758730460397,158.44666698341805,5.828174396910915,11.503634722288211,45.57233810044187,30.590375825533332,12.932034969354302,1.0244642941986981,113.34163918848294,48.98849999999999,Satisfactory,3.2658999999999994,7.234623746263519,48.988499999999995
4.0,26.96153846153846,75.78717948717949,17.827353066945406,50.513469853185725,2.6073758730460397,158.44666698341805,5.8707534360296565,11.503634722288211,45.57233810044187,30.590375825533332,12.932034969354302,1.0244642941986981,113.34163918848294,48.98849999999999,Satisfactory,3.2658999999999994,7.234623746263519,48.988499999999995
4.0,26.96153846153846,75.7923076923077,17.827353066945406,50.513469853185725,2.6073758730460397,158.44666698341805,5.872791966250662,11.503634722288211,45.57233810044187,30.590375825533332,12.932034969354302,1.0244642941986981,113.34163918848294,48.724399999999974,Satisfactory,3.2482933333333315,7.487991495721666,48.724399999999974
4.0,26.96153846153846,75.7974358974359,17.827353066945406,50.513469853185725,2.6073758730460397,158.44666698341805,5.834230471336387,11.503634722288211,45.57233810044187,30.590375825533332,12.932034969354302,1.0244642941986981,113.34163918848294,48.80969999999999,Satisfactory,3.2539799999999994,7.50002659395285,48.80969999999999
4.0,26.96153846153846,75.8025641025641,17.827353066945406,50.513469853185725,2.6073758730460397,158.44666698341805,5.756175542938665,11.503634722288211,45.57233810044187,30.590375825533332,12.932034969354302,1.0244642941986981,113.34163918848294,48.80969999999999,Satisfactory,3.2539799999999994,7.50002659395285,48.80969999999999
4.0,26.96153846153846,75.8076923076923,17.827353066945406,50.513469853185725,2.6073758730460397,158.44666698341805,5.640748123464981,11.503634722288211,45.57233810044187,30.590375825533332,12.932034969354302,1.0244642941986981,113.34163918848294,48.80969999999999,Satisfactory,3.2539799999999994,7.50002659395285,48.80969999999999
4.0,26.96153846153846,75.81282051282052,17.827353066945406,50.513469853185725,2.6073758730460397,158.44666698341805,5.490817317061453,11.503634722288211,45.57233810044187,30.590375825533332,12.932034969354302,1.0244642941986981,113.34163918848294,45.85639999999999,Satisfactory,3.0570933333333326,7.305943952700433,45.85639999999999
4.0,26.96153846153846,75.81794871794872,17.827353066945406,50.513469853185725,2.6073758730460397,158.44666698341805,5.309690771658982,11.503634722288211,45.57233810044187,30.590375825533332,12.932034969354302,1.0244642941986981,113.34163918848294,45.5991,Satisfactory,3.03994,7.315650086629351,45.59909999999999
4.0,26.96153846153846,75.82307692307693,17.827353066945406,50.513469853185725,2.6073758730460397,158.44666698341805,5.100827264616866,11.503634722288211,45.57233810044187,30.590375825533332,12.932034969354302,1.0244642941986981,113.34163918848294,45.73939999999999,Satisfactory,3.0492933333333325,7.407943280020441,45.73939999999999
4.0,26.96153846153846,75.82820512820513,17.827353066945406,50.513469853185725,2.6073758730460397,158.44666698341805,4.867611962342045,11.503634722288211,45.57233810044187,30.590375825533332,12.932034969354302,1.0244642941986981,113.34163918848294,45.73939999999999,Satisfactory,3.0492933333333325,7.407943280020441,45.73939999999999
4.0,26.96153846153846,75.83333333333334,17.827353066945406,50.513469853185725,2.6073758730460397,158.44666698341805,4.613206789620762,11.503634722288211,45.57233810044187,30.590375825533332,12.932034969354302,1.0244642941986981,113.34163918848294,45.73939999999999,Satisfactory,3.0492933333333325,7.407943280020441,45.73939999999999
4.0,26.96153846153846,75.83846153846154,17.827353066945406,50.513469853185725,2.6073758730460397,158.44666698341805,4.3404685831787475,11.503634722288211,45.57233810044187,30.590375825533332,12.932034969354302,1.0244642941986981,113.34163918848294,45.664399999999986,Satisfactory,3.0442933333333326,7.465928652217351,45.664399999999986
4.0,26.96153846153846,75.84358974358975,17.827353066945406,50.513469853185725,2.6073758730460397,158.44666698341805,4.051918690123833,11.503634722288211,45.57233810044187,30.590375825533332,12.932034969354302,1.0244642941986981,113.34163918848294,45.664399999999986,Satisfactory,3.0442933333333326,7.465928652217351,45.664399999999986
4.0,26.96153846153846,75.84871794871795,17.827353066945406,50.513469853185725,2.6073758730460397,158.44666698341805,3.749746619206382,11.503634722288211,45.57233810044187,30.590375825533332,12.932034969354302,1.0244642941986981,113.34163918848294,45.664399999999986,Satisfactory,3.0442933333333326,7.465928652217351,45.664399999999986
4.0,26.96153846153846,75.85384615384616,17.827353066945406,50.513469853185725,2.6073758730460397,158.44666698341805,3.435833333646224,11.503634722288211,45.57233810044187,30.590375825533332,12.932034969354302,1.0244642941986981,113.34163918848294,45.664399999999986,Satisfactory,3.0442933333333326,7.465928652217351,45.664399999999986
4.0,26.96153846153846,75.85897435897436,17.827353066945406,50.513469853185725,2.6073758730460397,158.44666698341805,3.111783876247798,11.503634722288211,45.57233810044187,30.590375825533332,12.932034969354302,1.0244642941986981,113.34163918848294,45.664399999999986,Satisfactory,3.0442933333333326,7.465928652217351,45.664399999999986
4.0,26.96153846153846,75.86410256410257,17.827353066945406,50.513469853185725,2.6073758730460397,158.44666698341805,3.0,11.503634722288211,45.57233810044187,30.590375825533332,12.932034969354302,1.0244642941986981,113.34163918848294,45.664399999999986,Satisfactory,3.0442933333333326,7.465928652217351,45.664399999999986
4.0,26.96153846153846,75.86923076923077,17.827353066945406,50.513469853185725,2.6073758730460397,158.44666698341805,3.0,11.503634722288211,45.57233810044187,30.590375825533332,12.932034969354302,1.0244642941986981,113.34163918848294,45.664399999999986,Satisfactory,3.0442933333333326,7.465928652217351,45.664399999999986
4.0,26.96153846153846,75.87435897435898,17.827353066945406,50.513469853185725,2.6073758730460397,158.44666698341805,3.0,11.503634722288211,45.57233810044187,30.590375825533332,12.932034969354302,1.0244642941986981,113.34163918848294,45.664399999999986,Satisfactory,3.0442933333333326,7.465928652217351,45.664399999999986
4.0,26.96153846153846,75.87948717948719,17.827353066945406,50.513469853185725,2.6073758730460397,158.44666698341805,3.0,11.503634722288211,45.57233810044187,30.590375825533332,12.932034969354302,1.0244642941986981,113.34163918848294,45.664399999999986,Satisfactory,3.0442933333333326,7.465928652217351,45.664399999999986
4.0,26.96153846153846,75.88461538461539,17.827353066945406,50.513469853185725,2.6073758730460397,158.44666698341805,3.0,11.503634722288211,45.57233810044187,30.590375825533332,12.932034969354302,1.0244642941986981,113.34163918848294,45.664399999999986,Satisfactory,3.0442933333333326,7.465928652217351,45.664399999999986
4.0,26.96153846153846,75.88974358974359,17.827353066945406,50.513469853185725,2.6073758730460397,158.44666698341805,3.0,11.503634722288211,45.57233810044187,30.590375825533332,12.932034969354302,1.0244642941986981,113.34163918848294,45.664399999999986,Satisfactory,3.0442933333333326,7.465928652217351,45.664399999999986
4.0,26.96153846153846,75.8948717948718,17.827353066945406,50.513469853185725,2.6073758730460397,158.44666698341805,3.0,11.503634722288211,45.57233810044187,30.590375825533332,12.932034969354302,1.0244642941986981,113.34163918848294,45.664399999999986,Satisfactory,3.0442933333333326,7.465928652217351,45.664399999999986
4.0,26.96153846153846,75.9,17.827353066945406,50.513469853185725,2.6073758730460397,158.44666698341805,3.0,11.503634722288211,45.57233810044187,30.590375825533332,12.932034969354302,1.0244642941986981,113.34163918848294,45.664399999999986,Satisfactory,3.0442933333333326,7.465928652217351,45.664399999999986
4.0,26.96794871794872,75.7,17.827353066945406,50.513469853185725,2.6073758730460397,158.44666698341805,3.0,11.503634722288211,45.57233810044187,30.590375825533332,12.932034969354302,1.0244642941986981,113.34163918848294,46.39699999999998,Satisfactory,3.093133333333332,7.650091175927252,46.39699999999998
4.0,26.96794871794872,75.7051282051282,17.827353066945406,50.513469853185725,2.6073758730460397,158.44666698341805,3.0,11.503634722288211,45.57233810044187,30.590375825533332,12.932034969354302,1.0244642941986981,113.34163918848294,46.39699999999998,Satisfactory,3.093133333333332,7.650091175927252,46.39699999999998
4.0,26.96794871794872,75.71025641025642,17.827353066945406,50.513469853185725,2.6073758730460397,158.44666698341805,3.0,11.503634722288211,45.57233810044187,30.590375825533332,12.932034969354302,1.0244642941986981,113.34163918848294,46.39699999999998,Satisfactory,3.093133333333332,7.650091175927252,46.39699999999998
4.0,26.96794871794872,75.71538461538462,17.827353066945406,50.513469853185725,2.6073758730460397,158.44666698341805,3.0,11.503634722288211,45.57233810044187,30.590375825533332,12.932034969354302,1.0244642941986981,113.34163918848294,46.39699999999998,Satisfactory,3.093133333333332,7.650091175927252,46.39699999999998
4.0,26.96794871794872,75.72051282051282,17.827353066945406,50.513469853185725,2.6073758730460397,158.44666698341805,3.0,11.503634722288211,45.57233810044187,30.590375825533332,12.932034969354302,1.0244642941986981,113.34163918848294,46.39699999999998,Satisfactory,3.093133333333332,7.650091175927252,46.39699999999998
4.0,26.96794871794872,75.72564102564102,17.827353066945406,50.513469853185725,2.6073758730460397,158.44666698341805,3.071736036234096,11.503634722288211,45.57233810044187,30.590375825533332,12.932034969354302,1.0244642941986981,113.34163918848294,46.39699999999998,Satisfactory,3.093133333333332,7.650091175927252,46.39699999999998
4.0,26.96794871794872,75.73076923076924,17.827353066945406,50.513469853185725,2.6073758730460397,158.44666698341805,3.3709304734647993,11.503634722288211,45.57233810044187,30.590375825533332,12.932034969354302,1.0244642941986981,113.34163918848294,46.39699999999998,Satisfactory,3.093133333333332,7.650091175927252,46.39699999999998
4.0,26.96794871794872,75.73589743589744,17.827353066945406,50.513469853185725,2.6073758730460397,158.44666698341805,3.657689327383732,11.503634722288211,45.57233810044187,30.590375825533332,12.932034969354302,1.0244642941986981,113.34163918848294,46.39699999999998,Satisfactory,3.093133333333332,7.650091175927252,46.39699999999998
4.0,26.96794871794872,75.74102564102564,17.827353066945406,50.513469853185725,2.6073758730460397,158.44666698341805,3.9302498245282544,11.503634722288211,45.57233810044187,30.590375825533332,12.932034969354302,1.0244642941986981,113.34163918848294,46.39699999999998,Satisfactory,3.093133333333332,7.650091175927252,46.39699999999998
4.0,26.96794871794872,75.74615384615385,17.827353066945406,50.513469853185725,2.6073758730460397,158.44666698341805,4.1866145524652465,11.503634722288211,45.57233810044187,30.590375825533332,12.932034969354302,1.0244642941986981,113.34163918848294,46.39699999999998,Satisfactory,3.093133333333332,7.650091175927252,46.39699999999998
4.0,26.96794871794872,75.75128205128206,17.827353066945406,50.513469853185725,2.6073758730460397,158.44666698341805,4.4245489711697905,11.503634722288211,45.57233810044187,30.590375825533332,12.932034969354302,1.0244642941986981,113.34163918848294,46.39699999999998,Satisfactory,3.093133333333332,7.650091175927252,46.39699999999998
4.0,26.96794871794872,75.75641025641026,17.827353066945406,50.513469853185725,2.6073758730460397,158.44666698341805,4.641597380517278,11.503634722288211,45.57233810044187,30.590375825533332,12.932034969354302,1.0244642941986981,113.34163918848294,46.39249999999999,Satisfactory,3.0928333333333327,7.4566474202553,46.39249999999999
4.0,26.96794871794872,75.76153846153846,17.827353066945406,50.513469853185725,2.6073758730460397,158.44666698341805,4.835125971101791,11.503634722288211,45.57233810044187,30.590375825533332,12.932034969354302,1.0244642941986981,113.34163918848294,46.39249999999999,Satisfactory,3.0928333333333327,7.4566474202553,46.39249999999999
4.0,26.96794871794872,75.76666666666667,17.827353066945406,50.513469853185725,2.6073758730460397,158.44666698341805,5.0024016287212865,11.503634722288211,45.57233810044187,30.590375825533332,12.932034969354302,1.0244642941986981,113.34163918848294,46.39249999999999,Satisfactory,3.0928333333333327,7.4566474202553,46.39249999999999
4.0,26.96794871794872,75.77179487179488,17.827353066945406,50.513469853185725,2.6073758730460397,158.44666698341805,5.1407124111514815,11.503634722288211,45.57233810044187,30.590375825533332,12.932034969354302,1.0244642941986981,113.34163918848294,46.39249999999999,Satisfactory,3.0928333333333327,7.4566474202553,46.39249999999999
4.0,26.96794871794872,75.77692307692308,17.827353066945406,50.513469853185725,2.6073758730460397,158.44666698341805,5.247528758005624,11.503634722288211,45.57233810044187,30.590375825533332,12.932034969354302,1.0244642941986981,113.34163918848294,46.26569999999999,Satisfactory,3.084379999999999,7.240321989386937,46.26569999999999
4.0,26.96794871794872,75.78205128205128,17.827353066945406,50.513469853185725,2.6073758730460397,158.44666698341805,5.320693364915869,11.503634722288211,45.57233810044187,30.590375825533332,12.932034969354302,1.0244642941986981,113.34163918848294,46.26569999999999,Satisfactory,3.084379999999999,7.240321989386937,46.26569999999999
4.0,26.96794871794872,75.78717948717949,17.827353066945406,50.513469853185725,2.6073758730460397,158.44666698341805,5.358614548584264,11.503634722288211,45.57233810044187,30.590375825533332,12.932034969354302,1.0244642941986981,113.34163918848294,46.26569999999999,Satisfactory,3.084379999999999,7.240321989386937,46.26569999999999
4.0,26.96794871794872,75.7923076923077,17.827353066945406,50.513469853185725,2.6073758730460397,158.44666698341805,5.360428050304873,11.503634722288211,45.57233810044187,30.590375825533332,12.932034969354302,1.0244642941986981,113.34163918848294,46.00159999999998,Satisfactory,3.066773333333332,7.396912561332602,46.00159999999998
4.0,26.96794871794872,75.7974358974359,17.827353066945406,50.513469853185725,2.6073758730460397,158.44666698341805,5.326091839959301,11.503634722288211,45.57233810044187,30.590375825533332,12.932034969354302,1.0244642941986981,113.34163918848294,45.85639999999999,Satisfactory,3.0570933333333326,7.305943952700433,45.85639999999999
4.0,26.96794871794872,75.8025641025641,17.827353066945406,50.513469853185725,2.6073758730460397,158.44666698341805,5.256390852430536,11.503634722288211,45.57233810044187,30.590375825533332,12.932034969354302,1.0244642941986981,113.34163918848294,45.85639999999999,Satisfactory,3.0570933333333326,7.305943952700433,45.85639999999999
4.0,26.96794871794872,75.8076923076923,17.827353066945406,50.513469853185725,2.6073758730460397,158.44666698341805,5.152850461804706,11.503634722288211,45.57233810044187,30.590375825533332,12.932034969354302,1.0244642941986981,113.34163918848294,45.85639999999999,Satisfactory,3.0570933333333326,7.305943952700433,45.85639999999999
4.0,26.96794871794872,75.81282051282052,17.827353066945406,50.513469853185725,2.6073758730460397,158.44666698341805,5.017579886173223,11.503634722288211,45.57233810044187,30.590375825533332,12.932034969354302,1.0244642941986981,113.34163918848294,45.85639999999999,Satisfactory,3.0570933333333326,7.305943952700433,45.85639999999999
4.0,26.96794871794872,75.81794871794872,17.827353066945406,50.513469853185725,2.6073758730460397,158.44666698341805,4.8530803017713895,11.503634722288211,45.57233810044187,30.590375825533332,12.932034969354302,1.0244642941986981,113.34163918848294,45.5991,Satisfactory,3.03994,7.315650086629351,45.59909999999999
4.0,26.96794871794872,75.82307692307693,17.827353066945406,50.513469853185725,2.6073758730460397,158.44666698341805,4.662053277366454,11.503634722288211,45.57233810044187,30.590375825533332,12.932034969354302,1.0244642941986981,113.34163918848294,45.73939999999999,Satisfactory,3.0492933333333325,7.407943280020441,45.73939999999999
4.0,26.96794871794872,75.82820512820513,17.827353066945406,50.513469853185725,2.6073758730460397,158.44666698341805,4.44723594129489,11.503634722288211,45.57233810044187,30.590375825533332,12.932034969354302,1.0244642941986981,113.34163918848294,45.664399999999986,Satisfactory,3.0442933333333326,7.465928652217351,45.664399999999986
4.0,26.96794871794872,75.83333333333334,17.827353066945406,50.513469853185725,2.6073758730460397,158.44666698341805,4.211276236169096,11.503634722288211,45.57233810044187,30.590375825533332,12.932034969354302,1.0244642941986981,113.34163918848294,45.664399999999986,Satisfactory,3.0442933333333326,7.465928652217351,45.664399999999986
4.0,26.96794871794872,75.83846153846154,17.827353066945406,50.513469853185725,2.6073758730460397,158.44666698341805,3.956650135848535,11.503634722288211,45.57233810044187,30.590375825533332,12.932034969354302,1.0244642941986981,113.34163918848294,45.664399999999986,Satisfactory,3.0442933333333326,7.465928652217351,45.664399999999986
4.0,26.96794871794872,75.84358974358975,17.827353066945406,50.513469853185725,2.6073758730460397,158.44666698341805,3.6856153909148883,11.503634722288211,45.57233810044187,30.590375825533332,12.932034969354302,1.0244642941986981,113.34163918848294,45.664399999999986,Satisfactory,3.0442933333333326,7.465928652217351,45.664399999999986
4.0,26.96794871794872,75.84871794871795,17.827353066945406,50.513469853185725,2.6073758730460397,158.44666698341805,3.400193256869196,11.503634722288211,45.57233810044187,30.590375825533332,12.932034969354302,1.0244642941986981,113.34163918848294,45.664399999999986,Satisfactory,3.0442933333333326,7.465928652217351,45.664399999999986
4.0,26.96794871794872,75.85384615384616,17.827353066945406,50.513469853185725,2.6073758730460397,158.44666698341805,3.1021694898886647,11.503634722288211,45.57233810044187,30.590375825533332,12.932034969354302,1.0244642941986981,113.34163918848294,45.664399999999986,Satisfactory,3.0442933333333326,7.465928652217351,45.664399999999986
4.0,26.96794871794872,75.85897435897436,17.827353066945406,50.513469853185725,2.6073758730460397,158.44666698341805,3.0,11.503634722288211,45.57233810044187,30.590375825533332,12.932034969354302,1.0244642941986981,113.34163918848294,45.664399999999986,Satisfactory,3.0442933333333326,7.465928652217351,45.664399999999986
4.0,26.96794871794872,75.86410256410257,17.827353066945406,50.513469853185725,2.6073758730460397,158.44666698341805,3.0,11.503634722288211,45.57233810044187,30.590375825533332,12.932034969354302,1.0244642941986981,113.34163918848294,45.664399999999986,Satisfactory,3.0442933333333326,7.465928652217351,45.664399999999986
4.0,26.96794871794872,75.86923076923077,17.827353066945406,50.513469853185725,2.6073758730460397,158.44666698341805,3.0,11.503634722288211,45.57233810044187,30.590375825533332,12.932034969354302,1.0244642941986981,113.34163918848294,45.664399999999986,Satisfactory,3.0442933333333326,7.465928652217351,45.664399999999986
4.0,26.96794871794872,75.87435897435898,17.827353066945406,50.513469853185725,2.6073758730460397,158.44666698341805,3.0,11.503634722288211,45.57233810044187,30.590375825533332,12.932034969354302,1.0244642941986981,113.34163918848294,45.664399999999986,Satisfactory,3.0442933333333326,7.465928652217351,45.664399999999986
4.0,26.96794871794872,75.87948717948719,17.827353066945406,50.513469853185725,2.6073758730460397,158.44666698341805,3.0,11.503634722288211,45.57233810044187,30.590375825533332,12.932034969354302,1.0244642941986981,113.34163918848294,45.664399999999986,Satisfactory,3.0442933333333326,7.465928652217351,45.664399999999986
4.0,26.96794871794872,75.88461538461539,17.827353066945406,50.513469853185725,2.6073758730460397,158.44666698341805,3.0,11.503634722288211,45.57233810044187,30.590375825533332,12.932034969354302,1.0244642941986981,113.34163918848294,45.664399999999986,Satisfactory,3.0442933333333326,7.465928652217351,45.664399999999986
4.0,26.96794871794872,75.88974358974359,17.827353066945406,50.513469853185725,2.6073758730460397,158.44666698341805,3.0,11.503634722288211,45.57233810044187,30.590375825533332,12.932034969354302,1.0244642941986981,113.34163918848294,45.664399999999986,Satisfactory,3.0442933333333326,7.465928652217351,45.664399999999986
4.0,26.96794871794872,75.8948717948718,17.827353066945406,50.513469853185725,2.6073758730460397,158.44666698341805,3.0,11.503634722288211,45.57233810044187,30.590375825533332,12.932034969354302,1.0244642941986981,113.34163918848294,45.664399999999986,Satisfactory,3.0442933333333326,7.465928652217351,45.664399999999986
4.0,26.96794871794872,75.9,17.827353066945406,50.513469853185725,2.6073758730460397,158.44666698341805,3.0,11.503634722288211,45.57233810044187,30.590375825533332,12.932034969354302,1.0244642941986981,113.34163918848294,45.664399999999986,Satisfactory,3.0442933333333326,7.465928652217351,45.664399999999986
4.0,26.974358974358974,75.7,17.827353066945406,50.513469853185725,2.6073758730460397,158.44666698341805,3.0,11.503634722288211,45.57233810044187,30.590375825533332,12.932034969354302,1.0244642941986981,113.34163918848294,46.39699999999998,Satisfactory,3.093133333333332,7.650091175927252,46.39699999999998
4.0,26.974358974358974,75.7051282051282,17.827353066945406,50.513469853185725,2.6073758730460397,158.44666698341805,3.0,11.503634722288211,45.57233810044187,30.590375825533332,12.932034969354302,1.0244642941986981,113.34163918848294,46.39699999999998,Satisfactory,3.093133333333332,7.650091175927252,46.39699999999998
4.0,26.974358974358974,75.71025641025642,17.827353066945406,50.513469853185725,2.6073758730460397,158.44666698341805,3.0,11.503634722288211,45.57233810044187,30.590375825533332,12.932034969354302,1.0244642941986981,113.34163918848294,46.39699999999998,Satisfactory,3.093133333333332,7.650091175927252,46.39699999999998
4.0,26.974358974358974,75.71538461538462,17.827353066945406,50.513469853185725,2.6073758730460397,158.44666698341805,3.0,11.503634722288211,45.57233810044187,30.590375825533332,12.932034969354302,1.0244642941986981,113.34163918848294,46.39699999999998,Satisfactory,3.093133333333332,7.650091175927252,46.39699999999998
4.0,26.974358974358974,75.72051282051282,17.827353066945406,50.513469853185725,2.6073758730460397,158.44666698341805,3.0,11.503634722288211,45.57233810044187,30.590375825533332,12.932034969354302,1.0244642941986981,113.34163918848294,46.39699999999998,Satisfactory,3.093133333333332,7.650091175927252,46.39699999999998
4.0,26.974358974358974,75.72564102564102,17.827353066945406,50.513469853185725,2.6073758730460397,158.44666698341805,3.0,11.503634722288211,45.57233810044187,30.590375825533332,12.932034969354302,1.0244642941986981,113.34163918848294,46.39699999999998,Satisfactory,3.093133333333332,7.650091175927252,46.39699999999998
4.0,26.974358974358974,75.73076923076924,17.827353066945406,50.513469853185725,2.6073758730460397,158.44666698341805,3.0026923558466514,11.503634722288211,45.57233810044187,30.590375825533332,12.932034969354302,1.0244642941986981,113.34163918848294,46.39699999999998,Satisfactory,3.093133333333332,7.650091175927252,46.39699999999998
4.0,26.974358974358974,75.73589743589744,17.827353066945406,50.513469853185725,2.6073758730460397,158.44666698341805,3.2737338628871164,11.503634722288211,45.57233810044187,30.590375825533332,12.932034969354302,1.0244642941986981,113.34163918848294,46.39699999999998,Satisfactory,3.093133333333332,7.650091175927252,46.39699999999998
4.0,26.974358974358974,75.74102564102564,17.827353066945406,50.513469853185725,2.6073758730460397,158.44666698341805,3.5300990214742427,11.503634722288211,45.57233810044187,30.590375825533332,12.932034969354302,1.0244642941986981,113.34163918848294,46.39699999999998,Satisfactory,3.093133333333332,7.650091175927252,46.39699999999998
4.0,26.974358974358974,75.74615384615385,17.827353066945406,50.513469853185725,2.6073758730460397,158.44666698341805,3.7699757752559186,11.503634722288211,45.57233810044187,30.590375825533332,12.932034969354302,1.0244642941986981,113.34163918848294,46.39699999999998,Satisfactory,3.093133333333332,7.650091175927252,46.39699999999998
4.0,26.974358974358974,75.75128205128206,17.827353066945406,50.513469853185725,2.6073758730460397,158.44666698341805,3.991389041203192,11.503634722288211,45.57233810044187,30.590375825533332,12.932034969354302,1.0244642941986981,113.34163918848294,46.39699999999998,Satisfactory,3.093133333333332,7.650091175927252,46.39699999999998
4.0,26.974358974358974,75.75641025641026,17.827353066945406,50.513469853185725,2.6073758730460397,158.44666698341805,4.192226751002709,11.503634722288211,45.57233810044187,30.590375825533332,12.932034969354302,1.0244642941986981,113.34163918848294,46.31749999999999,Satisfactory,3.0878333333333328,7.520772749525145,46.31749999999998
4.0,26.974358974358974,75.76153846153846,17.827353066945406,50.513469853185725,2.6073758730460397,158.44666698341805,4.370286400386206,11.503634722288211,45.57233810044187,30.590375825533332,12.932034969354302,1.0244642941986981,113.34163918848294,46.31749999999999,Satisfactory,3.0878333333333328,7.520772749525145,46.31749999999998
4.0,26.974358974358974,75.76666666666667,17.827353066945406,50.513469853185725,2.6073758730460397,158.44666698341805,4.523345824328788,11.503634722288211,45.57233810044187,30.590375825533332,12.932034969354302,1.0244642941986981,113.34163918848294,46.39249999999999,Satisfactory,3.0928333333333327,7.4566474202553,46.39249999999999
4.0,26.974358974358974,75.77179487179488,17.827353066945406,50.513469853185725,2.6073758730460397,158.44666698341805,4.649259177419775,11.503634722288211,45.57233810044187,30.590375825533332,12.932034969354302,1.0244642941986981,113.34163918848294,46.39249999999999,Satisfactory,3.0928333333333327,7.4566474202553,46.39249999999999
4.0,26.974358974358974,75.77692307692308,17.827353066945406,50.513469853185725,2.6073758730460397,158.44666698341805,4.746074383351737,11.503634722288211,45.57233810044187,30.590375825533332,12.932034969354302,1.0244642941986981,113.34163918848294,46.26569999999999,Satisfactory,3.084379999999999,7.240321989386937,46.26569999999999
4.0,26.974358974358974,75.78205128205128,17.827353066945406,50.513469853185725,2.6073758730460397,158.44666698341805,4.812162101180143,11.503634722288211,45.57233810044187,30.590375825533332,12.932034969354302,1.0244642941986981,113.34163918848294,46.26569999999999,Satisfactory,3.084379999999999,7.240321989386937,46.26569999999999
4.0,26.974358974358974,75.78717948717949,17.827353066945406,50.513469853185725,2.6073758730460397,158.44666698341805,4.846340097765189,11.503634722288211,45.57233810044187,30.590375825533332,12.932034969354302,1.0244642941986981,113.34163918848294,46.26569999999999,Satisfactory,3.084379999999999,7.240321989386937,46.26569999999999
4.0,26.974358974358974,75.7923076923077,17.827353066945406,50.513469853185725,2.6073758730460397,158.44666698341805,4.847973276885385,11.503634722288211,45.57233810044187,30.590375825533332,12.932034969354302,1.0244642941986981,113.34163918848294,46.00159999999998,Satisfactory,3.066773333333332,7.396912561332602,46.00159999999998
4.0,26.974358974358974,75.7974358974359,17.827353066945406,50.513469853185725,2.6073758730460397,158.44666698341805,4.817030873352197,11.503634722288211,45.57233810044187,30.590375825533332,12.932034969354302,1.0244642941986981,113.34163918848294,45.85639999999999,Satisfactory,3.0570933333333326,7.305943952700433,45.85639999999999
4.0,26.974358974358974,75.8025641025641,17.827353066945406,50.513469853185725,2.6073758730460397,158.44666698341805,4.754089285529731,11.503634722288211,45.57233810044187,30.590375825533332,12.932034969354302,1.0244642941986981,113.34163918848294,45.85639999999999,Satisfactory,3.0570933333333326,7.305943952700433,45.85639999999999
4.0,26.974358974358974,75.8076923076923,17.827353066945406,50.513469853185725,2.6073758730460397,158.44666698341805,4.660279958189183,11.503634722288211,45.57233810044187,30.590375825533332,12.932034969354302,1.0244642941986981,113.34163918848294,45.85639999999999,Satisfactory,3.0570933333333326,7.305943952700433,45.85639999999999
4.0,26.974358974358974,75.81282051282052,17.827353066945406,50.513469853185725,2.6073758730460397,158.44666698341805,4.537192876372542,11.503634722288211,45.57233810044187,30.590375825533332,12.932034969354302,1.0244642941986981,113.34163918848294,45.85639999999999,Satisfactory,3.0570933333333326,7.305943952700433,45.85639999999999
4.0,26.974358974358974,75.81794871794872,17.827353066945406,50.513469853185725,2.6073758730460397,158.44666698341805,4.386753714711695,11.503634722288211,45.57233810044187,30.590375825533332,12.932034969354302,1.0244642941986981,113.34163918848294,45.52409999999999,Satisfactory,3.0349399999999993,7.37293416422526,45.52409999999999
4.0,26.974358974358974,75.82307692307693,17.827353066945406,50.513469853185725,2.6073758730460397,158.44666698341805,4.211094516839692,11.503634722288211,45.57233810044187,30.590375825533332,12.932034969354302,1.0244642941986981,113.34163918848294,45.664399999999986,Satisfactory,3.0442933333333326,7.465928652217351,45.664399999999986
4.0,26.974358974358974,75.82820512820513,17.827353066945406,50.513469853185725,2.6073758730460397,158.44666698341805,4.012434537231639,11.503634722288211,45.57233810044187,30.590375825533332,12.932034969354302,1.0244642941986981,113.34163918848294,45.664399999999986,Satisfactory,3.0442933333333326,7.465928652217351,45.664399999999986
4.0,26.974358974358974,75.83333333333334,17.827353066945406,50.513469853185725,2.6073758730460397,158.44666698341805,3.792981851707707,11.503634722288211,45.57233810044187,30.590375825533332,12.932034969354302,1.0244642941986981,113.34163918848294,45.664399999999986,Satisfactory,3.0442933333333326,7.465928652217351,45.664399999999986
4.0,26.974358974358974,75.83846153846154,17.827353066945406,50.513469853185725,2.6073758730460397,158.44666698341805,3.554860043425837,11.503634722288211,45.57233810044187,30.590375825533332,12.932034969354302,1.0244642941986981,113.34163918848294,45.664399999999986,Satisfactory,3.0442933333333326,7.465928652217351,45.664399999999986
4.0,26.974358974358974,75.84358974358975,17.827353066945406,50.513469853185725,2.6073758730460397,158.44666698341805,3.3000593681182364,11.503634722288211,45.57233810044187,30.590375825533332,12.932034969354302,1.0244642941986981,113.34163918848294,45.664399999999986,Satisfactory,3.0442933333333326,7.465928652217351,45.664399999999986
4.0,26.974358974358974,75.84871794871795,17.827353066945406,50.513469853185725,2.6073758730460397,158.44666698341805,3.0304088695272746,11.503634722288211,45.57233810044187,30.590375825533332,12.932034969354302,1.0244642941986981,113.34163918848294,45.664399999999986,Satisfactory,3.0442933333333326,7.465928652217351,45.664399999999986
4.0,26.974358974358974,75.85384615384616,17.827353066945406,50.513469853185725,2.6073758730460397,158.44666698341805,3.0,11.503634722288211,45.57233810044187,30.590375825533332,12.932034969354302,1.0244642941986981,113.34163918848294,45.664399999999986,Satisfactory,3.0442933333333326,7.465928652217351,45.664399999999986
4.0,26.974358974358974,75.85897435897436,17.827353066945406,50.513469853185725,2.6073758730460397,158.44666698341805,3.0,11.503634722288211,45.57233810044187,30.590375825533332,12.932034969354302,1.0244642941986981,113.34163918848294,45.664399999999986,Satisfactory,3.0442933333333326,7.465928652217351,45.664399999999986
4.0,26.974358974358974,75.86410256410257,17.827353066945406,50.513469853185725,2.6073758730460397,158.44666698341805,3.0,11.503634722288211,45.57233810044187,30.590375825533332,12.932034969354302,1.0244642941986981,113.34163918848294,45.664399999999986,Satisfactory,3.0442933333333326,7.465928652217351,45.664399999999986
4.0,26.974358974358974,75.86923076923077,17.827353066945406,50.513469853185725,2.6073758730460397,158.44666698341805,3.0,11.503634722288211,45.57233810044187,30.590375825533332,12.932034969354302,1.0244642941986981,113.34163918848294,45.664399999999986,Satisfactory,3.0442933333333326,7.465928652217351,45.664399999999986
4.0,26.974358974358974,75.87435897435898,17.827353066945406,50.513469853185725,2.6073758730460397,158.44666698341805,3.0,11.503634722288211,45.57233810044187,30.590375825533332,12.932034969354302,1.0244642941986981,113.34163918848294,45.664399999999986,Satisfactory,3.0442933333333326,7.465928652217351,45.664399999999986
4.0,26.974358974358974,75.87948717948719,17.827353066945406,50.513469853185725,2.6073758730460397,158.44666698341805,3.0,11.503634722288211,45.57233810044187,30.590375825533332,12.932034969354302,1.0244642941986981,113.34163918848294,45.664399999999986,Satisfactory,3.0442933333333326,7.465928652217351,45.664399999999986
4.0,26.974358974358974,75.88461538461539,17.827353066945406,50.513469853185725,2.6073758730460397,158.44666698341805,3.0,11.503634722288211,45.57233810044187,30.590375825533332,12.932034969354302,1.0244642941986981,113.34163918848294,45.664399999999986,Satisfactory,3.0442933333333326,7.465928652217351,45.664399999999986
4.0,26.974358974358974,75.88974358974359,17.827353066945406,50.513469853185725,2.6073758730460397,158.44666698341805,3.0,11.503634722288211,45.57233810044187,30.590375825533332,12.932034969354302,1.0244642941986981,113.34163918848294,45.664399999999986,Satisfactory,3.0442933333333326,7.465928652217351,45.664399999999986
4.0,26.974358974358974,75.8948717948718,17.827353066945406,50.513469853185725,2.6073758730460397,158.44666698341805,3.0,11.503634722288211,45.57233810044187,30.590375825533332,12.932034969354302,1.0244642941986981,113.34163918848294,45.664399999999986,Satisfactory,3.0442933333333326,7.465928652217351,45.664399999999986
4.0,26.974358974358974,75.9,17.827353066945406,50.513469853185725,2.6073758730460397,158.44666698341805,3.0,11.503634722288211,45.57233810044187,30.590375825533332,12.932034969354302,1.0244642941986981,113.34163918848294,45.664399999999986,Satisfactory,3.0442933333333326,7.465928652217351,45.664399999999986
4.0,26.98076923076923,75.7,17.827353066945406,50.513469853185725,2.6073758730460397,158.44666698341805,3.0,11.503634722288211,45.57233810044187,30.590375825533332,12.932034969354302,1.0244642941986981,113.34163918848294,46.39699999999998,Satisfactory,3.093133333333332,7.650091175927252,46.39699999999998
4.0,26.98076923076923,75.7051282051282,17.827353066945406,50.513469853185725,2.6073758730460397,158.44666698341805,3.0,11.503634722288211,45.57233810044187,30.590375825533332,12.932034969354302,1.0244642941986981,113.34163918848294,46.39699999999998,Satisfactory,3.093133333333332,7.650091175927252,46.39699999999998
4.0,26.98076923076923,75.71025641025642,17.827353066945406,50.513469853185725,2.6073758730460397,158.44666698341805,3.0,11.503634722288211,45.57233810044187,30.590375825533332,12.932034969354302,1.0244642941986981,113.34163918848294,46.39699999999998,Satisfactory,3.093133333333332,7.650091175927252,46.39699999999998
4.0,26.98076923076923,75.71538461538462,17.827353066945406,50.513469853185725,2.6073758730460397,158.44666698341805,3.0,11.503634722288211,45.57233810044187,30.590375825533332,12.932034969354302,1.0244642941986981,113.34163918848294,46.39699999999998,Satisfactory,3.093133333333332,7.650091175927252,46.39699999999998
4.0,26.98076923076923,75.72051282051282,17.827353066945406,50.513469853185725,2.6073758730460397,158.44666698341805,3.0,11.503634722288211,45.57233810044187,30.590375825533332,12.932034969354302,1.0244642941986981,113.34163918848294,46.39699999999998,Satisfactory,3.093133333333332,7.650091175927252,46.39699999999998
4.0,26.98076923076923,75.72564102564102,17.827353066945406,50.513469853185725,2.6073758730460397,158.44666698341805,3.0,11.503634722288211,45.57233810044187,30.590375825533332,12.932034969354302,1.0244642941986981,113.34163918848294,46.39699999999998,Satisfactory,3.093133333333332,7.650091175927252,46.39699999999998
4.0,26.98076923076923,75.73076923076924,17.827353066945406,50.513469853185725,2.6073758730460397,158.44666698341805,3.0,11.503634722288211,45.57233810044187,30.590375825533332,12.932034969354302,1.0244642941986981,113.34163918848294,46.39699999999998,Satisfactory,3.093133333333332,7.650091175927252,46.39699999999998
4.0,26.98076923076923,75.73589743589744,17.827353066945406,50.513469853185725,2.6073758730460397,158.44666698341805,3.0,11.503634722288211,45.57233810044187,30.590375825533332,12.932034969354302,1.0244642941986981,113.34163918848294,46.39699999999998,Satisfactory,3.093133333333332,7.650091175927252,46.39699999999998
4.0,26.98076923076923,75.74102564102564,17.827353066945406,50.513469853185725,2.6073758730460397,158.44666698341805,3.114991655200652,11.503634722288211,45.57233810044187,30.590375825533332,12.932034969354302,1.0244642941986981,113.34163918848294,46.39699999999998,Satisfactory,3.093133333333332,7.650091175927252,46.39699999999998
4.0,26.98076923076923,75.74615384615385,17.827353066945406,50.513469853185725,2.6073758730460397,158.44666698341805,3.3399006706411507,11.503634722288211,45.57233810044187,30.590375825533332,12.932034969354302,1.0244642941986981,113.34163918848294,46.39699999999998,Satisfactory,3.093133333333332,7.650091175927252,46.39699999999998
4.0,26.98076923076923,75.75128205128206,17.827353066945406,50.513469853185725,2.6073758730460397,158.44666698341805,3.546541478385315,11.503634722288211,45.57233810044187,30.590375825533332,12.932034969354302,1.0244642941986981,113.34163918848294,46.39699999999998,Satisfactory,3.093133333333332,7.650091175927252,46.39699999999998
4.0,26.98076923076923,75.75641025641026,17.827353066945406,50.513469853185725,2.6073758730460397,158.44666698341805,3.733106722801428,11.503634722288211,45.57233810044187,30.590375825533332,12.932034969354302,1.0244642941986981,113.34163918848294,46.31749999999999,Satisfactory,3.0878333333333328,7.520772749525145,46.31749999999998
4.0,26.98076923076923,75.76153846153846,17.827353066945406,50.513469853185725,2.6073758730460397,158.44666698341805,3.897754802557948,11.503634722288211,45.57233810044187,30.590375825533332,12.932034969354302,1.0244642941986981,113.34163918848294,46.31749999999999,Satisfactory,3.0878333333333328,7.520772749525145,46.31749999999998
4.0,26.98076923076923,75.76666666666667,17.827353066945406,50.513469853185725,2.6073758730460397,158.44666698341805,4.0386694273908095,11.503634722288211,45.57233810044187,30.590375825533332,12.932034969354302,1.0244642941986981,113.34163918848294,46.31749999999999,Satisfactory,3.0878333333333328,7.520772749525145,46.31749999999998
4.0,26.98076923076923,75.77179487179488,17.827353066945406,50.513469853185725,2.6073758730460397,158.44666698341805,4.154134060170845,11.503634722288211,45.57233810044187,30.590375825533332,12.932034969354302,1.0244642941986981,113.34163918848294,46.31749999999999,Satisfactory,3.0878333333333328,7.520772749525145,46.31749999999998
4.0,26.98076923076923,75.77692307692308,17.827353066945406,50.513469853185725,2.6073758730460397,158.44666698341805,4.2426172941777684,11.503634722288211,45.57233810044187,30.590375825533332,12.932034969354302,1.0244642941986981,113.34163918848294,46.190699999999985,Satisfactory,3.079379999999999,7.305044456401344,46.190699999999985
4.0,26.98076923076923,75.78205128205128,17.827353066945406,50.513469853185725,2.6073758730460397,158.44666698341805,4.302861832423254,11.503634722288211,45.57233810044187,30.590375825533332,12.932034969354302,1.0244642941986981,113.34163918848294,46.190699999999985,Satisfactory,3.079379999999999,7.305044456401344,46.190699999999985
4.0,26.98076923076923,75.78717948717949,17.827353066945406,50.513469853185725,2.6073758730460397,158.44666698341805,4.333966852909258,11.503634722288211,45.57233810044187,30.590375825533332,12.932034969354302,1.0244642941986981,113.34163918848294,46.190699999999985,Satisfactory,3.079379999999999,7.305044456401344,46.190699999999985
4.0,26.98076923076923,75.7923076923077,17.827353066945406,50.513469853185725,2.6073758730460397,158.44666698341805,4.3354523047541385,11.503634722288211,45.57233810044187,30.590375825533332,12.932034969354302,1.0244642941986981,113.34163918848294,45.92659999999998,Satisfactory,3.061773333333332,7.457621097910514,45.92659999999998
4.0,26.98076923076923,75.7974358974359,17.827353066945406,50.513469853185725,2.6073758730460397,158.44666698341805,4.307295001160486,11.503634722288211,45.57233810044187,30.590375825533332,12.932034969354302,1.0244642941986981,113.34163918848294,45.78139999999998,Satisfactory,3.0520933333333318,7.365923841582943,45.78139999999998
4.0,26.98076923076923,75.8025641025641,17.827353066945406,50.513469853185725,2.6073758730460397,158.44666698341805,4.249930395184589,11.503634722288211,45.57233810044187,30.590375825533332,12.932034969354302,1.0244642941986981,113.34163918848294,45.78139999999998,Satisfactory,3.0520933333333318,7.365923841582943,45.78139999999998
4.0,26.98076923076923,75.8076923076923,17.827353066945406,50.513469853185725,2.6073758730460397,158.44666698341805,4.164219729895221,11.503634722288211,45.57233810044187,30.590375825533332,12.932034969354302,1.0244642941986981,113.34163918848294,45.78139999999998,Satisfactory,3.0520933333333318,7.365923841582943,45.78139999999998
4.0,26.98076923076923,75.81282051282052,17.827353066945406,50.513469853185725,2.6073758730460397,158.44666698341805,4.051388153024018,11.503634722288211,45.57233810044187,30.590375825533332,12.932034969354302,1.0244642941986981,113.34163918848294,45.78139999999998,Satisfactory,3.0520933333333318,7.365923841582943,45.78139999999998
4.0,26.98076923076923,75.81794871794872,17.827353066945406,50.513469853185725,2.6073758730460397,158.44666698341805,3.9129436428326825,11.503634722288211,45.57233810044187,30.590375825533332,12.932034969354302,1.0244642941986981,113.34163918848294,45.52409999999999,Satisfactory,3.0349399999999993,7.37293416422526,45.52409999999999
4.0,26.98076923076923,75.82307692307693,17.827353066945406,50.513469853185725,2.6073758730460397,158.44666698341805,3.7505881933583876,11.503634722288211,45.57233810044187,30.590375825533332,12.932034969354302,1.0244642941986981,113.34163918848294,45.664399999999986,Satisfactory,3.0442933333333326,7.465928652217351,45.664399999999986
4.0,26.98076923076923,75.82820512820513,17.827353066945406,50.513469853185725,2.6073758730460397,158.44666698341805,3.5661316918229824,11.503634722288211,45.57233810044187,30.590375825533332,12.932034969354302,1.0244642941986981,113.34163918848294,45.664399999999986,Satisfactory,3.0442933333333326,7.465928652217351,45.664399999999986
4.0,26.98076923076923,75.83333333333334,17.827353066945406,50.513469853185725,2.6073758730460397,158.44666698341805,3.3614161503180533,11.503634722288211,45.57233810044187,30.590375825533332,12.932034969354302,1.0244642941986981,113.34163918848294,45.664399999999986,Satisfactory,3.0442933333333326,7.465928652217351,45.664399999999986
4.0,26.98076923076923,75.83846153846154,17.827353066945406,50.513469853185725,2.6073758730460397,158.44666698341805,3.138254573662989,11.503634722288211,45.57233810044187,30.590375825533332,12.932034969354302,1.0244642941986981,113.34163918848294,45.664399999999986,Satisfactory,3.0442933333333326,7.465928652217351,45.664399999999986
4.0,26.98076923076923,75.84358974358975,17.827353066945406,50.513469853185725,2.6073758730460397,158.44666698341805,3.0,11.503634722288211,45.57233810044187,30.590375825533332,12.932034969354302,1.0244642941986981,113.34163918848294,45.664399999999986,Satisfactory,3.0442933333333326,7.465928652217351,45.664399999999986
4.0,26.98076923076923,75.84871794871795,17.827353066945406,50.513469853185725,2.6073758730460397,158.44666698341805,3.0,11.503634722288211,45.57233810044187,30.590375825533332,12.932034969354302,1.0244642941986981,113.34163918848294,45.664399999999986,Satisfactory,3.0442933333333326,7.465928652217351,45.664399999999986
4.0,26.98076923076923,75.85384615384616,17.827353066945406,50.513469853185725,2.6073758730460397,158.44666698341805,3.0,11.503634722288211,45.57233810044187,30.590375825533332,12.932034969354302,1.0244642941986981,113.34163918848294,45.664399999999986,Satisfactory,3.0442933333333326,7.465928652217351,45.664399999999986
4.0,26.98076923076923,75.85897435897436,17.827353066945406,50.513469853185725,2.6073758730460397,158.44666698341805,3.0,11.503634722288211,45.57233810044187,30.590375825533332,12.932034969354302,1.0244642941986981,113.34163918848294,45.664399999999986,Satisfactory,3.0442933333333326,7.465928652217351,45.664399999999986
4.0,26.98076923076923,75.86410256410257,17.827353066945406,50.513469853185725,2.6073758730460397,158.44666698341805,3.0,11.503634722288211,45.57233810044187,30.590375825533332,12.932034969354302,1.0244642941986981,113.34163918848294,45.664399999999986,Satisfactory,3.0442933333333326,7.465928652217351,45.664399999999986
4.0,26.98076923076923,75.86923076923077,17.827353066945406,50.513469853185725,2.6073758730460397,158.44666698341805,3.0,11.503634722288211,45.57233810044187,30.590375825533332,12.932034969354302,1.0244642941986981,113.34163918848294,45.664399999999986,Satisfactory,3.0442933333333326,7.465928652217351,45.664399999999986
4.0,26.98076923076923,75.87435897435898,17.827353066945406,50.513469853185725,2.6073758730460397,158.44666698341805,3.0,11.503634722288211,45.57233810044187,30.590375825533332,12.932034969354302,1.0244642941986981,113.34163918848294,45.664399999999986,Satisfactory,3.0442933333333326,7.465928652217351,45.664399999999986
4.0,26.98076923076923,75.87948717948719,17.827353066945406,50.513469853185725,2.6073758730460397,158.44666698341805,3.0,11.503634722288211,45.57233810044187,30.590375825533332,12.932034969354302,1.0244642941986981,113.34163918848294,45.664399999999986,Satisfactory,3.0442933333333326,7.465928652217351,45.664399999999986
4.0,26.98076923076923,75.88461538461539,17.827353066945406,50.513469853185725,2.6073758730460397,158.44666698341805,3.0,11.503634722288211,45.57233810044187,30.590375825533332,12.932034969354302,1.0244642941986981,113.34163918848294,45.664399999999986,Satisfactory,3.0442933333333326,7.465928652217351,45.664399999999986
4.0,26.98076923076923,75.88974358974359,17.827353066945406,50.513469853185725,2.6073758730460397,158.44666698341805,3.0,11.503634722288211,45.57233810044187,30.590375825533332,12.932034969354302,1.0244642941986981,113.34163918848294,45.664399999999986,Satisfactory,3.0442933333333326,7.465928652217351,45.664399999999986
4.0,26.98076923076923,75.8948717948718,17.827353066945406,50.513469853185725,2.6073758730460397,158.44666698341805,3.0,11.503634722288211,45.57233810044187,30.590375825533332,12.932034969354302,1.0244642941986981,113.34163918848294,45.664399999999986,Satisfactory,3.0442933333333326,7.465928652217351,45.664399999999986
4.0,26.98076923076923,75.9,17.827353066945406,50.513469853185725,2.6073758730460397,158.44666698341805,3.0,11.503634722288211,45.57233810044187,30.590375825533332,12.932034969354302,1.0244642941986981,113.34163918848294,45.664399999999986,Satisfactory,3.0442933333333326,7.465928652217351,45.664399999999986
4.0,26.987179487179485,75.7,17.827353066945406,50.513469853185725,2.6073758730460397,158.44666698341805,3.0,11.503634722288211,45.57233810044187,30.590375825533332,12.932034969354302,1.0244642941986981,113.34163918848294,46.39699999999998,Satisfactory,3.093133333333332,7.650091175927252,46.39699999999998
4.0,26.987179487179485,75.7051282051282,17.827353066945406,50.513469853185725,2.6073758730460397,158.44666698341805,3.0,11.503634722288211,45.57233810044187,30.590375825533332,12.932034969354302,1.0244642941986981,113.34163918848294,46.39699999999998,Satisfactory,3.093133333333332,7.650091175927252,46.39699999999998
4.0,26.987179487179485,75.71025641025642,17.827353066945406,50.513469853185725,2.6073758730460397,158.44666698341805,3.0,11.503634722288211,45.57233810044187,30.590375825533332,12.932034969354302,1.0244642941986981,113.34163918848294,46.39699999999998,Satisfactory,3.093133333333332,7.650091175927252,46.39699999999998
4.0,26.987179487179485,75.71538461538462,17.827353066945406,50.513469853185725,2.6073758730460397,158.44666698341805,3.0,11.503634722288211,45.57233810044187,30.590375825533332,12.932034969354302,1.0244642941986981,113.34163918848294,46.39699999999998,Satisfactory,3.093133333333332,7.650091175927252,46.39699999999998
4.0,26.987179487179485,75.72051282051282,17.827353066945406,50.513469853185725,2.6073758730460397,158.44666698341805,3.0,11.503634722288211,45.57233810044187,30.590375825533332,12.932034969354302,1.0244642941986981,113.34163918848294,46.39699999999998,Satisfactory,3.093133333333332,7.650091175927252,46.39699999999998
4.0,26.987179487179485,75.72564102564102,17.827353066945406,50.513469853185725,2.6073758730460397,158.44666698341805,3.0,11.503634722288211,45.57233810044187,30.590375825533332,12.932034969354302,1.0244642941986981,113.34163918848294,46.39699999999998,Satisfactory,3.093133333333332,7.650091175927252,46.39699999999998
4.0,26.987179487179485,75.73076923076924,17.827353066945406,50.513469853185725,2.6073758730460397,158.44666698341805,3.0,11.503634722288211,45.57233810044187,30.590375825533332,12.932034969354302,1.0244642941986981,113.34163918848294,46.39699999999998,Satisfactory,3.093133333333332,7.650091175927252,46.39699999999998
4.0,26.987179487179485,75.73589743589744,17.827353066945406,50.513469853185725,2.6073758730460397,158.44666698341805,3.0,11.503634722288211,45.57233810044187,30.590375825533332,12.932034969354302,1.0244642941986981,113.34163918848294,46.39699999999998,Satisfactory,3.093133333333332,7.650091175927252,46.39699999999998
4.0,26.987179487179485,75.74102564102564,17.827353066945406,50.513469853185725,2.6073758730460397,158.44666698341805,3.0,11.503634722288211,45.57233810044187,30.590375825533332,12.932034969354302,1.0244642941986981,113.34163918848294,46.39699999999998,Satisfactory,3.093133333333332,7.650091175927252,46.39699999999998
4.0,26.987179487179485,75.74615384615385,17.827353066945406,50.513469853185725,2.6073758730460397,158.44666698341805,3.0,11.503634722288211,45.57233810044187,30.590375825533332,12.932034969354302,1.0244642941986981,113.34163918848294,46.39699999999998,Satisfactory,3.093133333333332,7.650091175927252,46.39699999999998
4.0,26.987179487179485,75.75128205128206,17.827353066945406,50.513469853185725,2.6073758730460397,158.44666698341805,3.092263910443007,11.503634722288211,45.57233810044187,30.590375825533332,12.932034969354302,1.0244642941986981,113.34163918848294,46.39699999999998,Satisfactory,3.093133333333332,7.650091175927252,46.39699999999998
4.0,26.987179487179485,75.75641025641026,17.827353066945406,50.513469853185725,2.6073758730460397,158.44666698341805,3.266231193413038,11.503634722288211,45.57233810044187,30.590375825533332,12.932034969354302,1.0244642941986981,113.34163918848294,46.31749999999999,Satisfactory,3.0878333333333328,7.520772749525145,46.31749999999998
4.0,26.987179487179485,75.76153846153846,17.827353066945406,50.513469853185725,2.6073758730460397,158.44666698341805,3.4191879344208953,11.503634722288211,45.57233810044187,30.590375825533332,12.932034969354302,1.0244642941986981,113.34163918848294,46.31749999999999,Satisfactory,3.0878333333333328,7.520772749525145,46.31749999999998
4.0,26.987179487179485,75.76666666666667,17.827353066945406,50.513469853185725,2.6073758730460397,158.44666698341805,3.549639297784042,11.503634722288211,45.57233810044187,30.590375825533332,12.932034969354302,1.0244642941986981,113.34163918848294,46.31749999999999,Satisfactory,3.0878333333333328,7.520772749525145,46.31749999999998
4.0,26.987179487179485,75.77179487179488,17.827353066945406,50.513469853185725,2.6073758730460397,158.44666698341805,3.656196757526166,11.503634722288211,45.57233810044187,30.590375825533332,12.932034969354302,1.0244642941986981,113.34163918848294,46.31749999999999,Satisfactory,3.0878333333333328,7.520772749525145,46.31749999999998
4.0,26.987179487179485,75.77692307692308,17.827353066945406,50.513469853185725,2.6073758730460397,158.44666698341805,3.7376404914706587,11.503634722288211,45.57233810044187,30.590375825533332,12.932034969354302,1.0244642941986981,113.34163918848294,46.190699999999985,Satisfactory,3.079379999999999,7.305044456401344,46.190699999999985
4.0,26.987179487179485,75.78205128205128,17.827353066945406,50.513469853185725,2.6073758730460397,158.44666698341805,3.7929818517079656,11.503634722288211,45.57233810044187,30.590375825533332,12.932034969354302,1.0244642941986981,113.34163918848294,46.190699999999985,Satisfactory,3.079379999999999,7.305044456401344,46.190699999999985
4.0,26.987179487179485,75.78717948717949,17.827353066945406,50.513469853185725,2.6073758730460397,158.44666698341805,3.821519392544964,11.503634722288211,45.57233810044187,30.590375825533332,12.932034969354302,1.0244642941986981,113.34163918848294,46.190699999999985,Satisfactory,3.079379999999999,7.305044456401344,46.190699999999985
4.0,26.987179487179485,75.7923076923077,17.827353066945406,50.513469853185725,2.6073758730460397,158.44666698341805,3.822881611586019,11.503634722288211,45.57233810044187,30.590375825533332,12.932034969354302,1.0244642941986981,113.34163918848294,45.92659999999998,Satisfactory,3.061773333333332,7.457621097910514,45.92659999999998
4.0,26.987179487179485,75.7974358974359,17.827353066945406,50.513469853185725,2.6073758730460397,158.44666698341805,3.7970506050283372,11.503634722288211,45.57233810044187,30.590375825533332,12.932034969354302,1.0244642941986981,113.34163918848294,45.78139999999998,Satisfactory,3.0520933333333318,7.365923841582943,45.78139999999998
4.0,26.987179487179485,75.8025641025641,17.827353066945406,50.513469853185725,2.6073758730460397,158.44666698341805,3.7443632256189137,11.503634722288211,45.57233810044187,30.590375825533332,12.932034969354302,1.0244642941986981,113.34163918848294,45.78139999999998,Satisfactory,3.0520933333333318,7.365923841582943,45.78139999999998
4.0,26.987179487179485,75.8076923076923,17.827353066945406,50.513469853185725,2.6073758730460397,158.44666698341805,3.665489572689051,11.503634722288211,45.57233810044187,30.590375825533332,12.932034969354302,1.0244642941986981,113.34163918848294,45.78139999999998,Satisfactory,3.0520933333333318,7.365923841582943,45.78139999999998
4.0,26.987179487179485,75.81282051282052,17.827353066945406,50.513469853185725,2.6073758730460397,158.44666698341805,3.5613919284716564,11.503634722288211,45.57233810044187,30.590375825533332,12.932034969354302,1.0244642941986981,113.34163918848294,45.78139999999998,Satisfactory,3.0520933333333318,7.365923841582943,45.78139999999998
4.0,26.987179487179485,75.81794871794872,17.827353066945406,50.513469853185725,2.6073758730460397,158.44666698341805,3.4332697567131643,11.503634722288211,45.57233810044187,30.590375825533332,12.932034969354302,1.0244642941986981,113.34163918848294,45.52409999999999,Satisfactory,3.0349399999999993,7.37293416422526,45.52409999999999
4.0,26.987179487179485,75.82307692307693,17.827353066945406,50.513469853185725,2.6073758730460397,158.44666698341805,3.2824975681613244,11.503634722288211,45.57233810044187,30.590375825533332,12.932034969354302,1.0244642941986981,113.34163918848294,45.664399999999986,Satisfactory,3.0442933333333326,7.465928652217351,45.664399999999986
4.0,26.987179487179485,75.82820512820513,17.827353066945406,50.513469853185725,2.6073758730460397,158.44666698341805,3.1105622580843697,11.503634722288211,45.57233810044187,30.590375825533332,12.932034969354302,1.0244642941986981,113.34163918848294,45.664399999999986,Satisfactory,3.0442933333333326,7.465928652217351,45.664399999999986
4.0,26.987179487179485,75.83333333333334,17.827353066945406,50.513469853185725,2.6073758730460397,158.44666698341805,3.0,11.503634722288211,45.57233810044187,30.590375825533332,12.932034969354302,1.0244642941986981,113.34163918848294,45.664399999999986,Satisfactory,3.0442933333333326,7.465928652217351,45.664399999999986
4.0,26.987179487179485,75.83846153846154,17.827353066945406,50.513469853185725,2.6073758730460397,158.44666698341805,3.0,11.503634722288211,45.57233810044187,30.590375825533332,12.932034969354302,1.0244642941986981,113.34163918848294,45.664399999999986,Satisfactory,3.0442933333333326,7.465928652217351,45.664399999999986
4.0,26.987179487179485,75.84358974358975,17.827353066945406,50.513469853185725,2.6073758730460397,158.44666698341805,3.0,11.503634722288211,45.57233810044187,30.590375825533332,12.932034969354302,1.0244642941986981,113.34163918848294,45.664399999999986,Satisfactory,3.0442933333333326,7.465928652217351,45.664399999999986
4.0,26.987179487179485,75.84871794871795,17.827353066945406,50.513469853185725,2.6073758730460397,158.44666698341805,3.0,11.503634722288211,45.57233810044187,30.590375825533332,12.932034969354302,1.0244642941986981,113.34163918848294,45.664399999999986,Satisfactory,3.0442933333333326,7.465928652217351,45.664399999999986
4.0,26.987179487179485,75.85384615384616,17.827353066945406,50.513469853185725,2.6073758730460397,158.44666698341805,3.0,11.503634722288211,45.57233810044187,30.590375825533332,12.932034969354302,1.0244642941986981,113.34163918848294,45.664399999999986,Satisfactory,3.0442933333333326,7.465928652217351,45.664399999999986
4.0,26.987179487179485,75.85897435897436,17.827353066945406,50.513469853185725,2.6073758730460397,158.44666698341805,3.0,11.503634722288211,45.57233810044187,30.590375825533332,12.932034969354302,1.0244642941986981,113.34163918848294,45.664399999999986,Satisfactory,3.0442933333333326,7.465928652217351,45.664399999999986
4.0,26.987179487179485,75.86410256410257,17.827353066945406,50.513469853185725,2.6073758730460397,158.44666698341805,3.0,11.503634722288211,45.57233810044187,30.590375825533332,12.932034969354302,1.0244642941986981,113.34163918848294,45.664399999999986,Satisfactory,3.0442933333333326,7.465928652217351,45.664399999999986
4.0,26.987179487179485,75.86923076923077,17.827353066945406,50.513469853185725,2.6073758730460397,158.44666698341805,3.0,11.503634722288211,45.57233810044187,30.590375825533332,12.932034969354302,1.0244642941986981,113.34163918848294,45.664399999999986,Satisfactory,3.0442933333333326,7.465928652217351,45.664399999999986
4.0,26.987179487179485,75.87435897435898,17.827353066945406,50.513469853185725,2.6073758730460397,158.44666698341805,3.0,11.503634722288211,45.57233810044187,30.590375825533332,12.932034969354302,1.0244642941986981,113.34163918848294,45.664399999999986,Satisfactory,3.0442933333333326,7.465928652217351,45.664399999999986
4.0,26.987179487179485,75.87948717948719,17.827353066945406,50.513469853185725,2.6073758730460397,158.44666698341805,3.0,11.503634722288211,45.57233810044187,30.590375825533332,12.932034969354302,1.0244642941986981,113.34163918848294,45.664399999999986,Satisfactory,3.0442933333333326,7.465928652217351,45.664399999999986
4.0,26.987179487179485,75.88461538461539,17.827353066945406,50.513469853185725,2.6073758730460397,158.44666698341805,3.0,11.503634722288211,45.57233810044187,30.590375825533332,12.932034969354302,1.0244642941986981,113.34163918848294,45.664399999999986,Satisfactory,3.0442933333333326,7.465928652217351,45.664399999999986
4.0,26.987179487179485,75.88974358974359,17.827353066945406,50.513469853185725,2.6073758730460397,158.44666698341805,3.0,11.503634722288211,45.57233810044187,30.590375825533332,12.932034969354302,1.0244642941986981,113.34163918848294,45.664399999999986,Satisfactory,3.0442933333333326,7.465928652217351,45.664399999999986
4.0,26.987179487179485,75.8948717948718,17.827353066945406,50.513469853185725,2.6073758730460397,158.44666698341805,3.0,11.503634722288211,45.57233810044187,30.590375825533332,12.932034969354302,1.0244642941986981,113.34163918848294,45.664399999999986,Satisfactory,3.0442933333333326,7.465928652217351,45.664399999999986
4.0,26.987179487179485,75.9,17.827353066945406,50.513469853185725,2.6073758730460397,158.44666698341805,3.0,11.503634722288211,45.57233810044187,30.590375825533332,12.932034969354302,1.0244642941986981,113.34163918848294,45.664399999999986,Satisfactory,3.0442933333333326,7.465928652217351,45.664399999999986
4.0,26.993589743589745,75.7,17.827353066945406,50.513469853185725,2.6073758730460397,158.44666698341805,3.0,11.503634722288211,45.57233810044187,30.590375825533332,12.932034969354302,1.0244642941986981,113.34163918848294,46.39699999999998,Satisfactory,3.093133333333332,7.650091175927252,46.39699999999998
4.0,26.993589743589745,75.7051282051282,17.827353066945406,50.513469853185725,2.6073758730460397,158.44666698341805,3.0,11.503634722288211,45.57233810044187,30.590375825533332,12.932034969354302,1.0244642941986981,113.34163918848294,46.39699999999998,Satisfactory,3.093133333333332,7.650091175927252,46.39699999999998
4.0,26.993589743589745,75.71025641025642,17.827353066945406,50.513469853185725,2.6073758730460397,158.44666698341805,3.0,11.503634722288211,45.57233810044187,30.590375825533332,12.932034969354302,1.0244642941986981,113.34163918848294,46.39699999999998,Satisfactory,3.093133333333332,7.650091175927252,46.39699999999998
4.0,26.993589743589745,75.71538461538462,17.827353066945406,50.513469853185725,2.6073758730460397,158.44666698341805,3.0,11.503634722288211,45.57233810044187,30.590375825533332,12.932034969354302,1.0244642941986981,113.34163918848294,46.39699999999998,Satisfactory,3.093133333333332,7.650091175927252,46.39699999999998
4.0,26.993589743589745,75.72051282051282,17.827353066945406,50.513469853185725,2.6073758730460397,158.44666698341805,3.0,11.503634722288211,45.57233810044187,30.590375825533332,12.932034969354302,1.0244642941986981,113.34163918848294,46.39699999999998,Satisfactory,3.093133333333332,7.650091175927252,46.39699999999998
4.0,26.993589743589745,75.72564102564102,17.827353066945406,50.513469853185725,2.6073758730460397,158.44666698341805,3.0,11.503634722288211,45.57233810044187,30.590375825533332,12.932034969354302,1.0244642941986981,113.34163918848294,46.39699999999998,Satisfactory,3.093133333333332,7.650091175927252,46.39699999999998
4.0,26.993589743589745,75.73076923076924,17.827353066945406,50.513469853185725,2.6073758730460397,158.44666698341805,3.0,11.503634722288211,45.57233810044187,30.590375825533332,12.932034969354302,1.0244642941986981,113.34163918848294,46.39699999999998,Satisfactory,3.093133333333332,7.650091175927252,46.39699999999998
4.0,26.993589743589745,75.73589743589744,17.827353066945406,50.513469853185725,2.6073758730460397,158.44666698341805,3.0,11.503634722288211,45.57233810044187,30.590375825533332,12.932034969354302,1.0244642941986981,113.34163918848294,46.39699999999998,Satisfactory,3.093133333333332,7.650091175927252,46.39699999999998
4.0,26.993589743589745,75.74102564102564,17.827353066945406,50.513469853185725,2.6073758730460397,158.44666698341805,3.0,11.503634722288211,45.57233810044187,30.590375825533332,12.932034969354302,1.0244642941986981,113.34163918848294,46.39699999999998,Satisfactory,3.093133333333332,7.650091175927252,46.39699999999998
4.0,26.993589743589745,75.74615384615385,17.827353066945406,50.513469853185725,2.6073758730460397,158.44666698341805,3.0,11.503634722288211,45.57233810044187,30.590375825533332,12.932034969354302,1.0244642941986981,113.34163918848294,46.39699999999998,Satisfactory,3.093133333333332,7.650091175927252,46.39699999999998
4.0,26.993589743589745,75.75128205128206,17.827353066945406,50.513469853185725,2.6073758730460397,158.44666698341805,3.0,11.503634722288211,45.57233810044187,30.590375825533332,12.932034969354302,1.0244642941986981,113.34163918848294,46.39699999999998,Satisfactory,3.093133333333332,7.650091175927252,46.39699999999998
4.0,26.993589743589745,75.75641025641026,17.827353066945406,50.513469853185725,2.6073758730460397,158.44666698341805,3.0,11.503634722288211,45.57233810044187,30.590375825533332,12.932034969354302,1.0244642941986981,113.34163918848294,46.31749999999999,Satisfactory,3.0878333333333328,7.520772749525145,46.31749999999998
4.0,26.993589743589745,75.76153846153846,17.827353066945406,50.513469853185725,2.6073758730460397,158.44666698341805,3.0,11.503634722288211,45.57233810044187,30.590375825533332,12.932034969354302,1.0244642941986981,113.34163918848294,46.31749999999999,Satisfactory,3.0878333333333328,7.520772749525145,46.31749999999998
4.0,26.993589743589745,75.76666666666667,17.827353066945406,50.513469853185725,2.6073758730460397,158.44666698341805,3.0571753631391836,11.503634722288211,45.57233810044187,30.590375825533332,12.932034969354302,1.0244642941986981,113.34163918848294,46.31749999999999,Satisfactory,3.0878333333333328,7.520772749525145,46.31749999999998
4.0,26.993589743589745,75.77179487179488,17.827353066945406,50.513469853185725,2.6073758730460397,158.44666698341805,3.156061051650802,11.503634722288211,45.57233810044187,30.590375825533332,12.932034969354302,1.0244642941986981,113.34163918848294,46.31749999999999,Satisfactory,3.0878333333333328,7.520772749525145,46.31749999999998
4.0,26.993589743589745,75.77692307692308,17.827353066945406,50.513469853185725,2.6073758730460397,158.44666698341805,3.2314841092321096,11.503634722288211,45.57233810044187,30.590375825533332,12.932034969354302,1.0244642941986981,113.34163918848294,46.190699999999985,Satisfactory,3.079379999999999,7.305044456401344,46.190699999999985
4.0,26.993589743589745,75.78205128205128,17.827353066945406,50.513469853185725,2.6073758730460397,158.44666698341805,3.282654166805445,11.503634722288211,45.57233810044187,30.590375825533332,12.932034969354302,1.0244642941986981,113.34163918848294,46.190699999999985,Satisfactory,3.079379999999999,7.305044456401344,46.190699999999985
4.0,26.993589743589745,75.78717948717949,17.827353066945406,50.513469853185725,2.6073758730460397,158.44666698341805,3.3090147686452385,11.503634722288211,45.57233810044187,30.590375825533332,12.932034969354302,1.0244642941986981,113.34163918848294,46.190699999999985,Satisfactory,3.079379999999999,7.305044456401344,46.190699999999985
4.0,26.993589743589745,75.7923076923077,17.827353066945406,50.513469853185725,2.6073758730460397,158.44666698341805,3.3102726263328393,11.503634722288211,45.57233810044187,30.590375825533332,12.932034969354302,1.0244642941986981,113.34163918848294,45.92659999999998,Satisfactory,3.061773333333332,7.457621097910514,45.92659999999998
4.0,26.993589743589745,75.7974358974359,17.827353066945406,50.513469853185725,2.6073758730460397,158.44666698341805,3.286413630101352,11.503634722288211,45.57233810044187,30.590375825533332,12.932034969354302,1.0244642941986981,113.34163918848294,45.78139999999998,Satisfactory,3.0520933333333318,7.365923841582943,45.78139999999998
4.0,26.993589743589745,75.8025641025641,17.827353066945406,50.513469853185725,2.6073758730460397,158.44666698341805,3.23770362949844,11.503634722288211,45.57233810044187,30.590375825533332,12.932034969354302,1.0244642941986981,113.34163918848294,45.78139999999998,Satisfactory,3.0520933333333318,7.365923841582943,45.78139999999998
4.0,26.993589743589745,75.8076923076923,17.827353066945406,50.513469853185725,2.6073758730460397,158.44666698341805,3.1646738846474403,11.503634722288211,45.57233810044187,30.590375825533332,12.932034969354302,1.0244642941986981,113.34163918848294,45.78139999999998,Satisfactory,3.0520933333333318,7.365923841582943,45.78139999999998
4.0,26.993589743589745,75.81282051282052,17.827353066945406,50.513469853185725,2.6073758730460397,158.44666698341805,3.0680930006051357,11.503634722288211,45.57233810044187,30.590375825533332,12.932034969354302,1.0244642941986981,113.34163918848294,45.78139999999998,Satisfactory,3.0520933333333318,7.365923841582943,45.78139999999998
4.0,26.993589743589745,75.81794871794872,17.827353066945406,50.513469853185725,2.6073758730460397,158.44666698341805,3.0,11.503634722288211,45.57233810044187,30.590375825533332,12.932034969354302,1.0244642941986981,113.34163918848294,45.52409999999999,Satisfactory,3.0349399999999993,7.37293416422526,45.52409999999999
4.0,26.993589743589745,75.82307692307693,17.827353066945406,50.513469853185725,2.6073758730460397,158.44666698341805,3.0,11.503634722288211,45.57233810044187,30.590375825533332,12.932034969354302,1.0244642941986981,113.34163918848294,45.664399999999986,Satisfactory,3.0442933333333326,7.465928652217351,45.664399999999986
4.0,26.993589743589745,75.82820512820513,17.827353066945406,50.513469853185725,2.6073758730460397,158.44666698341805,3.0,11.503634722288211,45.57233810044187,30.590375825533332,12.932034969354302,1.0244642941986981,113.34163918848294,45.664399999999986,Satisfactory,3.0442933333333326,7.465928652217351,45.664399999999986
4.0,26.993589743589745,75.83333333333334,17.827353066945406,50.513469853185725,2.6073758730460397,158.44666698341805,3.0,11.503634722288211,45.57233810044187,30.590375825533332,12.932034969354302,1.0244642941986981,113.34163918848294,45.664399999999986,Satisfactory,3.0442933333333326,7.465928652217351,45.664399999999986
4.0,26.993589743589745,75.83846153846154,17.827353066945406,50.513469853185725,2.6073758730460397,158.44666698341805,3.0,11.503634722288211,45.57233810044187,30.590375825533332,12.932034969354302,1.0244642941986981,113.34163918848294,45.664399999999986,Satisfactory,3.0442933333333326,7.465928652217351,45.664399999999986
4.0,26.993589743589745,75.84358974358975,17.827353066945406,50.513469853185725,2.6073758730460397,158.44666698341805,3.0,11.503634722288211,45.57233810044187,30.590375825533332,12.932034969354302,1.0244642941986981,113.34163918848294,45.664399999999986,Satisfactory,3.0442933333333326,7.465928652217351,45.664399999999986
4.0,26.993589743589745,75.84871794871795,17.827353066945406,50.513469853185725,2.6073758730460397,158.44666698341805,3.0,11.503634722288211,45.57233810044187,30.590375825533332,12.932034969354302,1.0244642941986981,113.34163918848294,45.664399999999986,Satisfactory,3.0442933333333326,7.465928652217351,45.664399999999986
4.0,26.993589743589745,75.85384615384616,17.827353066945406,50.513469853185725,2.6073758730460397,158.44666698341805,3.0,11.503634722288211,45.57233810044187,30.590375825533332,12.932034969354302,1.0244642941986981,113.34163918848294,45.664399999999986,Satisfactory,3.0442933333333326,7.465928652217351,45.664399999999986
4.0,26.993589743589745,75.85897435897436,17.827353066945406,50.513469853185725,2.6073758730460397,158.44666698341805,3.0,11.503634722288211,45.57233810044187,30.590375825533332,12.932034969354302,1.0244642941986981,113.34163918848294,45.664399999999986,Satisfactory,3.0442933333333326,7.465928652217351,45.664399999999986
4.0,26.993589743589745,75.86410256410257,17.827353066945406,50.513469853185725,2.6073758730460397,158.44666698341805,3.0,11.503634722288211,45.57233810044187,30.590375825533332,12.932034969354302,1.0244642941986981,113.34163918848294,45.664399999999986,Satisfactory,3.0442933333333326,7.465928652217351,45.664399999999986
4.0,26.993589743589745,75.86923076923077,17.827353066945406,50.513469853185725,2.6073758730460397,158.44666698341805,3.0,11.503634722288211,45.57233810044187,30.590375825533332,12.932034969354302,1.0244642941986981,113.34163918848294,45.664399999999986,Satisfactory,3.0442933333333326,7.465928652217351,45.664399999999986
4.0,26.993589743589745,75.87435897435898,17.827353066945406,50.513469853185725,2.6073758730460397,158.44666698341805,3.0,11.503634722288211,45.57233810044187,30.590375825533332,12.932034969354302,1.0244642941986981,113.34163918848294,45.664399999999986,Satisfactory,3.0442933333333326,7.465928652217351,45.664399999999986
4.0,26.993589743589745,75.87948717948719,17.827353066945406,50.513469853185725,2.6073758730460397,158.44666698341805,3.0,11.503634722288211,45.57233810044187,30.590375825533332,12.932034969354302,1.0244642941986981,113.34163918848294,45.664399999999986,Satisfactory,3.0442933333333326,7.465928652217351,45.664399999999986
4.0,26.993589743589745,75.88461538461539,17.827353066945406,50.513469853185725,2.6073758730460397,158.44666698341805,3.0,11.503634722288211,45.57233810044187,30.590375825533332,12.932034969354302,1.0244642941986981,113.34163918848294,45.664399999999986,Satisfactory,3.0442933333333326,7.465928652217351,45.664399999999986
4.0,26.993589743589745,75.88974358974359,17.827353066945406,50.513469853185725,2.6073758730460397,158.44666698341805,3.0,11.503634722288211,45.57233810044187,30.590375825533332,12.932034969354302,1.0244642941986981,113.34163918848294,45.664399999999986,Satisfactory,3.0442933333333326,7.465928652217351,45.664399999999986
4.0,26.993589743589745,75.8948717948718,17.827353066945406,50.513469853185725,2.6073758730460397,158.44666698341805,3.0,11.503634722288211,45.57233810044187,30.590375825533332,12.932034969354302,1.0244642941986981,113.34163918848294,45.664399999999986,Satisfactory,3.0442933333333326,7.465928652217351,45.664399999999986
4.0,26.993589743589745,75.9,17.827353066945406,50.513469853185725,2.6073758730460397,158.44666698341805,3.0,11.503634722288211,45.57233810044187,30.590375825533332,12.932034969354302,1.0244642941986981,113.34163918848294,45.664399999999986,Satisfactory,3.0442933333333326,7.465928652217351,45.664399999999986
4.0,27.0,75.7,17.827353066945406,50.513469853185725,2.6073758730460397,158.44666698341805,3.0,11.503634722288211,45.57233810044187,30.590375825533332,12.932034969354302,1.0244642941986981,113.34163918848294,46.39699999999998,Satisfactory,3.093133333333332,7.650091175927252,46.39699999999998
4.0,27.0,75.7051282051282,17.827353066945406,50.513469853185725,2.6073758730460397,158.44666698341805,3.0,11.503634722288211,45.57233810044187,30.590375825533332,12.932034969354302,1.0244642941986981,113.34163918848294,46.39699999999998,Satisfactory,3.093133333333332,7.650091175927252,46.39699999999998
4.0,27.0,75.71025641025642,17.827353066945406,50.513469853185725,2.6073758730460397,158.44666698341805,3.0,11.503634722288211,45.57233810044187,30.590375825533332,12.932034969354302,1.0244642941986981,113.34163918848294,46.39699999999998,Satisfactory,3.093133333333332,7.650091175927252,46.39699999999998
4.0,27.0,75.71538461538462,17.827353066945406,50.513469853185725,2.6073758730460397,158.44666698341805,3.0,11.503634722288211,45.57233810044187,30.590375825533332,12.932034969354302,1.0244642941986981,113.34163918848294,46.39699999999998,Satisfactory,3.093133333333332,7.650091175927252,46.39699999999998
4.0,27.0,75.72051282051282,17.827353066945406,50.513469853185725,2.6073758730460397,158.44666698341805,3.0,11.503634722288211,45.57233810044187,30.590375825533332,12.932034969354302,1.0244642941986981,113.34163918848294,46.39699999999998,Satisfactory,3.093133333333332,7.650091175927252,46.39699999999998
4.0,27.0,75.72564102564102,17.827353066945406,50.513469853185725,2.6073758730460397,158.44666698341805,3.0,11.503634722288211,45.57233810044187,30.590375825533332,12.932034969354302,1.0244642941986981,113.34163918848294,46.39699999999998,Satisfactory,3.093133333333332,7.650091175927252,46.39699999999998
4.0,27.0,75.73076923076924,17.827353066945406,50.513469853185725,2.6073758730460397,158.44666698341805,3.0,11.503634722288211,45.57233810044187,30.590375825533332,12.932034969354302,1.0244642941986981,113.34163918848294,46.39699999999998,Satisfactory,3.093133333333332,7.650091175927252,46.39699999999998
4.0,27.0,75.73589743589744,17.827353066945406,50.513469853185725,2.6073758730460397,158.44666698341805,3.0,11.503634722288211,45.57233810044187,30.590375825533332,12.932034969354302,1.0244642941986981,113.34163918848294,46.39699999999998,Satisfactory,3.093133333333332,7.650091175927252,46.39699999999998
4.0,27.0,75.74102564102564,17.827353066945406,50.513469853185725,2.6073758730460397,158.44666698341805,3.0,11.503634722288211,45.57233810044187,30.590375825533332,12.932034969354302,1.0244642941986981,113.34163918848294,46.39699999999998,Satisfactory,3.093133333333332,7.650091175927252,46.39699999999998
4.0,27.0,75.74615384615385,17.827353066945406,50.513469853185725,2.6073758730460397,158.44666698341805,3.0,11.503634722288211,45.57233810044187,30.590375825533332,12.932034969354302,1.0244642941986981,113.34163918848294,46.39699999999998,Satisfactory,3.093133333333332,7.650091175927252,46.39699999999998
4.0,27.0,75.75128205128206,17.827353066945406,50.513469853185725,2.6073758730460397,158.44666698341805,3.0,11.503634722288211,45.57233810044187,30.590375825533332,12.932034969354302,1.0244642941986981,113.34163918848294,46.39699999999998,Satisfactory,3.093133333333332,7.650091175927252,46.39699999999998
4.0,27.0,75.75641025641026,17.827353066945406,50.513469853185725,2.6073758730460397,158.44666698341805,3.0,11.503634722288211,45.57233810044187,30.590375825533332,12.932034969354302,1.0244642941986981,113.34163918848294,46.31749999999999,Satisfactory,3.0878333333333328,7.520772749525145,46.31749999999998
4.0,27.0,75.76153846153846,17.827353066945406,50.513469853185725,2.6073758730460397,158.44666698341805,3.0,11.503634722288211,45.57233810044187,30.590375825533332,12.932034969354302,1.0244642941986981,113.34163918848294,46.31749999999999,Satisfactory,3.0878333333333328,7.520772749525145,46.31749999999998
4.0,27.0,75.76666666666667,17.827353066945406,50.513469853185725,2.6073758730460397,158.44666698341805,3.0,11.503634722288211,45.57233810044187,30.590375825533332,12.932034969354302,1.0244642941986981,113.34163918848294,46.31749999999999,Satisfactory,3.0878333333333328,7.520772749525145,46.31749999999998
4.0,27.0,75.77179487179488,17.827353066945406,50.513469853185725,2.6073758730460397,158.44666698341805,3.0,11.503634722288211,45.57233810044187,30.590375825533332,12.932034969354302,1.0244642941986981,113.34163918848294,46.31749999999999,Satisfactory,3.0878333333333328,7.520772749525145,46.31749999999998
4.0,27.0,75.77692307692308,17.827353066945406,50.513469853185725,2.6073758730460397,158.44666698341805,3.0,11.503634722288211,45.57233810044187,30.590375825533332,12.932034969354302,1.0244642941986981,113.34163918848294,46.190699999999985,Satisfactory,3.079379999999999,7.305044456401344,46.190699999999985
4.0,27.0,75.78205128205128,17.827353066945406,50.513469853185725,2.6073758730460397,158.44666698341805,3.0,11.503634722288211,45.57233810044187,30.590375825533332,12.932034969354302,1.0244642941986981,113.34163918848294,46.190699999999985,Satisfactory,3.079379999999999,7.305044456401344,46.190699999999985
4.0,27.0,75.78717948717949,17.827353066945406,50.513469853185725,2.6073758730460397,158.44666698341805,3.0,11.503634722288211,45.57233810044187,30.590375825533332,12.932034969354302,1.0244642941986981,113.34163918848294,46.190699999999985,Satisfactory,3.079379999999999,7.305044456401344,46.190699999999985
4.0,27.0,75.7923076923077,17.827353066945406,50.513469853185725,2.6073758730460397,158.44666698341805,3.0,11.503634722288211,45.57233810044187,30.590375825533332,12.932034969354302,1.0244642941986981,113.34163918848294,45.92659999999998,Satisfactory,3.061773333333332,7.457621097910514,45.92659999999998
4.0,27.0,75.7974358974359,17.827353066945406,50.513469853185725,2.6073758730460397,158.44666698341805,3.0,11.503634722288211,45.57233810044187,30.590375825533332,12.932034969354302,1.0244642941986981,113.34163918848294,45.78139999999998,Satisfactory,3.0520933333333318,7.365923841582943,45.78139999999998
4.0,27.0,75.8025641025641,17.827353066945406,50.513469853185725,2.6073758730460397,158.44666698341805,3.0,11.503634722288211,45.57233810044187,30.590375825533332,12.932034969354302,1.0244642941986981,113.34163918848294,45.78139999999998,Satisfactory,3.0520933333333318,7.365923841582943,45.78139999999998
4.0,27.0,75.8076923076923,17.827353066945406,50.513469853185725,2.6073758730460397,158.44666698341805,3.0,11.503634722288211,45.57233810044187,30.590375825533332,12.932034969354302,1.0244642941986981,113.34163918848294,45.78139999999998,Satisfactory,3.0520933333333318,7.365923841582943,45.78139999999998
4.0,27.0,75.81282051282052,17.827353066945406,50.513469853185725,2.6073758730460397,158.44666698341805,3.0,11.503634722288211,45.57233810044187,30.590375825533332,12.932034969354302,1.0244642941986981,113.34163918848294,45.78139999999998,Satisfactory,3.0520933333333318,7.365923841582943,45.78139999999998
4.0,27.0,75.81794871794872,17.827353066945406,50.513469853185725,2.6073758730460397,158.44666698341805,3.0,11.503634722288211,45.57233810044187,30.590375825533332,12.932034969354302,1.0244642941986981,113.34163918848294,45.52409999999999,Satisfactory,3.0349399999999993,7.37293416422526,45.52409999999999
4.0,27.0,75.82307692307693,17.827353066945406,50.513469853185725,2.6073758730460397,158.44666698341805,3.0,11.503634722288211,45.57233810044187,30.590375825533332,12.932034969354302,1.0244642941986981,113.34163918848294,45.664399999999986,Satisfactory,3.0442933333333326,7.465928652217351,45.664399999999986
4.0,27.0,75.82820512820513,17.827353066945406,50.513469853185725,2.6073758730460397,158.44666698341805,3.0,11.503634722288211,45.57233810044187,30.590375825533332,12.932034969354302,1.0244642941986981,113.34163918848294,45.664399999999986,Satisfactory,3.0442933333333326,7.465928652217351,45.664399999999986
4.0,27.0,75.83333333333334,17.827353066945406,50.513469853185725,2.6073758730460397,158.44666698341805,3.0,11.503634722288211,45.57233810044187,30.590375825533332,12.932034969354302,1.0244642941986981,113.34163918848294,45.664399999999986,Satisfactory,3.0442933333333326,7.465928652217351,45.664399999999986
4.0,27.0,75.83846153846154,17.827353066945406,50.513469853185725,2.6073758730460397,158.44666698341805,3.0,11.503634722288211,45.57233810044187,30.590375825533332,12.932034969354302,1.0244642941986981,113.34163918848294,45.664399999999986,Satisfactory,3.0442933333333326,7.465928652217351,45.664399999999986
4.0,27.0,75.84358974358975,17.827353066945406,50.513469853185725,2.6073758730460397,158.44666698341805,3.0,11.503634722288211,45.57233810044187,30.590375825533332,12.932034969354302,1.0244642941986981,113.34163918848294,45.664399999999986,Satisfactory,3.0442933333333326,7.465928652217351,45.664399999999986
4.0,27.0,75.84871794871795,17.827353066945406,50.513469853185725,2.6073758730460397,158.44666698341805,3.0,11.503634722288211,45.57233810044187,30.590375825533332,12.932034969354302,1.0244642941986981,113.34163918848294,45.664399999999986,Satisfactory,3.0442933333333326,7.465928652217351,45.664399999999986
4.0,27.0,75.85384615384616,17.827353066945406,50.513469853185725,2.6073758730460397,158.44666698341805,3.0,11.503634722288211,45.57233810044187,30.590375825533332,12.932034969354302,1.0244642941986981,113.34163918848294,45.664399999999986,Satisfactory,3.0442933333333326,7.465928652217351,45.664399999999986
4.0,27.0,75.85897435897436,17.827353066945406,50.513469853185725,2.6073758730460397,158.44666698341805,3.0,11.503634722288211,45.57233810044187,30.590375825533332,12.932034969354302,1.0244642941986981,113.34163918848294,45.664399999999986,Satisfactory,3.0442933333333326,7.465928652217351,45.664399999999986
4.0,27.0,75.86410256410257,17.827353066945406,50.513469853185725,2.6073758730460397,158.44666698341805,3.0,11.503634722288211,45.57233810044187,30.590375825533332,12.932034969354302,1.0244642941986981,113.34163918848294,45.664399999999986,Satisfactory,3.0442933333333326,7.465928652217351,45.664399999999986
4.0,27.0,75.86923076923077,17.827353066945406,50.513469853185725,2.6073758730460397,158.44666698341805,3.0,11.503634722288211,45.57233810044187,30.590375825533332,12.932034969354302,1.0244642941986981,113.34163918848294,45.664399999999986,Satisfactory,3.0442933333333326,7.465928652217351,45.664399999999986
4.0,27.0,75.87435897435898,17.827353066945406,50.513469853185725,2.6073758730460397,158.44666698341805,3.0,11.503634722288211,45.57233810044187,30.590375825533332,12.932034969354302,1.0244642941986981,113.34163918848294,45.664399999999986,Satisfactory,3.0442933333333326,7.465928652217351,45.664399999999986
4.0,27.0,75.87948717948719,17.827353066945406,50.513469853185725,2.6073758730460397,158.44666698341805,3.0,11.503634722288211,45.57233810044187,30.590375825533332,12.932034969354302,1.0244642941986981,113.34163918848294,45.664399999999986,Satisfactory,3.0442933333333326,7.465928652217351,45.664399999999986
4.0,27.0,75.88461538461539,17.827353066945406,50.513469853185725,2.6073758730460397,158.44666698341805,3.0,11.503634722288211,45.57233810044187,30.590375825533332,12.932034969354302,1.0244642941986981,113.34163918848294,45.664399999999986,Satisfactory,3.0442933333333326,7.465928652217351,45.664399999999986
4.0,27.0,75.88974358974359,17.827353066945406,50.513469853185725,2.6073758730460397,158.44666698341805,3.0,11.503634722288211,45.57233810044187,30.590375825533332,12.932034969354302,1.0244642941986981,113.34163918848294,45.664399999999986,Satisfactory,3.0442933333333326,7.465928652217351,45.664399999999986
4.0,27.0,75.8948717948718,17.827353066945406,50.513469853185725,2.6073758730460397,158.44666698341805,3.0,11.503634722288211,45.57233810044187,30.590375825533332,12.932034969354302,1.0244642941986981,113.34163918848294,45.664399999999986,Satisfactory,3.0442933333333326,7.465928652217351,45.664399999999986
4.0,27.0,75.9,17.827353066945406,50.513469853185725,2.6073758730460397,158.44666698341805,3.0,11.503634722288211,45.57233810044187,30.590375825533332,12.932034969354302,1.0244642941986981,113.34163918848294,45.664399999999986,Satisfactory,3.0442933333333326,7.465928652217351,45.664399999999986
